<?xml version="1.0" encoding="utf-8"?>
<TransXChange xmlns:xsi="http://www.w3.org/2001/XMLSchema-instance" SchemaVersion="2.4" CreationDateTime="2024-07-15T08:53:39" ModificationDateTime="2024-07-25T10:49:20" Modification="revise" RevisionNumber="2" FileName="AMSY_14KQ_AMSYPC000114124214_20240102_-_1756566.xml" xmlns="http://www.transxchange.org.uk/">
  <StopPoints>
    <AnnotatedStopPointRef>
      <StopPointRef>2800S42022A</StopPointRef>
      <CommonName>Castle Street</CommonName>
      <Location>
        <Longitude>-2.989353</Longitude>
        <Latitude>53.405351</Latitude>
      </Location>
    </AnnotatedStopPointRef>
    <AnnotatedStopPointRef>
      <StopPointRef>2800S42019A</StopPointRef>
      <CommonName>North John Street</CommonName>
      <Location>
        <Longitude>-2.989974</Longitude>
        <Latitude>53.407467</Latitude>
      </Location>
    </AnnotatedStopPointRef>
    <AnnotatedStopPointRef>
      <StopPointRef>2800S42018B</StopPointRef>
      <CommonName>Cumberland Street</CommonName>
      <Location>
        <Longitude>-2.987333</Longitude>
        <Latitude>53.408388</Latitude>
      </Location>
    </AnnotatedStopPointRef>
    <AnnotatedStopPointRef>
      <StopPointRef>2800S42023J</StopPointRef>
      <CommonName>Queen Square Bus Station</CommonName>
      <Location>
        <Longitude>-2.982476</Longitude>
        <Latitude>53.407584</Latitude>
      </Location>
    </AnnotatedStopPointRef>
    <AnnotatedStopPointRef>
      <StopPointRef>2800S42024A</StopPointRef>
      <CommonName>Lord Nelson Street</CommonName>
      <Location>
        <Longitude>-2.978909</Longitude>
        <Latitude>53.408386</Latitude>
      </Location>
    </AnnotatedStopPointRef>
    <AnnotatedStopPointRef>
      <StopPointRef>2800S42015C</StopPointRef>
      <CommonName>Greek Street</CommonName>
      <Location>
        <Longitude>-2.972875</Longitude>
        <Latitude>53.409010</Latitude>
      </Location>
    </AnnotatedStopPointRef>
    <AnnotatedStopPointRef>
      <StopPointRef>2800S42016A</StopPointRef>
      <CommonName>Epworth Street</CommonName>
      <Location>
        <Longitude>-2.966484</Longitude>
        <Latitude>53.410438</Latitude>
      </Location>
    </AnnotatedStopPointRef>
    <AnnotatedStopPointRef>
      <StopPointRef>2800S41023A</StopPointRef>
      <CommonName>Low Hill</CommonName>
      <Location>
        <Longitude>-2.963436</Longitude>
        <Latitude>53.410687</Latitude>
      </Location>
    </AnnotatedStopPointRef>
    <AnnotatedStopPointRef>
      <StopPointRef>2800S40020D</StopPointRef>
      <CommonName>West Derby Road</CommonName>
      <Location>
        <Longitude>-2.963129</Longitude>
        <Latitude>53.415094</Latitude>
      </Location>
    </AnnotatedStopPointRef>
    <AnnotatedStopPointRef>
      <StopPointRef>2800S40027A</StopPointRef>
      <CommonName>Plumpton Street</CommonName>
      <Location>
        <Longitude>-2.964966</Longitude>
        <Latitude>53.416472</Latitude>
      </Location>
    </AnnotatedStopPointRef>
    <AnnotatedStopPointRef>
      <StopPointRef>2800S40028D</StopPointRef>
      <CommonName>Everton Road</CommonName>
      <Location>
        <Longitude>-2.967037</Longitude>
        <Latitude>53.419566</Latitude>
      </Location>
    </AnnotatedStopPointRef>
    <AnnotatedStopPointRef>
      <StopPointRef>2800S40029A</StopPointRef>
      <CommonName>Dobson Street</CommonName>
      <Location>
        <Longitude>-2.964589</Longitude>
        <Latitude>53.420413</Latitude>
      </Location>
    </AnnotatedStopPointRef>
    <AnnotatedStopPointRef>
      <StopPointRef>2800S40030A</StopPointRef>
      <CommonName>Queens Road</CommonName>
      <Location>
        <Longitude>-2.961059</Longitude>
        <Latitude>53.422023</Latitude>
      </Location>
    </AnnotatedStopPointRef>
    <AnnotatedStopPointRef>
      <StopPointRef>2800S40031B</StopPointRef>
      <CommonName>Belmont Road</CommonName>
      <Location>
        <Longitude>-2.955659</Longitude>
        <Latitude>53.424125</Latitude>
      </Location>
    </AnnotatedStopPointRef>
    <AnnotatedStopPointRef>
      <StopPointRef>2800S40032B</StopPointRef>
      <CommonName>Sedley Street</CommonName>
      <Location>
        <Longitude>-2.952388</Longitude>
        <Latitude>53.425904</Latitude>
      </Location>
    </AnnotatedStopPointRef>
    <AnnotatedStopPointRef>
      <StopPointRef>2800S40033C</StopPointRef>
      <CommonName>Lower Breck Road</CommonName>
      <Location>
        <Longitude>-2.950110</Longitude>
        <Latitude>53.427702</Latitude>
      </Location>
    </AnnotatedStopPointRef>
    <AnnotatedStopPointRef>
      <StopPointRef>2800S40034A</StopPointRef>
      <CommonName>Vicar Road</CommonName>
      <Location>
        <Longitude>-2.944860</Longitude>
        <Latitude>53.429838</Latitude>
      </Location>
    </AnnotatedStopPointRef>
    <AnnotatedStopPointRef>
      <StopPointRef>2800S40035A</StopPointRef>
      <CommonName>Pinehurst Avenue</CommonName>
      <Location>
        <Longitude>-2.940619</Longitude>
        <Latitude>53.432065</Latitude>
      </Location>
    </AnnotatedStopPointRef>
    <AnnotatedStopPointRef>
      <StopPointRef>2800S40036A</StopPointRef>
      <CommonName>Maiden Lane</CommonName>
      <Location>
        <Longitude>-2.936164</Longitude>
        <Latitude>53.434095</Latitude>
      </Location>
    </AnnotatedStopPointRef>
    <AnnotatedStopPointRef>
      <StopPointRef>2800S40037E</StopPointRef>
      <CommonName>Queens Drive</CommonName>
      <Location>
        <Longitude>-2.932469</Longitude>
        <Latitude>53.437207</Latitude>
      </Location>
    </AnnotatedStopPointRef>
    <AnnotatedStopPointRef>
      <StopPointRef>2800S46001B</StopPointRef>
      <CommonName>Utting Avenue East</CommonName>
      <Location>
        <Longitude>-2.932201</Longitude>
        <Latitude>53.441470</Latitude>
      </Location>
    </AnnotatedStopPointRef>
    <AnnotatedStopPointRef>
      <StopPointRef>2800S46001C</StopPointRef>
      <CommonName>Back Broadway</CommonName>
      <Location>
        <Longitude>-2.930821</Longitude>
        <Latitude>53.442398</Latitude>
      </Location>
    </AnnotatedStopPointRef>
    <AnnotatedStopPointRef>
      <StopPointRef>2800S46002A</StopPointRef>
      <CommonName>Lorenzo Drive</CommonName>
      <Location>
        <Longitude>-2.928339</Longitude>
        <Latitude>53.443190</Latitude>
      </Location>
    </AnnotatedStopPointRef>
    <AnnotatedStopPointRef>
      <StopPointRef>2800S46003A</StopPointRef>
      <CommonName>Lewisham Road</CommonName>
      <Location>
        <Longitude>-2.923389</Longitude>
        <Latitude>53.444748</Latitude>
      </Location>
    </AnnotatedStopPointRef>
    <AnnotatedStopPointRef>
      <StopPointRef>2800S46004A</StopPointRef>
      <CommonName>Stalisfield Avenue</CommonName>
      <Location>
        <Longitude>-2.919075</Longitude>
        <Latitude>53.446444</Latitude>
      </Location>
    </AnnotatedStopPointRef>
    <AnnotatedStopPointRef>
      <StopPointRef>2800S46005B</StopPointRef>
      <CommonName>Carsington Road</CommonName>
      <Location>
        <Longitude>-2.913840</Longitude>
        <Latitude>53.448785</Latitude>
      </Location>
    </AnnotatedStopPointRef>
    <AnnotatedStopPointRef>
      <StopPointRef>2800S46006A</StopPointRef>
      <CommonName>Worrow Road</CommonName>
      <Location>
        <Longitude>-2.908785</Longitude>
        <Latitude>53.451089</Latitude>
      </Location>
    </AnnotatedStopPointRef>
    <AnnotatedStopPointRef>
      <StopPointRef>2800S46007B</StopPointRef>
      <CommonName>Stonebridge Lane</CommonName>
      <Location>
        <Longitude>-2.904515</Longitude>
        <Latitude>53.452820</Latitude>
      </Location>
    </AnnotatedStopPointRef>
    <AnnotatedStopPointRef>
      <StopPointRef>2800S46008A</StopPointRef>
      <CommonName>Sceptre Road</CommonName>
      <Location>
        <Longitude>-2.899777</Longitude>
        <Latitude>53.453818</Latitude>
      </Location>
    </AnnotatedStopPointRef>
    <AnnotatedStopPointRef>
      <StopPointRef>2800S46009A</StopPointRef>
      <CommonName>Cubert Road</CommonName>
      <Location>
        <Longitude>-2.898133</Longitude>
        <Latitude>53.455826</Latitude>
      </Location>
    </AnnotatedStopPointRef>
    <AnnotatedStopPointRef>
      <StopPointRef>2800S46010A</StopPointRef>
      <CommonName>Trispen Road</CommonName>
      <Location>
        <Longitude>-2.896527</Longitude>
        <Latitude>53.456808</Latitude>
      </Location>
    </AnnotatedStopPointRef>
    <AnnotatedStopPointRef>
      <StopPointRef>2800S46011A</StopPointRef>
      <CommonName>Tintagel Road</CommonName>
      <Location>
        <Longitude>-2.894890</Longitude>
        <Latitude>53.459140</Latitude>
      </Location>
    </AnnotatedStopPointRef>
    <AnnotatedStopPointRef>
      <StopPointRef>2800S46012B</StopPointRef>
      <CommonName>Willow Way</CommonName>
      <Location>
        <Longitude>-2.895869</Longitude>
        <Latitude>53.462009</Latitude>
      </Location>
    </AnnotatedStopPointRef>
    <AnnotatedStopPointRef>
      <StopPointRef>2800S52035A</StopPointRef>
      <CommonName>M57</CommonName>
      <Location>
        <Longitude>-2.880156</Longitude>
        <Latitude>53.464040</Latitude>
      </Location>
    </AnnotatedStopPointRef>
    <AnnotatedStopPointRef>
      <StopPointRef>2800S52040A</StopPointRef>
      <CommonName>Old Farm Road</CommonName>
      <Location>
        <Longitude>-2.875371</Longitude>
        <Latitude>53.466466</Latitude>
      </Location>
    </AnnotatedStopPointRef>
    <AnnotatedStopPointRef>
      <StopPointRef>2800S52042A</StopPointRef>
      <CommonName>Peatwood Avenue</CommonName>
      <Location>
        <Longitude>-2.876930</Longitude>
        <Latitude>53.469035</Latitude>
      </Location>
    </AnnotatedStopPointRef>
    <AnnotatedStopPointRef>
      <StopPointRef>2800S52014D</StopPointRef>
      <CommonName>Broad Lane</CommonName>
      <Location>
        <Longitude>-2.881519</Longitude>
        <Latitude>53.470197</Latitude>
      </Location>
    </AnnotatedStopPointRef>
    <AnnotatedStopPointRef>
      <StopPointRef>2800S52014A</StopPointRef>
      <CommonName>Bewley Drive</CommonName>
      <Location>
        <Longitude>-2.881667</Longitude>
        <Latitude>53.470807</Latitude>
      </Location>
    </AnnotatedStopPointRef>
    <AnnotatedStopPointRef>
      <StopPointRef>2800S52015A</StopPointRef>
      <CommonName>Gaywood Green</CommonName>
      <Location>
        <Longitude>-2.878754</Longitude>
        <Latitude>53.472725</Latitude>
      </Location>
    </AnnotatedStopPointRef>
    <AnnotatedStopPointRef>
      <StopPointRef>2800S52016A</StopPointRef>
      <CommonName>Broad Lane</CommonName>
      <Location>
        <Longitude>-2.877066</Longitude>
        <Latitude>53.474903</Latitude>
      </Location>
    </AnnotatedStopPointRef>
    <AnnotatedStopPointRef>
      <StopPointRef>2800S52017B</StopPointRef>
      <CommonName>Hadleigh Road</CommonName>
      <Location>
        <Longitude>-2.876007</Longitude>
        <Latitude>53.477626</Latitude>
      </Location>
    </AnnotatedStopPointRef>
    <AnnotatedStopPointRef>
      <StopPointRef>2800S52043B</StopPointRef>
      <CommonName>Simonswood Lane</CommonName>
      <Location>
        <Longitude>-2.873818</Longitude>
        <Latitude>53.479637</Latitude>
      </Location>
    </AnnotatedStopPointRef>
    <AnnotatedStopPointRef>
      <StopPointRef>2800S52044A</StopPointRef>
      <CommonName>Westhead Avenue</CommonName>
      <Location>
        <Longitude>-2.876165</Longitude>
        <Latitude>53.480879</Latitude>
      </Location>
    </AnnotatedStopPointRef>
    <AnnotatedStopPointRef>
      <StopPointRef>2800S52070A</StopPointRef>
      <CommonName>Wyllin Road</CommonName>
      <Location>
        <Longitude>-2.874696</Longitude>
        <Latitude>53.482732</Latitude>
      </Location>
    </AnnotatedStopPointRef>
    <AnnotatedStopPointRef>
      <StopPointRef>2800S52064B</StopPointRef>
      <CommonName>Minstead Avenue</CommonName>
      <Location>
        <Longitude>-2.875149</Longitude>
        <Latitude>53.484239</Latitude>
      </Location>
    </AnnotatedStopPointRef>
    <AnnotatedStopPointRef>
      <StopPointRef>2800S52063B</StopPointRef>
      <CommonName>Briery Hey Avenue</CommonName>
      <Location>
        <Longitude>-2.879565</Longitude>
        <Latitude>53.484269</Latitude>
      </Location>
    </AnnotatedStopPointRef>
    <AnnotatedStopPointRef>
      <StopPointRef>2800S52008A</StopPointRef>
      <CommonName>County Road</CommonName>
      <Location>
        <Longitude>-2.886828</Longitude>
        <Latitude>53.484225</Latitude>
      </Location>
    </AnnotatedStopPointRef>
    <AnnotatedStopPointRef>
      <StopPointRef>2800S52009A</StopPointRef>
      <CommonName>Old Hall Lane</CommonName>
      <Location>
        <Longitude>-2.890877</Longitude>
        <Latitude>53.483269</Latitude>
      </Location>
    </AnnotatedStopPointRef>
    <AnnotatedStopPointRef>
      <StopPointRef>2800S52010B</StopPointRef>
      <CommonName>Kirkby Bus Station</CommonName>
      <Location>
        <Longitude>-2.889306</Longitude>
        <Latitude>53.481689</Latitude>
      </Location>
    </AnnotatedStopPointRef>
    <AnnotatedStopPointRef>
      <StopPointRef>2800S52047A</StopPointRef>
      <CommonName>James Holt Avenue</CommonName>
      <Location>
        <Longitude>-2.894108</Longitude>
        <Latitude>53.483595</Latitude>
      </Location>
    </AnnotatedStopPointRef>
    <AnnotatedStopPointRef>
      <StopPointRef>2800S52048A</StopPointRef>
      <CommonName>Whitefield Drive</CommonName>
      <Location>
        <Longitude>-2.900431</Longitude>
        <Latitude>53.485408</Latitude>
      </Location>
    </AnnotatedStopPointRef>
    <AnnotatedStopPointRef>
      <StopPointRef>2800S52050B</StopPointRef>
      <CommonName>Deerbolt Crescent</CommonName>
      <Location>
        <Longitude>-2.900217</Longitude>
        <Latitude>53.488808</Latitude>
      </Location>
    </AnnotatedStopPointRef>
    <AnnotatedStopPointRef>
      <StopPointRef>2800S52052B</StopPointRef>
      <CommonName>Bassenthwaite Avenue</CommonName>
      <Location>
        <Longitude>-2.891398</Longitude>
        <Latitude>53.490141</Latitude>
      </Location>
    </AnnotatedStopPointRef>
    <AnnotatedStopPointRef>
      <StopPointRef>2800S52053A</StopPointRef>
      <CommonName>Conway Close</CommonName>
      <Location>
        <Longitude>-2.891435</Longitude>
        <Latitude>53.493386</Latitude>
      </Location>
    </AnnotatedStopPointRef>
    <AnnotatedStopPointRef>
      <StopPointRef>2800S52054B</StopPointRef>
      <CommonName>St Paul's Close</CommonName>
      <Location>
        <Longitude>-2.893364</Longitude>
        <Latitude>53.495520</Latitude>
      </Location>
    </AnnotatedStopPointRef>
    <AnnotatedStopPointRef>
      <StopPointRef>2800S52055B</StopPointRef>
      <CommonName>Ebony Way</CommonName>
      <Location>
        <Longitude>-2.889704</Longitude>
        <Latitude>53.496374</Latitude>
      </Location>
    </AnnotatedStopPointRef>
    <AnnotatedStopPointRef>
      <StopPointRef>2800S52002B</StopPointRef>
      <CommonName>Highfield</CommonName>
      <Location>
        <Longitude>-2.884965</Longitude>
        <Latitude>53.498270</Latitude>
      </Location>
    </AnnotatedStopPointRef>
    <AnnotatedStopPointRef>
      <StopPointRef>2800S52003A</StopPointRef>
      <CommonName>Moorfield</CommonName>
      <Location>
        <Longitude>-2.880620</Longitude>
        <Latitude>53.498841</Latitude>
      </Location>
    </AnnotatedStopPointRef>
    <AnnotatedStopPointRef>
      <StopPointRef>2800S52056A</StopPointRef>
      <CommonName>Greenham Avenue</CommonName>
      <Location>
        <Longitude>-2.878838</Longitude>
        <Latitude>53.497965</Latitude>
      </Location>
    </AnnotatedStopPointRef>
  </StopPoints>
  <RouteSections>
    <RouteSection id="rsf_0000">
      <RouteLink id="rl_0000_1">
        <From>
          <StopPointRef>2800S46012B</StopPointRef>
        </From>
        <To>
          <StopPointRef>2800S46011A</StopPointRef>
        </To>
      </RouteLink>
      <RouteLink id="rl_0000_2">
        <From>
          <StopPointRef>2800S46011A</StopPointRef>
        </From>
        <To>
          <StopPointRef>2800S46010A</StopPointRef>
        </To>
      </RouteLink>
      <RouteLink id="rl_0000_3">
        <From>
          <StopPointRef>2800S46010A</StopPointRef>
        </From>
        <To>
          <StopPointRef>2800S46009A</StopPointRef>
        </To>
      </RouteLink>
      <RouteLink id="rl_0000_4">
        <From>
          <StopPointRef>2800S46009A</StopPointRef>
        </From>
        <To>
          <StopPointRef>2800S46008A</StopPointRef>
        </To>
      </RouteLink>
      <RouteLink id="rl_0000_5">
        <From>
          <StopPointRef>2800S46008A</StopPointRef>
        </From>
        <To>
          <StopPointRef>2800S46007B</StopPointRef>
        </To>
      </RouteLink>
      <RouteLink id="rl_0000_6">
        <From>
          <StopPointRef>2800S46007B</StopPointRef>
        </From>
        <To>
          <StopPointRef>2800S46006A</StopPointRef>
        </To>
      </RouteLink>
      <RouteLink id="rl_0000_7">
        <From>
          <StopPointRef>2800S46006A</StopPointRef>
        </From>
        <To>
          <StopPointRef>2800S46005B</StopPointRef>
        </To>
      </RouteLink>
      <RouteLink id="rl_0000_8">
        <From>
          <StopPointRef>2800S46005B</StopPointRef>
        </From>
        <To>
          <StopPointRef>2800S46004A</StopPointRef>
        </To>
      </RouteLink>
      <RouteLink id="rl_0000_9">
        <From>
          <StopPointRef>2800S46004A</StopPointRef>
        </From>
        <To>
          <StopPointRef>2800S46003A</StopPointRef>
        </To>
      </RouteLink>
      <RouteLink id="rl_0000_10">
        <From>
          <StopPointRef>2800S46003A</StopPointRef>
        </From>
        <To>
          <StopPointRef>2800S46002A</StopPointRef>
        </To>
      </RouteLink>
      <RouteLink id="rl_0000_11">
        <From>
          <StopPointRef>2800S46002A</StopPointRef>
        </From>
        <To>
          <StopPointRef>2800S46001C</StopPointRef>
        </To>
      </RouteLink>
      <RouteLink id="rl_0000_12">
        <From>
          <StopPointRef>2800S46001C</StopPointRef>
        </From>
        <To>
          <StopPointRef>2800S46001B</StopPointRef>
        </To>
      </RouteLink>
      <RouteLink id="rl_0000_13">
        <From>
          <StopPointRef>2800S46001B</StopPointRef>
        </From>
        <To>
          <StopPointRef>2800S40037E</StopPointRef>
        </To>
      </RouteLink>
      <RouteLink id="rl_0000_14">
        <From>
          <StopPointRef>2800S40037E</StopPointRef>
        </From>
        <To>
          <StopPointRef>2800S40036A</StopPointRef>
        </To>
      </RouteLink>
      <RouteLink id="rl_0000_15">
        <From>
          <StopPointRef>2800S40036A</StopPointRef>
        </From>
        <To>
          <StopPointRef>2800S40035A</StopPointRef>
        </To>
      </RouteLink>
      <RouteLink id="rl_0000_16">
        <From>
          <StopPointRef>2800S40035A</StopPointRef>
        </From>
        <To>
          <StopPointRef>2800S40034A</StopPointRef>
        </To>
      </RouteLink>
      <RouteLink id="rl_0000_17">
        <From>
          <StopPointRef>2800S40034A</StopPointRef>
        </From>
        <To>
          <StopPointRef>2800S40033C</StopPointRef>
        </To>
      </RouteLink>
      <RouteLink id="rl_0000_18">
        <From>
          <StopPointRef>2800S40033C</StopPointRef>
        </From>
        <To>
          <StopPointRef>2800S40032B</StopPointRef>
        </To>
      </RouteLink>
      <RouteLink id="rl_0000_19">
        <From>
          <StopPointRef>2800S40032B</StopPointRef>
        </From>
        <To>
          <StopPointRef>2800S40031B</StopPointRef>
        </To>
      </RouteLink>
      <RouteLink id="rl_0000_20">
        <From>
          <StopPointRef>2800S40031B</StopPointRef>
        </From>
        <To>
          <StopPointRef>2800S40030A</StopPointRef>
        </To>
      </RouteLink>
      <RouteLink id="rl_0000_21">
        <From>
          <StopPointRef>2800S40030A</StopPointRef>
        </From>
        <To>
          <StopPointRef>2800S40029A</StopPointRef>
        </To>
      </RouteLink>
      <RouteLink id="rl_0000_22">
        <From>
          <StopPointRef>2800S40029A</StopPointRef>
        </From>
        <To>
          <StopPointRef>2800S40028D</StopPointRef>
        </To>
      </RouteLink>
      <RouteLink id="rl_0000_23">
        <From>
          <StopPointRef>2800S40028D</StopPointRef>
        </From>
        <To>
          <StopPointRef>2800S40027A</StopPointRef>
        </To>
      </RouteLink>
      <RouteLink id="rl_0000_24">
        <From>
          <StopPointRef>2800S40027A</StopPointRef>
        </From>
        <To>
          <StopPointRef>2800S40020D</StopPointRef>
        </To>
      </RouteLink>
      <RouteLink id="rl_0000_25">
        <From>
          <StopPointRef>2800S40020D</StopPointRef>
        </From>
        <To>
          <StopPointRef>2800S41023A</StopPointRef>
        </To>
      </RouteLink>
      <RouteLink id="rl_0000_26">
        <From>
          <StopPointRef>2800S41023A</StopPointRef>
        </From>
        <To>
          <StopPointRef>2800S42016A</StopPointRef>
        </To>
      </RouteLink>
      <RouteLink id="rl_0000_27">
        <From>
          <StopPointRef>2800S42016A</StopPointRef>
        </From>
        <To>
          <StopPointRef>2800S42015C</StopPointRef>
        </To>
      </RouteLink>
      <RouteLink id="rl_0000_28">
        <From>
          <StopPointRef>2800S42015C</StopPointRef>
        </From>
        <To>
          <StopPointRef>2800S42023J</StopPointRef>
        </To>
      </RouteLink>
    </RouteSection>
    <RouteSection id="rsf_0001">
      <RouteLink id="rl_0001_1">
        <From>
          <StopPointRef>2800S52056A</StopPointRef>
        </From>
        <To>
          <StopPointRef>2800S52003A</StopPointRef>
        </To>
      </RouteLink>
      <RouteLink id="rl_0001_2">
        <From>
          <StopPointRef>2800S52003A</StopPointRef>
        </From>
        <To>
          <StopPointRef>2800S52002B</StopPointRef>
        </To>
      </RouteLink>
      <RouteLink id="rl_0001_3">
        <From>
          <StopPointRef>2800S52002B</StopPointRef>
        </From>
        <To>
          <StopPointRef>2800S52055B</StopPointRef>
        </To>
      </RouteLink>
      <RouteLink id="rl_0001_4">
        <From>
          <StopPointRef>2800S52055B</StopPointRef>
        </From>
        <To>
          <StopPointRef>2800S52054B</StopPointRef>
        </To>
      </RouteLink>
      <RouteLink id="rl_0001_5">
        <From>
          <StopPointRef>2800S52054B</StopPointRef>
        </From>
        <To>
          <StopPointRef>2800S52053A</StopPointRef>
        </To>
      </RouteLink>
      <RouteLink id="rl_0001_6">
        <From>
          <StopPointRef>2800S52053A</StopPointRef>
        </From>
        <To>
          <StopPointRef>2800S52052B</StopPointRef>
        </To>
      </RouteLink>
      <RouteLink id="rl_0001_7">
        <From>
          <StopPointRef>2800S52052B</StopPointRef>
        </From>
        <To>
          <StopPointRef>2800S52050B</StopPointRef>
        </To>
      </RouteLink>
      <RouteLink id="rl_0001_8">
        <From>
          <StopPointRef>2800S52050B</StopPointRef>
        </From>
        <To>
          <StopPointRef>2800S52048A</StopPointRef>
        </To>
      </RouteLink>
      <RouteLink id="rl_0001_9">
        <From>
          <StopPointRef>2800S52048A</StopPointRef>
        </From>
        <To>
          <StopPointRef>2800S52047A</StopPointRef>
        </To>
      </RouteLink>
      <RouteLink id="rl_0001_10">
        <From>
          <StopPointRef>2800S52047A</StopPointRef>
        </From>
        <To>
          <StopPointRef>2800S52010B</StopPointRef>
        </To>
      </RouteLink>
      <RouteLink id="rl_0001_11">
        <From>
          <StopPointRef>2800S52010B</StopPointRef>
        </From>
        <To>
          <StopPointRef>2800S52009A</StopPointRef>
        </To>
      </RouteLink>
      <RouteLink id="rl_0001_12">
        <From>
          <StopPointRef>2800S52009A</StopPointRef>
        </From>
        <To>
          <StopPointRef>2800S52008A</StopPointRef>
        </To>
      </RouteLink>
      <RouteLink id="rl_0001_13">
        <From>
          <StopPointRef>2800S52008A</StopPointRef>
        </From>
        <To>
          <StopPointRef>2800S52063B</StopPointRef>
        </To>
      </RouteLink>
      <RouteLink id="rl_0001_14">
        <From>
          <StopPointRef>2800S52063B</StopPointRef>
        </From>
        <To>
          <StopPointRef>2800S52064B</StopPointRef>
        </To>
      </RouteLink>
      <RouteLink id="rl_0001_15">
        <From>
          <StopPointRef>2800S52064B</StopPointRef>
        </From>
        <To>
          <StopPointRef>2800S52070A</StopPointRef>
        </To>
      </RouteLink>
      <RouteLink id="rl_0001_16">
        <From>
          <StopPointRef>2800S52070A</StopPointRef>
        </From>
        <To>
          <StopPointRef>2800S52044A</StopPointRef>
        </To>
      </RouteLink>
      <RouteLink id="rl_0001_17">
        <From>
          <StopPointRef>2800S52044A</StopPointRef>
        </From>
        <To>
          <StopPointRef>2800S52043B</StopPointRef>
        </To>
      </RouteLink>
      <RouteLink id="rl_0001_18">
        <From>
          <StopPointRef>2800S52043B</StopPointRef>
        </From>
        <To>
          <StopPointRef>2800S52017B</StopPointRef>
        </To>
      </RouteLink>
      <RouteLink id="rl_0001_19">
        <From>
          <StopPointRef>2800S52017B</StopPointRef>
        </From>
        <To>
          <StopPointRef>2800S52016A</StopPointRef>
        </To>
      </RouteLink>
      <RouteLink id="rl_0001_20">
        <From>
          <StopPointRef>2800S52016A</StopPointRef>
        </From>
        <To>
          <StopPointRef>2800S52015A</StopPointRef>
        </To>
      </RouteLink>
      <RouteLink id="rl_0001_21">
        <From>
          <StopPointRef>2800S52015A</StopPointRef>
        </From>
        <To>
          <StopPointRef>2800S52014A</StopPointRef>
        </To>
      </RouteLink>
      <RouteLink id="rl_0001_22">
        <From>
          <StopPointRef>2800S52014A</StopPointRef>
        </From>
        <To>
          <StopPointRef>2800S52014D</StopPointRef>
        </To>
      </RouteLink>
      <RouteLink id="rl_0001_23">
        <From>
          <StopPointRef>2800S52014D</StopPointRef>
        </From>
        <To>
          <StopPointRef>2800S52042A</StopPointRef>
        </To>
      </RouteLink>
      <RouteLink id="rl_0001_24">
        <From>
          <StopPointRef>2800S52042A</StopPointRef>
        </From>
        <To>
          <StopPointRef>2800S52040A</StopPointRef>
        </To>
      </RouteLink>
      <RouteLink id="rl_0001_25">
        <From>
          <StopPointRef>2800S52040A</StopPointRef>
        </From>
        <To>
          <StopPointRef>2800S52035A</StopPointRef>
        </To>
      </RouteLink>
      <RouteLink id="rl_0001_26">
        <From>
          <StopPointRef>2800S52035A</StopPointRef>
        </From>
        <To>
          <StopPointRef>2800S46012B</StopPointRef>
        </To>
      </RouteLink>
      <RouteLink id="rl_0001_27">
        <From>
          <StopPointRef>2800S46012B</StopPointRef>
        </From>
        <To>
          <StopPointRef>2800S46011A</StopPointRef>
        </To>
      </RouteLink>
      <RouteLink id="rl_0001_28">
        <From>
          <StopPointRef>2800S46011A</StopPointRef>
        </From>
        <To>
          <StopPointRef>2800S46010A</StopPointRef>
        </To>
      </RouteLink>
      <RouteLink id="rl_0001_29">
        <From>
          <StopPointRef>2800S46010A</StopPointRef>
        </From>
        <To>
          <StopPointRef>2800S46009A</StopPointRef>
        </To>
      </RouteLink>
      <RouteLink id="rl_0001_30">
        <From>
          <StopPointRef>2800S46009A</StopPointRef>
        </From>
        <To>
          <StopPointRef>2800S46008A</StopPointRef>
        </To>
      </RouteLink>
      <RouteLink id="rl_0001_31">
        <From>
          <StopPointRef>2800S46008A</StopPointRef>
        </From>
        <To>
          <StopPointRef>2800S46007B</StopPointRef>
        </To>
      </RouteLink>
      <RouteLink id="rl_0001_32">
        <From>
          <StopPointRef>2800S46007B</StopPointRef>
        </From>
        <To>
          <StopPointRef>2800S46006A</StopPointRef>
        </To>
      </RouteLink>
      <RouteLink id="rl_0001_33">
        <From>
          <StopPointRef>2800S46006A</StopPointRef>
        </From>
        <To>
          <StopPointRef>2800S46005B</StopPointRef>
        </To>
      </RouteLink>
      <RouteLink id="rl_0001_34">
        <From>
          <StopPointRef>2800S46005B</StopPointRef>
        </From>
        <To>
          <StopPointRef>2800S46004A</StopPointRef>
        </To>
      </RouteLink>
      <RouteLink id="rl_0001_35">
        <From>
          <StopPointRef>2800S46004A</StopPointRef>
        </From>
        <To>
          <StopPointRef>2800S46003A</StopPointRef>
        </To>
      </RouteLink>
      <RouteLink id="rl_0001_36">
        <From>
          <StopPointRef>2800S46003A</StopPointRef>
        </From>
        <To>
          <StopPointRef>2800S46002A</StopPointRef>
        </To>
      </RouteLink>
      <RouteLink id="rl_0001_37">
        <From>
          <StopPointRef>2800S46002A</StopPointRef>
        </From>
        <To>
          <StopPointRef>2800S46001C</StopPointRef>
        </To>
      </RouteLink>
      <RouteLink id="rl_0001_38">
        <From>
          <StopPointRef>2800S46001C</StopPointRef>
        </From>
        <To>
          <StopPointRef>2800S46001B</StopPointRef>
        </To>
      </RouteLink>
      <RouteLink id="rl_0001_39">
        <From>
          <StopPointRef>2800S46001B</StopPointRef>
        </From>
        <To>
          <StopPointRef>2800S40037E</StopPointRef>
        </To>
      </RouteLink>
      <RouteLink id="rl_0001_40">
        <From>
          <StopPointRef>2800S40037E</StopPointRef>
        </From>
        <To>
          <StopPointRef>2800S40036A</StopPointRef>
        </To>
      </RouteLink>
      <RouteLink id="rl_0001_41">
        <From>
          <StopPointRef>2800S40036A</StopPointRef>
        </From>
        <To>
          <StopPointRef>2800S40035A</StopPointRef>
        </To>
      </RouteLink>
      <RouteLink id="rl_0001_42">
        <From>
          <StopPointRef>2800S40035A</StopPointRef>
        </From>
        <To>
          <StopPointRef>2800S40034A</StopPointRef>
        </To>
      </RouteLink>
      <RouteLink id="rl_0001_43">
        <From>
          <StopPointRef>2800S40034A</StopPointRef>
        </From>
        <To>
          <StopPointRef>2800S40033C</StopPointRef>
        </To>
      </RouteLink>
      <RouteLink id="rl_0001_44">
        <From>
          <StopPointRef>2800S40033C</StopPointRef>
        </From>
        <To>
          <StopPointRef>2800S40032B</StopPointRef>
        </To>
      </RouteLink>
      <RouteLink id="rl_0001_45">
        <From>
          <StopPointRef>2800S40032B</StopPointRef>
        </From>
        <To>
          <StopPointRef>2800S40031B</StopPointRef>
        </To>
      </RouteLink>
      <RouteLink id="rl_0001_46">
        <From>
          <StopPointRef>2800S40031B</StopPointRef>
        </From>
        <To>
          <StopPointRef>2800S40030A</StopPointRef>
        </To>
      </RouteLink>
      <RouteLink id="rl_0001_47">
        <From>
          <StopPointRef>2800S40030A</StopPointRef>
        </From>
        <To>
          <StopPointRef>2800S40029A</StopPointRef>
        </To>
      </RouteLink>
      <RouteLink id="rl_0001_48">
        <From>
          <StopPointRef>2800S40029A</StopPointRef>
        </From>
        <To>
          <StopPointRef>2800S40028D</StopPointRef>
        </To>
      </RouteLink>
      <RouteLink id="rl_0001_49">
        <From>
          <StopPointRef>2800S40028D</StopPointRef>
        </From>
        <To>
          <StopPointRef>2800S40027A</StopPointRef>
        </To>
      </RouteLink>
      <RouteLink id="rl_0001_50">
        <From>
          <StopPointRef>2800S40027A</StopPointRef>
        </From>
        <To>
          <StopPointRef>2800S40020D</StopPointRef>
        </To>
      </RouteLink>
      <RouteLink id="rl_0001_51">
        <From>
          <StopPointRef>2800S40020D</StopPointRef>
        </From>
        <To>
          <StopPointRef>2800S41023A</StopPointRef>
        </To>
      </RouteLink>
      <RouteLink id="rl_0001_52">
        <From>
          <StopPointRef>2800S41023A</StopPointRef>
        </From>
        <To>
          <StopPointRef>2800S42016A</StopPointRef>
        </To>
      </RouteLink>
      <RouteLink id="rl_0001_53">
        <From>
          <StopPointRef>2800S42016A</StopPointRef>
        </From>
        <To>
          <StopPointRef>2800S42015C</StopPointRef>
        </To>
      </RouteLink>
      <RouteLink id="rl_0001_54">
        <From>
          <StopPointRef>2800S42015C</StopPointRef>
        </From>
        <To>
          <StopPointRef>2800S42023J</StopPointRef>
        </To>
      </RouteLink>
    </RouteSection>
  </RouteSections>
  <Routes>
    <Route id="rt_0000">
      <Description>No route description available</Description>
      <RouteSectionRef>rsf_0000</RouteSectionRef>
    </Route>
    <Route id="rt_0001">
      <Description>No route description available</Description>
      <RouteSectionRef>rsf_0001</RouteSectionRef>
    </Route>
  </Routes>
  <JourneyPatternSections>
    <JourneyPatternSection id="js_1">
      <JourneyPatternTimingLink id="jptl_1">
        <From SequenceNumber="27">
          <Activity>pickUp</Activity>
          <StopPointRef>2800S46012B</StopPointRef>
          <TimingStatus>principalTimingPoint</TimingStatus>
        </From>
        <To SequenceNumber="28">
          <StopPointRef>2800S46011A</StopPointRef>
          <TimingStatus>otherPoint</TimingStatus>
        </To>
        <RouteLinkRef>rl_0000_1</RouteLinkRef>
        <RunTime>PT1M</RunTime>
      </JourneyPatternTimingLink>
      <JourneyPatternTimingLink id="jptl_2">
        <From SequenceNumber="28">
          <StopPointRef>2800S46011A</StopPointRef>
          <TimingStatus>otherPoint</TimingStatus>
        </From>
        <To SequenceNumber="29">
          <StopPointRef>2800S46010A</StopPointRef>
          <TimingStatus>otherPoint</TimingStatus>
        </To>
        <RouteLinkRef>rl_0000_2</RouteLinkRef>
        <RunTime>PT1M</RunTime>
      </JourneyPatternTimingLink>
      <JourneyPatternTimingLink id="jptl_3">
        <From SequenceNumber="29">
          <StopPointRef>2800S46010A</StopPointRef>
          <TimingStatus>otherPoint</TimingStatus>
        </From>
        <To SequenceNumber="30">
          <StopPointRef>2800S46009A</StopPointRef>
          <TimingStatus>otherPoint</TimingStatus>
        </To>
        <RouteLinkRef>rl_0000_3</RouteLinkRef>
        <RunTime>PT1M</RunTime>
      </JourneyPatternTimingLink>
      <JourneyPatternTimingLink id="jptl_4">
        <From SequenceNumber="30">
          <StopPointRef>2800S46009A</StopPointRef>
          <TimingStatus>otherPoint</TimingStatus>
        </From>
        <To SequenceNumber="31">
          <StopPointRef>2800S46008A</StopPointRef>
          <TimingStatus>otherPoint</TimingStatus>
        </To>
        <RouteLinkRef>rl_0000_4</RouteLinkRef>
        <RunTime>PT1M</RunTime>
      </JourneyPatternTimingLink>
      <JourneyPatternTimingLink id="jptl_5">
        <From SequenceNumber="31">
          <StopPointRef>2800S46008A</StopPointRef>
          <TimingStatus>otherPoint</TimingStatus>
        </From>
        <To SequenceNumber="32">
          <StopPointRef>2800S46007B</StopPointRef>
          <TimingStatus>otherPoint</TimingStatus>
        </To>
        <RouteLinkRef>rl_0000_5</RouteLinkRef>
        <RunTime>PT1M</RunTime>
      </JourneyPatternTimingLink>
      <JourneyPatternTimingLink id="jptl_6">
        <From SequenceNumber="32">
          <StopPointRef>2800S46007B</StopPointRef>
          <TimingStatus>otherPoint</TimingStatus>
        </From>
        <To SequenceNumber="33">
          <StopPointRef>2800S46006A</StopPointRef>
          <TimingStatus>otherPoint</TimingStatus>
        </To>
        <RouteLinkRef>rl_0000_6</RouteLinkRef>
        <RunTime>PT1M</RunTime>
      </JourneyPatternTimingLink>
      <JourneyPatternTimingLink id="jptl_7">
        <From SequenceNumber="33">
          <StopPointRef>2800S46006A</StopPointRef>
          <TimingStatus>otherPoint</TimingStatus>
        </From>
        <To SequenceNumber="34">
          <StopPointRef>2800S46005B</StopPointRef>
          <TimingStatus>otherPoint</TimingStatus>
        </To>
        <RouteLinkRef>rl_0000_7</RouteLinkRef>
        <RunTime>PT1M</RunTime>
      </JourneyPatternTimingLink>
      <JourneyPatternTimingLink id="jptl_8">
        <From SequenceNumber="34">
          <StopPointRef>2800S46005B</StopPointRef>
          <TimingStatus>otherPoint</TimingStatus>
        </From>
        <To SequenceNumber="35">
          <StopPointRef>2800S46004A</StopPointRef>
          <TimingStatus>otherPoint</TimingStatus>
        </To>
        <RouteLinkRef>rl_0000_8</RouteLinkRef>
        <RunTime>PT2M</RunTime>
      </JourneyPatternTimingLink>
      <JourneyPatternTimingLink id="jptl_9">
        <From SequenceNumber="35">
          <StopPointRef>2800S46004A</StopPointRef>
          <TimingStatus>otherPoint</TimingStatus>
        </From>
        <To SequenceNumber="36">
          <StopPointRef>2800S46003A</StopPointRef>
          <TimingStatus>otherPoint</TimingStatus>
        </To>
        <RouteLinkRef>rl_0000_9</RouteLinkRef>
        <RunTime>PT1M</RunTime>
      </JourneyPatternTimingLink>
      <JourneyPatternTimingLink id="jptl_10">
        <From SequenceNumber="36">
          <StopPointRef>2800S46003A</StopPointRef>
          <TimingStatus>otherPoint</TimingStatus>
        </From>
        <To SequenceNumber="37">
          <StopPointRef>2800S46002A</StopPointRef>
          <TimingStatus>otherPoint</TimingStatus>
        </To>
        <RouteLinkRef>rl_0000_10</RouteLinkRef>
        <RunTime>PT1M</RunTime>
      </JourneyPatternTimingLink>
      <JourneyPatternTimingLink id="jptl_11">
        <From SequenceNumber="37">
          <StopPointRef>2800S46002A</StopPointRef>
          <TimingStatus>otherPoint</TimingStatus>
        </From>
        <To SequenceNumber="38">
          <StopPointRef>2800S46001C</StopPointRef>
          <TimingStatus>otherPoint</TimingStatus>
        </To>
        <RouteLinkRef>rl_0000_11</RouteLinkRef>
        <RunTime>PT0S</RunTime>
      </JourneyPatternTimingLink>
      <JourneyPatternTimingLink id="jptl_12">
        <From SequenceNumber="38">
          <StopPointRef>2800S46001C</StopPointRef>
          <TimingStatus>otherPoint</TimingStatus>
        </From>
        <To SequenceNumber="39">
          <StopPointRef>2800S46001B</StopPointRef>
          <TimingStatus>principalTimingPoint</TimingStatus>
        </To>
        <RouteLinkRef>rl_0000_12</RouteLinkRef>
        <RunTime>PT1M</RunTime>
      </JourneyPatternTimingLink>
      <JourneyPatternTimingLink id="jptl_13">
        <From SequenceNumber="39">
          <StopPointRef>2800S46001B</StopPointRef>
          <TimingStatus>principalTimingPoint</TimingStatus>
        </From>
        <To SequenceNumber="40">
          <StopPointRef>2800S40037E</StopPointRef>
          <TimingStatus>otherPoint</TimingStatus>
        </To>
        <RouteLinkRef>rl_0000_13</RouteLinkRef>
        <RunTime>PT1M</RunTime>
      </JourneyPatternTimingLink>
      <JourneyPatternTimingLink id="jptl_14">
        <From SequenceNumber="40">
          <StopPointRef>2800S40037E</StopPointRef>
          <TimingStatus>otherPoint</TimingStatus>
        </From>
        <To SequenceNumber="41">
          <StopPointRef>2800S40036A</StopPointRef>
          <TimingStatus>otherPoint</TimingStatus>
        </To>
        <RouteLinkRef>rl_0000_14</RouteLinkRef>
        <RunTime>PT1M</RunTime>
      </JourneyPatternTimingLink>
      <JourneyPatternTimingLink id="jptl_15">
        <From SequenceNumber="41">
          <StopPointRef>2800S40036A</StopPointRef>
          <TimingStatus>otherPoint</TimingStatus>
        </From>
        <To SequenceNumber="42">
          <StopPointRef>2800S40035A</StopPointRef>
          <TimingStatus>otherPoint</TimingStatus>
        </To>
        <RouteLinkRef>rl_0000_15</RouteLinkRef>
        <RunTime>PT1M</RunTime>
      </JourneyPatternTimingLink>
      <JourneyPatternTimingLink id="jptl_16">
        <From SequenceNumber="42">
          <StopPointRef>2800S40035A</StopPointRef>
          <TimingStatus>otherPoint</TimingStatus>
        </From>
        <To SequenceNumber="43">
          <StopPointRef>2800S40034A</StopPointRef>
          <TimingStatus>otherPoint</TimingStatus>
        </To>
        <RouteLinkRef>rl_0000_16</RouteLinkRef>
        <RunTime>PT1M</RunTime>
      </JourneyPatternTimingLink>
      <JourneyPatternTimingLink id="jptl_17">
        <From SequenceNumber="43">
          <StopPointRef>2800S40034A</StopPointRef>
          <TimingStatus>otherPoint</TimingStatus>
        </From>
        <To SequenceNumber="44">
          <StopPointRef>2800S40033C</StopPointRef>
          <TimingStatus>otherPoint</TimingStatus>
        </To>
        <RouteLinkRef>rl_0000_17</RouteLinkRef>
        <RunTime>PT2M</RunTime>
      </JourneyPatternTimingLink>
      <JourneyPatternTimingLink id="jptl_18">
        <From SequenceNumber="44">
          <StopPointRef>2800S40033C</StopPointRef>
          <TimingStatus>otherPoint</TimingStatus>
        </From>
        <To SequenceNumber="45">
          <StopPointRef>2800S40032B</StopPointRef>
          <TimingStatus>otherPoint</TimingStatus>
        </To>
        <RouteLinkRef>rl_0000_18</RouteLinkRef>
        <RunTime>PT0S</RunTime>
      </JourneyPatternTimingLink>
      <JourneyPatternTimingLink id="jptl_19">
        <From SequenceNumber="45">
          <StopPointRef>2800S40032B</StopPointRef>
          <TimingStatus>otherPoint</TimingStatus>
        </From>
        <To SequenceNumber="46">
          <StopPointRef>2800S40031B</StopPointRef>
          <TimingStatus>otherPoint</TimingStatus>
        </To>
        <RouteLinkRef>rl_0000_19</RouteLinkRef>
        <RunTime>PT1M</RunTime>
      </JourneyPatternTimingLink>
      <JourneyPatternTimingLink id="jptl_20">
        <From SequenceNumber="46">
          <StopPointRef>2800S40031B</StopPointRef>
          <TimingStatus>otherPoint</TimingStatus>
        </From>
        <To SequenceNumber="47">
          <StopPointRef>2800S40030A</StopPointRef>
          <TimingStatus>otherPoint</TimingStatus>
        </To>
        <RouteLinkRef>rl_0000_20</RouteLinkRef>
        <RunTime>PT1M</RunTime>
      </JourneyPatternTimingLink>
      <JourneyPatternTimingLink id="jptl_21">
        <From SequenceNumber="47">
          <StopPointRef>2800S40030A</StopPointRef>
          <TimingStatus>otherPoint</TimingStatus>
        </From>
        <To SequenceNumber="48">
          <StopPointRef>2800S40029A</StopPointRef>
          <TimingStatus>otherPoint</TimingStatus>
        </To>
        <RouteLinkRef>rl_0000_21</RouteLinkRef>
        <RunTime>PT1M</RunTime>
      </JourneyPatternTimingLink>
      <JourneyPatternTimingLink id="jptl_22">
        <From SequenceNumber="48">
          <StopPointRef>2800S40029A</StopPointRef>
          <TimingStatus>otherPoint</TimingStatus>
        </From>
        <To SequenceNumber="49">
          <StopPointRef>2800S40028D</StopPointRef>
          <TimingStatus>otherPoint</TimingStatus>
        </To>
        <RouteLinkRef>rl_0000_22</RouteLinkRef>
        <RunTime>PT1M</RunTime>
      </JourneyPatternTimingLink>
      <JourneyPatternTimingLink id="jptl_23">
        <From SequenceNumber="49">
          <StopPointRef>2800S40028D</StopPointRef>
          <TimingStatus>otherPoint</TimingStatus>
        </From>
        <To SequenceNumber="50">
          <StopPointRef>2800S40027A</StopPointRef>
          <TimingStatus>otherPoint</TimingStatus>
        </To>
        <RouteLinkRef>rl_0000_23</RouteLinkRef>
        <RunTime>PT1M</RunTime>
      </JourneyPatternTimingLink>
      <JourneyPatternTimingLink id="jptl_24">
        <From SequenceNumber="50">
          <StopPointRef>2800S40027A</StopPointRef>
          <TimingStatus>otherPoint</TimingStatus>
        </From>
        <To SequenceNumber="51">
          <StopPointRef>2800S40020D</StopPointRef>
          <TimingStatus>otherPoint</TimingStatus>
        </To>
        <RouteLinkRef>rl_0000_24</RouteLinkRef>
        <RunTime>PT0S</RunTime>
      </JourneyPatternTimingLink>
      <JourneyPatternTimingLink id="jptl_25">
        <From SequenceNumber="51">
          <StopPointRef>2800S40020D</StopPointRef>
          <TimingStatus>otherPoint</TimingStatus>
        </From>
        <To SequenceNumber="52">
          <StopPointRef>2800S41023A</StopPointRef>
          <TimingStatus>principalTimingPoint</TimingStatus>
        </To>
        <RouteLinkRef>rl_0000_25</RouteLinkRef>
        <RunTime>PT2M</RunTime>
      </JourneyPatternTimingLink>
      <JourneyPatternTimingLink id="jptl_26">
        <From SequenceNumber="52">
          <StopPointRef>2800S41023A</StopPointRef>
          <TimingStatus>principalTimingPoint</TimingStatus>
        </From>
        <To SequenceNumber="53">
          <StopPointRef>2800S42016A</StopPointRef>
          <TimingStatus>otherPoint</TimingStatus>
        </To>
        <RouteLinkRef>rl_0000_26</RouteLinkRef>
        <RunTime>PT0S</RunTime>
      </JourneyPatternTimingLink>
      <JourneyPatternTimingLink id="jptl_27">
        <From SequenceNumber="53">
          <StopPointRef>2800S42016A</StopPointRef>
          <TimingStatus>otherPoint</TimingStatus>
        </From>
        <To SequenceNumber="54">
          <StopPointRef>2800S42015C</StopPointRef>
          <TimingStatus>otherPoint</TimingStatus>
        </To>
        <RouteLinkRef>rl_0000_27</RouteLinkRef>
        <RunTime>PT1M</RunTime>
      </JourneyPatternTimingLink>
      <JourneyPatternTimingLink id="jptl_28">
        <From SequenceNumber="54">
          <StopPointRef>2800S42015C</StopPointRef>
          <TimingStatus>otherPoint</TimingStatus>
        </From>
        <To SequenceNumber="55">
          <Activity>setDown</Activity>
          <StopPointRef>2800S42023J</StopPointRef>
          <TimingStatus>principalTimingPoint</TimingStatus>
        </To>
        <RouteLinkRef>rl_0000_28</RouteLinkRef>
        <RunTime>PT2M</RunTime>
      </JourneyPatternTimingLink>
    </JourneyPatternSection>
    <JourneyPatternSection id="js_2">
      <JourneyPatternTimingLink id="jptl_29">
        <From SequenceNumber="1">
          <Activity>pickUp</Activity>
          <StopPointRef>2800S52056A</StopPointRef>
          <TimingStatus>principalTimingPoint</TimingStatus>
        </From>
        <To SequenceNumber="2">
          <StopPointRef>2800S52003A</StopPointRef>
          <TimingStatus>otherPoint</TimingStatus>
        </To>
        <RouteLinkRef>rl_0001_1</RouteLinkRef>
        <RunTime>PT1M</RunTime>
      </JourneyPatternTimingLink>
      <JourneyPatternTimingLink id="jptl_30">
        <From SequenceNumber="2">
          <StopPointRef>2800S52003A</StopPointRef>
          <TimingStatus>otherPoint</TimingStatus>
        </From>
        <To SequenceNumber="3">
          <StopPointRef>2800S52002B</StopPointRef>
          <TimingStatus>otherPoint</TimingStatus>
        </To>
        <RouteLinkRef>rl_0001_2</RouteLinkRef>
        <RunTime>PT0S</RunTime>
      </JourneyPatternTimingLink>
      <JourneyPatternTimingLink id="jptl_31">
        <From SequenceNumber="3">
          <StopPointRef>2800S52002B</StopPointRef>
          <TimingStatus>otherPoint</TimingStatus>
        </From>
        <To SequenceNumber="4">
          <StopPointRef>2800S52055B</StopPointRef>
          <TimingStatus>otherPoint</TimingStatus>
        </To>
        <RouteLinkRef>rl_0001_3</RouteLinkRef>
        <RunTime>PT1M</RunTime>
      </JourneyPatternTimingLink>
      <JourneyPatternTimingLink id="jptl_32">
        <From SequenceNumber="4">
          <StopPointRef>2800S52055B</StopPointRef>
          <TimingStatus>otherPoint</TimingStatus>
        </From>
        <To SequenceNumber="5">
          <StopPointRef>2800S52054B</StopPointRef>
          <TimingStatus>otherPoint</TimingStatus>
        </To>
        <RouteLinkRef>rl_0001_4</RouteLinkRef>
        <RunTime>PT1M</RunTime>
      </JourneyPatternTimingLink>
      <JourneyPatternTimingLink id="jptl_33">
        <From SequenceNumber="5">
          <StopPointRef>2800S52054B</StopPointRef>
          <TimingStatus>otherPoint</TimingStatus>
        </From>
        <To SequenceNumber="6">
          <StopPointRef>2800S52053A</StopPointRef>
          <TimingStatus>otherPoint</TimingStatus>
        </To>
        <RouteLinkRef>rl_0001_5</RouteLinkRef>
        <RunTime>PT1M</RunTime>
      </JourneyPatternTimingLink>
      <JourneyPatternTimingLink id="jptl_34">
        <From SequenceNumber="6">
          <StopPointRef>2800S52053A</StopPointRef>
          <TimingStatus>otherPoint</TimingStatus>
        </From>
        <To SequenceNumber="7">
          <StopPointRef>2800S52052B</StopPointRef>
          <TimingStatus>otherPoint</TimingStatus>
        </To>
        <RouteLinkRef>rl_0001_6</RouteLinkRef>
        <RunTime>PT1M</RunTime>
      </JourneyPatternTimingLink>
      <JourneyPatternTimingLink id="jptl_35">
        <From SequenceNumber="7">
          <StopPointRef>2800S52052B</StopPointRef>
          <TimingStatus>otherPoint</TimingStatus>
        </From>
        <To SequenceNumber="8">
          <StopPointRef>2800S52050B</StopPointRef>
          <TimingStatus>otherPoint</TimingStatus>
        </To>
        <RouteLinkRef>rl_0001_7</RouteLinkRef>
        <RunTime>PT1M</RunTime>
      </JourneyPatternTimingLink>
      <JourneyPatternTimingLink id="jptl_36">
        <From SequenceNumber="8">
          <StopPointRef>2800S52050B</StopPointRef>
          <TimingStatus>otherPoint</TimingStatus>
        </From>
        <To SequenceNumber="9">
          <StopPointRef>2800S52048A</StopPointRef>
          <TimingStatus>otherPoint</TimingStatus>
        </To>
        <RouteLinkRef>rl_0001_8</RouteLinkRef>
        <RunTime>PT2M</RunTime>
      </JourneyPatternTimingLink>
      <JourneyPatternTimingLink id="jptl_37">
        <From SequenceNumber="9">
          <StopPointRef>2800S52048A</StopPointRef>
          <TimingStatus>otherPoint</TimingStatus>
        </From>
        <To SequenceNumber="10">
          <StopPointRef>2800S52047A</StopPointRef>
          <TimingStatus>otherPoint</TimingStatus>
        </To>
        <RouteLinkRef>rl_0001_9</RouteLinkRef>
        <RunTime>PT1M</RunTime>
      </JourneyPatternTimingLink>
      <JourneyPatternTimingLink id="jptl_38">
        <From SequenceNumber="10">
          <StopPointRef>2800S52047A</StopPointRef>
          <TimingStatus>otherPoint</TimingStatus>
        </From>
        <To SequenceNumber="11">
          <StopPointRef>2800S52010B</StopPointRef>
          <TimingStatus>principalTimingPoint</TimingStatus>
        </To>
        <RouteLinkRef>rl_0001_10</RouteLinkRef>
        <RunTime>PT1M</RunTime>
      </JourneyPatternTimingLink>
      <JourneyPatternTimingLink id="jptl_39">
        <From SequenceNumber="11">
          <StopPointRef>2800S52010B</StopPointRef>
          <TimingStatus>principalTimingPoint</TimingStatus>
        </From>
        <To SequenceNumber="12">
          <StopPointRef>2800S52009A</StopPointRef>
          <TimingStatus>otherPoint</TimingStatus>
        </To>
        <RouteLinkRef>rl_0001_11</RouteLinkRef>
        <RunTime>PT1M</RunTime>
      </JourneyPatternTimingLink>
      <JourneyPatternTimingLink id="jptl_40">
        <From SequenceNumber="12">
          <StopPointRef>2800S52009A</StopPointRef>
          <TimingStatus>otherPoint</TimingStatus>
        </From>
        <To SequenceNumber="13">
          <StopPointRef>2800S52008A</StopPointRef>
          <TimingStatus>otherPoint</TimingStatus>
        </To>
        <RouteLinkRef>rl_0001_12</RouteLinkRef>
        <RunTime>PT1M</RunTime>
      </JourneyPatternTimingLink>
      <JourneyPatternTimingLink id="jptl_41">
        <From SequenceNumber="13">
          <StopPointRef>2800S52008A</StopPointRef>
          <TimingStatus>otherPoint</TimingStatus>
        </From>
        <To SequenceNumber="14">
          <StopPointRef>2800S52063B</StopPointRef>
          <TimingStatus>otherPoint</TimingStatus>
        </To>
        <RouteLinkRef>rl_0001_13</RouteLinkRef>
        <RunTime>PT1M</RunTime>
      </JourneyPatternTimingLink>
      <JourneyPatternTimingLink id="jptl_42">
        <From SequenceNumber="14">
          <StopPointRef>2800S52063B</StopPointRef>
          <TimingStatus>otherPoint</TimingStatus>
        </From>
        <To SequenceNumber="15">
          <StopPointRef>2800S52064B</StopPointRef>
          <TimingStatus>otherPoint</TimingStatus>
        </To>
        <RouteLinkRef>rl_0001_14</RouteLinkRef>
        <RunTime>PT1M</RunTime>
      </JourneyPatternTimingLink>
      <JourneyPatternTimingLink id="jptl_43">
        <From SequenceNumber="15">
          <StopPointRef>2800S52064B</StopPointRef>
          <TimingStatus>otherPoint</TimingStatus>
        </From>
        <To SequenceNumber="16">
          <StopPointRef>2800S52070A</StopPointRef>
          <TimingStatus>otherPoint</TimingStatus>
        </To>
        <RouteLinkRef>rl_0001_15</RouteLinkRef>
        <RunTime>PT0S</RunTime>
      </JourneyPatternTimingLink>
      <JourneyPatternTimingLink id="jptl_44">
        <From SequenceNumber="16">
          <StopPointRef>2800S52070A</StopPointRef>
          <TimingStatus>otherPoint</TimingStatus>
        </From>
        <To SequenceNumber="17">
          <StopPointRef>2800S52044A</StopPointRef>
          <TimingStatus>otherPoint</TimingStatus>
        </To>
        <RouteLinkRef>rl_0001_16</RouteLinkRef>
        <RunTime>PT1M</RunTime>
      </JourneyPatternTimingLink>
      <JourneyPatternTimingLink id="jptl_45">
        <From SequenceNumber="17">
          <StopPointRef>2800S52044A</StopPointRef>
          <TimingStatus>otherPoint</TimingStatus>
        </From>
        <To SequenceNumber="18">
          <StopPointRef>2800S52043B</StopPointRef>
          <TimingStatus>otherPoint</TimingStatus>
        </To>
        <RouteLinkRef>rl_0001_17</RouteLinkRef>
        <RunTime>PT0S</RunTime>
      </JourneyPatternTimingLink>
      <JourneyPatternTimingLink id="jptl_46">
        <From SequenceNumber="18">
          <StopPointRef>2800S52043B</StopPointRef>
          <TimingStatus>otherPoint</TimingStatus>
        </From>
        <To SequenceNumber="19">
          <StopPointRef>2800S52017B</StopPointRef>
          <TimingStatus>otherPoint</TimingStatus>
        </To>
        <RouteLinkRef>rl_0001_18</RouteLinkRef>
        <RunTime>PT1M</RunTime>
      </JourneyPatternTimingLink>
      <JourneyPatternTimingLink id="jptl_47">
        <From SequenceNumber="19">
          <StopPointRef>2800S52017B</StopPointRef>
          <TimingStatus>otherPoint</TimingStatus>
        </From>
        <To SequenceNumber="20">
          <StopPointRef>2800S52016A</StopPointRef>
          <TimingStatus>otherPoint</TimingStatus>
        </To>
        <RouteLinkRef>rl_0001_19</RouteLinkRef>
        <RunTime>PT1M</RunTime>
      </JourneyPatternTimingLink>
      <JourneyPatternTimingLink id="jptl_48">
        <From SequenceNumber="20">
          <StopPointRef>2800S52016A</StopPointRef>
          <TimingStatus>otherPoint</TimingStatus>
        </From>
        <To SequenceNumber="21">
          <StopPointRef>2800S52015A</StopPointRef>
          <TimingStatus>otherPoint</TimingStatus>
        </To>
        <RouteLinkRef>rl_0001_20</RouteLinkRef>
        <RunTime>PT0S</RunTime>
      </JourneyPatternTimingLink>
      <JourneyPatternTimingLink id="jptl_49">
        <From SequenceNumber="21">
          <StopPointRef>2800S52015A</StopPointRef>
          <TimingStatus>otherPoint</TimingStatus>
        </From>
        <To SequenceNumber="22">
          <StopPointRef>2800S52014A</StopPointRef>
          <TimingStatus>otherPoint</TimingStatus>
        </To>
        <RouteLinkRef>rl_0001_21</RouteLinkRef>
        <RunTime>PT1M</RunTime>
      </JourneyPatternTimingLink>
      <JourneyPatternTimingLink id="jptl_50">
        <From SequenceNumber="22">
          <StopPointRef>2800S52014A</StopPointRef>
          <TimingStatus>otherPoint</TimingStatus>
        </From>
        <To SequenceNumber="23">
          <StopPointRef>2800S52014D</StopPointRef>
          <TimingStatus>otherPoint</TimingStatus>
        </To>
        <RouteLinkRef>rl_0001_22</RouteLinkRef>
        <RunTime>PT0S</RunTime>
      </JourneyPatternTimingLink>
      <JourneyPatternTimingLink id="jptl_51">
        <From SequenceNumber="23">
          <StopPointRef>2800S52014D</StopPointRef>
          <TimingStatus>otherPoint</TimingStatus>
        </From>
        <To SequenceNumber="24">
          <StopPointRef>2800S52042A</StopPointRef>
          <TimingStatus>otherPoint</TimingStatus>
        </To>
        <RouteLinkRef>rl_0001_23</RouteLinkRef>
        <RunTime>PT1M</RunTime>
      </JourneyPatternTimingLink>
      <JourneyPatternTimingLink id="jptl_52">
        <From SequenceNumber="24">
          <StopPointRef>2800S52042A</StopPointRef>
          <TimingStatus>otherPoint</TimingStatus>
        </From>
        <To SequenceNumber="25">
          <StopPointRef>2800S52040A</StopPointRef>
          <TimingStatus>otherPoint</TimingStatus>
        </To>
        <RouteLinkRef>rl_0001_24</RouteLinkRef>
        <RunTime>PT1M</RunTime>
      </JourneyPatternTimingLink>
      <JourneyPatternTimingLink id="jptl_53">
        <From SequenceNumber="25">
          <StopPointRef>2800S52040A</StopPointRef>
          <TimingStatus>otherPoint</TimingStatus>
        </From>
        <To SequenceNumber="26">
          <StopPointRef>2800S52035A</StopPointRef>
          <TimingStatus>otherPoint</TimingStatus>
        </To>
        <RouteLinkRef>rl_0001_25</RouteLinkRef>
        <RunTime>PT1M</RunTime>
      </JourneyPatternTimingLink>
      <JourneyPatternTimingLink id="jptl_54">
        <From SequenceNumber="26">
          <StopPointRef>2800S52035A</StopPointRef>
          <TimingStatus>otherPoint</TimingStatus>
        </From>
        <To SequenceNumber="27">
          <StopPointRef>2800S46012B</StopPointRef>
          <TimingStatus>principalTimingPoint</TimingStatus>
        </To>
        <RouteLinkRef>rl_0001_26</RouteLinkRef>
        <RunTime>PT3M</RunTime>
      </JourneyPatternTimingLink>
      <JourneyPatternTimingLink id="jptl_55">
        <From SequenceNumber="27">
          <StopPointRef>2800S46012B</StopPointRef>
          <TimingStatus>principalTimingPoint</TimingStatus>
        </From>
        <To SequenceNumber="28">
          <StopPointRef>2800S46011A</StopPointRef>
          <TimingStatus>otherPoint</TimingStatus>
        </To>
        <RouteLinkRef>rl_0001_27</RouteLinkRef>
        <RunTime>PT1M</RunTime>
      </JourneyPatternTimingLink>
      <JourneyPatternTimingLink id="jptl_56">
        <From SequenceNumber="28">
          <StopPointRef>2800S46011A</StopPointRef>
          <TimingStatus>otherPoint</TimingStatus>
        </From>
        <To SequenceNumber="29">
          <StopPointRef>2800S46010A</StopPointRef>
          <TimingStatus>otherPoint</TimingStatus>
        </To>
        <RouteLinkRef>rl_0001_28</RouteLinkRef>
        <RunTime>PT1M</RunTime>
      </JourneyPatternTimingLink>
      <JourneyPatternTimingLink id="jptl_57">
        <From SequenceNumber="29">
          <StopPointRef>2800S46010A</StopPointRef>
          <TimingStatus>otherPoint</TimingStatus>
        </From>
        <To SequenceNumber="30">
          <StopPointRef>2800S46009A</StopPointRef>
          <TimingStatus>otherPoint</TimingStatus>
        </To>
        <RouteLinkRef>rl_0001_29</RouteLinkRef>
        <RunTime>PT1M</RunTime>
      </JourneyPatternTimingLink>
      <JourneyPatternTimingLink id="jptl_58">
        <From SequenceNumber="30">
          <StopPointRef>2800S46009A</StopPointRef>
          <TimingStatus>otherPoint</TimingStatus>
        </From>
        <To SequenceNumber="31">
          <StopPointRef>2800S46008A</StopPointRef>
          <TimingStatus>otherPoint</TimingStatus>
        </To>
        <RouteLinkRef>rl_0001_30</RouteLinkRef>
        <RunTime>PT1M</RunTime>
      </JourneyPatternTimingLink>
      <JourneyPatternTimingLink id="jptl_59">
        <From SequenceNumber="31">
          <StopPointRef>2800S46008A</StopPointRef>
          <TimingStatus>otherPoint</TimingStatus>
        </From>
        <To SequenceNumber="32">
          <StopPointRef>2800S46007B</StopPointRef>
          <TimingStatus>otherPoint</TimingStatus>
        </To>
        <RouteLinkRef>rl_0001_31</RouteLinkRef>
        <RunTime>PT1M</RunTime>
      </JourneyPatternTimingLink>
      <JourneyPatternTimingLink id="jptl_60">
        <From SequenceNumber="32">
          <StopPointRef>2800S46007B</StopPointRef>
          <TimingStatus>otherPoint</TimingStatus>
        </From>
        <To SequenceNumber="33">
          <StopPointRef>2800S46006A</StopPointRef>
          <TimingStatus>otherPoint</TimingStatus>
        </To>
        <RouteLinkRef>rl_0001_32</RouteLinkRef>
        <RunTime>PT1M</RunTime>
      </JourneyPatternTimingLink>
      <JourneyPatternTimingLink id="jptl_61">
        <From SequenceNumber="33">
          <StopPointRef>2800S46006A</StopPointRef>
          <TimingStatus>otherPoint</TimingStatus>
        </From>
        <To SequenceNumber="34">
          <StopPointRef>2800S46005B</StopPointRef>
          <TimingStatus>otherPoint</TimingStatus>
        </To>
        <RouteLinkRef>rl_0001_33</RouteLinkRef>
        <RunTime>PT1M</RunTime>
      </JourneyPatternTimingLink>
      <JourneyPatternTimingLink id="jptl_62">
        <From SequenceNumber="34">
          <StopPointRef>2800S46005B</StopPointRef>
          <TimingStatus>otherPoint</TimingStatus>
        </From>
        <To SequenceNumber="35">
          <StopPointRef>2800S46004A</StopPointRef>
          <TimingStatus>otherPoint</TimingStatus>
        </To>
        <RouteLinkRef>rl_0001_34</RouteLinkRef>
        <RunTime>PT2M</RunTime>
      </JourneyPatternTimingLink>
      <JourneyPatternTimingLink id="jptl_63">
        <From SequenceNumber="35">
          <StopPointRef>2800S46004A</StopPointRef>
          <TimingStatus>otherPoint</TimingStatus>
        </From>
        <To SequenceNumber="36">
          <StopPointRef>2800S46003A</StopPointRef>
          <TimingStatus>otherPoint</TimingStatus>
        </To>
        <RouteLinkRef>rl_0001_35</RouteLinkRef>
        <RunTime>PT1M</RunTime>
      </JourneyPatternTimingLink>
      <JourneyPatternTimingLink id="jptl_64">
        <From SequenceNumber="36">
          <StopPointRef>2800S46003A</StopPointRef>
          <TimingStatus>otherPoint</TimingStatus>
        </From>
        <To SequenceNumber="37">
          <StopPointRef>2800S46002A</StopPointRef>
          <TimingStatus>otherPoint</TimingStatus>
        </To>
        <RouteLinkRef>rl_0001_36</RouteLinkRef>
        <RunTime>PT1M</RunTime>
      </JourneyPatternTimingLink>
      <JourneyPatternTimingLink id="jptl_65">
        <From SequenceNumber="37">
          <StopPointRef>2800S46002A</StopPointRef>
          <TimingStatus>otherPoint</TimingStatus>
        </From>
        <To SequenceNumber="38">
          <StopPointRef>2800S46001C</StopPointRef>
          <TimingStatus>otherPoint</TimingStatus>
        </To>
        <RouteLinkRef>rl_0001_37</RouteLinkRef>
        <RunTime>PT0S</RunTime>
      </JourneyPatternTimingLink>
      <JourneyPatternTimingLink id="jptl_66">
        <From SequenceNumber="38">
          <StopPointRef>2800S46001C</StopPointRef>
          <TimingStatus>otherPoint</TimingStatus>
        </From>
        <To SequenceNumber="39">
          <StopPointRef>2800S46001B</StopPointRef>
          <TimingStatus>principalTimingPoint</TimingStatus>
        </To>
        <RouteLinkRef>rl_0001_38</RouteLinkRef>
        <RunTime>PT1M</RunTime>
      </JourneyPatternTimingLink>
      <JourneyPatternTimingLink id="jptl_67">
        <From SequenceNumber="39">
          <StopPointRef>2800S46001B</StopPointRef>
          <TimingStatus>principalTimingPoint</TimingStatus>
        </From>
        <To SequenceNumber="40">
          <StopPointRef>2800S40037E</StopPointRef>
          <TimingStatus>otherPoint</TimingStatus>
        </To>
        <RouteLinkRef>rl_0001_39</RouteLinkRef>
        <RunTime>PT1M</RunTime>
      </JourneyPatternTimingLink>
      <JourneyPatternTimingLink id="jptl_68">
        <From SequenceNumber="40">
          <StopPointRef>2800S40037E</StopPointRef>
          <TimingStatus>otherPoint</TimingStatus>
        </From>
        <To SequenceNumber="41">
          <StopPointRef>2800S40036A</StopPointRef>
          <TimingStatus>otherPoint</TimingStatus>
        </To>
        <RouteLinkRef>rl_0001_40</RouteLinkRef>
        <RunTime>PT2M</RunTime>
      </JourneyPatternTimingLink>
      <JourneyPatternTimingLink id="jptl_69">
        <From SequenceNumber="41">
          <StopPointRef>2800S40036A</StopPointRef>
          <TimingStatus>otherPoint</TimingStatus>
        </From>
        <To SequenceNumber="42">
          <StopPointRef>2800S40035A</StopPointRef>
          <TimingStatus>otherPoint</TimingStatus>
        </To>
        <RouteLinkRef>rl_0001_41</RouteLinkRef>
        <RunTime>PT1M</RunTime>
      </JourneyPatternTimingLink>
      <JourneyPatternTimingLink id="jptl_70">
        <From SequenceNumber="42">
          <StopPointRef>2800S40035A</StopPointRef>
          <TimingStatus>otherPoint</TimingStatus>
        </From>
        <To SequenceNumber="43">
          <StopPointRef>2800S40034A</StopPointRef>
          <TimingStatus>otherPoint</TimingStatus>
        </To>
        <RouteLinkRef>rl_0001_42</RouteLinkRef>
        <RunTime>PT1M</RunTime>
      </JourneyPatternTimingLink>
      <JourneyPatternTimingLink id="jptl_71">
        <From SequenceNumber="43">
          <StopPointRef>2800S40034A</StopPointRef>
          <TimingStatus>otherPoint</TimingStatus>
        </From>
        <To SequenceNumber="44">
          <StopPointRef>2800S40033C</StopPointRef>
          <TimingStatus>otherPoint</TimingStatus>
        </To>
        <RouteLinkRef>rl_0001_43</RouteLinkRef>
        <RunTime>PT1M</RunTime>
      </JourneyPatternTimingLink>
      <JourneyPatternTimingLink id="jptl_72">
        <From SequenceNumber="44">
          <StopPointRef>2800S40033C</StopPointRef>
          <TimingStatus>otherPoint</TimingStatus>
        </From>
        <To SequenceNumber="45">
          <StopPointRef>2800S40032B</StopPointRef>
          <TimingStatus>otherPoint</TimingStatus>
        </To>
        <RouteLinkRef>rl_0001_44</RouteLinkRef>
        <RunTime>PT1M</RunTime>
      </JourneyPatternTimingLink>
      <JourneyPatternTimingLink id="jptl_73">
        <From SequenceNumber="45">
          <StopPointRef>2800S40032B</StopPointRef>
          <TimingStatus>otherPoint</TimingStatus>
        </From>
        <To SequenceNumber="46">
          <StopPointRef>2800S40031B</StopPointRef>
          <TimingStatus>otherPoint</TimingStatus>
        </To>
        <RouteLinkRef>rl_0001_45</RouteLinkRef>
        <RunTime>PT1M</RunTime>
      </JourneyPatternTimingLink>
      <JourneyPatternTimingLink id="jptl_74">
        <From SequenceNumber="46">
          <StopPointRef>2800S40031B</StopPointRef>
          <TimingStatus>otherPoint</TimingStatus>
        </From>
        <To SequenceNumber="47">
          <StopPointRef>2800S40030A</StopPointRef>
          <TimingStatus>otherPoint</TimingStatus>
        </To>
        <RouteLinkRef>rl_0001_46</RouteLinkRef>
        <RunTime>PT1M</RunTime>
      </JourneyPatternTimingLink>
      <JourneyPatternTimingLink id="jptl_75">
        <From SequenceNumber="47">
          <StopPointRef>2800S40030A</StopPointRef>
          <TimingStatus>otherPoint</TimingStatus>
        </From>
        <To SequenceNumber="48">
          <StopPointRef>2800S40029A</StopPointRef>
          <TimingStatus>otherPoint</TimingStatus>
        </To>
        <RouteLinkRef>rl_0001_47</RouteLinkRef>
        <RunTime>PT1M</RunTime>
      </JourneyPatternTimingLink>
      <JourneyPatternTimingLink id="jptl_76">
        <From SequenceNumber="48">
          <StopPointRef>2800S40029A</StopPointRef>
          <TimingStatus>otherPoint</TimingStatus>
        </From>
        <To SequenceNumber="49">
          <StopPointRef>2800S40028D</StopPointRef>
          <TimingStatus>otherPoint</TimingStatus>
        </To>
        <RouteLinkRef>rl_0001_48</RouteLinkRef>
        <RunTime>PT0S</RunTime>
      </JourneyPatternTimingLink>
      <JourneyPatternTimingLink id="jptl_77">
        <From SequenceNumber="49">
          <StopPointRef>2800S40028D</StopPointRef>
          <TimingStatus>otherPoint</TimingStatus>
        </From>
        <To SequenceNumber="50">
          <StopPointRef>2800S40027A</StopPointRef>
          <TimingStatus>otherPoint</TimingStatus>
        </To>
        <RouteLinkRef>rl_0001_49</RouteLinkRef>
        <RunTime>PT2M</RunTime>
      </JourneyPatternTimingLink>
      <JourneyPatternTimingLink id="jptl_78">
        <From SequenceNumber="50">
          <StopPointRef>2800S40027A</StopPointRef>
          <TimingStatus>otherPoint</TimingStatus>
        </From>
        <To SequenceNumber="51">
          <StopPointRef>2800S40020D</StopPointRef>
          <TimingStatus>otherPoint</TimingStatus>
        </To>
        <RouteLinkRef>rl_0001_50</RouteLinkRef>
        <RunTime>PT0S</RunTime>
      </JourneyPatternTimingLink>
      <JourneyPatternTimingLink id="jptl_79">
        <From SequenceNumber="51">
          <StopPointRef>2800S40020D</StopPointRef>
          <TimingStatus>otherPoint</TimingStatus>
        </From>
        <To SequenceNumber="52">
          <StopPointRef>2800S41023A</StopPointRef>
          <TimingStatus>principalTimingPoint</TimingStatus>
        </To>
        <RouteLinkRef>rl_0001_51</RouteLinkRef>
        <RunTime>PT2M</RunTime>
      </JourneyPatternTimingLink>
      <JourneyPatternTimingLink id="jptl_80">
        <From SequenceNumber="52">
          <StopPointRef>2800S41023A</StopPointRef>
          <TimingStatus>principalTimingPoint</TimingStatus>
        </From>
        <To SequenceNumber="53">
          <StopPointRef>2800S42016A</StopPointRef>
          <TimingStatus>otherPoint</TimingStatus>
        </To>
        <RouteLinkRef>rl_0001_52</RouteLinkRef>
        <RunTime>PT1M</RunTime>
      </JourneyPatternTimingLink>
      <JourneyPatternTimingLink id="jptl_81">
        <From SequenceNumber="53">
          <StopPointRef>2800S42016A</StopPointRef>
          <TimingStatus>otherPoint</TimingStatus>
        </From>
        <To SequenceNumber="54">
          <StopPointRef>2800S42015C</StopPointRef>
          <TimingStatus>otherPoint</TimingStatus>
        </To>
        <RouteLinkRef>rl_0001_53</RouteLinkRef>
        <RunTime>PT2M</RunTime>
      </JourneyPatternTimingLink>
      <JourneyPatternTimingLink id="jptl_82">
        <From SequenceNumber="54">
          <StopPointRef>2800S42015C</StopPointRef>
          <TimingStatus>otherPoint</TimingStatus>
        </From>
        <To SequenceNumber="55">
          <Activity>setDown</Activity>
          <StopPointRef>2800S42023J</StopPointRef>
          <TimingStatus>principalTimingPoint</TimingStatus>
        </To>
        <RouteLinkRef>rl_0001_54</RouteLinkRef>
        <RunTime>PT3M</RunTime>
      </JourneyPatternTimingLink>
    </JourneyPatternSection>
  </JourneyPatternSections>
  <Operators>
    <Operator id="tkt_oid">
      <NationalOperatorCode>AMSY</NationalOperatorCode>
      <OperatorCode>ANW</OperatorCode>
      <OperatorShortName>Arriva Merseyside</OperatorShortName>
      <LicenceNumber>PC0001141</LicenceNumber>
    </Operator>
  </Operators>
  <Services>
    <Service>
      <ServiceCode>PC0001141:242</ServiceCode>
      <Lines>
        <Line id="AMSY:PC0001141:242:14">
          <LineName>14</LineName>
          <OutboundDescription>
            <Description>Liverpool to Croxteth, Willow Way or Kirkby</Description>
          </OutboundDescription>
          <InboundDescription>
            <Description>Croxteth, Willow Way or Kirkby to Liverpool</Description>
          </InboundDescription>
        </Line>
      </Lines>
      <OperatingPeriod>
        <StartDate>2024-01-02</StartDate>
      </OperatingPeriod>
      <OperatingProfile>
        <RegularDayType>
          <DaysOfWeek>
            <Saturday />
          </DaysOfWeek>
        </RegularDayType>
        <BankHolidayOperation>
          <DaysOfNonOperation>
            <ChristmasDay />
            <BoxingDay />
            <GoodFriday />
            <NewYearsDay />
            <LateSummerBankHolidayNotScotland />
            <MayDay />
            <EasterMonday />
            <SpringBank />
            <ChristmasDayHoliday />
            <BoxingDayHoliday />
            <NewYearsDayHoliday />
            <ChristmasEve />
            <NewYearsEve />
          </DaysOfNonOperation>
        </BankHolidayOperation>
      </OperatingProfile>
      <RegisteredOperatorRef>tkt_oid</RegisteredOperatorRef>
      <PublicUse>true</PublicUse>
      <StandardService>
        <Origin>Liverpool</Origin>
        <Destination>Croxteth, Willow Way or Kirkby</Destination>
        <JourneyPattern id="jp_1">
          <DestinationDisplay>Queen Square Bus Station</DestinationDisplay>
          <OperatorRef>tkt_oid</OperatorRef>
          <Direction>inbound</Direction>
          <RouteRef>rt_0000</RouteRef>
          <JourneyPatternSectionRefs>js_1</JourneyPatternSectionRefs>
        </JourneyPattern>
        <JourneyPattern id="jp_2">
          <DestinationDisplay>Queen Square Bus Station</DestinationDisplay>
          <OperatorRef>tkt_oid</OperatorRef>
          <Direction>inbound</Direction>
          <RouteRef>rt_0001</RouteRef>
          <JourneyPatternSectionRefs>js_2</JourneyPatternSectionRefs>
        </JourneyPattern>
      </StandardService>
    </Service>
  </Services>
  <VehicleJourneys>
    <VehicleJourney>
      <OperatorRef>tkt_oid</OperatorRef>
      <Operational>
        <TicketMachine>
          <JourneyCode>2002</JourneyCode>
        </TicketMachine>
      </Operational>
      <VehicleJourneyCode>vj_1</VehicleJourneyCode>
      <ServiceRef>PC0001141:242</ServiceRef>
      <LineRef>AMSY:PC0001141:242:14</LineRef>
      <JourneyPatternRef>jp_1</JourneyPatternRef>
      <DepartureTime>05:52:00</DepartureTime>
    </VehicleJourney>
    <VehicleJourney>
      <OperatorRef>tkt_oid</OperatorRef>
      <Operational>
        <TicketMachine>
          <JourneyCode>2006</JourneyCode>
        </TicketMachine>
      </Operational>
      <VehicleJourneyCode>vj_2</VehicleJourneyCode>
      <ServiceRef>PC0001141:242</ServiceRef>
      <LineRef>AMSY:PC0001141:242:14</LineRef>
      <JourneyPatternRef>jp_1</JourneyPatternRef>
      <DepartureTime>06:22:00</DepartureTime>
    </VehicleJourney>
    <VehicleJourney>
      <OperatorRef>tkt_oid</OperatorRef>
      <Operational>
        <TicketMachine>
          <JourneyCode>2010</JourneyCode>
        </TicketMachine>
      </Operational>
      <VehicleJourneyCode>vj_3</VehicleJourneyCode>
      <ServiceRef>PC0001141:242</ServiceRef>
      <LineRef>AMSY:PC0001141:242:14</LineRef>
      <JourneyPatternRef>jp_2</JourneyPatternRef>
      <DepartureTime>06:30:00</DepartureTime>
    </VehicleJourney>
  </VehicleJourneys>
</TransXChange>