<?xml version="1.0" encoding="utf-8"?>
<TransXChange xmlns:xsi="http://www.w3.org/2001/XMLSchema-instance" SchemaVersion="2.4" CreationDateTime="2024-07-15T08:53:39" ModificationDateTime="2024-07-25T10:49:20" Modification="revise" RevisionNumber="2" FileName="AMSY_32C_AMSYPC00011412032_20240721_-_1894532.xml" xmlns="http://www.transxchange.org.uk/">
  <StopPoints>
    <AnnotatedStopPointRef>
      <StopPointRef>2800S15036A</StopPointRef>
      <CommonName>Loughrigg Avenue</CommonName>
      <Location>
        <Longitude>-2.726544</Longitude>
        <Latitude>53.478961</Latitude>
      </Location>
    </AnnotatedStopPointRef>
    <AnnotatedStopPointRef>
      <StopPointRef>2800S15037B</StopPointRef>
      <CommonName>Ambleside Place</CommonName>
      <Location>
        <Longitude>-2.726249</Longitude>
        <Latitude>53.477587</Latitude>
      </Location>
    </AnnotatedStopPointRef>
    <AnnotatedStopPointRef>
      <StopPointRef>2800S15040C</StopPointRef>
      <CommonName>Ennerdale Avenue</CommonName>
      <Location>
        <Longitude>-2.728203</Longitude>
        <Latitude>53.476389</Latitude>
      </Location>
    </AnnotatedStopPointRef>
    <AnnotatedStopPointRef>
      <StopPointRef>2800S15039B</StopPointRef>
      <CommonName>Eskdale Avenue</CommonName>
      <Location>
        <Longitude>-2.725388</Longitude>
        <Latitude>53.474806</Latitude>
      </Location>
    </AnnotatedStopPointRef>
    <AnnotatedStopPointRef>
      <StopPointRef>2800S15038A</StopPointRef>
      <CommonName>Hawes Avenue</CommonName>
      <Location>
        <Longitude>-2.724803</Longitude>
        <Latitude>53.473156</Latitude>
      </Location>
    </AnnotatedStopPointRef>
    <AnnotatedStopPointRef>
      <StopPointRef>2800S15078A</StopPointRef>
      <CommonName>Honister Avenue</CommonName>
      <Location>
        <Longitude>-2.723995</Longitude>
        <Latitude>53.474401</Latitude>
      </Location>
    </AnnotatedStopPointRef>
    <AnnotatedStopPointRef>
      <StopPointRef>2800S15039A</StopPointRef>
      <CommonName>Wasdale Avenue</CommonName>
      <Location>
        <Longitude>-2.726058</Longitude>
        <Latitude>53.475207</Latitude>
      </Location>
    </AnnotatedStopPointRef>
    <AnnotatedStopPointRef>
      <StopPointRef>2800S15040B</StopPointRef>
      <CommonName>Windermere Avenue</CommonName>
      <Location>
        <Longitude>-2.728002</Longitude>
        <Latitude>53.476085</Latitude>
      </Location>
    </AnnotatedStopPointRef>
    <AnnotatedStopPointRef>
      <StopPointRef>2800S15041C</StopPointRef>
      <CommonName>Ennerdale Avenue</CommonName>
      <Location>
        <Longitude>-2.730529</Longitude>
        <Latitude>53.474964</Latitude>
      </Location>
    </AnnotatedStopPointRef>
    <AnnotatedStopPointRef>
      <StopPointRef>2800S15042B</StopPointRef>
      <CommonName>Lorton Avenue</CommonName>
      <Location>
        <Longitude>-2.734313</Longitude>
        <Latitude>53.473367</Latitude>
      </Location>
    </AnnotatedStopPointRef>
    <AnnotatedStopPointRef>
      <StopPointRef>2800S15043A</StopPointRef>
      <CommonName>Bassenthwaite Avenue</CommonName>
      <Location>
        <Longitude>-2.737364</Longitude>
        <Latitude>53.474652</Latitude>
      </Location>
    </AnnotatedStopPointRef>
    <AnnotatedStopPointRef>
      <StopPointRef>2800S15044B</StopPointRef>
      <CommonName>Moss Bank Road</CommonName>
      <Location>
        <Longitude>-2.739810</Longitude>
        <Latitude>53.474089</Latitude>
      </Location>
    </AnnotatedStopPointRef>
    <AnnotatedStopPointRef>
      <StopPointRef>2800S15046C</StopPointRef>
      <CommonName>The Brooks</CommonName>
      <Location>
        <Longitude>-2.733795</Longitude>
        <Latitude>53.469523</Latitude>
      </Location>
    </AnnotatedStopPointRef>
    <AnnotatedStopPointRef>
      <StopPointRef>2800S15047B</StopPointRef>
      <CommonName>Hard Lane</CommonName>
      <Location>
        <Longitude>-2.742518</Longitude>
        <Latitude>53.468696</Latitude>
      </Location>
    </AnnotatedStopPointRef>
    <AnnotatedStopPointRef>
      <StopPointRef>2800S15045B</StopPointRef>
      <CommonName>Rivington Avenue</CommonName>
      <Location>
        <Longitude>-2.742789</Longitude>
        <Latitude>53.466978</Latitude>
      </Location>
    </AnnotatedStopPointRef>
    <AnnotatedStopPointRef>
      <StopPointRef>2800S15048C</StopPointRef>
      <CommonName>Bishop Road</CommonName>
      <Location>
        <Longitude>-2.742443</Longitude>
        <Latitude>53.465254</Latitude>
      </Location>
    </AnnotatedStopPointRef>
    <AnnotatedStopPointRef>
      <StopPointRef>2800S15122A</StopPointRef>
      <CommonName>Mansion House</CommonName>
      <Location>
        <Longitude>-2.741802</Longitude>
        <Latitude>53.463937</Latitude>
      </Location>
    </AnnotatedStopPointRef>
    <AnnotatedStopPointRef>
      <StopPointRef>2800S15049B</StopPointRef>
      <CommonName>Rutland Street</CommonName>
      <Location>
        <Longitude>-2.741024</Longitude>
        <Latitude>53.461668</Latitude>
      </Location>
    </AnnotatedStopPointRef>
    <AnnotatedStopPointRef>
      <StopPointRef>2800S16026A</StopPointRef>
      <CommonName>Windle Street</CommonName>
      <Location>
        <Longitude>-2.740592</Longitude>
        <Latitude>53.460160</Latitude>
      </Location>
    </AnnotatedStopPointRef>
    <AnnotatedStopPointRef>
      <StopPointRef>2800S16027B</StopPointRef>
      <CommonName>Mill Street</CommonName>
      <Location>
        <Longitude>-2.739652</Longitude>
        <Latitude>53.457254</Latitude>
      </Location>
    </AnnotatedStopPointRef>
    <AnnotatedStopPointRef>
      <StopPointRef>2800S16007B</StopPointRef>
      <CommonName>Baldwin Street</CommonName>
      <Location>
        <Longitude>-2.738649</Longitude>
        <Latitude>53.454105</Latitude>
      </Location>
    </AnnotatedStopPointRef>
    <AnnotatedStopPointRef>
      <StopPointRef>2800S16022A</StopPointRef>
      <CommonName>Hall Street</CommonName>
      <Location>
        <Longitude>-2.733035</Longitude>
        <Latitude>53.452539</Latitude>
      </Location>
    </AnnotatedStopPointRef>
    <AnnotatedStopPointRef>
      <StopPointRef>2800S16001S</StopPointRef>
      <CommonName>St Helens Bus Station</CommonName>
      <Location>
        <Longitude>-2.733200</Longitude>
        <Latitude>53.453356</Latitude>
      </Location>
    </AnnotatedStopPointRef>
  </StopPoints>
  <RouteSections>
    <RouteSection id="rsf_0000">
      <RouteLink id="rl_0000_1">
        <From>
          <StopPointRef>2800S16001S</StopPointRef>
        </From>
        <To>
          <StopPointRef>2800S16007B</StopPointRef>
        </To>
      </RouteLink>
      <RouteLink id="rl_0000_2">
        <From>
          <StopPointRef>2800S16007B</StopPointRef>
        </From>
        <To>
          <StopPointRef>2800S16027B</StopPointRef>
        </To>
      </RouteLink>
      <RouteLink id="rl_0000_3">
        <From>
          <StopPointRef>2800S16027B</StopPointRef>
        </From>
        <To>
          <StopPointRef>2800S16026A</StopPointRef>
        </To>
      </RouteLink>
      <RouteLink id="rl_0000_4">
        <From>
          <StopPointRef>2800S16026A</StopPointRef>
        </From>
        <To>
          <StopPointRef>2800S15049B</StopPointRef>
        </To>
      </RouteLink>
      <RouteLink id="rl_0000_5">
        <From>
          <StopPointRef>2800S15049B</StopPointRef>
        </From>
        <To>
          <StopPointRef>2800S15122A</StopPointRef>
        </To>
      </RouteLink>
      <RouteLink id="rl_0000_6">
        <From>
          <StopPointRef>2800S15122A</StopPointRef>
        </From>
        <To>
          <StopPointRef>2800S15048C</StopPointRef>
        </To>
      </RouteLink>
      <RouteLink id="rl_0000_7">
        <From>
          <StopPointRef>2800S15048C</StopPointRef>
        </From>
        <To>
          <StopPointRef>2800S15045B</StopPointRef>
        </To>
      </RouteLink>
      <RouteLink id="rl_0000_8">
        <From>
          <StopPointRef>2800S15045B</StopPointRef>
        </From>
        <To>
          <StopPointRef>2800S15047B</StopPointRef>
        </To>
      </RouteLink>
      <RouteLink id="rl_0000_9">
        <From>
          <StopPointRef>2800S15047B</StopPointRef>
        </From>
        <To>
          <StopPointRef>2800S15046C</StopPointRef>
        </To>
      </RouteLink>
      <RouteLink id="rl_0000_10">
        <From>
          <StopPointRef>2800S15046C</StopPointRef>
        </From>
        <To>
          <StopPointRef>2800S15044B</StopPointRef>
        </To>
      </RouteLink>
      <RouteLink id="rl_0000_11">
        <From>
          <StopPointRef>2800S15044B</StopPointRef>
        </From>
        <To>
          <StopPointRef>2800S15043A</StopPointRef>
        </To>
      </RouteLink>
      <RouteLink id="rl_0000_12">
        <From>
          <StopPointRef>2800S15043A</StopPointRef>
        </From>
        <To>
          <StopPointRef>2800S15042B</StopPointRef>
        </To>
      </RouteLink>
      <RouteLink id="rl_0000_13">
        <From>
          <StopPointRef>2800S15042B</StopPointRef>
        </From>
        <To>
          <StopPointRef>2800S15041C</StopPointRef>
        </To>
      </RouteLink>
      <RouteLink id="rl_0000_14">
        <From>
          <StopPointRef>2800S15041C</StopPointRef>
        </From>
        <To>
          <StopPointRef>2800S15040B</StopPointRef>
        </To>
      </RouteLink>
      <RouteLink id="rl_0000_15">
        <From>
          <StopPointRef>2800S15040B</StopPointRef>
        </From>
        <To>
          <StopPointRef>2800S15039A</StopPointRef>
        </To>
      </RouteLink>
      <RouteLink id="rl_0000_16">
        <From>
          <StopPointRef>2800S15039A</StopPointRef>
        </From>
        <To>
          <StopPointRef>2800S15078A</StopPointRef>
        </To>
      </RouteLink>
      <RouteLink id="rl_0000_17">
        <From>
          <StopPointRef>2800S15078A</StopPointRef>
        </From>
        <To>
          <StopPointRef>2800S15038A</StopPointRef>
        </To>
      </RouteLink>
      <RouteLink id="rl_0000_18">
        <From>
          <StopPointRef>2800S15038A</StopPointRef>
        </From>
        <To>
          <StopPointRef>2800S15039B</StopPointRef>
        </To>
      </RouteLink>
      <RouteLink id="rl_0000_19">
        <From>
          <StopPointRef>2800S15039B</StopPointRef>
        </From>
        <To>
          <StopPointRef>2800S15040C</StopPointRef>
        </To>
      </RouteLink>
      <RouteLink id="rl_0000_20">
        <From>
          <StopPointRef>2800S15040C</StopPointRef>
        </From>
        <To>
          <StopPointRef>2800S15037B</StopPointRef>
        </To>
      </RouteLink>
      <RouteLink id="rl_0000_21">
        <From>
          <StopPointRef>2800S15037B</StopPointRef>
        </From>
        <To>
          <StopPointRef>2800S15036A</StopPointRef>
        </To>
      </RouteLink>
    </RouteSection>
  </RouteSections>
  <Routes>
    <Route id="rt_0000">
      <Description>No route description available</Description>
      <RouteSectionRef>rsf_0000</RouteSectionRef>
    </Route>
  </Routes>
  <JourneyPatternSections>
    <JourneyPatternSection id="js_1">
      <JourneyPatternTimingLink id="jptl_1">
        <From SequenceNumber="1">
          <Activity>pickUp</Activity>
          <StopPointRef>2800S16001S</StopPointRef>
          <TimingStatus>principalTimingPoint</TimingStatus>
        </From>
        <To SequenceNumber="2">
          <StopPointRef>2800S16007B</StopPointRef>
          <TimingStatus>principalTimingPoint</TimingStatus>
        </To>
        <RouteLinkRef>rl_0000_1</RouteLinkRef>
        <RunTime>PT3M</RunTime>
      </JourneyPatternTimingLink>
      <JourneyPatternTimingLink id="jptl_2">
        <From SequenceNumber="2">
          <StopPointRef>2800S16007B</StopPointRef>
          <TimingStatus>principalTimingPoint</TimingStatus>
        </From>
        <To SequenceNumber="3">
          <StopPointRef>2800S16027B</StopPointRef>
          <TimingStatus>otherPoint</TimingStatus>
        </To>
        <RouteLinkRef>rl_0000_2</RouteLinkRef>
        <RunTime>PT1M</RunTime>
      </JourneyPatternTimingLink>
      <JourneyPatternTimingLink id="jptl_3">
        <From SequenceNumber="3">
          <StopPointRef>2800S16027B</StopPointRef>
          <TimingStatus>otherPoint</TimingStatus>
        </From>
        <To SequenceNumber="4">
          <StopPointRef>2800S16026A</StopPointRef>
          <TimingStatus>otherPoint</TimingStatus>
        </To>
        <RouteLinkRef>rl_0000_3</RouteLinkRef>
        <RunTime>PT1M</RunTime>
      </JourneyPatternTimingLink>
      <JourneyPatternTimingLink id="jptl_4">
        <From SequenceNumber="4">
          <StopPointRef>2800S16026A</StopPointRef>
          <TimingStatus>otherPoint</TimingStatus>
        </From>
        <To SequenceNumber="5">
          <StopPointRef>2800S15049B</StopPointRef>
          <TimingStatus>otherPoint</TimingStatus>
        </To>
        <RouteLinkRef>rl_0000_4</RouteLinkRef>
        <RunTime>PT0S</RunTime>
      </JourneyPatternTimingLink>
      <JourneyPatternTimingLink id="jptl_5">
        <From SequenceNumber="5">
          <StopPointRef>2800S15049B</StopPointRef>
          <TimingStatus>otherPoint</TimingStatus>
        </From>
        <To SequenceNumber="6">
          <StopPointRef>2800S15122A</StopPointRef>
          <TimingStatus>otherPoint</TimingStatus>
        </To>
        <RouteLinkRef>rl_0000_5</RouteLinkRef>
        <RunTime>PT1M</RunTime>
      </JourneyPatternTimingLink>
      <JourneyPatternTimingLink id="jptl_6">
        <From SequenceNumber="6">
          <StopPointRef>2800S15122A</StopPointRef>
          <TimingStatus>otherPoint</TimingStatus>
        </From>
        <To SequenceNumber="7">
          <StopPointRef>2800S15048C</StopPointRef>
          <TimingStatus>otherPoint</TimingStatus>
        </To>
        <RouteLinkRef>rl_0000_6</RouteLinkRef>
        <RunTime>PT0S</RunTime>
      </JourneyPatternTimingLink>
      <JourneyPatternTimingLink id="jptl_7">
        <From SequenceNumber="7">
          <StopPointRef>2800S15048C</StopPointRef>
          <TimingStatus>otherPoint</TimingStatus>
        </From>
        <To SequenceNumber="8">
          <StopPointRef>2800S15045B</StopPointRef>
          <TimingStatus>otherPoint</TimingStatus>
        </To>
        <RouteLinkRef>rl_0000_7</RouteLinkRef>
        <RunTime>PT1M</RunTime>
      </JourneyPatternTimingLink>
      <JourneyPatternTimingLink id="jptl_8">
        <From SequenceNumber="8">
          <StopPointRef>2800S15045B</StopPointRef>
          <TimingStatus>otherPoint</TimingStatus>
        </From>
        <To SequenceNumber="9">
          <StopPointRef>2800S15047B</StopPointRef>
          <TimingStatus>otherPoint</TimingStatus>
        </To>
        <RouteLinkRef>rl_0000_8</RouteLinkRef>
        <RunTime>PT0S</RunTime>
      </JourneyPatternTimingLink>
      <JourneyPatternTimingLink id="jptl_9">
        <From SequenceNumber="9">
          <StopPointRef>2800S15047B</StopPointRef>
          <TimingStatus>otherPoint</TimingStatus>
        </From>
        <To SequenceNumber="10">
          <StopPointRef>2800S15046C</StopPointRef>
          <TimingStatus>otherPoint</TimingStatus>
        </To>
        <RouteLinkRef>rl_0000_9</RouteLinkRef>
        <RunTime>PT2M</RunTime>
      </JourneyPatternTimingLink>
      <JourneyPatternTimingLink id="jptl_10">
        <From SequenceNumber="10">
          <StopPointRef>2800S15046C</StopPointRef>
          <TimingStatus>otherPoint</TimingStatus>
        </From>
        <To SequenceNumber="11">
          <StopPointRef>2800S15044B</StopPointRef>
          <TimingStatus>otherPoint</TimingStatus>
        </To>
        <RouteLinkRef>rl_0000_10</RouteLinkRef>
        <RunTime>PT2M</RunTime>
      </JourneyPatternTimingLink>
      <JourneyPatternTimingLink id="jptl_11">
        <From SequenceNumber="11">
          <StopPointRef>2800S15044B</StopPointRef>
          <TimingStatus>otherPoint</TimingStatus>
        </From>
        <To SequenceNumber="12">
          <StopPointRef>2800S15043A</StopPointRef>
          <TimingStatus>otherPoint</TimingStatus>
        </To>
        <RouteLinkRef>rl_0000_11</RouteLinkRef>
        <RunTime>PT1M</RunTime>
      </JourneyPatternTimingLink>
      <JourneyPatternTimingLink id="jptl_12">
        <From SequenceNumber="12">
          <StopPointRef>2800S15043A</StopPointRef>
          <TimingStatus>otherPoint</TimingStatus>
        </From>
        <To SequenceNumber="13">
          <StopPointRef>2800S15042B</StopPointRef>
          <TimingStatus>otherPoint</TimingStatus>
        </To>
        <RouteLinkRef>rl_0000_12</RouteLinkRef>
        <RunTime>PT0S</RunTime>
      </JourneyPatternTimingLink>
      <JourneyPatternTimingLink id="jptl_13">
        <From SequenceNumber="13">
          <StopPointRef>2800S15042B</StopPointRef>
          <TimingStatus>otherPoint</TimingStatus>
        </From>
        <To SequenceNumber="14">
          <StopPointRef>2800S15041C</StopPointRef>
          <TimingStatus>otherPoint</TimingStatus>
        </To>
        <RouteLinkRef>rl_0000_13</RouteLinkRef>
        <RunTime>PT1M</RunTime>
      </JourneyPatternTimingLink>
      <JourneyPatternTimingLink id="jptl_14">
        <From SequenceNumber="14">
          <StopPointRef>2800S15041C</StopPointRef>
          <TimingStatus>otherPoint</TimingStatus>
        </From>
        <To SequenceNumber="15">
          <StopPointRef>2800S15040B</StopPointRef>
          <TimingStatus>otherPoint</TimingStatus>
        </To>
        <RouteLinkRef>rl_0000_14</RouteLinkRef>
        <RunTime>PT1M</RunTime>
      </JourneyPatternTimingLink>
      <JourneyPatternTimingLink id="jptl_15">
        <From SequenceNumber="15">
          <StopPointRef>2800S15040B</StopPointRef>
          <TimingStatus>otherPoint</TimingStatus>
        </From>
        <To SequenceNumber="16">
          <StopPointRef>2800S15039A</StopPointRef>
          <TimingStatus>otherPoint</TimingStatus>
        </To>
        <RouteLinkRef>rl_0000_15</RouteLinkRef>
        <RunTime>PT0S</RunTime>
      </JourneyPatternTimingLink>
      <JourneyPatternTimingLink id="jptl_16">
        <From SequenceNumber="16">
          <StopPointRef>2800S15039A</StopPointRef>
          <TimingStatus>otherPoint</TimingStatus>
        </From>
        <To SequenceNumber="17">
          <StopPointRef>2800S15078A</StopPointRef>
          <TimingStatus>otherPoint</TimingStatus>
        </To>
        <RouteLinkRef>rl_0000_16</RouteLinkRef>
        <RunTime>PT0S</RunTime>
      </JourneyPatternTimingLink>
      <JourneyPatternTimingLink id="jptl_17">
        <From SequenceNumber="17">
          <StopPointRef>2800S15078A</StopPointRef>
          <TimingStatus>otherPoint</TimingStatus>
        </From>
        <To SequenceNumber="18">
          <StopPointRef>2800S15038A</StopPointRef>
          <TimingStatus>principalTimingPoint</TimingStatus>
        </To>
        <RouteLinkRef>rl_0000_17</RouteLinkRef>
        <RunTime>PT1M</RunTime>
      </JourneyPatternTimingLink>
      <JourneyPatternTimingLink id="jptl_18">
        <From SequenceNumber="18">
          <StopPointRef>2800S15038A</StopPointRef>
          <TimingStatus>principalTimingPoint</TimingStatus>
        </From>
        <To SequenceNumber="19">
          <StopPointRef>2800S15039B</StopPointRef>
          <TimingStatus>otherPoint</TimingStatus>
        </To>
        <RouteLinkRef>rl_0000_18</RouteLinkRef>
        <RunTime>PT1M</RunTime>
      </JourneyPatternTimingLink>
      <JourneyPatternTimingLink id="jptl_19">
        <From SequenceNumber="19">
          <StopPointRef>2800S15039B</StopPointRef>
          <TimingStatus>otherPoint</TimingStatus>
        </From>
        <To SequenceNumber="20">
          <StopPointRef>2800S15040C</StopPointRef>
          <TimingStatus>otherPoint</TimingStatus>
        </To>
        <RouteLinkRef>rl_0000_19</RouteLinkRef>
        <RunTime>PT1M</RunTime>
      </JourneyPatternTimingLink>
      <JourneyPatternTimingLink id="jptl_20">
        <From SequenceNumber="20">
          <StopPointRef>2800S15040C</StopPointRef>
          <TimingStatus>otherPoint</TimingStatus>
        </From>
        <To SequenceNumber="21">
          <StopPointRef>2800S15037B</StopPointRef>
          <TimingStatus>otherPoint</TimingStatus>
        </To>
        <RouteLinkRef>rl_0000_20</RouteLinkRef>
        <RunTime>PT1M</RunTime>
      </JourneyPatternTimingLink>
      <JourneyPatternTimingLink id="jptl_21">
        <From SequenceNumber="21">
          <StopPointRef>2800S15037B</StopPointRef>
          <TimingStatus>otherPoint</TimingStatus>
        </From>
        <To SequenceNumber="22">
          <Activity>setDown</Activity>
          <StopPointRef>2800S15036A</StopPointRef>
          <TimingStatus>principalTimingPoint</TimingStatus>
        </To>
        <RouteLinkRef>rl_0000_21</RouteLinkRef>
        <RunTime>PT1M</RunTime>
      </JourneyPatternTimingLink>
    </JourneyPatternSection>
  </JourneyPatternSections>
  <Operators>
    <Operator id="tkt_oid">
      <NationalOperatorCode>AMSY</NationalOperatorCode>
      <OperatorCode>ANW</OperatorCode>
      <OperatorShortName>Arriva Merseyside</OperatorShortName>
      <LicenceNumber>PC0001141</LicenceNumber>
    </Operator>
  </Operators>
  <Services>
    <Service>
      <ServiceCode>PC0001141:20</ServiceCode>
      <Lines>
        <Line id="AMSY:PC0001141:20:32">
          <LineName>32</LineName>
          <OutboundDescription>
            <Description>Clinkham Wood to Sutton Manor and Clock Face</Description>
          </OutboundDescription>
          <InboundDescription>
            <Description>Sutton Manor and Clock Face to Clinkham Wood</Description>
          </InboundDescription>
        </Line>
      </Lines>
      <OperatingPeriod>
        <StartDate>2024-07-21</StartDate>
      </OperatingPeriod>
      <OperatingProfile>
        <RegularDayType>
          <DaysOfWeek>
            <Sunday />
          </DaysOfWeek>
        </RegularDayType>
        <BankHolidayOperation>
          <DaysOfOperation>
            <GoodFriday />
            <LateSummerBankHolidayNotScotland />
            <MayDay />
            <EasterMonday />
            <SpringBank />
            <ChristmasDayHoliday />
            <BoxingDayHoliday />
            <NewYearsDayHoliday />
            <OtherPublicHoliday>
              <Description>CoronationOfKingCharlesIII</Description>
              <Date>2023-05-08</Date>
            </OtherPublicHoliday>
          </DaysOfOperation>
          <DaysOfNonOperation>
            <ChristmasDay />
            <BoxingDay />
            <NewYearsDay />
            <ChristmasEve />
            <NewYearsEve />
          </DaysOfNonOperation>
        </BankHolidayOperation>
      </OperatingProfile>
      <RegisteredOperatorRef>tkt_oid</RegisteredOperatorRef>
      <PublicUse>true</PublicUse>
      <StandardService>
        <Origin>Clinkham Wood</Origin>
        <Destination>Sutton Manor and Clock Face</Destination>
        <JourneyPattern id="jp_1">
          <DestinationDisplay>Loughrigg Avenue</DestinationDisplay>
          <OperatorRef>tkt_oid</OperatorRef>
          <Direction>inbound</Direction>
          <RouteRef>rt_0000</RouteRef>
          <JourneyPatternSectionRefs>js_1</JourneyPatternSectionRefs>
        </JourneyPattern>
      </StandardService>
    </Service>
  </Services>
  <VehicleJourneys>
    <VehicleJourney>
      <OperatorRef>tkt_oid</OperatorRef>
      <Operational>
        <TicketMachine>
          <JourneyCode>5002</JourneyCode>
        </TicketMachine>
      </Operational>
      <VehicleJourneyCode>vj_1</VehicleJourneyCode>
      <ServiceRef>PC0001141:20</ServiceRef>
      <LineRef>AMSY:PC0001141:20:32</LineRef>
      <JourneyPatternRef>jp_1</JourneyPatternRef>
      <DepartureTime>06:57:00</DepartureTime>
    </VehicleJourney>
    <VehicleJourney>
      <OperatorRef>tkt_oid</OperatorRef>
      <Operational>
        <TicketMachine>
          <JourneyCode>5004</JourneyCode>
        </TicketMachine>
      </Operational>
      <VehicleJourneyCode>vj_2</VehicleJourneyCode>
      <ServiceRef>PC0001141:20</ServiceRef>
      <LineRef>AMSY:PC0001141:20:32</LineRef>
      <JourneyPatternRef>jp_1</JourneyPatternRef>
      <DepartureTime>07:27:00</DepartureTime>
    </VehicleJourney>
    <VehicleJourney>
      <OperatorRef>tkt_oid</OperatorRef>
      <Operational>
        <TicketMachine>
          <JourneyCode>5006</JourneyCode>
        </TicketMachine>
      </Operational>
      <VehicleJourneyCode>vj_3</VehicleJourneyCode>
      <ServiceRef>PC0001141:20</ServiceRef>
      <LineRef>AMSY:PC0001141:20:32</LineRef>
      <JourneyPatternRef>jp_1</JourneyPatternRef>
      <DepartureTime>07:57:00</DepartureTime>
    </VehicleJourney>
  </VehicleJourneys>
</TransXChange>