<?xml version="1.0" encoding="utf-8"?>
<TransXChange xmlns:xsi="http://www.w3.org/2001/XMLSchema-instance" SchemaVersion="2.4" CreationDateTime="2024-07-15T08:53:40" ModificationDateTime="2024-07-25T10:49:21" Modification="revise" RevisionNumber="2" FileName="AMSY_52E_AMSYPC000114141452E_20240102_-_1767163.xml" xmlns="http://www.transxchange.org.uk/">
  <StopPoints>
    <AnnotatedStopPointRef>
      <StopPointRef>2800S42029C</StopPointRef>
      <CommonName>The Metquarter</CommonName>
      <Location>
        <Longitude>-2.985518</Longitude>
        <Latitude>53.407325</Latitude>
      </Location>
    </AnnotatedStopPointRef>
    <AnnotatedStopPointRef>
      <StopPointRef>2800S42034B</StopPointRef>
      <CommonName>Leeds Street</CommonName>
      <Location>
        <Longitude>-2.982449</Longitude>
        <Latitude>53.415152</Latitude>
      </Location>
    </AnnotatedStopPointRef>
    <AnnotatedStopPointRef>
      <StopPointRef>2800S40062C</StopPointRef>
      <CommonName>Westmorland Place</CommonName>
      <Location>
        <Longitude>-2.982216</Longitude>
        <Latitude>53.422669</Latitude>
      </Location>
    </AnnotatedStopPointRef>
    <AnnotatedStopPointRef>
      <StopPointRef>2800S42023J</StopPointRef>
      <CommonName>Queen Square Bus Station</CommonName>
      <Location>
        <Longitude>-2.982476</Longitude>
        <Latitude>53.407584</Latitude>
      </Location>
    </AnnotatedStopPointRef>
    <AnnotatedStopPointRef>
      <StopPointRef>2800S42034A</StopPointRef>
      <CommonName>Juvenal Street</CommonName>
      <Location>
        <Longitude>-2.981921</Longitude>
        <Latitude>53.415714</Latitude>
      </Location>
    </AnnotatedStopPointRef>
    <AnnotatedStopPointRef>
      <StopPointRef>2800S40063C</StopPointRef>
      <CommonName>Cranmer Street</CommonName>
      <Location>
        <Longitude>-2.982668</Longitude>
        <Latitude>53.425272</Latitude>
      </Location>
    </AnnotatedStopPointRef>
    <AnnotatedStopPointRef>
      <StopPointRef>2800S40062A</StopPointRef>
      <CommonName>Newsham Street</CommonName>
      <Location>
        <Longitude>-2.981780</Longitude>
        <Latitude>53.422664</Latitude>
      </Location>
    </AnnotatedStopPointRef>
    <AnnotatedStopPointRef>
      <StopPointRef>2800S40063D</StopPointRef>
      <CommonName>Boundary Street</CommonName>
      <Location>
        <Longitude>-2.982435</Longitude>
        <Latitude>53.425624</Latitude>
      </Location>
    </AnnotatedStopPointRef>
    <AnnotatedStopPointRef>
      <StopPointRef>2800S40082B</StopPointRef>
      <CommonName>Major Street</CommonName>
      <Location>
        <Longitude>-2.982858</Longitude>
        <Latitude>53.426987</Latitude>
      </Location>
    </AnnotatedStopPointRef>
    <AnnotatedStopPointRef>
      <StopPointRef>2800S40083A</StopPointRef>
      <CommonName>Latham Street</CommonName>
      <Location>
        <Longitude>-2.983463</Longitude>
        <Latitude>53.429724</Latitude>
      </Location>
    </AnnotatedStopPointRef>
    <AnnotatedStopPointRef>
      <StopPointRef>2800S40082A</StopPointRef>
      <CommonName>Sterling Way</CommonName>
      <Location>
        <Longitude>-2.982744</Longitude>
        <Latitude>53.428588</Latitude>
      </Location>
    </AnnotatedStopPointRef>
    <AnnotatedStopPointRef>
      <StopPointRef>2800S40083D</StopPointRef>
      <CommonName>Easby Road</CommonName>
      <Location>
        <Longitude>-2.984095</Longitude>
        <Latitude>53.431696</Latitude>
      </Location>
    </AnnotatedStopPointRef>
    <AnnotatedStopPointRef>
      <StopPointRef>2800S40084A</StopPointRef>
      <CommonName>Pansy Street</CommonName>
      <Location>
        <Longitude>-2.984917</Longitude>
        <Latitude>53.432714</Latitude>
      </Location>
    </AnnotatedStopPointRef>
    <AnnotatedStopPointRef>
      <StopPointRef>2800S40123C</StopPointRef>
      <CommonName>Commercial Road</CommonName>
      <Location>
        <Longitude>-2.986151</Longitude>
        <Latitude>53.435311</Latitude>
      </Location>
    </AnnotatedStopPointRef>
    <AnnotatedStopPointRef>
      <StopPointRef>2800S40045B</StopPointRef>
      <CommonName>Bank Hall Station</CommonName>
      <Location>
        <Longitude>-2.987006</Longitude>
        <Latitude>53.437785</Latitude>
      </Location>
    </AnnotatedStopPointRef>
    <AnnotatedStopPointRef>
      <StopPointRef>2800S40084B</StopPointRef>
      <CommonName>Briar Street</CommonName>
      <Location>
        <Longitude>-2.985008</Longitude>
        <Latitude>53.433433</Latitude>
      </Location>
    </AnnotatedStopPointRef>
    <AnnotatedStopPointRef>
      <StopPointRef>2800S40045A</StopPointRef>
      <CommonName>Bank Hall Station</CommonName>
      <Location>
        <Longitude>-2.986286</Longitude>
        <Latitude>53.436613</Latitude>
      </Location>
    </AnnotatedStopPointRef>
    <AnnotatedStopPointRef>
      <StopPointRef>2800S40046B</StopPointRef>
      <CommonName>Wolsey Street</CommonName>
      <Location>
        <Longitude>-2.987886</Longitude>
        <Latitude>53.440699</Latitude>
      </Location>
    </AnnotatedStopPointRef>
    <AnnotatedStopPointRef>
      <StopPointRef>2800S40047A</StopPointRef>
      <CommonName>Keble Road</CommonName>
      <Location>
        <Longitude>-2.988613</Longitude>
        <Latitude>53.443470</Latitude>
      </Location>
    </AnnotatedStopPointRef>
    <AnnotatedStopPointRef>
      <StopPointRef>2800S40048C</StopPointRef>
      <CommonName>Trinity Road</CommonName>
      <Location>
        <Longitude>-2.989451</Longitude>
        <Latitude>53.446502</Latitude>
      </Location>
    </AnnotatedStopPointRef>
    <AnnotatedStopPointRef>
      <StopPointRef>2800S40046A</StopPointRef>
      <CommonName>Celia Street</CommonName>
      <Location>
        <Longitude>-2.987366</Longitude>
        <Latitude>53.439687</Latitude>
      </Location>
    </AnnotatedStopPointRef>
    <AnnotatedStopPointRef>
      <StopPointRef>2800S40047B</StopPointRef>
      <CommonName>Beatrice Street</CommonName>
      <Location>
        <Longitude>-2.988028</Longitude>
        <Latitude>53.442244</Latitude>
      </Location>
    </AnnotatedStopPointRef>
    <AnnotatedStopPointRef>
      <StopPointRef>2800S47027B</StopPointRef>
      <CommonName>Trinity Road</CommonName>
      <Location>
        <Longitude>-2.989685</Longitude>
        <Latitude>53.447497</Latitude>
      </Location>
    </AnnotatedStopPointRef>
    <AnnotatedStopPointRef>
      <StopPointRef>2800S40048E</StopPointRef>
      <CommonName>Balliol Road</CommonName>
      <Location>
        <Longitude>-2.988788</Longitude>
        <Latitude>53.445121</Latitude>
      </Location>
    </AnnotatedStopPointRef>
    <AnnotatedStopPointRef>
      <StopPointRef>2800S47189A</StopPointRef>
      <CommonName>Trinity Road</CommonName>
      <Location>
        <Longitude>-2.989395</Longitude>
        <Latitude>53.447311</Latitude>
      </Location>
    </AnnotatedStopPointRef>
    <AnnotatedStopPointRef>
      <StopPointRef>2800S47028C</StopPointRef>
      <CommonName>Bootle Strand Shopping Centre</CommonName>
      <Location>
        <Longitude>-2.990716</Longitude>
        <Latitude>53.451660</Latitude>
      </Location>
    </AnnotatedStopPointRef>
    <AnnotatedStopPointRef>
      <StopPointRef>2800S47029C</StopPointRef>
      <CommonName>Hornby Road</CommonName>
      <Location>
        <Longitude>-2.991783</Longitude>
        <Latitude>53.455462</Latitude>
      </Location>
    </AnnotatedStopPointRef>
    <AnnotatedStopPointRef>
      <StopPointRef>2800S47027C</StopPointRef>
      <CommonName>Park Street</CommonName>
      <Location>
        <Longitude>-2.989859</Longitude>
        <Latitude>53.449150</Latitude>
      </Location>
    </AnnotatedStopPointRef>
    <AnnotatedStopPointRef>
      <StopPointRef>2800S47028A</StopPointRef>
      <CommonName>Bootle Strand Shopping Centre</CommonName>
      <Location>
        <Longitude>-2.990688</Longitude>
        <Latitude>53.452406</Latitude>
      </Location>
    </AnnotatedStopPointRef>
    <AnnotatedStopPointRef>
      <StopPointRef>2800S47029A</StopPointRef>
      <CommonName>Marsh Lane</CommonName>
      <Location>
        <Longitude>-2.991164</Longitude>
        <Latitude>53.454083</Latitude>
      </Location>
    </AnnotatedStopPointRef>
    <AnnotatedStopPointRef>
      <StopPointRef>2800S47030C</StopPointRef>
      <CommonName>Knowsley Road</CommonName>
      <Location>
        <Longitude>-2.992428</Longitude>
        <Latitude>53.457929</Latitude>
      </Location>
    </AnnotatedStopPointRef>
    <AnnotatedStopPointRef>
      <StopPointRef>2800S47107A</StopPointRef>
      <CommonName>Thornton Road</CommonName>
      <Location>
        <Longitude>-2.991906</Longitude>
        <Latitude>53.458787</Latitude>
      </Location>
    </AnnotatedStopPointRef>
    <AnnotatedStopPointRef>
      <StopPointRef>2800S47030A</StopPointRef>
      <CommonName>Linacre Lane</CommonName>
      <Location>
        <Longitude>-2.992121</Longitude>
        <Latitude>53.457680</Latitude>
      </Location>
    </AnnotatedStopPointRef>
    <AnnotatedStopPointRef>
      <StopPointRef>2800S47062C</StopPointRef>
      <CommonName>Sefton Road</CommonName>
      <Location>
        <Longitude>-2.984616</Longitude>
        <Latitude>53.460061</Latitude>
      </Location>
    </AnnotatedStopPointRef>
    <AnnotatedStopPointRef>
      <StopPointRef>2800S47062D</StopPointRef>
      <CommonName>Hawthorne Road</CommonName>
      <Location>
        <Longitude>-2.986704</Longitude>
        <Latitude>53.459828</Latitude>
      </Location>
    </AnnotatedStopPointRef>
    <AnnotatedStopPointRef>
      <StopPointRef>2800S47061A</StopPointRef>
      <CommonName>Fernhill Road</CommonName>
      <Location>
        <Longitude>-2.982236</Longitude>
        <Latitude>53.460710</Latitude>
      </Location>
    </AnnotatedStopPointRef>
    <AnnotatedStopPointRef>
      <StopPointRef>2800S47061B</StopPointRef>
      <CommonName>Monfa Road</CommonName>
      <Location>
        <Longitude>-2.981957</Longitude>
        <Latitude>53.461018</Latitude>
      </Location>
    </AnnotatedStopPointRef>
    <AnnotatedStopPointRef>
      <StopPointRef>2800S47045B</StopPointRef>
      <CommonName>Watts Lane</CommonName>
      <Location>
        <Longitude>-2.977853</Longitude>
        <Latitude>53.463343</Latitude>
      </Location>
    </AnnotatedStopPointRef>
    <AnnotatedStopPointRef>
      <StopPointRef>2800S47103B</StopPointRef>
      <CommonName>Menai Road</CommonName>
      <Location>
        <Longitude>-2.980920</Longitude>
        <Latitude>53.465718</Latitude>
      </Location>
    </AnnotatedStopPointRef>
    <AnnotatedStopPointRef>
      <StopPointRef>2800S47045A</StopPointRef>
      <CommonName>Bailey Drive</CommonName>
      <Location>
        <Longitude>-2.977243</Longitude>
        <Latitude>53.464328</Latitude>
      </Location>
    </AnnotatedStopPointRef>
    <AnnotatedStopPointRef>
      <StopPointRef>2800S47103A</StopPointRef>
      <CommonName>Park Lane</CommonName>
      <Location>
        <Longitude>-2.980972</Longitude>
        <Latitude>53.465996</Latitude>
      </Location>
    </AnnotatedStopPointRef>
    <AnnotatedStopPointRef>
      <StopPointRef>2800S47097B</StopPointRef>
      <CommonName>Staley Drive</CommonName>
      <Location>
        <Longitude>-2.988600</Longitude>
        <Latitude>53.462356</Latitude>
      </Location>
    </AnnotatedStopPointRef>
    <AnnotatedStopPointRef>
      <StopPointRef>2800S47098B</StopPointRef>
      <CommonName>Havelock Road</CommonName>
      <Location>
        <Longitude>-2.990922</Longitude>
        <Latitude>53.464404</Latitude>
      </Location>
    </AnnotatedStopPointRef>
    <AnnotatedStopPointRef>
      <StopPointRef>2800S47099A</StopPointRef>
      <CommonName>Orrell Mount</CommonName>
      <Location>
        <Longitude>-2.992720</Longitude>
        <Latitude>53.465935</Latitude>
      </Location>
    </AnnotatedStopPointRef>
    <AnnotatedStopPointRef>
      <StopPointRef>2800S47100B</StopPointRef>
      <CommonName>Rimmers Close</CommonName>
      <Location>
        <Longitude>-2.996819</Longitude>
        <Latitude>53.469191</Latitude>
      </Location>
    </AnnotatedStopPointRef>
    <AnnotatedStopPointRef>
      <StopPointRef>2800S47105B</StopPointRef>
      <CommonName>Harris Drive</CommonName>
      <Location>
        <Longitude>-2.985921</Longitude>
        <Latitude>53.467628</Latitude>
      </Location>
    </AnnotatedStopPointRef>
    <AnnotatedStopPointRef>
      <StopPointRef>2800S47084B</StopPointRef>
      <CommonName>Spooner Avenue</CommonName>
      <Location>
        <Longitude>-2.991888</Longitude>
        <Latitude>53.469655</Latitude>
      </Location>
    </AnnotatedStopPointRef>
    <AnnotatedStopPointRef>
      <StopPointRef>2800S47083B</StopPointRef>
      <CommonName>Church Road</CommonName>
      <Location>
        <Longitude>-2.994653</Longitude>
        <Latitude>53.470629</Latitude>
      </Location>
    </AnnotatedStopPointRef>
    <AnnotatedStopPointRef>
      <StopPointRef>2800S47035A</StopPointRef>
      <CommonName>Orrell Road</CommonName>
      <Location>
        <Longitude>-2.995651</Longitude>
        <Latitude>53.470783</Latitude>
      </Location>
    </AnnotatedStopPointRef>
    <AnnotatedStopPointRef>
      <StopPointRef>2800S47019B</StopPointRef>
      <CommonName>Marina Avenue</CommonName>
      <Location>
        <Longitude>-2.999574</Longitude>
        <Latitude>53.470418</Latitude>
      </Location>
    </AnnotatedStopPointRef>
    <AnnotatedStopPointRef>
      <StopPointRef>2800S47105A</StopPointRef>
      <CommonName>Orrell Hey</CommonName>
      <Location>
        <Longitude>-2.986317</Longitude>
        <Latitude>53.467813</Latitude>
      </Location>
    </AnnotatedStopPointRef>
    <AnnotatedStopPointRef>
      <StopPointRef>2800S47084A</StopPointRef>
      <CommonName>Spooner Avenue</CommonName>
      <Location>
        <Longitude>-2.990754</Longitude>
        <Latitude>53.469466</Latitude>
      </Location>
    </AnnotatedStopPointRef>
    <AnnotatedStopPointRef>
      <StopPointRef>2800S47018B</StopPointRef>
      <CommonName>School Lane</CommonName>
      <Location>
        <Longitude>-2.998658</Longitude>
        <Latitude>53.472448</Latitude>
      </Location>
    </AnnotatedStopPointRef>
    <AnnotatedStopPointRef>
      <StopPointRef>2800S47017B</StopPointRef>
      <CommonName>Mitchell Crescent</CommonName>
      <Location>
        <Longitude>-2.997825</Longitude>
        <Latitude>53.473551</Latitude>
      </Location>
    </AnnotatedStopPointRef>
    <AnnotatedStopPointRef>
      <StopPointRef>2800S47083A</StopPointRef>
      <CommonName>Church Road</CommonName>
      <Location>
        <Longitude>-2.993348</Longitude>
        <Latitude>53.470245</Latitude>
      </Location>
    </AnnotatedStopPointRef>
    <AnnotatedStopPointRef>
      <StopPointRef>2800S47016A</StopPointRef>
      <CommonName>Sonning Avenue</CommonName>
      <Location>
        <Longitude>-2.996031</Longitude>
        <Latitude>53.478007</Latitude>
      </Location>
    </AnnotatedStopPointRef>
    <AnnotatedStopPointRef>
      <StopPointRef>2800S47035B</StopPointRef>
      <CommonName>Wilsons Lane</CommonName>
      <Location>
        <Longitude>-2.996673</Longitude>
        <Latitude>53.470703</Latitude>
      </Location>
    </AnnotatedStopPointRef>
    <AnnotatedStopPointRef>
      <StopPointRef>2800S47018A</StopPointRef>
      <CommonName>School Lane</CommonName>
      <Location>
        <Longitude>-2.998607</Longitude>
        <Latitude>53.472205</Latitude>
      </Location>
    </AnnotatedStopPointRef>
    <AnnotatedStopPointRef>
      <StopPointRef>2800S47015A</StopPointRef>
      <CommonName>Kirkstone Road West</CommonName>
      <Location>
        <Longitude>-2.996449</Longitude>
        <Latitude>53.479783</Latitude>
      </Location>
    </AnnotatedStopPointRef>
    <AnnotatedStopPointRef>
      <StopPointRef>2800S47017A</StopPointRef>
      <CommonName>Alexandra Mount</CommonName>
      <Location>
        <Longitude>-2.997395</Longitude>
        <Latitude>53.473852</Latitude>
      </Location>
    </AnnotatedStopPointRef>
    <AnnotatedStopPointRef>
      <StopPointRef>2800S47016B</StopPointRef>
      <CommonName>Osborne Road</CommonName>
      <Location>
        <Longitude>-2.996180</Longitude>
        <Latitude>53.475992</Latitude>
      </Location>
    </AnnotatedStopPointRef>
    <AnnotatedStopPointRef>
      <StopPointRef>2800S47015B</StopPointRef>
      <CommonName>Pankhurst Road</CommonName>
      <Location>
        <Longitude>-2.996169</Longitude>
        <Latitude>53.479417</Latitude>
      </Location>
    </AnnotatedStopPointRef>
    <AnnotatedStopPointRef>
      <StopPointRef>2800S47014B</StopPointRef>
      <CommonName>Green Lane</CommonName>
      <Location>
        <Longitude>-2.996356</Longitude>
        <Latitude>53.482229</Latitude>
      </Location>
    </AnnotatedStopPointRef>
    <AnnotatedStopPointRef>
      <StopPointRef>2800S47012B</StopPointRef>
      <CommonName>Randall Drive</CommonName>
      <Location>
        <Longitude>-2.995426</Longitude>
        <Latitude>53.483711</Latitude>
      </Location>
    </AnnotatedStopPointRef>
    <AnnotatedStopPointRef>
      <StopPointRef>2800S47014A</StopPointRef>
      <CommonName>Sterrix Lane</CommonName>
      <Location>
        <Longitude>-2.996155</Longitude>
        <Latitude>53.482015</Latitude>
      </Location>
    </AnnotatedStopPointRef>
    <AnnotatedStopPointRef>
      <StopPointRef>2800S47012A</StopPointRef>
      <CommonName>Gorsey Avenue</CommonName>
      <Location>
        <Longitude>-2.994586</Longitude>
        <Latitude>53.484509</Latitude>
      </Location>
    </AnnotatedStopPointRef>
    <AnnotatedStopPointRef>
      <StopPointRef>2800S47013A</StopPointRef>
      <CommonName>Dale Acre Drive</CommonName>
      <Location>
        <Longitude>-2.990895</Longitude>
        <Latitude>53.488432</Latitude>
      </Location>
    </AnnotatedStopPointRef>
    <AnnotatedStopPointRef>
      <StopPointRef>2800S53011A</StopPointRef>
      <CommonName>Almonds Turn</CommonName>
      <Location>
        <Longitude>-2.986294</Longitude>
        <Latitude>53.490231</Latitude>
      </Location>
    </AnnotatedStopPointRef>
    <AnnotatedStopPointRef>
      <StopPointRef>2800S47013B</StopPointRef>
      <CommonName>Dale Acre Drive</CommonName>
      <Location>
        <Longitude>-2.990933</Longitude>
        <Latitude>53.488126</Latitude>
      </Location>
    </AnnotatedStopPointRef>
    <AnnotatedStopPointRef>
      <StopPointRef>2800S53003B</StopPointRef>
      <CommonName>Pattens Close</CommonName>
      <Location>
        <Longitude>-2.981619</Longitude>
        <Latitude>53.490108</Latitude>
      </Location>
    </AnnotatedStopPointRef>
    <AnnotatedStopPointRef>
      <StopPointRef>2800S53002A</StopPointRef>
      <CommonName>Eden Vale</CommonName>
      <Location>
        <Longitude>-2.977151</Longitude>
        <Latitude>53.489812</Latitude>
      </Location>
    </AnnotatedStopPointRef>
    <AnnotatedStopPointRef>
      <StopPointRef>2800S53011B</StopPointRef>
      <CommonName>Gorsey Lane</CommonName>
      <Location>
        <Longitude>-2.986969</Longitude>
        <Latitude>53.490073</Latitude>
      </Location>
    </AnnotatedStopPointRef>
    <AnnotatedStopPointRef>
      <StopPointRef>2800S53003C</StopPointRef>
      <CommonName>St Nicholas' Drive</CommonName>
      <Location>
        <Longitude>-2.984014</Longitude>
        <Latitude>53.490044</Latitude>
      </Location>
    </AnnotatedStopPointRef>
    <AnnotatedStopPointRef>
      <StopPointRef>2800S53002B</StopPointRef>
      <CommonName>St Ambrose Croft</CommonName>
      <Location>
        <Longitude>-2.977191</Longitude>
        <Latitude>53.489614</Latitude>
      </Location>
    </AnnotatedStopPointRef>
    <AnnotatedStopPointRef>
      <StopPointRef>2800S53001B</StopPointRef>
      <CommonName>Magdalene Square</CommonName>
      <Location>
        <Longitude>-2.972382</Longitude>
        <Latitude>53.488242</Latitude>
      </Location>
    </AnnotatedStopPointRef>
    <AnnotatedStopPointRef>
      <StopPointRef>2800S53001C</StopPointRef>
      <CommonName>St Oswalds Lane</CommonName>
      <Location>
        <Longitude>-2.972284</Longitude>
        <Latitude>53.487919</Latitude>
      </Location>
    </AnnotatedStopPointRef>
  </StopPoints>
  <RouteSections>
    <RouteSection id="rsf_0000">
      <RouteLink id="rl_0000_1">
        <From>
          <StopPointRef>2800S42029C</StopPointRef>
        </From>
        <To>
          <StopPointRef>2800S42034B</StopPointRef>
        </To>
      </RouteLink>
      <RouteLink id="rl_0000_2">
        <From>
          <StopPointRef>2800S42034B</StopPointRef>
        </From>
        <To>
          <StopPointRef>2800S40062C</StopPointRef>
        </To>
      </RouteLink>
      <RouteLink id="rl_0000_3">
        <From>
          <StopPointRef>2800S40062C</StopPointRef>
        </From>
        <To>
          <StopPointRef>2800S40063C</StopPointRef>
        </To>
      </RouteLink>
      <RouteLink id="rl_0000_4">
        <From>
          <StopPointRef>2800S40063C</StopPointRef>
        </From>
        <To>
          <StopPointRef>2800S40082B</StopPointRef>
        </To>
      </RouteLink>
      <RouteLink id="rl_0000_5">
        <From>
          <StopPointRef>2800S40082B</StopPointRef>
        </From>
        <To>
          <StopPointRef>2800S40083A</StopPointRef>
        </To>
      </RouteLink>
      <RouteLink id="rl_0000_6">
        <From>
          <StopPointRef>2800S40083A</StopPointRef>
        </From>
        <To>
          <StopPointRef>2800S40084A</StopPointRef>
        </To>
      </RouteLink>
      <RouteLink id="rl_0000_7">
        <From>
          <StopPointRef>2800S40084A</StopPointRef>
        </From>
        <To>
          <StopPointRef>2800S40123C</StopPointRef>
        </To>
      </RouteLink>
      <RouteLink id="rl_0000_8">
        <From>
          <StopPointRef>2800S40123C</StopPointRef>
        </From>
        <To>
          <StopPointRef>2800S40045B</StopPointRef>
        </To>
      </RouteLink>
      <RouteLink id="rl_0000_9">
        <From>
          <StopPointRef>2800S40045B</StopPointRef>
        </From>
        <To>
          <StopPointRef>2800S40046B</StopPointRef>
        </To>
      </RouteLink>
      <RouteLink id="rl_0000_10">
        <From>
          <StopPointRef>2800S40046B</StopPointRef>
        </From>
        <To>
          <StopPointRef>2800S40047A</StopPointRef>
        </To>
      </RouteLink>
      <RouteLink id="rl_0000_11">
        <From>
          <StopPointRef>2800S40047A</StopPointRef>
        </From>
        <To>
          <StopPointRef>2800S40048C</StopPointRef>
        </To>
      </RouteLink>
      <RouteLink id="rl_0000_12">
        <From>
          <StopPointRef>2800S40048C</StopPointRef>
        </From>
        <To>
          <StopPointRef>2800S47027B</StopPointRef>
        </To>
      </RouteLink>
      <RouteLink id="rl_0000_13">
        <From>
          <StopPointRef>2800S47027B</StopPointRef>
        </From>
        <To>
          <StopPointRef>2800S47028C</StopPointRef>
        </To>
      </RouteLink>
      <RouteLink id="rl_0000_14">
        <From>
          <StopPointRef>2800S47028C</StopPointRef>
        </From>
        <To>
          <StopPointRef>2800S47029C</StopPointRef>
        </To>
      </RouteLink>
      <RouteLink id="rl_0000_15">
        <From>
          <StopPointRef>2800S47029C</StopPointRef>
        </From>
        <To>
          <StopPointRef>2800S47030C</StopPointRef>
        </To>
      </RouteLink>
      <RouteLink id="rl_0000_16">
        <From>
          <StopPointRef>2800S47030C</StopPointRef>
        </From>
        <To>
          <StopPointRef>2800S47107A</StopPointRef>
        </To>
      </RouteLink>
      <RouteLink id="rl_0000_17">
        <From>
          <StopPointRef>2800S47107A</StopPointRef>
        </From>
        <To>
          <StopPointRef>2800S47062D</StopPointRef>
        </To>
      </RouteLink>
    </RouteSection>
    <RouteSection id="rsf_0001">
      <RouteLink id="rl_0001_1">
        <From>
          <StopPointRef>2800S42029C</StopPointRef>
        </From>
        <To>
          <StopPointRef>2800S42034B</StopPointRef>
        </To>
      </RouteLink>
      <RouteLink id="rl_0001_2">
        <From>
          <StopPointRef>2800S42034B</StopPointRef>
        </From>
        <To>
          <StopPointRef>2800S40062C</StopPointRef>
        </To>
      </RouteLink>
      <RouteLink id="rl_0001_3">
        <From>
          <StopPointRef>2800S40062C</StopPointRef>
        </From>
        <To>
          <StopPointRef>2800S40063C</StopPointRef>
        </To>
      </RouteLink>
      <RouteLink id="rl_0001_4">
        <From>
          <StopPointRef>2800S40063C</StopPointRef>
        </From>
        <To>
          <StopPointRef>2800S40082B</StopPointRef>
        </To>
      </RouteLink>
      <RouteLink id="rl_0001_5">
        <From>
          <StopPointRef>2800S40082B</StopPointRef>
        </From>
        <To>
          <StopPointRef>2800S40083A</StopPointRef>
        </To>
      </RouteLink>
      <RouteLink id="rl_0001_6">
        <From>
          <StopPointRef>2800S40083A</StopPointRef>
        </From>
        <To>
          <StopPointRef>2800S40084A</StopPointRef>
        </To>
      </RouteLink>
      <RouteLink id="rl_0001_7">
        <From>
          <StopPointRef>2800S40084A</StopPointRef>
        </From>
        <To>
          <StopPointRef>2800S40123C</StopPointRef>
        </To>
      </RouteLink>
      <RouteLink id="rl_0001_8">
        <From>
          <StopPointRef>2800S40123C</StopPointRef>
        </From>
        <To>
          <StopPointRef>2800S40045B</StopPointRef>
        </To>
      </RouteLink>
      <RouteLink id="rl_0001_9">
        <From>
          <StopPointRef>2800S40045B</StopPointRef>
        </From>
        <To>
          <StopPointRef>2800S40046B</StopPointRef>
        </To>
      </RouteLink>
      <RouteLink id="rl_0001_10">
        <From>
          <StopPointRef>2800S40046B</StopPointRef>
        </From>
        <To>
          <StopPointRef>2800S40047A</StopPointRef>
        </To>
      </RouteLink>
      <RouteLink id="rl_0001_11">
        <From>
          <StopPointRef>2800S40047A</StopPointRef>
        </From>
        <To>
          <StopPointRef>2800S40048C</StopPointRef>
        </To>
      </RouteLink>
      <RouteLink id="rl_0001_12">
        <From>
          <StopPointRef>2800S40048C</StopPointRef>
        </From>
        <To>
          <StopPointRef>2800S47027B</StopPointRef>
        </To>
      </RouteLink>
      <RouteLink id="rl_0001_13">
        <From>
          <StopPointRef>2800S47027B</StopPointRef>
        </From>
        <To>
          <StopPointRef>2800S47028C</StopPointRef>
        </To>
      </RouteLink>
      <RouteLink id="rl_0001_14">
        <From>
          <StopPointRef>2800S47028C</StopPointRef>
        </From>
        <To>
          <StopPointRef>2800S47029C</StopPointRef>
        </To>
      </RouteLink>
      <RouteLink id="rl_0001_15">
        <From>
          <StopPointRef>2800S47029C</StopPointRef>
        </From>
        <To>
          <StopPointRef>2800S47030C</StopPointRef>
        </To>
      </RouteLink>
      <RouteLink id="rl_0001_16">
        <From>
          <StopPointRef>2800S47030C</StopPointRef>
        </From>
        <To>
          <StopPointRef>2800S47107A</StopPointRef>
        </To>
      </RouteLink>
      <RouteLink id="rl_0001_17">
        <From>
          <StopPointRef>2800S47107A</StopPointRef>
        </From>
        <To>
          <StopPointRef>2800S47062D</StopPointRef>
        </To>
      </RouteLink>
    </RouteSection>
  </RouteSections>
  <Routes>
    <Route id="rt_0000">
      <Description>No route description available</Description>
      <RouteSectionRef>rsf_0000</RouteSectionRef>
    </Route>
    <Route id="rt_0001">
      <Description>No route description available</Description>
      <RouteSectionRef>rsf_0001</RouteSectionRef>
    </Route>
  </Routes>
  <JourneyPatternSections>
    <JourneyPatternSection id="js_1">
      <JourneyPatternTimingLink id="jptl_1">
        <From SequenceNumber="1">
          <Activity>pickUp</Activity>
          <StopPointRef>2800S42029C</StopPointRef>
          <TimingStatus>principalTimingPoint</TimingStatus>
        </From>
        <To SequenceNumber="2">
          <StopPointRef>2800S42034B</StopPointRef>
          <TimingStatus>otherPoint</TimingStatus>
        </To>
        <RouteLinkRef>rl_0000_1</RouteLinkRef>
        <RunTime>PT3M</RunTime>
      </JourneyPatternTimingLink>
      <JourneyPatternTimingLink id="jptl_2">
        <From SequenceNumber="2">
          <StopPointRef>2800S42034B</StopPointRef>
          <TimingStatus>otherPoint</TimingStatus>
        </From>
        <To SequenceNumber="3">
          <StopPointRef>2800S40062C</StopPointRef>
          <TimingStatus>otherPoint</TimingStatus>
        </To>
        <RouteLinkRef>rl_0000_2</RouteLinkRef>
        <RunTime>PT2M</RunTime>
      </JourneyPatternTimingLink>
      <JourneyPatternTimingLink id="jptl_3">
        <From SequenceNumber="3">
          <StopPointRef>2800S40062C</StopPointRef>
          <TimingStatus>otherPoint</TimingStatus>
        </From>
        <To SequenceNumber="4">
          <StopPointRef>2800S40063C</StopPointRef>
          <TimingStatus>otherPoint</TimingStatus>
        </To>
        <RouteLinkRef>rl_0000_3</RouteLinkRef>
        <RunTime>PT1M</RunTime>
      </JourneyPatternTimingLink>
      <JourneyPatternTimingLink id="jptl_4">
        <From SequenceNumber="4">
          <StopPointRef>2800S40063C</StopPointRef>
          <TimingStatus>otherPoint</TimingStatus>
        </From>
        <To SequenceNumber="5">
          <StopPointRef>2800S40082B</StopPointRef>
          <TimingStatus>otherPoint</TimingStatus>
        </To>
        <RouteLinkRef>rl_0000_4</RouteLinkRef>
        <RunTime>PT1M</RunTime>
      </JourneyPatternTimingLink>
      <JourneyPatternTimingLink id="jptl_5">
        <From SequenceNumber="5">
          <StopPointRef>2800S40082B</StopPointRef>
          <TimingStatus>otherPoint</TimingStatus>
        </From>
        <To SequenceNumber="6">
          <StopPointRef>2800S40083A</StopPointRef>
          <TimingStatus>otherPoint</TimingStatus>
        </To>
        <RouteLinkRef>rl_0000_5</RouteLinkRef>
        <RunTime>PT1M</RunTime>
      </JourneyPatternTimingLink>
      <JourneyPatternTimingLink id="jptl_6">
        <From SequenceNumber="6">
          <StopPointRef>2800S40083A</StopPointRef>
          <TimingStatus>otherPoint</TimingStatus>
        </From>
        <To SequenceNumber="7">
          <StopPointRef>2800S40084A</StopPointRef>
          <TimingStatus>otherPoint</TimingStatus>
        </To>
        <RouteLinkRef>rl_0000_6</RouteLinkRef>
        <RunTime>PT1M</RunTime>
      </JourneyPatternTimingLink>
      <JourneyPatternTimingLink id="jptl_7">
        <From SequenceNumber="7">
          <StopPointRef>2800S40084A</StopPointRef>
          <TimingStatus>otherPoint</TimingStatus>
        </From>
        <To SequenceNumber="8">
          <StopPointRef>2800S40123C</StopPointRef>
          <TimingStatus>otherPoint</TimingStatus>
        </To>
        <RouteLinkRef>rl_0000_7</RouteLinkRef>
        <RunTime>PT0S</RunTime>
      </JourneyPatternTimingLink>
      <JourneyPatternTimingLink id="jptl_8">
        <From SequenceNumber="8">
          <StopPointRef>2800S40123C</StopPointRef>
          <TimingStatus>otherPoint</TimingStatus>
        </From>
        <To SequenceNumber="9">
          <StopPointRef>2800S40045B</StopPointRef>
          <TimingStatus>otherPoint</TimingStatus>
        </To>
        <RouteLinkRef>rl_0000_8</RouteLinkRef>
        <RunTime>PT1M</RunTime>
      </JourneyPatternTimingLink>
      <JourneyPatternTimingLink id="jptl_9">
        <From SequenceNumber="9">
          <StopPointRef>2800S40045B</StopPointRef>
          <TimingStatus>otherPoint</TimingStatus>
        </From>
        <To SequenceNumber="10">
          <StopPointRef>2800S40046B</StopPointRef>
          <TimingStatus>otherPoint</TimingStatus>
        </To>
        <RouteLinkRef>rl_0000_9</RouteLinkRef>
        <RunTime>PT1M</RunTime>
      </JourneyPatternTimingLink>
      <JourneyPatternTimingLink id="jptl_10">
        <From SequenceNumber="10">
          <StopPointRef>2800S40046B</StopPointRef>
          <TimingStatus>otherPoint</TimingStatus>
        </From>
        <To SequenceNumber="11">
          <StopPointRef>2800S40047A</StopPointRef>
          <TimingStatus>otherPoint</TimingStatus>
        </To>
        <RouteLinkRef>rl_0000_10</RouteLinkRef>
        <RunTime>PT1M</RunTime>
      </JourneyPatternTimingLink>
      <JourneyPatternTimingLink id="jptl_11">
        <From SequenceNumber="11">
          <StopPointRef>2800S40047A</StopPointRef>
          <TimingStatus>otherPoint</TimingStatus>
        </From>
        <To SequenceNumber="12">
          <StopPointRef>2800S40048C</StopPointRef>
          <TimingStatus>principalTimingPoint</TimingStatus>
        </To>
        <RouteLinkRef>rl_0000_11</RouteLinkRef>
        <RunTime>PT1M</RunTime>
      </JourneyPatternTimingLink>
      <JourneyPatternTimingLink id="jptl_12">
        <From SequenceNumber="12">
          <StopPointRef>2800S40048C</StopPointRef>
          <TimingStatus>principalTimingPoint</TimingStatus>
        </From>
        <To SequenceNumber="13">
          <StopPointRef>2800S47027B</StopPointRef>
          <TimingStatus>otherPoint</TimingStatus>
        </To>
        <RouteLinkRef>rl_0000_12</RouteLinkRef>
        <RunTime>PT0S</RunTime>
      </JourneyPatternTimingLink>
      <JourneyPatternTimingLink id="jptl_13">
        <From SequenceNumber="13">
          <StopPointRef>2800S47027B</StopPointRef>
          <TimingStatus>otherPoint</TimingStatus>
        </From>
        <To SequenceNumber="14">
          <StopPointRef>2800S47028C</StopPointRef>
          <TimingStatus>otherPoint</TimingStatus>
        </To>
        <RouteLinkRef>rl_0000_13</RouteLinkRef>
        <RunTime>PT2M</RunTime>
      </JourneyPatternTimingLink>
      <JourneyPatternTimingLink id="jptl_14">
        <From SequenceNumber="14">
          <StopPointRef>2800S47028C</StopPointRef>
          <TimingStatus>otherPoint</TimingStatus>
        </From>
        <To SequenceNumber="15">
          <StopPointRef>2800S47029C</StopPointRef>
          <TimingStatus>otherPoint</TimingStatus>
        </To>
        <RouteLinkRef>rl_0000_14</RouteLinkRef>
        <RunTime>PT2M</RunTime>
      </JourneyPatternTimingLink>
      <JourneyPatternTimingLink id="jptl_15">
        <From SequenceNumber="15">
          <StopPointRef>2800S47029C</StopPointRef>
          <TimingStatus>otherPoint</TimingStatus>
        </From>
        <To SequenceNumber="16">
          <StopPointRef>2800S47030C</StopPointRef>
          <TimingStatus>otherPoint</TimingStatus>
        </To>
        <RouteLinkRef>rl_0000_15</RouteLinkRef>
        <RunTime>PT1M</RunTime>
      </JourneyPatternTimingLink>
      <JourneyPatternTimingLink id="jptl_16">
        <From SequenceNumber="16">
          <StopPointRef>2800S47030C</StopPointRef>
          <TimingStatus>otherPoint</TimingStatus>
        </From>
        <To SequenceNumber="17">
          <StopPointRef>2800S47107A</StopPointRef>
          <TimingStatus>otherPoint</TimingStatus>
        </To>
        <RouteLinkRef>rl_0000_16</RouteLinkRef>
        <RunTime>PT1M</RunTime>
      </JourneyPatternTimingLink>
      <JourneyPatternTimingLink id="jptl_17">
        <From SequenceNumber="17">
          <StopPointRef>2800S47107A</StopPointRef>
          <TimingStatus>otherPoint</TimingStatus>
        </From>
        <To SequenceNumber="18">
          <Activity>setDown</Activity>
          <StopPointRef>2800S47062D</StopPointRef>
          <TimingStatus>principalTimingPoint</TimingStatus>
        </To>
        <RouteLinkRef>rl_0000_17</RouteLinkRef>
        <RunTime>PT1M</RunTime>
      </JourneyPatternTimingLink>
    </JourneyPatternSection>
    <JourneyPatternSection id="js_2">
      <JourneyPatternTimingLink id="jptl_18">
        <From SequenceNumber="1">
          <Activity>pickUp</Activity>
          <StopPointRef>2800S42029C</StopPointRef>
          <TimingStatus>principalTimingPoint</TimingStatus>
        </From>
        <To SequenceNumber="2">
          <StopPointRef>2800S42034B</StopPointRef>
          <TimingStatus>otherPoint</TimingStatus>
        </To>
        <RouteLinkRef>rl_0001_1</RouteLinkRef>
        <RunTime>PT3M</RunTime>
      </JourneyPatternTimingLink>
      <JourneyPatternTimingLink id="jptl_19">
        <From SequenceNumber="2">
          <StopPointRef>2800S42034B</StopPointRef>
          <TimingStatus>otherPoint</TimingStatus>
        </From>
        <To SequenceNumber="3">
          <StopPointRef>2800S40062C</StopPointRef>
          <TimingStatus>otherPoint</TimingStatus>
        </To>
        <RouteLinkRef>rl_0001_2</RouteLinkRef>
        <RunTime>PT2M</RunTime>
      </JourneyPatternTimingLink>
      <JourneyPatternTimingLink id="jptl_20">
        <From SequenceNumber="3">
          <StopPointRef>2800S40062C</StopPointRef>
          <TimingStatus>otherPoint</TimingStatus>
        </From>
        <To SequenceNumber="4">
          <StopPointRef>2800S40063C</StopPointRef>
          <TimingStatus>otherPoint</TimingStatus>
        </To>
        <RouteLinkRef>rl_0001_3</RouteLinkRef>
        <RunTime>PT0S</RunTime>
      </JourneyPatternTimingLink>
      <JourneyPatternTimingLink id="jptl_21">
        <From SequenceNumber="4">
          <StopPointRef>2800S40063C</StopPointRef>
          <TimingStatus>otherPoint</TimingStatus>
        </From>
        <To SequenceNumber="5">
          <StopPointRef>2800S40082B</StopPointRef>
          <TimingStatus>otherPoint</TimingStatus>
        </To>
        <RouteLinkRef>rl_0001_4</RouteLinkRef>
        <RunTime>PT1M</RunTime>
      </JourneyPatternTimingLink>
      <JourneyPatternTimingLink id="jptl_22">
        <From SequenceNumber="5">
          <StopPointRef>2800S40082B</StopPointRef>
          <TimingStatus>otherPoint</TimingStatus>
        </From>
        <To SequenceNumber="6">
          <StopPointRef>2800S40083A</StopPointRef>
          <TimingStatus>otherPoint</TimingStatus>
        </To>
        <RouteLinkRef>rl_0001_5</RouteLinkRef>
        <RunTime>PT1M</RunTime>
      </JourneyPatternTimingLink>
      <JourneyPatternTimingLink id="jptl_23">
        <From SequenceNumber="6">
          <StopPointRef>2800S40083A</StopPointRef>
          <TimingStatus>otherPoint</TimingStatus>
        </From>
        <To SequenceNumber="7">
          <StopPointRef>2800S40084A</StopPointRef>
          <TimingStatus>otherPoint</TimingStatus>
        </To>
        <RouteLinkRef>rl_0001_6</RouteLinkRef>
        <RunTime>PT0S</RunTime>
      </JourneyPatternTimingLink>
      <JourneyPatternTimingLink id="jptl_24">
        <From SequenceNumber="7">
          <StopPointRef>2800S40084A</StopPointRef>
          <TimingStatus>otherPoint</TimingStatus>
        </From>
        <To SequenceNumber="8">
          <StopPointRef>2800S40123C</StopPointRef>
          <TimingStatus>otherPoint</TimingStatus>
        </To>
        <RouteLinkRef>rl_0001_7</RouteLinkRef>
        <RunTime>PT1M</RunTime>
      </JourneyPatternTimingLink>
      <JourneyPatternTimingLink id="jptl_25">
        <From SequenceNumber="8">
          <StopPointRef>2800S40123C</StopPointRef>
          <TimingStatus>otherPoint</TimingStatus>
        </From>
        <To SequenceNumber="9">
          <StopPointRef>2800S40045B</StopPointRef>
          <TimingStatus>otherPoint</TimingStatus>
        </To>
        <RouteLinkRef>rl_0001_8</RouteLinkRef>
        <RunTime>PT1M</RunTime>
      </JourneyPatternTimingLink>
      <JourneyPatternTimingLink id="jptl_26">
        <From SequenceNumber="9">
          <StopPointRef>2800S40045B</StopPointRef>
          <TimingStatus>otherPoint</TimingStatus>
        </From>
        <To SequenceNumber="10">
          <StopPointRef>2800S40046B</StopPointRef>
          <TimingStatus>otherPoint</TimingStatus>
        </To>
        <RouteLinkRef>rl_0001_9</RouteLinkRef>
        <RunTime>PT1M</RunTime>
      </JourneyPatternTimingLink>
      <JourneyPatternTimingLink id="jptl_27">
        <From SequenceNumber="10">
          <StopPointRef>2800S40046B</StopPointRef>
          <TimingStatus>otherPoint</TimingStatus>
        </From>
        <To SequenceNumber="11">
          <StopPointRef>2800S40047A</StopPointRef>
          <TimingStatus>otherPoint</TimingStatus>
        </To>
        <RouteLinkRef>rl_0001_10</RouteLinkRef>
        <RunTime>PT0S</RunTime>
      </JourneyPatternTimingLink>
      <JourneyPatternTimingLink id="jptl_28">
        <From SequenceNumber="11">
          <StopPointRef>2800S40047A</StopPointRef>
          <TimingStatus>otherPoint</TimingStatus>
        </From>
        <To SequenceNumber="12">
          <StopPointRef>2800S40048C</StopPointRef>
          <TimingStatus>principalTimingPoint</TimingStatus>
        </To>
        <RouteLinkRef>rl_0001_11</RouteLinkRef>
        <RunTime>PT2M</RunTime>
      </JourneyPatternTimingLink>
      <JourneyPatternTimingLink id="jptl_29">
        <From SequenceNumber="12">
          <StopPointRef>2800S40048C</StopPointRef>
          <TimingStatus>principalTimingPoint</TimingStatus>
        </From>
        <To SequenceNumber="13">
          <StopPointRef>2800S47027B</StopPointRef>
          <TimingStatus>otherPoint</TimingStatus>
        </To>
        <RouteLinkRef>rl_0001_12</RouteLinkRef>
        <RunTime>PT0S</RunTime>
      </JourneyPatternTimingLink>
      <JourneyPatternTimingLink id="jptl_30">
        <From SequenceNumber="13">
          <StopPointRef>2800S47027B</StopPointRef>
          <TimingStatus>otherPoint</TimingStatus>
        </From>
        <To SequenceNumber="14">
          <StopPointRef>2800S47028C</StopPointRef>
          <TimingStatus>otherPoint</TimingStatus>
        </To>
        <RouteLinkRef>rl_0001_13</RouteLinkRef>
        <RunTime>PT2M</RunTime>
      </JourneyPatternTimingLink>
      <JourneyPatternTimingLink id="jptl_31">
        <From SequenceNumber="14">
          <StopPointRef>2800S47028C</StopPointRef>
          <TimingStatus>otherPoint</TimingStatus>
        </From>
        <To SequenceNumber="15">
          <StopPointRef>2800S47029C</StopPointRef>
          <TimingStatus>otherPoint</TimingStatus>
        </To>
        <RouteLinkRef>rl_0001_14</RouteLinkRef>
        <RunTime>PT2M</RunTime>
      </JourneyPatternTimingLink>
      <JourneyPatternTimingLink id="jptl_32">
        <From SequenceNumber="15">
          <StopPointRef>2800S47029C</StopPointRef>
          <TimingStatus>otherPoint</TimingStatus>
        </From>
        <To SequenceNumber="16">
          <StopPointRef>2800S47030C</StopPointRef>
          <TimingStatus>otherPoint</TimingStatus>
        </To>
        <RouteLinkRef>rl_0001_15</RouteLinkRef>
        <RunTime>PT1M</RunTime>
      </JourneyPatternTimingLink>
      <JourneyPatternTimingLink id="jptl_33">
        <From SequenceNumber="16">
          <StopPointRef>2800S47030C</StopPointRef>
          <TimingStatus>otherPoint</TimingStatus>
        </From>
        <To SequenceNumber="17">
          <StopPointRef>2800S47107A</StopPointRef>
          <TimingStatus>otherPoint</TimingStatus>
        </To>
        <RouteLinkRef>rl_0001_16</RouteLinkRef>
        <RunTime>PT1M</RunTime>
      </JourneyPatternTimingLink>
      <JourneyPatternTimingLink id="jptl_34">
        <From SequenceNumber="17">
          <StopPointRef>2800S47107A</StopPointRef>
          <TimingStatus>otherPoint</TimingStatus>
        </From>
        <To SequenceNumber="18">
          <Activity>setDown</Activity>
          <StopPointRef>2800S47062D</StopPointRef>
          <TimingStatus>principalTimingPoint</TimingStatus>
        </To>
        <RouteLinkRef>rl_0001_17</RouteLinkRef>
        <RunTime>PT1M</RunTime>
      </JourneyPatternTimingLink>
    </JourneyPatternSection>
  </JourneyPatternSections>
  <Operators>
    <Operator id="tkt_oid">
      <NationalOperatorCode>AMSY</NationalOperatorCode>
      <OperatorCode>ANW</OperatorCode>
      <OperatorShortName>Arriva Merseyside</OperatorShortName>
      <LicenceNumber>PC0001141</LicenceNumber>
    </Operator>
  </Operators>
  <Services>
    <Service>
      <ServiceCode>PC0001141:414</ServiceCode>
      <Lines>
        <Line id="AMSY:PC0001141:414:52E">
          <LineName>52E</LineName>
          <OutboundDescription>
            <Description>Netherton or Old Roan to Liverpool</Description>
          </OutboundDescription>
          <InboundDescription>
            <Description>Liverpool to Netherton or Old Roan</Description>
          </InboundDescription>
        </Line>
      </Lines>
      <OperatingPeriod>
        <StartDate>2024-01-02</StartDate>
      </OperatingPeriod>
      <OperatingProfile>
        <RegularDayType>
          <DaysOfWeek>
            <Monday />
            <Tuesday />
            <Wednesday />
            <Thursday />
            <Friday />
          </DaysOfWeek>
        </RegularDayType>
        <BankHolidayOperation>
          <DaysOfNonOperation>
            <ChristmasDay />
            <BoxingDay />
            <GoodFriday />
            <NewYearsDay />
            <LateSummerBankHolidayNotScotland />
            <MayDay />
            <EasterMonday />
            <SpringBank />
            <ChristmasDayHoliday />
            <BoxingDayHoliday />
            <NewYearsDayHoliday />
            <OtherPublicHoliday>
              <Description>CoronationOfKingCharlesIII</Description>
              <Date>2023-05-08</Date>
            </OtherPublicHoliday>
            <ChristmasEve />
            <NewYearsEve />
          </DaysOfNonOperation>
        </BankHolidayOperation>
      </OperatingProfile>
      <RegisteredOperatorRef>tkt_oid</RegisteredOperatorRef>
      <PublicUse>true</PublicUse>
      <StandardService>
        <Origin>Netherton or Old Roan</Origin>
        <Destination>Liverpool</Destination>
        <JourneyPattern id="jp_1">
          <DestinationDisplay>Hawthorne Road</DestinationDisplay>
          <OperatorRef>tkt_oid</OperatorRef>
          <Direction>outbound</Direction>
          <RouteRef>rt_0000</RouteRef>
          <JourneyPatternSectionRefs>js_1</JourneyPatternSectionRefs>
        </JourneyPattern>
        <JourneyPattern id="jp_2">
          <DestinationDisplay>Hawthorne Road</DestinationDisplay>
          <OperatorRef>tkt_oid</OperatorRef>
          <Direction>outbound</Direction>
          <RouteRef>rt_0001</RouteRef>
          <JourneyPatternSectionRefs>js_2</JourneyPatternSectionRefs>
        </JourneyPattern>
      </StandardService>
    </Service>
  </Services>
  <VehicleJourneys>
    <VehicleJourney>
      <OperatorRef>tkt_oid</OperatorRef>
      <Operational>
        <TicketMachine>
          <JourneyCode>1137</JourneyCode>
        </TicketMachine>
      </Operational>
      <VehicleJourneyCode>vj_1</VehicleJourneyCode>
      <ServiceRef>PC0001141:414</ServiceRef>
      <LineRef>AMSY:PC0001141:414:52E</LineRef>
      <JourneyPatternRef>jp_1</JourneyPatternRef>
      <DepartureTime>18:37:00</DepartureTime>
    </VehicleJourney>
    <VehicleJourney>
      <OperatorRef>tkt_oid</OperatorRef>
      <Operational>
        <TicketMachine>
          <JourneyCode>1143</JourneyCode>
        </TicketMachine>
      </Operational>
      <VehicleJourneyCode>vj_2</VehicleJourneyCode>
      <ServiceRef>PC0001141:414</ServiceRef>
      <LineRef>AMSY:PC0001141:414:52E</LineRef>
      <JourneyPatternRef>jp_1</JourneyPatternRef>
      <DepartureTime>19:08:00</DepartureTime>
    </VehicleJourney>
    <VehicleJourney>
      <OperatorRef>tkt_oid</OperatorRef>
      <Operational>
        <TicketMachine>
          <JourneyCode>1147</JourneyCode>
        </TicketMachine>
      </Operational>
      <VehicleJourneyCode>vj_3</VehicleJourneyCode>
      <ServiceRef>PC0001141:414</ServiceRef>
      <LineRef>AMSY:PC0001141:414:52E</LineRef>
      <JourneyPatternRef>jp_2</JourneyPatternRef>
      <DepartureTime>19:35:00</DepartureTime>
    </VehicleJourney>
  </VehicleJourneys>
</TransXChange>