<?xml version="1.0" encoding="utf-8"?>
<TransXChange xmlns:xsi="http://www.w3.org/2001/XMLSchema-instance" SchemaVersion="2.4" CreationDateTime="2024-07-15T08:53:39" ModificationDateTime="2024-07-25T10:49:20" Modification="revise" RevisionNumber="2" FileName="AMSY_410W_AMSYPC00011411410_20240721_-_1900917.xml" xmlns="http://www.transxchange.org.uk/">
  <StopPoints>
    <AnnotatedStopPointRef>
      <StopPointRef>2800S23075G</StopPointRef>
      <CommonName>Rowson Street</CommonName>
      <Location>
        <Longitude>-3.046349</Longitude>
        <Latitude>53.439680</Latitude>
      </Location>
    </AnnotatedStopPointRef>
    <AnnotatedStopPointRef>
      <StopPointRef>2800S23075J</StopPointRef>
      <CommonName>Morrisons</CommonName>
      <Location>
        <Longitude>-3.047000</Longitude>
        <Latitude>53.439818</Latitude>
      </Location>
    </AnnotatedStopPointRef>
    <AnnotatedStopPointRef>
      <StopPointRef>2800S23003B</StopPointRef>
      <CommonName>Cressingham Road</CommonName>
      <Location>
        <Longitude>-3.043881</Longitude>
        <Latitude>53.438488</Latitude>
      </Location>
    </AnnotatedStopPointRef>
    <AnnotatedStopPointRef>
      <StopPointRef>2800S23004A</StopPointRef>
      <CommonName>Seabank Road</CommonName>
      <Location>
        <Longitude>-3.042408</Longitude>
        <Latitude>53.434878</Latitude>
      </Location>
    </AnnotatedStopPointRef>
    <AnnotatedStopPointRef>
      <StopPointRef>2800S23003A</StopPointRef>
      <CommonName>Cressingham Road</CommonName>
      <Location>
        <Longitude>-3.044057</Longitude>
        <Latitude>53.438297</Latitude>
      </Location>
    </AnnotatedStopPointRef>
    <AnnotatedStopPointRef>
      <StopPointRef>2800S23004B</StopPointRef>
      <CommonName>Seabank Road</CommonName>
      <Location>
        <Longitude>-3.042636</Longitude>
        <Latitude>53.434966</Latitude>
      </Location>
    </AnnotatedStopPointRef>
    <AnnotatedStopPointRef>
      <StopPointRef>2800S23045B</StopPointRef>
      <CommonName>Fern Hill</CommonName>
      <Location>
        <Longitude>-3.043241</Longitude>
        <Latitude>53.433873</Latitude>
      </Location>
    </AnnotatedStopPointRef>
    <AnnotatedStopPointRef>
      <StopPointRef>2800S23033B</StopPointRef>
      <CommonName>Princess Road</CommonName>
      <Location>
        <Longitude>-3.042474</Longitude>
        <Latitude>53.431444</Latitude>
      </Location>
    </AnnotatedStopPointRef>
    <AnnotatedStopPointRef>
      <StopPointRef>2800S23045A</StopPointRef>
      <CommonName>Sandbridge Road</CommonName>
      <Location>
        <Longitude>-3.043305</Longitude>
        <Latitude>53.433414</Latitude>
      </Location>
    </AnnotatedStopPointRef>
    <AnnotatedStopPointRef>
      <StopPointRef>2800S23033A</StopPointRef>
      <CommonName>Princess Road</CommonName>
      <Location>
        <Longitude>-3.042232</Longitude>
        <Latitude>53.430763</Latitude>
      </Location>
    </AnnotatedStopPointRef>
    <AnnotatedStopPointRef>
      <StopPointRef>2800S23046B</StopPointRef>
      <CommonName>Penkett Road</CommonName>
      <Location>
        <Longitude>-3.041765</Longitude>
        <Latitude>53.428304</Latitude>
      </Location>
    </AnnotatedStopPointRef>
    <AnnotatedStopPointRef>
      <StopPointRef>2800S23047B</StopPointRef>
      <CommonName>Zig Zag Road</CommonName>
      <Location>
        <Longitude>-3.042074</Longitude>
        <Latitude>53.426791</Latitude>
      </Location>
    </AnnotatedStopPointRef>
    <AnnotatedStopPointRef>
      <StopPointRef>2800S23046A</StopPointRef>
      <CommonName>Earlston Road</CommonName>
      <Location>
        <Longitude>-3.041916</Longitude>
        <Latitude>53.428914</Latitude>
      </Location>
    </AnnotatedStopPointRef>
    <AnnotatedStopPointRef>
      <StopPointRef>2800S23047A</StopPointRef>
      <CommonName>Grange Avenue</CommonName>
      <Location>
        <Longitude>-3.042232</Longitude>
        <Latitude>53.427095</Latitude>
      </Location>
    </AnnotatedStopPointRef>
    <AnnotatedStopPointRef>
      <StopPointRef>2800S24009B</StopPointRef>
      <CommonName>Mortuary Road</CommonName>
      <Location>
        <Longitude>-3.043648</Longitude>
        <Latitude>53.424683</Latitude>
      </Location>
    </AnnotatedStopPointRef>
    <AnnotatedStopPointRef>
      <StopPointRef>2800S24010B</StopPointRef>
      <CommonName>Egerton Grove</CommonName>
      <Location>
        <Longitude>-3.043667</Longitude>
        <Latitude>53.421770</Latitude>
      </Location>
    </AnnotatedStopPointRef>
    <AnnotatedStopPointRef>
      <StopPointRef>2800S24009A</StopPointRef>
      <CommonName>Mortuary Road</CommonName>
      <Location>
        <Longitude>-3.043461</Longitude>
        <Latitude>53.425646</Latitude>
      </Location>
    </AnnotatedStopPointRef>
    <AnnotatedStopPointRef>
      <StopPointRef>2800S24010A</StopPointRef>
      <CommonName>Egerton Grove</CommonName>
      <Location>
        <Longitude>-3.043778</Longitude>
        <Latitude>53.422003</Latitude>
      </Location>
    </AnnotatedStopPointRef>
    <AnnotatedStopPointRef>
      <StopPointRef>2800S24007C</StopPointRef>
      <CommonName>Monk Road</CommonName>
      <Location>
        <Longitude>-3.042786</Longitude>
        <Latitude>53.419566</Latitude>
      </Location>
    </AnnotatedStopPointRef>
    <AnnotatedStopPointRef>
      <StopPointRef>2800S24003B</StopPointRef>
      <CommonName>Conway Street</CommonName>
      <Location>
        <Longitude>-3.046256</Longitude>
        <Latitude>53.419950</Latitude>
      </Location>
    </AnnotatedStopPointRef>
    <AnnotatedStopPointRef>
      <StopPointRef>2800S24005F</StopPointRef>
      <CommonName>Belvidere Road</CommonName>
      <Location>
        <Longitude>-3.049906</Longitude>
        <Latitude>53.419675</Latitude>
      </Location>
    </AnnotatedStopPointRef>
    <AnnotatedStopPointRef>
      <StopPointRef>2800S24003F</StopPointRef>
      <CommonName>Dominick House</CommonName>
      <Location>
        <Longitude>-3.046326</Longitude>
        <Latitude>53.419122</Latitude>
      </Location>
    </AnnotatedStopPointRef>
    <AnnotatedStopPointRef>
      <StopPointRef>2800S24005G</StopPointRef>
      <CommonName>Rullerton Road</CommonName>
      <Location>
        <Longitude>-3.050343</Longitude>
        <Latitude>53.419123</Latitude>
      </Location>
    </AnnotatedStopPointRef>
    <AnnotatedStopPointRef>
      <StopPointRef>2800S21034A</StopPointRef>
      <CommonName>Eric Road</CommonName>
      <Location>
        <Longitude>-3.050132</Longitude>
        <Latitude>53.417255</Latitude>
      </Location>
    </AnnotatedStopPointRef>
    <AnnotatedStopPointRef>
      <StopPointRef>2800S21034B</StopPointRef>
      <CommonName>Eric Road</CommonName>
      <Location>
        <Longitude>-3.050399</Longitude>
        <Latitude>53.417702</Latitude>
      </Location>
    </AnnotatedStopPointRef>
    <AnnotatedStopPointRef>
      <StopPointRef>2800S21035B</StopPointRef>
      <CommonName>Thorncliffe Road</CommonName>
      <Location>
        <Longitude>-3.049200</Longitude>
        <Latitude>53.416067</Latitude>
      </Location>
    </AnnotatedStopPointRef>
    <AnnotatedStopPointRef>
      <StopPointRef>2800S21036B</StopPointRef>
      <CommonName>Love Lane</CommonName>
      <Location>
        <Longitude>-3.046278</Longitude>
        <Latitude>53.414107</Latitude>
      </Location>
    </AnnotatedStopPointRef>
    <AnnotatedStopPointRef>
      <StopPointRef>2800S21035A</StopPointRef>
      <CommonName>Ruskin Avenue</CommonName>
      <Location>
        <Longitude>-3.048243</Longitude>
        <Latitude>53.415078</Latitude>
      </Location>
    </AnnotatedStopPointRef>
    <AnnotatedStopPointRef>
      <StopPointRef>2800S21025D</StopPointRef>
      <CommonName>Poulton Road</CommonName>
      <Location>
        <Longitude>-3.043599</Longitude>
        <Latitude>53.411622</Latitude>
      </Location>
    </AnnotatedStopPointRef>
    <AnnotatedStopPointRef>
      <StopPointRef>2800S21037B</StopPointRef>
      <CommonName>Gorsedale Road</CommonName>
      <Location>
        <Longitude>-3.041406</Longitude>
        <Latitude>53.409313</Latitude>
      </Location>
    </AnnotatedStopPointRef>
    <AnnotatedStopPointRef>
      <StopPointRef>2800S21036A</StopPointRef>
      <CommonName>Love Lane</CommonName>
      <Location>
        <Longitude>-3.046379</Longitude>
        <Latitude>53.413953</Latitude>
      </Location>
    </AnnotatedStopPointRef>
    <AnnotatedStopPointRef>
      <StopPointRef>2800S21025A</StopPointRef>
      <CommonName>Poulton Road</CommonName>
      <Location>
        <Longitude>-3.044349</Longitude>
        <Latitude>53.412155</Latitude>
      </Location>
    </AnnotatedStopPointRef>
    <AnnotatedStopPointRef>
      <StopPointRef>2800S21037A</StopPointRef>
      <CommonName>Norwood Road</CommonName>
      <Location>
        <Longitude>-3.041567</Longitude>
        <Latitude>53.409096</Latitude>
      </Location>
    </AnnotatedStopPointRef>
    <AnnotatedStopPointRef>
      <StopPointRef>2800S21038A</StopPointRef>
      <CommonName>Dock Road</CommonName>
      <Location>
        <Longitude>-3.036895</Longitude>
        <Latitude>53.404435</Latitude>
      </Location>
    </AnnotatedStopPointRef>
    <AnnotatedStopPointRef>
      <StopPointRef>2800S21038B</StopPointRef>
      <CommonName>Dock Road</CommonName>
      <Location>
        <Longitude>-3.036592</Longitude>
        <Latitude>53.404339</Latitude>
      </Location>
    </AnnotatedStopPointRef>
    <AnnotatedStopPointRef>
      <StopPointRef>2800S21016B</StopPointRef>
      <CommonName>Corporation Road</CommonName>
      <Location>
        <Longitude>-3.036068</Longitude>
        <Latitude>53.400739</Latitude>
      </Location>
    </AnnotatedStopPointRef>
    <AnnotatedStopPointRef>
      <StopPointRef>2800S21016A</StopPointRef>
      <CommonName>Cleveland Street</CommonName>
      <Location>
        <Longitude>-3.036338</Longitude>
        <Latitude>53.400710</Latitude>
      </Location>
    </AnnotatedStopPointRef>
    <AnnotatedStopPointRef>
      <StopPointRef>2800S21017A</StopPointRef>
      <CommonName>Birkenhead Park Station</CommonName>
      <Location>
        <Longitude>-3.038789</Longitude>
        <Latitude>53.397578</Latitude>
      </Location>
    </AnnotatedStopPointRef>
    <AnnotatedStopPointRef>
      <StopPointRef>2800S21017B</StopPointRef>
      <CommonName>Birkenhead Park Station</CommonName>
      <Location>
        <Longitude>-3.038851</Longitude>
        <Latitude>53.397056</Latitude>
      </Location>
    </AnnotatedStopPointRef>
    <AnnotatedStopPointRef>
      <StopPointRef>2800S22001A</StopPointRef>
      <CommonName>Livingtone Street</CommonName>
      <Location>
        <Longitude>-3.034746</Longitude>
        <Latitude>53.395240</Latitude>
      </Location>
    </AnnotatedStopPointRef>
    <AnnotatedStopPointRef>
      <StopPointRef>2800S22002A</StopPointRef>
      <CommonName>Trinity Street</CommonName>
      <Location>
        <Longitude>-3.033081</Longitude>
        <Latitude>53.394769</Latitude>
      </Location>
    </AnnotatedStopPointRef>
    <AnnotatedStopPointRef>
      <StopPointRef>2800S22001B</StopPointRef>
      <CommonName>Newling Street</CommonName>
      <Location>
        <Longitude>-3.035892</Longitude>
        <Latitude>53.395365</Latitude>
      </Location>
    </AnnotatedStopPointRef>
    <AnnotatedStopPointRef>
      <StopPointRef>2800S22002B</StopPointRef>
      <CommonName>Park Road East</CommonName>
      <Location>
        <Longitude>-3.032759</Longitude>
        <Latitude>53.394520</Latitude>
      </Location>
    </AnnotatedStopPointRef>
    <AnnotatedStopPointRef>
      <StopPointRef>2800S22004D</StopPointRef>
      <CommonName>Paterson Street</CommonName>
      <Location>
        <Longitude>-3.034881</Longitude>
        <Latitude>53.390259</Latitude>
      </Location>
    </AnnotatedStopPointRef>
    <AnnotatedStopPointRef>
      <StopPointRef>2800S22033A</StopPointRef>
      <CommonName>Bentnick Street</CommonName>
      <Location>
        <Longitude>-3.031752</Longitude>
        <Latitude>53.390196</Latitude>
      </Location>
    </AnnotatedStopPointRef>
    <AnnotatedStopPointRef>
      <StopPointRef>2800S22004C</StopPointRef>
      <CommonName>Cole Street</CommonName>
      <Location>
        <Longitude>-3.034606</Longitude>
        <Latitude>53.390082</Latitude>
      </Location>
    </AnnotatedStopPointRef>
    <AnnotatedStopPointRef>
      <StopPointRef>2800S22033J</StopPointRef>
      <CommonName>Cardigan Avenue</CommonName>
      <Location>
        <Longitude>-3.026971</Longitude>
        <Latitude>53.390867</Latitude>
      </Location>
    </AnnotatedStopPointRef>
    <AnnotatedStopPointRef>
      <StopPointRef>2800S22033E</StopPointRef>
      <CommonName>Catherine Street</CommonName>
      <Location>
        <Longitude>-3.028152</Longitude>
        <Latitude>53.390560</Latitude>
      </Location>
    </AnnotatedStopPointRef>
    <AnnotatedStopPointRef>
      <StopPointRef>2800S22006A</StopPointRef>
      <CommonName>Claughton Road</CommonName>
      <Location>
        <Longitude>-3.025143</Longitude>
        <Latitude>53.391746</Latitude>
      </Location>
    </AnnotatedStopPointRef>
    <AnnotatedStopPointRef>
      <StopPointRef>2800S22010A</StopPointRef>
      <CommonName>Price Street</CommonName>
      <Location>
        <Longitude>-3.017745</Longitude>
        <Latitude>53.393031</Latitude>
      </Location>
    </AnnotatedStopPointRef>
    <AnnotatedStopPointRef>
      <StopPointRef>2800S22043C</StopPointRef>
      <CommonName>Birkenhead Bus Station</CommonName>
      <Location>
        <Longitude>-3.022794</Longitude>
        <Latitude>53.391182</Latitude>
      </Location>
    </AnnotatedStopPointRef>
    <AnnotatedStopPointRef>
      <StopPointRef>2800S22043H</StopPointRef>
      <CommonName>Birkenhead Bus Station</CommonName>
      <Location>
        <Longitude>-3.022619</Longitude>
        <Latitude>53.391210</Latitude>
      </Location>
    </AnnotatedStopPointRef>
    <AnnotatedStopPointRef>
      <StopPointRef>2800S22016A</StopPointRef>
      <CommonName>Argyle Street</CommonName>
      <Location>
        <Longitude>-3.016848</Longitude>
        <Latitude>53.393866</Latitude>
      </Location>
    </AnnotatedStopPointRef>
    <AnnotatedStopPointRef>
      <StopPointRef>2800S22054A</StopPointRef>
      <CommonName>Hamilton Square Station</CommonName>
      <Location>
        <Longitude>-3.014007</Longitude>
        <Latitude>53.394555</Latitude>
      </Location>
    </AnnotatedStopPointRef>
    <AnnotatedStopPointRef>
      <StopPointRef>2800S22009D</StopPointRef>
      <CommonName>Hamilton Square Station</CommonName>
      <Location>
        <Longitude>-3.013016</Longitude>
        <Latitude>53.394618</Latitude>
      </Location>
    </AnnotatedStopPointRef>
    <AnnotatedStopPointRef>
      <StopPointRef>2800S22008C</StopPointRef>
      <CommonName>Woodside Bus Station</CommonName>
      <Location>
        <Longitude>-3.010514</Longitude>
        <Latitude>53.395025</Latitude>
      </Location>
    </AnnotatedStopPointRef>
    <AnnotatedStopPointRef>
      <StopPointRef>2800S22008E</StopPointRef>
      <CommonName>Woodside Interchange</CommonName>
      <Location>
        <Longitude>-3.010815</Longitude>
        <Latitude>53.395050</Latitude>
      </Location>
    </AnnotatedStopPointRef>
  </StopPoints>
  <RouteSections>
    <RouteSection id="rsf_0000">
      <RouteLink id="rl_0000_1">
        <From>
          <StopPointRef>2800S23075J</StopPointRef>
        </From>
        <To>
          <StopPointRef>2800S23003B</StopPointRef>
        </To>
      </RouteLink>
      <RouteLink id="rl_0000_2">
        <From>
          <StopPointRef>2800S23003B</StopPointRef>
        </From>
        <To>
          <StopPointRef>2800S23004A</StopPointRef>
        </To>
      </RouteLink>
      <RouteLink id="rl_0000_3">
        <From>
          <StopPointRef>2800S23004A</StopPointRef>
        </From>
        <To>
          <StopPointRef>2800S23045B</StopPointRef>
        </To>
      </RouteLink>
      <RouteLink id="rl_0000_4">
        <From>
          <StopPointRef>2800S23045B</StopPointRef>
        </From>
        <To>
          <StopPointRef>2800S23033B</StopPointRef>
        </To>
      </RouteLink>
      <RouteLink id="rl_0000_5">
        <From>
          <StopPointRef>2800S23033B</StopPointRef>
        </From>
        <To>
          <StopPointRef>2800S23046B</StopPointRef>
        </To>
      </RouteLink>
      <RouteLink id="rl_0000_6">
        <From>
          <StopPointRef>2800S23046B</StopPointRef>
        </From>
        <To>
          <StopPointRef>2800S23047B</StopPointRef>
        </To>
      </RouteLink>
      <RouteLink id="rl_0000_7">
        <From>
          <StopPointRef>2800S23047B</StopPointRef>
        </From>
        <To>
          <StopPointRef>2800S24009B</StopPointRef>
        </To>
      </RouteLink>
      <RouteLink id="rl_0000_8">
        <From>
          <StopPointRef>2800S24009B</StopPointRef>
        </From>
        <To>
          <StopPointRef>2800S24010B</StopPointRef>
        </To>
      </RouteLink>
      <RouteLink id="rl_0000_9">
        <From>
          <StopPointRef>2800S24010B</StopPointRef>
        </From>
        <To>
          <StopPointRef>2800S24007C</StopPointRef>
        </To>
      </RouteLink>
      <RouteLink id="rl_0000_10">
        <From>
          <StopPointRef>2800S24007C</StopPointRef>
        </From>
        <To>
          <StopPointRef>2800S24003F</StopPointRef>
        </To>
      </RouteLink>
      <RouteLink id="rl_0000_11">
        <From>
          <StopPointRef>2800S24003F</StopPointRef>
        </From>
        <To>
          <StopPointRef>2800S24005G</StopPointRef>
        </To>
      </RouteLink>
      <RouteLink id="rl_0000_12">
        <From>
          <StopPointRef>2800S24005G</StopPointRef>
        </From>
        <To>
          <StopPointRef>2800S21034A</StopPointRef>
        </To>
      </RouteLink>
      <RouteLink id="rl_0000_13">
        <From>
          <StopPointRef>2800S21034A</StopPointRef>
        </From>
        <To>
          <StopPointRef>2800S21035B</StopPointRef>
        </To>
      </RouteLink>
      <RouteLink id="rl_0000_14">
        <From>
          <StopPointRef>2800S21035B</StopPointRef>
        </From>
        <To>
          <StopPointRef>2800S21036B</StopPointRef>
        </To>
      </RouteLink>
      <RouteLink id="rl_0000_15">
        <From>
          <StopPointRef>2800S21036B</StopPointRef>
        </From>
        <To>
          <StopPointRef>2800S21025D</StopPointRef>
        </To>
      </RouteLink>
      <RouteLink id="rl_0000_16">
        <From>
          <StopPointRef>2800S21025D</StopPointRef>
        </From>
        <To>
          <StopPointRef>2800S21037B</StopPointRef>
        </To>
      </RouteLink>
      <RouteLink id="rl_0000_17">
        <From>
          <StopPointRef>2800S21037B</StopPointRef>
        </From>
        <To>
          <StopPointRef>2800S21038B</StopPointRef>
        </To>
      </RouteLink>
      <RouteLink id="rl_0000_18">
        <From>
          <StopPointRef>2800S21038B</StopPointRef>
        </From>
        <To>
          <StopPointRef>2800S21016B</StopPointRef>
        </To>
      </RouteLink>
      <RouteLink id="rl_0000_19">
        <From>
          <StopPointRef>2800S21016B</StopPointRef>
        </From>
        <To>
          <StopPointRef>2800S21017B</StopPointRef>
        </To>
      </RouteLink>
      <RouteLink id="rl_0000_20">
        <From>
          <StopPointRef>2800S21017B</StopPointRef>
        </From>
        <To>
          <StopPointRef>2800S22001A</StopPointRef>
        </To>
      </RouteLink>
      <RouteLink id="rl_0000_21">
        <From>
          <StopPointRef>2800S22001A</StopPointRef>
        </From>
        <To>
          <StopPointRef>2800S22002A</StopPointRef>
        </To>
      </RouteLink>
      <RouteLink id="rl_0000_22">
        <From>
          <StopPointRef>2800S22002A</StopPointRef>
        </From>
        <To>
          <StopPointRef>2800S22004D</StopPointRef>
        </To>
      </RouteLink>
      <RouteLink id="rl_0000_23">
        <From>
          <StopPointRef>2800S22004D</StopPointRef>
        </From>
        <To>
          <StopPointRef>2800S22033A</StopPointRef>
        </To>
      </RouteLink>
      <RouteLink id="rl_0000_24">
        <From>
          <StopPointRef>2800S22033A</StopPointRef>
        </From>
        <To>
          <StopPointRef>2800S22033J</StopPointRef>
        </To>
      </RouteLink>
      <RouteLink id="rl_0000_25">
        <From>
          <StopPointRef>2800S22033J</StopPointRef>
        </From>
        <To>
          <StopPointRef>2800S22006A</StopPointRef>
        </To>
      </RouteLink>
      <RouteLink id="rl_0000_26">
        <From>
          <StopPointRef>2800S22006A</StopPointRef>
        </From>
        <To>
          <StopPointRef>2800S22010A</StopPointRef>
        </To>
      </RouteLink>
      <RouteLink id="rl_0000_27">
        <From>
          <StopPointRef>2800S22010A</StopPointRef>
        </From>
        <To>
          <StopPointRef>2800S22054A</StopPointRef>
        </To>
      </RouteLink>
      <RouteLink id="rl_0000_28">
        <From>
          <StopPointRef>2800S22054A</StopPointRef>
        </From>
        <To>
          <StopPointRef>2800S22008C</StopPointRef>
        </To>
      </RouteLink>
    </RouteSection>
    <RouteSection id="rsf_0001">
      <RouteLink id="rl_0001_1">
        <From>
          <StopPointRef>2800S22008E</StopPointRef>
        </From>
        <To>
          <StopPointRef>2800S22009D</StopPointRef>
        </To>
      </RouteLink>
      <RouteLink id="rl_0001_2">
        <From>
          <StopPointRef>2800S22009D</StopPointRef>
        </From>
        <To>
          <StopPointRef>2800S22016A</StopPointRef>
        </To>
      </RouteLink>
      <RouteLink id="rl_0001_3">
        <From>
          <StopPointRef>2800S22016A</StopPointRef>
        </From>
        <To>
          <StopPointRef>2800S22043H</StopPointRef>
        </To>
      </RouteLink>
      <RouteLink id="rl_0001_4">
        <From>
          <StopPointRef>2800S22043H</StopPointRef>
        </From>
        <To>
          <StopPointRef>2800S22033E</StopPointRef>
        </To>
      </RouteLink>
      <RouteLink id="rl_0001_5">
        <From>
          <StopPointRef>2800S22033E</StopPointRef>
        </From>
        <To>
          <StopPointRef>2800S22004C</StopPointRef>
        </To>
      </RouteLink>
      <RouteLink id="rl_0001_6">
        <From>
          <StopPointRef>2800S22004C</StopPointRef>
        </From>
        <To>
          <StopPointRef>2800S22002B</StopPointRef>
        </To>
      </RouteLink>
      <RouteLink id="rl_0001_7">
        <From>
          <StopPointRef>2800S22002B</StopPointRef>
        </From>
        <To>
          <StopPointRef>2800S22001B</StopPointRef>
        </To>
      </RouteLink>
      <RouteLink id="rl_0001_8">
        <From>
          <StopPointRef>2800S22001B</StopPointRef>
        </From>
        <To>
          <StopPointRef>2800S21017A</StopPointRef>
        </To>
      </RouteLink>
      <RouteLink id="rl_0001_9">
        <From>
          <StopPointRef>2800S21017A</StopPointRef>
        </From>
        <To>
          <StopPointRef>2800S21016A</StopPointRef>
        </To>
      </RouteLink>
      <RouteLink id="rl_0001_10">
        <From>
          <StopPointRef>2800S21016A</StopPointRef>
        </From>
        <To>
          <StopPointRef>2800S21038A</StopPointRef>
        </To>
      </RouteLink>
      <RouteLink id="rl_0001_11">
        <From>
          <StopPointRef>2800S21038A</StopPointRef>
        </From>
        <To>
          <StopPointRef>2800S21037A</StopPointRef>
        </To>
      </RouteLink>
      <RouteLink id="rl_0001_12">
        <From>
          <StopPointRef>2800S21037A</StopPointRef>
        </From>
        <To>
          <StopPointRef>2800S21025A</StopPointRef>
        </To>
      </RouteLink>
      <RouteLink id="rl_0001_13">
        <From>
          <StopPointRef>2800S21025A</StopPointRef>
        </From>
        <To>
          <StopPointRef>2800S21036A</StopPointRef>
        </To>
      </RouteLink>
      <RouteLink id="rl_0001_14">
        <From>
          <StopPointRef>2800S21036A</StopPointRef>
        </From>
        <To>
          <StopPointRef>2800S21035A</StopPointRef>
        </To>
      </RouteLink>
      <RouteLink id="rl_0001_15">
        <From>
          <StopPointRef>2800S21035A</StopPointRef>
        </From>
        <To>
          <StopPointRef>2800S21034B</StopPointRef>
        </To>
      </RouteLink>
      <RouteLink id="rl_0001_16">
        <From>
          <StopPointRef>2800S21034B</StopPointRef>
        </From>
        <To>
          <StopPointRef>2800S24005F</StopPointRef>
        </To>
      </RouteLink>
      <RouteLink id="rl_0001_17">
        <From>
          <StopPointRef>2800S24005F</StopPointRef>
        </From>
        <To>
          <StopPointRef>2800S24003B</StopPointRef>
        </To>
      </RouteLink>
      <RouteLink id="rl_0001_18">
        <From>
          <StopPointRef>2800S24003B</StopPointRef>
        </From>
        <To>
          <StopPointRef>2800S24010A</StopPointRef>
        </To>
      </RouteLink>
      <RouteLink id="rl_0001_19">
        <From>
          <StopPointRef>2800S24010A</StopPointRef>
        </From>
        <To>
          <StopPointRef>2800S24009A</StopPointRef>
        </To>
      </RouteLink>
      <RouteLink id="rl_0001_20">
        <From>
          <StopPointRef>2800S24009A</StopPointRef>
        </From>
        <To>
          <StopPointRef>2800S23047A</StopPointRef>
        </To>
      </RouteLink>
      <RouteLink id="rl_0001_21">
        <From>
          <StopPointRef>2800S23047A</StopPointRef>
        </From>
        <To>
          <StopPointRef>2800S23046A</StopPointRef>
        </To>
      </RouteLink>
      <RouteLink id="rl_0001_22">
        <From>
          <StopPointRef>2800S23046A</StopPointRef>
        </From>
        <To>
          <StopPointRef>2800S23033A</StopPointRef>
        </To>
      </RouteLink>
      <RouteLink id="rl_0001_23">
        <From>
          <StopPointRef>2800S23033A</StopPointRef>
        </From>
        <To>
          <StopPointRef>2800S23045A</StopPointRef>
        </To>
      </RouteLink>
      <RouteLink id="rl_0001_24">
        <From>
          <StopPointRef>2800S23045A</StopPointRef>
        </From>
        <To>
          <StopPointRef>2800S23004B</StopPointRef>
        </To>
      </RouteLink>
      <RouteLink id="rl_0001_25">
        <From>
          <StopPointRef>2800S23004B</StopPointRef>
        </From>
        <To>
          <StopPointRef>2800S23003A</StopPointRef>
        </To>
      </RouteLink>
      <RouteLink id="rl_0001_26">
        <From>
          <StopPointRef>2800S23003A</StopPointRef>
        </From>
        <To>
          <StopPointRef>2800S23075G</StopPointRef>
        </To>
      </RouteLink>
    </RouteSection>
    <RouteSection id="rsf_0002">
      <RouteLink id="rl_0002_1">
        <From>
          <StopPointRef>2800S22008E</StopPointRef>
        </From>
        <To>
          <StopPointRef>2800S22009D</StopPointRef>
        </To>
      </RouteLink>
      <RouteLink id="rl_0002_2">
        <From>
          <StopPointRef>2800S22009D</StopPointRef>
        </From>
        <To>
          <StopPointRef>2800S22016A</StopPointRef>
        </To>
      </RouteLink>
      <RouteLink id="rl_0002_3">
        <From>
          <StopPointRef>2800S22016A</StopPointRef>
        </From>
        <To>
          <StopPointRef>2800S22043H</StopPointRef>
        </To>
      </RouteLink>
      <RouteLink id="rl_0002_4">
        <From>
          <StopPointRef>2800S22043H</StopPointRef>
        </From>
        <To>
          <StopPointRef>2800S22033E</StopPointRef>
        </To>
      </RouteLink>
      <RouteLink id="rl_0002_5">
        <From>
          <StopPointRef>2800S22033E</StopPointRef>
        </From>
        <To>
          <StopPointRef>2800S22004C</StopPointRef>
        </To>
      </RouteLink>
      <RouteLink id="rl_0002_6">
        <From>
          <StopPointRef>2800S22004C</StopPointRef>
        </From>
        <To>
          <StopPointRef>2800S22002B</StopPointRef>
        </To>
      </RouteLink>
      <RouteLink id="rl_0002_7">
        <From>
          <StopPointRef>2800S22002B</StopPointRef>
        </From>
        <To>
          <StopPointRef>2800S22001B</StopPointRef>
        </To>
      </RouteLink>
      <RouteLink id="rl_0002_8">
        <From>
          <StopPointRef>2800S22001B</StopPointRef>
        </From>
        <To>
          <StopPointRef>2800S21017A</StopPointRef>
        </To>
      </RouteLink>
      <RouteLink id="rl_0002_9">
        <From>
          <StopPointRef>2800S21017A</StopPointRef>
        </From>
        <To>
          <StopPointRef>2800S21016A</StopPointRef>
        </To>
      </RouteLink>
      <RouteLink id="rl_0002_10">
        <From>
          <StopPointRef>2800S21016A</StopPointRef>
        </From>
        <To>
          <StopPointRef>2800S21038A</StopPointRef>
        </To>
      </RouteLink>
      <RouteLink id="rl_0002_11">
        <From>
          <StopPointRef>2800S21038A</StopPointRef>
        </From>
        <To>
          <StopPointRef>2800S21037A</StopPointRef>
        </To>
      </RouteLink>
      <RouteLink id="rl_0002_12">
        <From>
          <StopPointRef>2800S21037A</StopPointRef>
        </From>
        <To>
          <StopPointRef>2800S21025A</StopPointRef>
        </To>
      </RouteLink>
      <RouteLink id="rl_0002_13">
        <From>
          <StopPointRef>2800S21025A</StopPointRef>
        </From>
        <To>
          <StopPointRef>2800S21036A</StopPointRef>
        </To>
      </RouteLink>
      <RouteLink id="rl_0002_14">
        <From>
          <StopPointRef>2800S21036A</StopPointRef>
        </From>
        <To>
          <StopPointRef>2800S21035A</StopPointRef>
        </To>
      </RouteLink>
      <RouteLink id="rl_0002_15">
        <From>
          <StopPointRef>2800S21035A</StopPointRef>
        </From>
        <To>
          <StopPointRef>2800S21034B</StopPointRef>
        </To>
      </RouteLink>
      <RouteLink id="rl_0002_16">
        <From>
          <StopPointRef>2800S21034B</StopPointRef>
        </From>
        <To>
          <StopPointRef>2800S24005F</StopPointRef>
        </To>
      </RouteLink>
      <RouteLink id="rl_0002_17">
        <From>
          <StopPointRef>2800S24005F</StopPointRef>
        </From>
        <To>
          <StopPointRef>2800S24003B</StopPointRef>
        </To>
      </RouteLink>
      <RouteLink id="rl_0002_18">
        <From>
          <StopPointRef>2800S24003B</StopPointRef>
        </From>
        <To>
          <StopPointRef>2800S24010A</StopPointRef>
        </To>
      </RouteLink>
      <RouteLink id="rl_0002_19">
        <From>
          <StopPointRef>2800S24010A</StopPointRef>
        </From>
        <To>
          <StopPointRef>2800S24009A</StopPointRef>
        </To>
      </RouteLink>
      <RouteLink id="rl_0002_20">
        <From>
          <StopPointRef>2800S24009A</StopPointRef>
        </From>
        <To>
          <StopPointRef>2800S23047A</StopPointRef>
        </To>
      </RouteLink>
      <RouteLink id="rl_0002_21">
        <From>
          <StopPointRef>2800S23047A</StopPointRef>
        </From>
        <To>
          <StopPointRef>2800S23046A</StopPointRef>
        </To>
      </RouteLink>
      <RouteLink id="rl_0002_22">
        <From>
          <StopPointRef>2800S23046A</StopPointRef>
        </From>
        <To>
          <StopPointRef>2800S23033A</StopPointRef>
        </To>
      </RouteLink>
      <RouteLink id="rl_0002_23">
        <From>
          <StopPointRef>2800S23033A</StopPointRef>
        </From>
        <To>
          <StopPointRef>2800S23045A</StopPointRef>
        </To>
      </RouteLink>
      <RouteLink id="rl_0002_24">
        <From>
          <StopPointRef>2800S23045A</StopPointRef>
        </From>
        <To>
          <StopPointRef>2800S23004B</StopPointRef>
        </To>
      </RouteLink>
      <RouteLink id="rl_0002_25">
        <From>
          <StopPointRef>2800S23004B</StopPointRef>
        </From>
        <To>
          <StopPointRef>2800S23003A</StopPointRef>
        </To>
      </RouteLink>
      <RouteLink id="rl_0002_26">
        <From>
          <StopPointRef>2800S23003A</StopPointRef>
        </From>
        <To>
          <StopPointRef>2800S23075G</StopPointRef>
        </To>
      </RouteLink>
    </RouteSection>
  </RouteSections>
  <Routes>
    <Route id="rt_0000">
      <Description>No route description available</Description>
      <RouteSectionRef>rsf_0000</RouteSectionRef>
    </Route>
    <Route id="rt_0001">
      <Description>No route description available</Description>
      <RouteSectionRef>rsf_0001</RouteSectionRef>
    </Route>
    <Route id="rt_0002">
      <Description>No route description available</Description>
      <RouteSectionRef>rsf_0002</RouteSectionRef>
    </Route>
  </Routes>
  <JourneyPatternSections>
    <JourneyPatternSection id="js_1">
      <JourneyPatternTimingLink id="jptl_1">
        <From SequenceNumber="1">
          <Activity>pickUp</Activity>
          <StopPointRef>2800S23075J</StopPointRef>
          <TimingStatus>principalTimingPoint</TimingStatus>
        </From>
        <To SequenceNumber="2">
          <StopPointRef>2800S23003B</StopPointRef>
          <TimingStatus>otherPoint</TimingStatus>
        </To>
        <RouteLinkRef>rl_0000_1</RouteLinkRef>
        <RunTime>PT1M</RunTime>
      </JourneyPatternTimingLink>
      <JourneyPatternTimingLink id="jptl_2">
        <From SequenceNumber="2">
          <StopPointRef>2800S23003B</StopPointRef>
          <TimingStatus>otherPoint</TimingStatus>
        </From>
        <To SequenceNumber="3">
          <StopPointRef>2800S23004A</StopPointRef>
          <TimingStatus>otherPoint</TimingStatus>
        </To>
        <RouteLinkRef>rl_0000_2</RouteLinkRef>
        <RunTime>PT2M</RunTime>
      </JourneyPatternTimingLink>
      <JourneyPatternTimingLink id="jptl_3">
        <From SequenceNumber="3">
          <StopPointRef>2800S23004A</StopPointRef>
          <TimingStatus>otherPoint</TimingStatus>
        </From>
        <To SequenceNumber="4">
          <StopPointRef>2800S23045B</StopPointRef>
          <TimingStatus>otherPoint</TimingStatus>
        </To>
        <RouteLinkRef>rl_0000_3</RouteLinkRef>
        <RunTime>PT0S</RunTime>
      </JourneyPatternTimingLink>
      <JourneyPatternTimingLink id="jptl_4">
        <From SequenceNumber="4">
          <StopPointRef>2800S23045B</StopPointRef>
          <TimingStatus>otherPoint</TimingStatus>
        </From>
        <To SequenceNumber="5">
          <StopPointRef>2800S23033B</StopPointRef>
          <TimingStatus>otherPoint</TimingStatus>
        </To>
        <RouteLinkRef>rl_0000_4</RouteLinkRef>
        <RunTime>PT1M</RunTime>
      </JourneyPatternTimingLink>
      <JourneyPatternTimingLink id="jptl_5">
        <From SequenceNumber="5">
          <StopPointRef>2800S23033B</StopPointRef>
          <TimingStatus>otherPoint</TimingStatus>
        </From>
        <To SequenceNumber="6">
          <StopPointRef>2800S23046B</StopPointRef>
          <TimingStatus>otherPoint</TimingStatus>
        </To>
        <RouteLinkRef>rl_0000_5</RouteLinkRef>
        <RunTime>PT1M</RunTime>
      </JourneyPatternTimingLink>
      <JourneyPatternTimingLink id="jptl_6">
        <From SequenceNumber="6">
          <StopPointRef>2800S23046B</StopPointRef>
          <TimingStatus>otherPoint</TimingStatus>
        </From>
        <To SequenceNumber="7">
          <StopPointRef>2800S23047B</StopPointRef>
          <TimingStatus>otherPoint</TimingStatus>
        </To>
        <RouteLinkRef>rl_0000_6</RouteLinkRef>
        <RunTime>PT1M</RunTime>
      </JourneyPatternTimingLink>
      <JourneyPatternTimingLink id="jptl_7">
        <From SequenceNumber="7">
          <StopPointRef>2800S23047B</StopPointRef>
          <TimingStatus>otherPoint</TimingStatus>
        </From>
        <To SequenceNumber="8">
          <StopPointRef>2800S24009B</StopPointRef>
          <TimingStatus>otherPoint</TimingStatus>
        </To>
        <RouteLinkRef>rl_0000_7</RouteLinkRef>
        <RunTime>PT1M</RunTime>
      </JourneyPatternTimingLink>
      <JourneyPatternTimingLink id="jptl_8">
        <From SequenceNumber="8">
          <StopPointRef>2800S24009B</StopPointRef>
          <TimingStatus>otherPoint</TimingStatus>
        </From>
        <To SequenceNumber="9">
          <StopPointRef>2800S24010B</StopPointRef>
          <TimingStatus>otherPoint</TimingStatus>
        </To>
        <RouteLinkRef>rl_0000_8</RouteLinkRef>
        <RunTime>PT1M</RunTime>
      </JourneyPatternTimingLink>
      <JourneyPatternTimingLink id="jptl_9">
        <From SequenceNumber="9">
          <StopPointRef>2800S24010B</StopPointRef>
          <TimingStatus>otherPoint</TimingStatus>
        </From>
        <To SequenceNumber="10">
          <StopPointRef>2800S24007C</StopPointRef>
          <TimingStatus>principalTimingPoint</TimingStatus>
        </To>
        <RouteLinkRef>rl_0000_9</RouteLinkRef>
        <RunTime>PT1M</RunTime>
      </JourneyPatternTimingLink>
      <JourneyPatternTimingLink id="jptl_10">
        <From SequenceNumber="10">
          <StopPointRef>2800S24007C</StopPointRef>
          <TimingStatus>principalTimingPoint</TimingStatus>
        </From>
        <To SequenceNumber="11">
          <StopPointRef>2800S24003F</StopPointRef>
          <TimingStatus>otherPoint</TimingStatus>
        </To>
        <RouteLinkRef>rl_0000_10</RouteLinkRef>
        <RunTime>PT1M</RunTime>
      </JourneyPatternTimingLink>
      <JourneyPatternTimingLink id="jptl_11">
        <From SequenceNumber="11">
          <StopPointRef>2800S24003F</StopPointRef>
          <TimingStatus>otherPoint</TimingStatus>
        </From>
        <To SequenceNumber="12">
          <StopPointRef>2800S24005G</StopPointRef>
          <TimingStatus>otherPoint</TimingStatus>
        </To>
        <RouteLinkRef>rl_0000_11</RouteLinkRef>
        <RunTime>PT2M</RunTime>
      </JourneyPatternTimingLink>
      <JourneyPatternTimingLink id="jptl_12">
        <From SequenceNumber="12">
          <StopPointRef>2800S24005G</StopPointRef>
          <TimingStatus>otherPoint</TimingStatus>
        </From>
        <To SequenceNumber="13">
          <StopPointRef>2800S21034A</StopPointRef>
          <TimingStatus>otherPoint</TimingStatus>
        </To>
        <RouteLinkRef>rl_0000_12</RouteLinkRef>
        <RunTime>PT0S</RunTime>
      </JourneyPatternTimingLink>
      <JourneyPatternTimingLink id="jptl_13">
        <From SequenceNumber="13">
          <StopPointRef>2800S21034A</StopPointRef>
          <TimingStatus>otherPoint</TimingStatus>
        </From>
        <To SequenceNumber="14">
          <StopPointRef>2800S21035B</StopPointRef>
          <TimingStatus>otherPoint</TimingStatus>
        </To>
        <RouteLinkRef>rl_0000_13</RouteLinkRef>
        <RunTime>PT1M</RunTime>
      </JourneyPatternTimingLink>
      <JourneyPatternTimingLink id="jptl_14">
        <From SequenceNumber="14">
          <StopPointRef>2800S21035B</StopPointRef>
          <TimingStatus>otherPoint</TimingStatus>
        </From>
        <To SequenceNumber="15">
          <StopPointRef>2800S21036B</StopPointRef>
          <TimingStatus>otherPoint</TimingStatus>
        </To>
        <RouteLinkRef>rl_0000_14</RouteLinkRef>
        <RunTime>PT1M</RunTime>
      </JourneyPatternTimingLink>
      <JourneyPatternTimingLink id="jptl_15">
        <From SequenceNumber="15">
          <StopPointRef>2800S21036B</StopPointRef>
          <TimingStatus>otherPoint</TimingStatus>
        </From>
        <To SequenceNumber="16">
          <StopPointRef>2800S21025D</StopPointRef>
          <TimingStatus>otherPoint</TimingStatus>
        </To>
        <RouteLinkRef>rl_0000_15</RouteLinkRef>
        <RunTime>PT1M</RunTime>
      </JourneyPatternTimingLink>
      <JourneyPatternTimingLink id="jptl_16">
        <From SequenceNumber="16">
          <StopPointRef>2800S21025D</StopPointRef>
          <TimingStatus>otherPoint</TimingStatus>
        </From>
        <To SequenceNumber="17">
          <StopPointRef>2800S21037B</StopPointRef>
          <TimingStatus>otherPoint</TimingStatus>
        </To>
        <RouteLinkRef>rl_0000_16</RouteLinkRef>
        <RunTime>PT1M</RunTime>
      </JourneyPatternTimingLink>
      <JourneyPatternTimingLink id="jptl_17">
        <From SequenceNumber="17">
          <StopPointRef>2800S21037B</StopPointRef>
          <TimingStatus>otherPoint</TimingStatus>
        </From>
        <To SequenceNumber="18">
          <StopPointRef>2800S21038B</StopPointRef>
          <TimingStatus>otherPoint</TimingStatus>
        </To>
        <RouteLinkRef>rl_0000_17</RouteLinkRef>
        <RunTime>PT3M</RunTime>
      </JourneyPatternTimingLink>
      <JourneyPatternTimingLink id="jptl_18">
        <From SequenceNumber="18">
          <StopPointRef>2800S21038B</StopPointRef>
          <TimingStatus>otherPoint</TimingStatus>
        </From>
        <To SequenceNumber="19">
          <StopPointRef>2800S21016B</StopPointRef>
          <TimingStatus>principalTimingPoint</TimingStatus>
        </To>
        <RouteLinkRef>rl_0000_18</RouteLinkRef>
        <RunTime>PT1M</RunTime>
      </JourneyPatternTimingLink>
      <JourneyPatternTimingLink id="jptl_19">
        <From SequenceNumber="19">
          <StopPointRef>2800S21016B</StopPointRef>
          <TimingStatus>principalTimingPoint</TimingStatus>
        </From>
        <To SequenceNumber="20">
          <StopPointRef>2800S21017B</StopPointRef>
          <TimingStatus>otherPoint</TimingStatus>
        </To>
        <RouteLinkRef>rl_0000_19</RouteLinkRef>
        <RunTime>PT2M</RunTime>
      </JourneyPatternTimingLink>
      <JourneyPatternTimingLink id="jptl_20">
        <From SequenceNumber="20">
          <StopPointRef>2800S21017B</StopPointRef>
          <TimingStatus>otherPoint</TimingStatus>
        </From>
        <To SequenceNumber="21">
          <StopPointRef>2800S22001A</StopPointRef>
          <TimingStatus>otherPoint</TimingStatus>
        </To>
        <RouteLinkRef>rl_0000_20</RouteLinkRef>
        <RunTime>PT1M</RunTime>
      </JourneyPatternTimingLink>
      <JourneyPatternTimingLink id="jptl_21">
        <From SequenceNumber="21">
          <StopPointRef>2800S22001A</StopPointRef>
          <TimingStatus>otherPoint</TimingStatus>
        </From>
        <To SequenceNumber="22">
          <StopPointRef>2800S22002A</StopPointRef>
          <TimingStatus>otherPoint</TimingStatus>
        </To>
        <RouteLinkRef>rl_0000_21</RouteLinkRef>
        <RunTime>PT1M</RunTime>
      </JourneyPatternTimingLink>
      <JourneyPatternTimingLink id="jptl_22">
        <From SequenceNumber="22">
          <StopPointRef>2800S22002A</StopPointRef>
          <TimingStatus>otherPoint</TimingStatus>
        </From>
        <To SequenceNumber="23">
          <StopPointRef>2800S22004D</StopPointRef>
          <TimingStatus>otherPoint</TimingStatus>
        </To>
        <RouteLinkRef>rl_0000_22</RouteLinkRef>
        <RunTime>PT2M</RunTime>
      </JourneyPatternTimingLink>
      <JourneyPatternTimingLink id="jptl_23">
        <From SequenceNumber="23">
          <StopPointRef>2800S22004D</StopPointRef>
          <TimingStatus>otherPoint</TimingStatus>
        </From>
        <To SequenceNumber="24">
          <StopPointRef>2800S22033A</StopPointRef>
          <TimingStatus>otherPoint</TimingStatus>
        </To>
        <RouteLinkRef>rl_0000_23</RouteLinkRef>
        <RunTime>PT1M</RunTime>
      </JourneyPatternTimingLink>
      <JourneyPatternTimingLink id="jptl_24">
        <From SequenceNumber="24">
          <StopPointRef>2800S22033A</StopPointRef>
          <TimingStatus>otherPoint</TimingStatus>
        </From>
        <To SequenceNumber="25">
          <StopPointRef>2800S22033J</StopPointRef>
          <TimingStatus>otherPoint</TimingStatus>
        </To>
        <RouteLinkRef>rl_0000_24</RouteLinkRef>
        <RunTime>PT1M</RunTime>
      </JourneyPatternTimingLink>
      <JourneyPatternTimingLink id="jptl_25">
        <From SequenceNumber="25">
          <StopPointRef>2800S22033J</StopPointRef>
          <TimingStatus>otherPoint</TimingStatus>
        </From>
        <To SequenceNumber="26">
          <StopPointRef>2800S22006A</StopPointRef>
          <TimingStatus>otherPoint</TimingStatus>
        </To>
        <RouteLinkRef>rl_0000_25</RouteLinkRef>
        <RunTime>PT1M</RunTime>
      </JourneyPatternTimingLink>
      <JourneyPatternTimingLink id="jptl_26">
        <From SequenceNumber="26">
          <StopPointRef>2800S22006A</StopPointRef>
          <TimingStatus>otherPoint</TimingStatus>
        </From>
        <To SequenceNumber="27">
          <StopPointRef>2800S22010A</StopPointRef>
          <TimingStatus>otherPoint</TimingStatus>
        </To>
        <RouteLinkRef>rl_0000_26</RouteLinkRef>
        <RunTime>PT2M</RunTime>
      </JourneyPatternTimingLink>
      <JourneyPatternTimingLink id="jptl_27">
        <From SequenceNumber="27">
          <StopPointRef>2800S22010A</StopPointRef>
          <TimingStatus>otherPoint</TimingStatus>
        </From>
        <To SequenceNumber="28">
          <StopPointRef>2800S22054A</StopPointRef>
          <TimingStatus>otherPoint</TimingStatus>
        </To>
        <RouteLinkRef>rl_0000_27</RouteLinkRef>
        <RunTime>PT2M</RunTime>
      </JourneyPatternTimingLink>
      <JourneyPatternTimingLink id="jptl_28">
        <From SequenceNumber="28">
          <StopPointRef>2800S22054A</StopPointRef>
          <TimingStatus>otherPoint</TimingStatus>
        </From>
        <To SequenceNumber="29">
          <Activity>setDown</Activity>
          <StopPointRef>2800S22008C</StopPointRef>
          <TimingStatus>principalTimingPoint</TimingStatus>
        </To>
        <RouteLinkRef>rl_0000_28</RouteLinkRef>
        <RunTime>PT1M</RunTime>
      </JourneyPatternTimingLink>
    </JourneyPatternSection>
    <JourneyPatternSection id="js_2">
      <JourneyPatternTimingLink id="jptl_29">
        <From SequenceNumber="1">
          <Activity>pickUp</Activity>
          <StopPointRef>2800S22008E</StopPointRef>
          <TimingStatus>principalTimingPoint</TimingStatus>
        </From>
        <To SequenceNumber="2">
          <StopPointRef>2800S22009D</StopPointRef>
          <TimingStatus>otherPoint</TimingStatus>
        </To>
        <RouteLinkRef>rl_0001_1</RouteLinkRef>
        <RunTime>PT1M</RunTime>
      </JourneyPatternTimingLink>
      <JourneyPatternTimingLink id="jptl_30">
        <From SequenceNumber="2">
          <StopPointRef>2800S22009D</StopPointRef>
          <TimingStatus>otherPoint</TimingStatus>
        </From>
        <To SequenceNumber="3">
          <StopPointRef>2800S22016A</StopPointRef>
          <TimingStatus>otherPoint</TimingStatus>
        </To>
        <RouteLinkRef>rl_0001_2</RouteLinkRef>
        <RunTime>PT2M</RunTime>
      </JourneyPatternTimingLink>
      <JourneyPatternTimingLink id="jptl_31">
        <From SequenceNumber="3">
          <StopPointRef>2800S22016A</StopPointRef>
          <TimingStatus>otherPoint</TimingStatus>
        </From>
        <To SequenceNumber="4">
          <StopPointRef>2800S22043H</StopPointRef>
          <TimingStatus>otherPoint</TimingStatus>
        </To>
        <RouteLinkRef>rl_0001_3</RouteLinkRef>
        <RunTime>PT2M</RunTime>
      </JourneyPatternTimingLink>
      <JourneyPatternTimingLink id="jptl_32">
        <From SequenceNumber="4">
          <StopPointRef>2800S22043H</StopPointRef>
          <TimingStatus>otherPoint</TimingStatus>
        </From>
        <To SequenceNumber="5">
          <StopPointRef>2800S22033E</StopPointRef>
          <TimingStatus>otherPoint</TimingStatus>
        </To>
        <RouteLinkRef>rl_0001_4</RouteLinkRef>
        <RunTime>PT2M</RunTime>
      </JourneyPatternTimingLink>
      <JourneyPatternTimingLink id="jptl_33">
        <From SequenceNumber="5">
          <StopPointRef>2800S22033E</StopPointRef>
          <TimingStatus>otherPoint</TimingStatus>
        </From>
        <To SequenceNumber="6">
          <StopPointRef>2800S22004C</StopPointRef>
          <TimingStatus>otherPoint</TimingStatus>
        </To>
        <RouteLinkRef>rl_0001_5</RouteLinkRef>
        <RunTime>PT1M</RunTime>
      </JourneyPatternTimingLink>
      <JourneyPatternTimingLink id="jptl_34">
        <From SequenceNumber="6">
          <StopPointRef>2800S22004C</StopPointRef>
          <TimingStatus>otherPoint</TimingStatus>
        </From>
        <To SequenceNumber="7">
          <StopPointRef>2800S22002B</StopPointRef>
          <TimingStatus>otherPoint</TimingStatus>
        </To>
        <RouteLinkRef>rl_0001_6</RouteLinkRef>
        <RunTime>PT2M</RunTime>
      </JourneyPatternTimingLink>
      <JourneyPatternTimingLink id="jptl_35">
        <From SequenceNumber="7">
          <StopPointRef>2800S22002B</StopPointRef>
          <TimingStatus>otherPoint</TimingStatus>
        </From>
        <To SequenceNumber="8">
          <StopPointRef>2800S22001B</StopPointRef>
          <TimingStatus>otherPoint</TimingStatus>
        </To>
        <RouteLinkRef>rl_0001_7</RouteLinkRef>
        <RunTime>PT1M</RunTime>
      </JourneyPatternTimingLink>
      <JourneyPatternTimingLink id="jptl_36">
        <From SequenceNumber="8">
          <StopPointRef>2800S22001B</StopPointRef>
          <TimingStatus>otherPoint</TimingStatus>
        </From>
        <To SequenceNumber="9">
          <StopPointRef>2800S21017A</StopPointRef>
          <TimingStatus>otherPoint</TimingStatus>
        </To>
        <RouteLinkRef>rl_0001_8</RouteLinkRef>
        <RunTime>PT2M</RunTime>
      </JourneyPatternTimingLink>
      <JourneyPatternTimingLink id="jptl_37">
        <From SequenceNumber="9">
          <StopPointRef>2800S21017A</StopPointRef>
          <TimingStatus>otherPoint</TimingStatus>
        </From>
        <To SequenceNumber="10">
          <StopPointRef>2800S21016A</StopPointRef>
          <TimingStatus>principalTimingPoint</TimingStatus>
        </To>
        <RouteLinkRef>rl_0001_9</RouteLinkRef>
        <RunTime>PT1M</RunTime>
      </JourneyPatternTimingLink>
      <JourneyPatternTimingLink id="jptl_38">
        <From SequenceNumber="10">
          <StopPointRef>2800S21016A</StopPointRef>
          <TimingStatus>principalTimingPoint</TimingStatus>
        </From>
        <To SequenceNumber="11">
          <StopPointRef>2800S21038A</StopPointRef>
          <TimingStatus>otherPoint</TimingStatus>
        </To>
        <RouteLinkRef>rl_0001_10</RouteLinkRef>
        <RunTime>PT2M</RunTime>
      </JourneyPatternTimingLink>
      <JourneyPatternTimingLink id="jptl_39">
        <From SequenceNumber="11">
          <StopPointRef>2800S21038A</StopPointRef>
          <TimingStatus>otherPoint</TimingStatus>
        </From>
        <To SequenceNumber="12">
          <StopPointRef>2800S21037A</StopPointRef>
          <TimingStatus>otherPoint</TimingStatus>
        </To>
        <RouteLinkRef>rl_0001_11</RouteLinkRef>
        <RunTime>PT2M</RunTime>
      </JourneyPatternTimingLink>
      <JourneyPatternTimingLink id="jptl_40">
        <From SequenceNumber="12">
          <StopPointRef>2800S21037A</StopPointRef>
          <TimingStatus>otherPoint</TimingStatus>
        </From>
        <To SequenceNumber="13">
          <StopPointRef>2800S21025A</StopPointRef>
          <TimingStatus>otherPoint</TimingStatus>
        </To>
        <RouteLinkRef>rl_0001_12</RouteLinkRef>
        <RunTime>PT1M</RunTime>
      </JourneyPatternTimingLink>
      <JourneyPatternTimingLink id="jptl_41">
        <From SequenceNumber="13">
          <StopPointRef>2800S21025A</StopPointRef>
          <TimingStatus>otherPoint</TimingStatus>
        </From>
        <To SequenceNumber="14">
          <StopPointRef>2800S21036A</StopPointRef>
          <TimingStatus>otherPoint</TimingStatus>
        </To>
        <RouteLinkRef>rl_0001_13</RouteLinkRef>
        <RunTime>PT1M</RunTime>
      </JourneyPatternTimingLink>
      <JourneyPatternTimingLink id="jptl_42">
        <From SequenceNumber="14">
          <StopPointRef>2800S21036A</StopPointRef>
          <TimingStatus>otherPoint</TimingStatus>
        </From>
        <To SequenceNumber="15">
          <StopPointRef>2800S21035A</StopPointRef>
          <TimingStatus>otherPoint</TimingStatus>
        </To>
        <RouteLinkRef>rl_0001_14</RouteLinkRef>
        <RunTime>PT1M</RunTime>
      </JourneyPatternTimingLink>
      <JourneyPatternTimingLink id="jptl_43">
        <From SequenceNumber="15">
          <StopPointRef>2800S21035A</StopPointRef>
          <TimingStatus>otherPoint</TimingStatus>
        </From>
        <To SequenceNumber="16">
          <StopPointRef>2800S21034B</StopPointRef>
          <TimingStatus>otherPoint</TimingStatus>
        </To>
        <RouteLinkRef>rl_0001_15</RouteLinkRef>
        <RunTime>PT1M</RunTime>
      </JourneyPatternTimingLink>
      <JourneyPatternTimingLink id="jptl_44">
        <From SequenceNumber="16">
          <StopPointRef>2800S21034B</StopPointRef>
          <TimingStatus>otherPoint</TimingStatus>
        </From>
        <To SequenceNumber="17">
          <StopPointRef>2800S24005F</StopPointRef>
          <TimingStatus>otherPoint</TimingStatus>
        </To>
        <RouteLinkRef>rl_0001_16</RouteLinkRef>
        <RunTime>PT1M</RunTime>
      </JourneyPatternTimingLink>
      <JourneyPatternTimingLink id="jptl_45">
        <From SequenceNumber="17">
          <StopPointRef>2800S24005F</StopPointRef>
          <TimingStatus>otherPoint</TimingStatus>
        </From>
        <To SequenceNumber="18">
          <StopPointRef>2800S24003B</StopPointRef>
          <TimingStatus>principalTimingPoint</TimingStatus>
        </To>
        <RouteLinkRef>rl_0001_17</RouteLinkRef>
        <RunTime>PT1M</RunTime>
      </JourneyPatternTimingLink>
      <JourneyPatternTimingLink id="jptl_46">
        <From SequenceNumber="18">
          <StopPointRef>2800S24003B</StopPointRef>
          <TimingStatus>principalTimingPoint</TimingStatus>
        </From>
        <To SequenceNumber="19">
          <StopPointRef>2800S24010A</StopPointRef>
          <TimingStatus>otherPoint</TimingStatus>
        </To>
        <RouteLinkRef>rl_0001_18</RouteLinkRef>
        <RunTime>PT1M</RunTime>
      </JourneyPatternTimingLink>
      <JourneyPatternTimingLink id="jptl_47">
        <From SequenceNumber="19">
          <StopPointRef>2800S24010A</StopPointRef>
          <TimingStatus>otherPoint</TimingStatus>
        </From>
        <To SequenceNumber="20">
          <StopPointRef>2800S24009A</StopPointRef>
          <TimingStatus>otherPoint</TimingStatus>
        </To>
        <RouteLinkRef>rl_0001_19</RouteLinkRef>
        <RunTime>PT1M</RunTime>
      </JourneyPatternTimingLink>
      <JourneyPatternTimingLink id="jptl_48">
        <From SequenceNumber="20">
          <StopPointRef>2800S24009A</StopPointRef>
          <TimingStatus>otherPoint</TimingStatus>
        </From>
        <To SequenceNumber="21">
          <StopPointRef>2800S23047A</StopPointRef>
          <TimingStatus>otherPoint</TimingStatus>
        </To>
        <RouteLinkRef>rl_0001_20</RouteLinkRef>
        <RunTime>PT0S</RunTime>
      </JourneyPatternTimingLink>
      <JourneyPatternTimingLink id="jptl_49">
        <From SequenceNumber="21">
          <StopPointRef>2800S23047A</StopPointRef>
          <TimingStatus>otherPoint</TimingStatus>
        </From>
        <To SequenceNumber="22">
          <StopPointRef>2800S23046A</StopPointRef>
          <TimingStatus>otherPoint</TimingStatus>
        </To>
        <RouteLinkRef>rl_0001_21</RouteLinkRef>
        <RunTime>PT1M</RunTime>
      </JourneyPatternTimingLink>
      <JourneyPatternTimingLink id="jptl_50">
        <From SequenceNumber="22">
          <StopPointRef>2800S23046A</StopPointRef>
          <TimingStatus>otherPoint</TimingStatus>
        </From>
        <To SequenceNumber="23">
          <StopPointRef>2800S23033A</StopPointRef>
          <TimingStatus>otherPoint</TimingStatus>
        </To>
        <RouteLinkRef>rl_0001_22</RouteLinkRef>
        <RunTime>PT1M</RunTime>
      </JourneyPatternTimingLink>
      <JourneyPatternTimingLink id="jptl_51">
        <From SequenceNumber="23">
          <StopPointRef>2800S23033A</StopPointRef>
          <TimingStatus>otherPoint</TimingStatus>
        </From>
        <To SequenceNumber="24">
          <StopPointRef>2800S23045A</StopPointRef>
          <TimingStatus>otherPoint</TimingStatus>
        </To>
        <RouteLinkRef>rl_0001_23</RouteLinkRef>
        <RunTime>PT0S</RunTime>
      </JourneyPatternTimingLink>
      <JourneyPatternTimingLink id="jptl_52">
        <From SequenceNumber="24">
          <StopPointRef>2800S23045A</StopPointRef>
          <TimingStatus>otherPoint</TimingStatus>
        </From>
        <To SequenceNumber="25">
          <StopPointRef>2800S23004B</StopPointRef>
          <TimingStatus>otherPoint</TimingStatus>
        </To>
        <RouteLinkRef>rl_0001_24</RouteLinkRef>
        <RunTime>PT1M</RunTime>
      </JourneyPatternTimingLink>
      <JourneyPatternTimingLink id="jptl_53">
        <From SequenceNumber="25">
          <StopPointRef>2800S23004B</StopPointRef>
          <TimingStatus>otherPoint</TimingStatus>
        </From>
        <To SequenceNumber="26">
          <StopPointRef>2800S23003A</StopPointRef>
          <TimingStatus>otherPoint</TimingStatus>
        </To>
        <RouteLinkRef>rl_0001_25</RouteLinkRef>
        <RunTime>PT1M</RunTime>
      </JourneyPatternTimingLink>
      <JourneyPatternTimingLink id="jptl_54">
        <From SequenceNumber="26">
          <StopPointRef>2800S23003A</StopPointRef>
          <TimingStatus>otherPoint</TimingStatus>
        </From>
        <To SequenceNumber="27">
          <Activity>setDown</Activity>
          <StopPointRef>2800S23075G</StopPointRef>
          <TimingStatus>principalTimingPoint</TimingStatus>
        </To>
        <RouteLinkRef>rl_0001_26</RouteLinkRef>
        <RunTime>PT1M</RunTime>
      </JourneyPatternTimingLink>
    </JourneyPatternSection>
    <JourneyPatternSection id="js_3">
      <JourneyPatternTimingLink id="jptl_55">
        <From SequenceNumber="1">
          <Activity>pickUp</Activity>
          <StopPointRef>2800S22008E</StopPointRef>
          <TimingStatus>principalTimingPoint</TimingStatus>
        </From>
        <To SequenceNumber="2">
          <StopPointRef>2800S22009D</StopPointRef>
          <TimingStatus>otherPoint</TimingStatus>
        </To>
        <RouteLinkRef>rl_0002_1</RouteLinkRef>
        <RunTime>PT1M</RunTime>
      </JourneyPatternTimingLink>
      <JourneyPatternTimingLink id="jptl_56">
        <From SequenceNumber="2">
          <StopPointRef>2800S22009D</StopPointRef>
          <TimingStatus>otherPoint</TimingStatus>
        </From>
        <To SequenceNumber="3">
          <StopPointRef>2800S22016A</StopPointRef>
          <TimingStatus>otherPoint</TimingStatus>
        </To>
        <RouteLinkRef>rl_0002_2</RouteLinkRef>
        <RunTime>PT1M</RunTime>
      </JourneyPatternTimingLink>
      <JourneyPatternTimingLink id="jptl_57">
        <From SequenceNumber="3">
          <StopPointRef>2800S22016A</StopPointRef>
          <TimingStatus>otherPoint</TimingStatus>
        </From>
        <To SequenceNumber="4">
          <StopPointRef>2800S22043H</StopPointRef>
          <TimingStatus>otherPoint</TimingStatus>
        </To>
        <RouteLinkRef>rl_0002_3</RouteLinkRef>
        <RunTime>PT2M</RunTime>
      </JourneyPatternTimingLink>
      <JourneyPatternTimingLink id="jptl_58">
        <From SequenceNumber="4">
          <StopPointRef>2800S22043H</StopPointRef>
          <TimingStatus>otherPoint</TimingStatus>
        </From>
        <To SequenceNumber="5">
          <StopPointRef>2800S22033E</StopPointRef>
          <TimingStatus>otherPoint</TimingStatus>
        </To>
        <RouteLinkRef>rl_0002_4</RouteLinkRef>
        <RunTime>PT2M</RunTime>
      </JourneyPatternTimingLink>
      <JourneyPatternTimingLink id="jptl_59">
        <From SequenceNumber="5">
          <StopPointRef>2800S22033E</StopPointRef>
          <TimingStatus>otherPoint</TimingStatus>
        </From>
        <To SequenceNumber="6">
          <StopPointRef>2800S22004C</StopPointRef>
          <TimingStatus>otherPoint</TimingStatus>
        </To>
        <RouteLinkRef>rl_0002_5</RouteLinkRef>
        <RunTime>PT1M</RunTime>
      </JourneyPatternTimingLink>
      <JourneyPatternTimingLink id="jptl_60">
        <From SequenceNumber="6">
          <StopPointRef>2800S22004C</StopPointRef>
          <TimingStatus>otherPoint</TimingStatus>
        </From>
        <To SequenceNumber="7">
          <StopPointRef>2800S22002B</StopPointRef>
          <TimingStatus>otherPoint</TimingStatus>
        </To>
        <RouteLinkRef>rl_0002_6</RouteLinkRef>
        <RunTime>PT2M</RunTime>
      </JourneyPatternTimingLink>
      <JourneyPatternTimingLink id="jptl_61">
        <From SequenceNumber="7">
          <StopPointRef>2800S22002B</StopPointRef>
          <TimingStatus>otherPoint</TimingStatus>
        </From>
        <To SequenceNumber="8">
          <StopPointRef>2800S22001B</StopPointRef>
          <TimingStatus>otherPoint</TimingStatus>
        </To>
        <RouteLinkRef>rl_0002_7</RouteLinkRef>
        <RunTime>PT1M</RunTime>
      </JourneyPatternTimingLink>
      <JourneyPatternTimingLink id="jptl_62">
        <From SequenceNumber="8">
          <StopPointRef>2800S22001B</StopPointRef>
          <TimingStatus>otherPoint</TimingStatus>
        </From>
        <To SequenceNumber="9">
          <StopPointRef>2800S21017A</StopPointRef>
          <TimingStatus>otherPoint</TimingStatus>
        </To>
        <RouteLinkRef>rl_0002_8</RouteLinkRef>
        <RunTime>PT1M</RunTime>
      </JourneyPatternTimingLink>
      <JourneyPatternTimingLink id="jptl_63">
        <From SequenceNumber="9">
          <StopPointRef>2800S21017A</StopPointRef>
          <TimingStatus>otherPoint</TimingStatus>
        </From>
        <To SequenceNumber="10">
          <StopPointRef>2800S21016A</StopPointRef>
          <TimingStatus>principalTimingPoint</TimingStatus>
        </To>
        <RouteLinkRef>rl_0002_9</RouteLinkRef>
        <RunTime>PT1M</RunTime>
      </JourneyPatternTimingLink>
      <JourneyPatternTimingLink id="jptl_64">
        <From SequenceNumber="10">
          <StopPointRef>2800S21016A</StopPointRef>
          <TimingStatus>principalTimingPoint</TimingStatus>
        </From>
        <To SequenceNumber="11">
          <StopPointRef>2800S21038A</StopPointRef>
          <TimingStatus>otherPoint</TimingStatus>
        </To>
        <RouteLinkRef>rl_0002_10</RouteLinkRef>
        <RunTime>PT1M</RunTime>
      </JourneyPatternTimingLink>
      <JourneyPatternTimingLink id="jptl_65">
        <From SequenceNumber="11">
          <StopPointRef>2800S21038A</StopPointRef>
          <TimingStatus>otherPoint</TimingStatus>
        </From>
        <To SequenceNumber="12">
          <StopPointRef>2800S21037A</StopPointRef>
          <TimingStatus>otherPoint</TimingStatus>
        </To>
        <RouteLinkRef>rl_0002_11</RouteLinkRef>
        <RunTime>PT3M</RunTime>
      </JourneyPatternTimingLink>
      <JourneyPatternTimingLink id="jptl_66">
        <From SequenceNumber="12">
          <StopPointRef>2800S21037A</StopPointRef>
          <TimingStatus>otherPoint</TimingStatus>
        </From>
        <To SequenceNumber="13">
          <StopPointRef>2800S21025A</StopPointRef>
          <TimingStatus>otherPoint</TimingStatus>
        </To>
        <RouteLinkRef>rl_0002_12</RouteLinkRef>
        <RunTime>PT1M</RunTime>
      </JourneyPatternTimingLink>
      <JourneyPatternTimingLink id="jptl_67">
        <From SequenceNumber="13">
          <StopPointRef>2800S21025A</StopPointRef>
          <TimingStatus>otherPoint</TimingStatus>
        </From>
        <To SequenceNumber="14">
          <StopPointRef>2800S21036A</StopPointRef>
          <TimingStatus>otherPoint</TimingStatus>
        </To>
        <RouteLinkRef>rl_0002_13</RouteLinkRef>
        <RunTime>PT1M</RunTime>
      </JourneyPatternTimingLink>
      <JourneyPatternTimingLink id="jptl_68">
        <From SequenceNumber="14">
          <StopPointRef>2800S21036A</StopPointRef>
          <TimingStatus>otherPoint</TimingStatus>
        </From>
        <To SequenceNumber="15">
          <StopPointRef>2800S21035A</StopPointRef>
          <TimingStatus>otherPoint</TimingStatus>
        </To>
        <RouteLinkRef>rl_0002_14</RouteLinkRef>
        <RunTime>PT0S</RunTime>
      </JourneyPatternTimingLink>
      <JourneyPatternTimingLink id="jptl_69">
        <From SequenceNumber="15">
          <StopPointRef>2800S21035A</StopPointRef>
          <TimingStatus>otherPoint</TimingStatus>
        </From>
        <To SequenceNumber="16">
          <StopPointRef>2800S21034B</StopPointRef>
          <TimingStatus>otherPoint</TimingStatus>
        </To>
        <RouteLinkRef>rl_0002_15</RouteLinkRef>
        <RunTime>PT1M</RunTime>
      </JourneyPatternTimingLink>
      <JourneyPatternTimingLink id="jptl_70">
        <From SequenceNumber="16">
          <StopPointRef>2800S21034B</StopPointRef>
          <TimingStatus>otherPoint</TimingStatus>
        </From>
        <To SequenceNumber="17">
          <StopPointRef>2800S24005F</StopPointRef>
          <TimingStatus>otherPoint</TimingStatus>
        </To>
        <RouteLinkRef>rl_0002_16</RouteLinkRef>
        <RunTime>PT1M</RunTime>
      </JourneyPatternTimingLink>
      <JourneyPatternTimingLink id="jptl_71">
        <From SequenceNumber="17">
          <StopPointRef>2800S24005F</StopPointRef>
          <TimingStatus>otherPoint</TimingStatus>
        </From>
        <To SequenceNumber="18">
          <StopPointRef>2800S24003B</StopPointRef>
          <TimingStatus>principalTimingPoint</TimingStatus>
        </To>
        <RouteLinkRef>rl_0002_17</RouteLinkRef>
        <RunTime>PT1M</RunTime>
      </JourneyPatternTimingLink>
      <JourneyPatternTimingLink id="jptl_72">
        <From SequenceNumber="18">
          <StopPointRef>2800S24003B</StopPointRef>
          <TimingStatus>principalTimingPoint</TimingStatus>
        </From>
        <To SequenceNumber="19">
          <StopPointRef>2800S24010A</StopPointRef>
          <TimingStatus>otherPoint</TimingStatus>
        </To>
        <RouteLinkRef>rl_0002_18</RouteLinkRef>
        <RunTime>PT1M</RunTime>
      </JourneyPatternTimingLink>
      <JourneyPatternTimingLink id="jptl_73">
        <From SequenceNumber="19">
          <StopPointRef>2800S24010A</StopPointRef>
          <TimingStatus>otherPoint</TimingStatus>
        </From>
        <To SequenceNumber="20">
          <StopPointRef>2800S24009A</StopPointRef>
          <TimingStatus>otherPoint</TimingStatus>
        </To>
        <RouteLinkRef>rl_0002_19</RouteLinkRef>
        <RunTime>PT1M</RunTime>
      </JourneyPatternTimingLink>
      <JourneyPatternTimingLink id="jptl_74">
        <From SequenceNumber="20">
          <StopPointRef>2800S24009A</StopPointRef>
          <TimingStatus>otherPoint</TimingStatus>
        </From>
        <To SequenceNumber="21">
          <StopPointRef>2800S23047A</StopPointRef>
          <TimingStatus>otherPoint</TimingStatus>
        </To>
        <RouteLinkRef>rl_0002_20</RouteLinkRef>
        <RunTime>PT0S</RunTime>
      </JourneyPatternTimingLink>
      <JourneyPatternTimingLink id="jptl_75">
        <From SequenceNumber="21">
          <StopPointRef>2800S23047A</StopPointRef>
          <TimingStatus>otherPoint</TimingStatus>
        </From>
        <To SequenceNumber="22">
          <StopPointRef>2800S23046A</StopPointRef>
          <TimingStatus>otherPoint</TimingStatus>
        </To>
        <RouteLinkRef>rl_0002_21</RouteLinkRef>
        <RunTime>PT1M</RunTime>
      </JourneyPatternTimingLink>
      <JourneyPatternTimingLink id="jptl_76">
        <From SequenceNumber="22">
          <StopPointRef>2800S23046A</StopPointRef>
          <TimingStatus>otherPoint</TimingStatus>
        </From>
        <To SequenceNumber="23">
          <StopPointRef>2800S23033A</StopPointRef>
          <TimingStatus>otherPoint</TimingStatus>
        </To>
        <RouteLinkRef>rl_0002_22</RouteLinkRef>
        <RunTime>PT1M</RunTime>
      </JourneyPatternTimingLink>
      <JourneyPatternTimingLink id="jptl_77">
        <From SequenceNumber="23">
          <StopPointRef>2800S23033A</StopPointRef>
          <TimingStatus>otherPoint</TimingStatus>
        </From>
        <To SequenceNumber="24">
          <StopPointRef>2800S23045A</StopPointRef>
          <TimingStatus>otherPoint</TimingStatus>
        </To>
        <RouteLinkRef>rl_0002_23</RouteLinkRef>
        <RunTime>PT0S</RunTime>
      </JourneyPatternTimingLink>
      <JourneyPatternTimingLink id="jptl_78">
        <From SequenceNumber="24">
          <StopPointRef>2800S23045A</StopPointRef>
          <TimingStatus>otherPoint</TimingStatus>
        </From>
        <To SequenceNumber="25">
          <StopPointRef>2800S23004B</StopPointRef>
          <TimingStatus>otherPoint</TimingStatus>
        </To>
        <RouteLinkRef>rl_0002_24</RouteLinkRef>
        <RunTime>PT1M</RunTime>
      </JourneyPatternTimingLink>
      <JourneyPatternTimingLink id="jptl_79">
        <From SequenceNumber="25">
          <StopPointRef>2800S23004B</StopPointRef>
          <TimingStatus>otherPoint</TimingStatus>
        </From>
        <To SequenceNumber="26">
          <StopPointRef>2800S23003A</StopPointRef>
          <TimingStatus>otherPoint</TimingStatus>
        </To>
        <RouteLinkRef>rl_0002_25</RouteLinkRef>
        <RunTime>PT1M</RunTime>
      </JourneyPatternTimingLink>
      <JourneyPatternTimingLink id="jptl_80">
        <From SequenceNumber="26">
          <StopPointRef>2800S23003A</StopPointRef>
          <TimingStatus>otherPoint</TimingStatus>
        </From>
        <To SequenceNumber="27">
          <Activity>setDown</Activity>
          <StopPointRef>2800S23075G</StopPointRef>
          <TimingStatus>principalTimingPoint</TimingStatus>
        </To>
        <RouteLinkRef>rl_0002_26</RouteLinkRef>
        <RunTime>PT1M</RunTime>
      </JourneyPatternTimingLink>
    </JourneyPatternSection>
  </JourneyPatternSections>
  <Operators>
    <Operator id="tkt_oid">
      <NationalOperatorCode>AMSY</NationalOperatorCode>
      <OperatorCode>ANW</OperatorCode>
      <OperatorShortName>Arriva Merseyside</OperatorShortName>
      <LicenceNumber>PC0001141</LicenceNumber>
    </Operator>
  </Operators>
  <Services>
    <Service>
      <ServiceCode>PC0001141:1</ServiceCode>
      <Lines>
        <Line id="AMSY:PC0001141:1:410">
          <LineName>410</LineName>
          <OutboundDescription>
            <Description>New Brighton to Clatterbridge Hospital</Description>
          </OutboundDescription>
          <InboundDescription>
            <Description>Clatterbridge Hospital to New Brighton</Description>
          </InboundDescription>
        </Line>
      </Lines>
      <OperatingPeriod>
        <StartDate>2024-07-21</StartDate>
      </OperatingPeriod>
      <OperatingProfile>
        <RegularDayType>
          <DaysOfWeek>
            <Monday />
            <Tuesday />
            <Wednesday />
            <Thursday />
            <Friday />
          </DaysOfWeek>
        </RegularDayType>
        <BankHolidayOperation>
          <DaysOfNonOperation>
            <ChristmasDay />
            <BoxingDay />
            <GoodFriday />
            <NewYearsDay />
            <LateSummerBankHolidayNotScotland />
            <MayDay />
            <EasterMonday />
            <SpringBank />
            <ChristmasDayHoliday />
            <BoxingDayHoliday />
            <NewYearsDayHoliday />
            <OtherPublicHoliday>
              <Description>CoronationOfKingCharlesIII</Description>
              <Date>2023-05-08</Date>
            </OtherPublicHoliday>
            <ChristmasEve />
            <NewYearsEve />
          </DaysOfNonOperation>
        </BankHolidayOperation>
      </OperatingProfile>
      <RegisteredOperatorRef>tkt_oid</RegisteredOperatorRef>
      <PublicUse>true</PublicUse>
      <StandardService>
        <Origin>New Brighton</Origin>
        <Destination>Clatterbridge Hospital</Destination>
        <JourneyPattern id="jp_1">
          <DestinationDisplay>Woodside Bus Station</DestinationDisplay>
          <OperatorRef>tkt_oid</OperatorRef>
          <Direction>outbound</Direction>
          <RouteRef>rt_0000</RouteRef>
          <JourneyPatternSectionRefs>js_1</JourneyPatternSectionRefs>
        </JourneyPattern>
        <JourneyPattern id="jp_2">
          <DestinationDisplay>Rowson Street</DestinationDisplay>
          <OperatorRef>tkt_oid</OperatorRef>
          <Direction>inbound</Direction>
          <RouteRef>rt_0001</RouteRef>
          <JourneyPatternSectionRefs>js_2</JourneyPatternSectionRefs>
        </JourneyPattern>
        <JourneyPattern id="jp_3">
          <DestinationDisplay>Rowson Street</DestinationDisplay>
          <OperatorRef>tkt_oid</OperatorRef>
          <Direction>inbound</Direction>
          <RouteRef>rt_0002</RouteRef>
          <JourneyPatternSectionRefs>js_3</JourneyPatternSectionRefs>
        </JourneyPattern>
      </StandardService>
    </Service>
  </Services>
  <VehicleJourneys>
    <VehicleJourney>
      <OperatorRef>tkt_oid</OperatorRef>
      <Operational>
        <TicketMachine>
          <JourneyCode>1009</JourneyCode>
        </TicketMachine>
      </Operational>
      <VehicleJourneyCode>vj_1</VehicleJourneyCode>
      <ServiceRef>PC0001141:1</ServiceRef>
      <LineRef>AMSY:PC0001141:1:410</LineRef>
      <JourneyPatternRef>jp_1</JourneyPatternRef>
      <DepartureTime>07:00:00</DepartureTime>
    </VehicleJourney>
    <VehicleJourney>
      <OperatorRef>tkt_oid</OperatorRef>
      <Operational>
        <TicketMachine>
          <JourneyCode>1015</JourneyCode>
        </TicketMachine>
      </Operational>
      <VehicleJourneyCode>vj_2</VehicleJourneyCode>
      <ServiceRef>PC0001141:1</ServiceRef>
      <LineRef>AMSY:PC0001141:1:410</LineRef>
      <JourneyPatternRef>jp_1</JourneyPatternRef>
      <DepartureTime>08:00:00</DepartureTime>
    </VehicleJourney>
    <VehicleJourney>
      <OperatorRef>tkt_oid</OperatorRef>
      <Operational>
        <TicketMachine>
          <JourneyCode>1019</JourneyCode>
        </TicketMachine>
      </Operational>
      <VehicleJourneyCode>vj_3</VehicleJourneyCode>
      <ServiceRef>PC0001141:1</ServiceRef>
      <LineRef>AMSY:PC0001141:1:410</LineRef>
      <JourneyPatternRef>jp_1</JourneyPatternRef>
      <DepartureTime>08:30:00</DepartureTime>
    </VehicleJourney>
    <VehicleJourney>
      <OperatorRef>tkt_oid</OperatorRef>
      <Operational>
        <TicketMachine>
          <JourneyCode>1023</JourneyCode>
        </TicketMachine>
      </Operational>
      <VehicleJourneyCode>vj_4</VehicleJourneyCode>
      <ServiceRef>PC0001141:1</ServiceRef>
      <LineRef>AMSY:PC0001141:1:410</LineRef>
      <JourneyPatternRef>jp_1</JourneyPatternRef>
      <DepartureTime>09:00:00</DepartureTime>
    </VehicleJourney>
    <VehicleJourney>
      <OperatorRef>tkt_oid</OperatorRef>
      <Operational>
        <TicketMachine>
          <JourneyCode>1027</JourneyCode>
        </TicketMachine>
      </Operational>
      <VehicleJourneyCode>vj_5</VehicleJourneyCode>
      <ServiceRef>PC0001141:1</ServiceRef>
      <LineRef>AMSY:PC0001141:1:410</LineRef>
      <JourneyPatternRef>jp_1</JourneyPatternRef>
      <DepartureTime>09:30:00</DepartureTime>
    </VehicleJourney>
    <VehicleJourney>
      <OperatorRef>tkt_oid</OperatorRef>
      <Operational>
        <TicketMachine>
          <JourneyCode>1031</JourneyCode>
        </TicketMachine>
      </Operational>
      <VehicleJourneyCode>vj_6</VehicleJourneyCode>
      <ServiceRef>PC0001141:1</ServiceRef>
      <LineRef>AMSY:PC0001141:1:410</LineRef>
      <JourneyPatternRef>jp_1</JourneyPatternRef>
      <DepartureTime>10:00:00</DepartureTime>
    </VehicleJourney>
    <VehicleJourney>
      <OperatorRef>tkt_oid</OperatorRef>
      <Operational>
        <TicketMachine>
          <JourneyCode>1035</JourneyCode>
        </TicketMachine>
      </Operational>
      <VehicleJourneyCode>vj_7</VehicleJourneyCode>
      <ServiceRef>PC0001141:1</ServiceRef>
      <LineRef>AMSY:PC0001141:1:410</LineRef>
      <JourneyPatternRef>jp_1</JourneyPatternRef>
      <DepartureTime>10:30:00</DepartureTime>
    </VehicleJourney>
    <VehicleJourney>
      <OperatorRef>tkt_oid</OperatorRef>
      <Operational>
        <TicketMachine>
          <JourneyCode>1039</JourneyCode>
        </TicketMachine>
      </Operational>
      <VehicleJourneyCode>vj_8</VehicleJourneyCode>
      <ServiceRef>PC0001141:1</ServiceRef>
      <LineRef>AMSY:PC0001141:1:410</LineRef>
      <JourneyPatternRef>jp_1</JourneyPatternRef>
      <DepartureTime>11:00:00</DepartureTime>
    </VehicleJourney>
    <VehicleJourney>
      <OperatorRef>tkt_oid</OperatorRef>
      <Operational>
        <TicketMachine>
          <JourneyCode>1043</JourneyCode>
        </TicketMachine>
      </Operational>
      <VehicleJourneyCode>vj_9</VehicleJourneyCode>
      <ServiceRef>PC0001141:1</ServiceRef>
      <LineRef>AMSY:PC0001141:1:410</LineRef>
      <JourneyPatternRef>jp_1</JourneyPatternRef>
      <DepartureTime>11:30:00</DepartureTime>
    </VehicleJourney>
    <VehicleJourney>
      <OperatorRef>tkt_oid</OperatorRef>
      <Operational>
        <TicketMachine>
          <JourneyCode>1047</JourneyCode>
        </TicketMachine>
      </Operational>
      <VehicleJourneyCode>vj_10</VehicleJourneyCode>
      <ServiceRef>PC0001141:1</ServiceRef>
      <LineRef>AMSY:PC0001141:1:410</LineRef>
      <JourneyPatternRef>jp_1</JourneyPatternRef>
      <DepartureTime>12:00:00</DepartureTime>
    </VehicleJourney>
    <VehicleJourney>
      <OperatorRef>tkt_oid</OperatorRef>
      <Operational>
        <TicketMachine>
          <JourneyCode>1051</JourneyCode>
        </TicketMachine>
      </Operational>
      <VehicleJourneyCode>vj_11</VehicleJourneyCode>
      <ServiceRef>PC0001141:1</ServiceRef>
      <LineRef>AMSY:PC0001141:1:410</LineRef>
      <JourneyPatternRef>jp_1</JourneyPatternRef>
      <DepartureTime>12:30:00</DepartureTime>
    </VehicleJourney>
    <VehicleJourney>
      <OperatorRef>tkt_oid</OperatorRef>
      <Operational>
        <TicketMachine>
          <JourneyCode>1055</JourneyCode>
        </TicketMachine>
      </Operational>
      <VehicleJourneyCode>vj_12</VehicleJourneyCode>
      <ServiceRef>PC0001141:1</ServiceRef>
      <LineRef>AMSY:PC0001141:1:410</LineRef>
      <JourneyPatternRef>jp_1</JourneyPatternRef>
      <DepartureTime>13:00:00</DepartureTime>
    </VehicleJourney>
    <VehicleJourney>
      <OperatorRef>tkt_oid</OperatorRef>
      <Operational>
        <TicketMachine>
          <JourneyCode>1059</JourneyCode>
        </TicketMachine>
      </Operational>
      <VehicleJourneyCode>vj_13</VehicleJourneyCode>
      <ServiceRef>PC0001141:1</ServiceRef>
      <LineRef>AMSY:PC0001141:1:410</LineRef>
      <JourneyPatternRef>jp_1</JourneyPatternRef>
      <DepartureTime>13:30:00</DepartureTime>
    </VehicleJourney>
    <VehicleJourney>
      <OperatorRef>tkt_oid</OperatorRef>
      <Operational>
        <TicketMachine>
          <JourneyCode>1063</JourneyCode>
        </TicketMachine>
      </Operational>
      <VehicleJourneyCode>vj_14</VehicleJourneyCode>
      <ServiceRef>PC0001141:1</ServiceRef>
      <LineRef>AMSY:PC0001141:1:410</LineRef>
      <JourneyPatternRef>jp_1</JourneyPatternRef>
      <DepartureTime>14:00:00</DepartureTime>
    </VehicleJourney>
    <VehicleJourney>
      <OperatorRef>tkt_oid</OperatorRef>
      <Operational>
        <TicketMachine>
          <JourneyCode>1067</JourneyCode>
        </TicketMachine>
      </Operational>
      <VehicleJourneyCode>vj_15</VehicleJourneyCode>
      <ServiceRef>PC0001141:1</ServiceRef>
      <LineRef>AMSY:PC0001141:1:410</LineRef>
      <JourneyPatternRef>jp_1</JourneyPatternRef>
      <DepartureTime>14:30:00</DepartureTime>
    </VehicleJourney>
    <VehicleJourney>
      <OperatorRef>tkt_oid</OperatorRef>
      <Operational>
        <TicketMachine>
          <JourneyCode>1071</JourneyCode>
        </TicketMachine>
      </Operational>
      <VehicleJourneyCode>vj_16</VehicleJourneyCode>
      <ServiceRef>PC0001141:1</ServiceRef>
      <LineRef>AMSY:PC0001141:1:410</LineRef>
      <JourneyPatternRef>jp_1</JourneyPatternRef>
      <DepartureTime>15:00:00</DepartureTime>
    </VehicleJourney>
    <VehicleJourney>
      <OperatorRef>tkt_oid</OperatorRef>
      <Operational>
        <TicketMachine>
          <JourneyCode>1075</JourneyCode>
        </TicketMachine>
      </Operational>
      <VehicleJourneyCode>vj_17</VehicleJourneyCode>
      <ServiceRef>PC0001141:1</ServiceRef>
      <LineRef>AMSY:PC0001141:1:410</LineRef>
      <JourneyPatternRef>jp_1</JourneyPatternRef>
      <DepartureTime>15:30:00</DepartureTime>
    </VehicleJourney>
    <VehicleJourney>
      <OperatorRef>tkt_oid</OperatorRef>
      <Operational>
        <TicketMachine>
          <JourneyCode>1079</JourneyCode>
        </TicketMachine>
      </Operational>
      <VehicleJourneyCode>vj_18</VehicleJourneyCode>
      <ServiceRef>PC0001141:1</ServiceRef>
      <LineRef>AMSY:PC0001141:1:410</LineRef>
      <JourneyPatternRef>jp_1</JourneyPatternRef>
      <DepartureTime>16:00:00</DepartureTime>
    </VehicleJourney>
    <VehicleJourney>
      <OperatorRef>tkt_oid</OperatorRef>
      <Operational>
        <TicketMachine>
          <JourneyCode>1083</JourneyCode>
        </TicketMachine>
      </Operational>
      <VehicleJourneyCode>vj_19</VehicleJourneyCode>
      <ServiceRef>PC0001141:1</ServiceRef>
      <LineRef>AMSY:PC0001141:1:410</LineRef>
      <JourneyPatternRef>jp_1</JourneyPatternRef>
      <DepartureTime>16:30:00</DepartureTime>
    </VehicleJourney>
    <VehicleJourney>
      <OperatorRef>tkt_oid</OperatorRef>
      <Operational>
        <TicketMachine>
          <JourneyCode>1087</JourneyCode>
        </TicketMachine>
      </Operational>
      <VehicleJourneyCode>vj_20</VehicleJourneyCode>
      <ServiceRef>PC0001141:1</ServiceRef>
      <LineRef>AMSY:PC0001141:1:410</LineRef>
      <JourneyPatternRef>jp_1</JourneyPatternRef>
      <DepartureTime>17:00:00</DepartureTime>
    </VehicleJourney>
    <VehicleJourney>
      <OperatorRef>tkt_oid</OperatorRef>
      <Operational>
        <TicketMachine>
          <JourneyCode>1091</JourneyCode>
        </TicketMachine>
      </Operational>
      <VehicleJourneyCode>vj_21</VehicleJourneyCode>
      <ServiceRef>PC0001141:1</ServiceRef>
      <LineRef>AMSY:PC0001141:1:410</LineRef>
      <JourneyPatternRef>jp_1</JourneyPatternRef>
      <DepartureTime>17:30:00</DepartureTime>
    </VehicleJourney>
    <VehicleJourney>
      <OperatorRef>tkt_oid</OperatorRef>
      <Operational>
        <TicketMachine>
          <JourneyCode>1095</JourneyCode>
        </TicketMachine>
      </Operational>
      <VehicleJourneyCode>vj_22</VehicleJourneyCode>
      <ServiceRef>PC0001141:1</ServiceRef>
      <LineRef>AMSY:PC0001141:1:410</LineRef>
      <JourneyPatternRef>jp_1</JourneyPatternRef>
      <DepartureTime>18:10:00</DepartureTime>
    </VehicleJourney>
    <VehicleJourney>
      <OperatorRef>tkt_oid</OperatorRef>
      <Operational>
        <TicketMachine>
          <JourneyCode>1004</JourneyCode>
        </TicketMachine>
      </Operational>
      <VehicleJourneyCode>vj_23</VehicleJourneyCode>
      <ServiceRef>PC0001141:1</ServiceRef>
      <LineRef>AMSY:PC0001141:1:410</LineRef>
      <JourneyPatternRef>jp_2</JourneyPatternRef>
      <DepartureTime>07:13:00</DepartureTime>
    </VehicleJourney>
    <VehicleJourney>
      <OperatorRef>tkt_oid</OperatorRef>
      <Operational>
        <TicketMachine>
          <JourneyCode>1008</JourneyCode>
        </TicketMachine>
      </Operational>
      <VehicleJourneyCode>vj_24</VehicleJourneyCode>
      <ServiceRef>PC0001141:1</ServiceRef>
      <LineRef>AMSY:PC0001141:1:410</LineRef>
      <JourneyPatternRef>jp_2</JourneyPatternRef>
      <DepartureTime>07:43:00</DepartureTime>
    </VehicleJourney>
    <VehicleJourney>
      <OperatorRef>tkt_oid</OperatorRef>
      <Operational>
        <TicketMachine>
          <JourneyCode>1012</JourneyCode>
        </TicketMachine>
      </Operational>
      <VehicleJourneyCode>vj_25</VehicleJourneyCode>
      <ServiceRef>PC0001141:1</ServiceRef>
      <LineRef>AMSY:PC0001141:1:410</LineRef>
      <JourneyPatternRef>jp_2</JourneyPatternRef>
      <DepartureTime>08:13:00</DepartureTime>
    </VehicleJourney>
    <VehicleJourney>
      <OperatorRef>tkt_oid</OperatorRef>
      <Operational>
        <TicketMachine>
          <JourneyCode>1016</JourneyCode>
        </TicketMachine>
      </Operational>
      <VehicleJourneyCode>vj_26</VehicleJourneyCode>
      <ServiceRef>PC0001141:1</ServiceRef>
      <LineRef>AMSY:PC0001141:1:410</LineRef>
      <JourneyPatternRef>jp_2</JourneyPatternRef>
      <DepartureTime>08:43:00</DepartureTime>
    </VehicleJourney>
    <VehicleJourney>
      <OperatorRef>tkt_oid</OperatorRef>
      <Operational>
        <TicketMachine>
          <JourneyCode>1020</JourneyCode>
        </TicketMachine>
      </Operational>
      <VehicleJourneyCode>vj_27</VehicleJourneyCode>
      <ServiceRef>PC0001141:1</ServiceRef>
      <LineRef>AMSY:PC0001141:1:410</LineRef>
      <JourneyPatternRef>jp_2</JourneyPatternRef>
      <DepartureTime>09:13:00</DepartureTime>
    </VehicleJourney>
    <VehicleJourney>
      <OperatorRef>tkt_oid</OperatorRef>
      <Operational>
        <TicketMachine>
          <JourneyCode>1024</JourneyCode>
        </TicketMachine>
      </Operational>
      <VehicleJourneyCode>vj_28</VehicleJourneyCode>
      <ServiceRef>PC0001141:1</ServiceRef>
      <LineRef>AMSY:PC0001141:1:410</LineRef>
      <JourneyPatternRef>jp_2</JourneyPatternRef>
      <DepartureTime>09:43:00</DepartureTime>
    </VehicleJourney>
    <VehicleJourney>
      <OperatorRef>tkt_oid</OperatorRef>
      <Operational>
        <TicketMachine>
          <JourneyCode>1028</JourneyCode>
        </TicketMachine>
      </Operational>
      <VehicleJourneyCode>vj_29</VehicleJourneyCode>
      <ServiceRef>PC0001141:1</ServiceRef>
      <LineRef>AMSY:PC0001141:1:410</LineRef>
      <JourneyPatternRef>jp_2</JourneyPatternRef>
      <DepartureTime>10:13:00</DepartureTime>
    </VehicleJourney>
    <VehicleJourney>
      <OperatorRef>tkt_oid</OperatorRef>
      <Operational>
        <TicketMachine>
          <JourneyCode>1032</JourneyCode>
        </TicketMachine>
      </Operational>
      <VehicleJourneyCode>vj_30</VehicleJourneyCode>
      <ServiceRef>PC0001141:1</ServiceRef>
      <LineRef>AMSY:PC0001141:1:410</LineRef>
      <JourneyPatternRef>jp_2</JourneyPatternRef>
      <DepartureTime>10:43:00</DepartureTime>
    </VehicleJourney>
    <VehicleJourney>
      <OperatorRef>tkt_oid</OperatorRef>
      <Operational>
        <TicketMachine>
          <JourneyCode>1036</JourneyCode>
        </TicketMachine>
      </Operational>
      <VehicleJourneyCode>vj_31</VehicleJourneyCode>
      <ServiceRef>PC0001141:1</ServiceRef>
      <LineRef>AMSY:PC0001141:1:410</LineRef>
      <JourneyPatternRef>jp_2</JourneyPatternRef>
      <DepartureTime>11:13:00</DepartureTime>
    </VehicleJourney>
    <VehicleJourney>
      <OperatorRef>tkt_oid</OperatorRef>
      <Operational>
        <TicketMachine>
          <JourneyCode>1040</JourneyCode>
        </TicketMachine>
      </Operational>
      <VehicleJourneyCode>vj_32</VehicleJourneyCode>
      <ServiceRef>PC0001141:1</ServiceRef>
      <LineRef>AMSY:PC0001141:1:410</LineRef>
      <JourneyPatternRef>jp_2</JourneyPatternRef>
      <DepartureTime>11:43:00</DepartureTime>
    </VehicleJourney>
    <VehicleJourney>
      <OperatorRef>tkt_oid</OperatorRef>
      <Operational>
        <TicketMachine>
          <JourneyCode>1044</JourneyCode>
        </TicketMachine>
      </Operational>
      <VehicleJourneyCode>vj_33</VehicleJourneyCode>
      <ServiceRef>PC0001141:1</ServiceRef>
      <LineRef>AMSY:PC0001141:1:410</LineRef>
      <JourneyPatternRef>jp_2</JourneyPatternRef>
      <DepartureTime>12:13:00</DepartureTime>
    </VehicleJourney>
    <VehicleJourney>
      <OperatorRef>tkt_oid</OperatorRef>
      <Operational>
        <TicketMachine>
          <JourneyCode>1048</JourneyCode>
        </TicketMachine>
      </Operational>
      <VehicleJourneyCode>vj_34</VehicleJourneyCode>
      <ServiceRef>PC0001141:1</ServiceRef>
      <LineRef>AMSY:PC0001141:1:410</LineRef>
      <JourneyPatternRef>jp_2</JourneyPatternRef>
      <DepartureTime>12:43:00</DepartureTime>
    </VehicleJourney>
    <VehicleJourney>
      <OperatorRef>tkt_oid</OperatorRef>
      <Operational>
        <TicketMachine>
          <JourneyCode>1052</JourneyCode>
        </TicketMachine>
      </Operational>
      <VehicleJourneyCode>vj_35</VehicleJourneyCode>
      <ServiceRef>PC0001141:1</ServiceRef>
      <LineRef>AMSY:PC0001141:1:410</LineRef>
      <JourneyPatternRef>jp_2</JourneyPatternRef>
      <DepartureTime>13:13:00</DepartureTime>
    </VehicleJourney>
    <VehicleJourney>
      <OperatorRef>tkt_oid</OperatorRef>
      <Operational>
        <TicketMachine>
          <JourneyCode>1056</JourneyCode>
        </TicketMachine>
      </Operational>
      <VehicleJourneyCode>vj_36</VehicleJourneyCode>
      <ServiceRef>PC0001141:1</ServiceRef>
      <LineRef>AMSY:PC0001141:1:410</LineRef>
      <JourneyPatternRef>jp_2</JourneyPatternRef>
      <DepartureTime>13:43:00</DepartureTime>
    </VehicleJourney>
    <VehicleJourney>
      <OperatorRef>tkt_oid</OperatorRef>
      <Operational>
        <TicketMachine>
          <JourneyCode>1060</JourneyCode>
        </TicketMachine>
      </Operational>
      <VehicleJourneyCode>vj_37</VehicleJourneyCode>
      <ServiceRef>PC0001141:1</ServiceRef>
      <LineRef>AMSY:PC0001141:1:410</LineRef>
      <JourneyPatternRef>jp_2</JourneyPatternRef>
      <DepartureTime>14:13:00</DepartureTime>
    </VehicleJourney>
    <VehicleJourney>
      <OperatorRef>tkt_oid</OperatorRef>
      <Operational>
        <TicketMachine>
          <JourneyCode>1064</JourneyCode>
        </TicketMachine>
      </Operational>
      <VehicleJourneyCode>vj_38</VehicleJourneyCode>
      <ServiceRef>PC0001141:1</ServiceRef>
      <LineRef>AMSY:PC0001141:1:410</LineRef>
      <JourneyPatternRef>jp_2</JourneyPatternRef>
      <DepartureTime>14:43:00</DepartureTime>
    </VehicleJourney>
    <VehicleJourney>
      <OperatorRef>tkt_oid</OperatorRef>
      <Operational>
        <TicketMachine>
          <JourneyCode>1068</JourneyCode>
        </TicketMachine>
      </Operational>
      <VehicleJourneyCode>vj_39</VehicleJourneyCode>
      <ServiceRef>PC0001141:1</ServiceRef>
      <LineRef>AMSY:PC0001141:1:410</LineRef>
      <JourneyPatternRef>jp_2</JourneyPatternRef>
      <DepartureTime>15:13:00</DepartureTime>
    </VehicleJourney>
    <VehicleJourney>
      <OperatorRef>tkt_oid</OperatorRef>
      <Operational>
        <TicketMachine>
          <JourneyCode>1072</JourneyCode>
        </TicketMachine>
      </Operational>
      <VehicleJourneyCode>vj_40</VehicleJourneyCode>
      <ServiceRef>PC0001141:1</ServiceRef>
      <LineRef>AMSY:PC0001141:1:410</LineRef>
      <JourneyPatternRef>jp_2</JourneyPatternRef>
      <DepartureTime>15:43:00</DepartureTime>
    </VehicleJourney>
    <VehicleJourney>
      <OperatorRef>tkt_oid</OperatorRef>
      <Operational>
        <TicketMachine>
          <JourneyCode>1076</JourneyCode>
        </TicketMachine>
      </Operational>
      <VehicleJourneyCode>vj_41</VehicleJourneyCode>
      <ServiceRef>PC0001141:1</ServiceRef>
      <LineRef>AMSY:PC0001141:1:410</LineRef>
      <JourneyPatternRef>jp_2</JourneyPatternRef>
      <DepartureTime>16:13:00</DepartureTime>
    </VehicleJourney>
    <VehicleJourney>
      <OperatorRef>tkt_oid</OperatorRef>
      <Operational>
        <TicketMachine>
          <JourneyCode>1080</JourneyCode>
        </TicketMachine>
      </Operational>
      <VehicleJourneyCode>vj_42</VehicleJourneyCode>
      <ServiceRef>PC0001141:1</ServiceRef>
      <LineRef>AMSY:PC0001141:1:410</LineRef>
      <JourneyPatternRef>jp_2</JourneyPatternRef>
      <DepartureTime>16:43:00</DepartureTime>
    </VehicleJourney>
    <VehicleJourney>
      <OperatorRef>tkt_oid</OperatorRef>
      <Operational>
        <TicketMachine>
          <JourneyCode>1084</JourneyCode>
        </TicketMachine>
      </Operational>
      <VehicleJourneyCode>vj_43</VehicleJourneyCode>
      <ServiceRef>PC0001141:1</ServiceRef>
      <LineRef>AMSY:PC0001141:1:410</LineRef>
      <JourneyPatternRef>jp_2</JourneyPatternRef>
      <DepartureTime>17:13:00</DepartureTime>
    </VehicleJourney>
    <VehicleJourney>
      <OperatorRef>tkt_oid</OperatorRef>
      <Operational>
        <TicketMachine>
          <JourneyCode>1088</JourneyCode>
        </TicketMachine>
      </Operational>
      <VehicleJourneyCode>vj_44</VehicleJourneyCode>
      <ServiceRef>PC0001141:1</ServiceRef>
      <LineRef>AMSY:PC0001141:1:410</LineRef>
      <JourneyPatternRef>jp_3</JourneyPatternRef>
      <DepartureTime>17:43:00</DepartureTime>
    </VehicleJourney>
    <VehicleJourney>
      <OperatorRef>tkt_oid</OperatorRef>
      <Operational>
        <TicketMachine>
          <JourneyCode>1092</JourneyCode>
        </TicketMachine>
      </Operational>
      <VehicleJourneyCode>vj_45</VehicleJourneyCode>
      <ServiceRef>PC0001141:1</ServiceRef>
      <LineRef>AMSY:PC0001141:1:410</LineRef>
      <JourneyPatternRef>jp_3</JourneyPatternRef>
      <DepartureTime>18:13:00</DepartureTime>
    </VehicleJourney>
  </VehicleJourneys>
</TransXChange>