<?xml version="1.0" encoding="utf-8"?>
<TransXChange xmlns:xsi="http://www.w3.org/2001/XMLSchema-instance" SchemaVersion="2.4" CreationDateTime="2024-07-15T08:53:40" ModificationDateTime="2024-07-25T10:49:21" Modification="revise" RevisionNumber="2" FileName="AMSY_217_AMSYPC0001141330217_20240102_-_1763224.xml" xmlns="http://www.transxchange.org.uk/">
  <StopPoints>
    <AnnotatedStopPointRef>
      <StopPointRef>2800S22008C</StopPointRef>
      <CommonName>Woodside Bus Station</CommonName>
      <Location>
        <Longitude>-3.010514</Longitude>
        <Latitude>53.395025</Latitude>
      </Location>
    </AnnotatedStopPointRef>
    <AnnotatedStopPointRef>
      <StopPointRef>2800S22009C</StopPointRef>
      <CommonName>Chester Street</CommonName>
      <Location>
        <Longitude>-3.012938</Longitude>
        <Latitude>53.394520</Latitude>
      </Location>
    </AnnotatedStopPointRef>
    <AnnotatedStopPointRef>
      <StopPointRef>2800S22016B</StopPointRef>
      <CommonName>Argyle Street</CommonName>
      <Location>
        <Longitude>-3.016979</Longitude>
        <Latitude>53.393694</Latitude>
      </Location>
    </AnnotatedStopPointRef>
    <AnnotatedStopPointRef>
      <StopPointRef>2800S22043B</StopPointRef>
      <CommonName>Birkenhead Bus Station</CommonName>
      <Location>
        <Longitude>-3.022619</Longitude>
        <Latitude>53.391210</Latitude>
      </Location>
    </AnnotatedStopPointRef>
    <AnnotatedStopPointRef>
      <StopPointRef>2800S22026B</StopPointRef>
      <CommonName>Parkfield Avenue</CommonName>
      <Location>
        <Longitude>-3.026627</Longitude>
        <Latitude>53.392785</Latitude>
      </Location>
    </AnnotatedStopPointRef>
    <AnnotatedStopPointRef>
      <StopPointRef>2800S22007A</StopPointRef>
      <CommonName>Exmouth Street</CommonName>
      <Location>
        <Longitude>-3.028549</Longitude>
        <Latitude>53.393316</Latitude>
      </Location>
    </AnnotatedStopPointRef>
    <AnnotatedStopPointRef>
      <StopPointRef>2800S22002B</StopPointRef>
      <CommonName>Park Road East</CommonName>
      <Location>
        <Longitude>-3.032759</Longitude>
        <Latitude>53.394520</Latitude>
      </Location>
    </AnnotatedStopPointRef>
    <AnnotatedStopPointRef>
      <StopPointRef>2800S22001B</StopPointRef>
      <CommonName>Newling Street</CommonName>
      <Location>
        <Longitude>-3.035892</Longitude>
        <Latitude>53.395365</Latitude>
      </Location>
    </AnnotatedStopPointRef>
    <AnnotatedStopPointRef>
      <StopPointRef>2800S21093B</StopPointRef>
      <CommonName>Ashville Road</CommonName>
      <Location>
        <Longitude>-3.040209</Longitude>
        <Latitude>53.396604</Latitude>
      </Location>
    </AnnotatedStopPointRef>
    <AnnotatedStopPointRef>
      <StopPointRef>2800S21054B</StopPointRef>
      <CommonName>Morley Avenue</CommonName>
      <Location>
        <Longitude>-3.043327</Longitude>
        <Latitude>53.397422</Latitude>
      </Location>
    </AnnotatedStopPointRef>
    <AnnotatedStopPointRef>
      <StopPointRef>2800S21053A</StopPointRef>
      <CommonName>Plumer Street</CommonName>
      <Location>
        <Longitude>-3.050172</Longitude>
        <Latitude>53.399339</Latitude>
      </Location>
    </AnnotatedStopPointRef>
    <AnnotatedStopPointRef>
      <StopPointRef>2800S21064A</StopPointRef>
      <CommonName>Dundonald Street</CommonName>
      <Location>
        <Longitude>-3.052307</Longitude>
        <Latitude>53.399932</Latitude>
      </Location>
    </AnnotatedStopPointRef>
    <AnnotatedStopPointRef>
      <StopPointRef>2800S21065C</StopPointRef>
      <CommonName>Arkle Road</CommonName>
      <Location>
        <Longitude>-3.057244</Longitude>
        <Latitude>53.401300</Latitude>
      </Location>
    </AnnotatedStopPointRef>
    <AnnotatedStopPointRef>
      <StopPointRef>2800S21066B</StopPointRef>
      <CommonName>Hablyn Road</CommonName>
      <Location>
        <Longitude>-3.064318</Longitude>
        <Latitude>53.402082</Latitude>
      </Location>
    </AnnotatedStopPointRef>
    <AnnotatedStopPointRef>
      <StopPointRef>2800S21067B</StopPointRef>
      <CommonName>Worcester Road</CommonName>
      <Location>
        <Longitude>-3.065950</Longitude>
        <Latitude>53.402400</Latitude>
      </Location>
    </AnnotatedStopPointRef>
    <AnnotatedStopPointRef>
      <StopPointRef>2800S25048A</StopPointRef>
      <CommonName>Hurrell Road</CommonName>
      <Location>
        <Longitude>-3.070921</Longitude>
        <Latitude>53.404468</Latitude>
      </Location>
    </AnnotatedStopPointRef>
    <AnnotatedStopPointRef>
      <StopPointRef>2800S25123A</StopPointRef>
      <CommonName>Bidston Village Road</CommonName>
      <Location>
        <Longitude>-3.072700</Longitude>
        <Latitude>53.405243</Latitude>
      </Location>
    </AnnotatedStopPointRef>
    <AnnotatedStopPointRef>
      <StopPointRef>2800S25070B</StopPointRef>
      <CommonName>School Lane</CommonName>
      <Location>
        <Longitude>-3.079137</Longitude>
        <Latitude>53.403980</Latitude>
      </Location>
    </AnnotatedStopPointRef>
    <AnnotatedStopPointRef>
      <StopPointRef>2800S25071A</StopPointRef>
      <CommonName>Bidston Village Road</CommonName>
      <Location>
        <Longitude>-3.082575</Longitude>
        <Latitude>53.403751</Latitude>
      </Location>
    </AnnotatedStopPointRef>
    <AnnotatedStopPointRef>
      <StopPointRef>2800S25072A</StopPointRef>
      <CommonName>St Oswalds Ave</CommonName>
      <Location>
        <Longitude>-3.083985</Longitude>
        <Latitude>53.401788</Latitude>
      </Location>
    </AnnotatedStopPointRef>
    <AnnotatedStopPointRef>
      <StopPointRef>2800S25073B</StopPointRef>
      <CommonName>Bidston Green Drive</CommonName>
      <Location>
        <Longitude>-3.084532</Longitude>
        <Latitude>53.399652</Latitude>
      </Location>
    </AnnotatedStopPointRef>
    <AnnotatedStopPointRef>
      <StopPointRef>2800S25074B</StopPointRef>
      <CommonName>Beechwood Drive</CommonName>
      <Location>
        <Longitude>-3.084899</Longitude>
        <Latitude>53.395748</Latitude>
      </Location>
    </AnnotatedStopPointRef>
    <AnnotatedStopPointRef>
      <StopPointRef>2800S25088B</StopPointRef>
      <CommonName>Fifth Avenue</CommonName>
      <Location>
        <Longitude>-3.085842</Longitude>
        <Latitude>53.393798</Latitude>
      </Location>
    </AnnotatedStopPointRef>
    <AnnotatedStopPointRef>
      <StopPointRef>2800S25075B</StopPointRef>
      <CommonName>Third Avenue</CommonName>
      <Location>
        <Longitude>-3.086039</Longitude>
        <Latitude>53.391513</Latitude>
      </Location>
    </AnnotatedStopPointRef>
    <AnnotatedStopPointRef>
      <StopPointRef>2800S25076B</StopPointRef>
      <CommonName>Second Avenue</CommonName>
      <Location>
        <Longitude>-3.084814</Longitude>
        <Latitude>53.388863</Latitude>
      </Location>
    </AnnotatedStopPointRef>
    <AnnotatedStopPointRef>
      <StopPointRef>2800S25077B</StopPointRef>
      <CommonName>First Avenue</CommonName>
      <Location>
        <Longitude>-3.081835</Longitude>
        <Latitude>53.389402</Latitude>
      </Location>
    </AnnotatedStopPointRef>
    <AnnotatedStopPointRef>
      <StopPointRef>2800S25061B</StopPointRef>
      <CommonName>Noctorum Avenue</CommonName>
      <Location>
        <Longitude>-3.083405</Longitude>
        <Latitude>53.387258</Latitude>
      </Location>
    </AnnotatedStopPointRef>
    <AnnotatedStopPointRef>
      <StopPointRef>2800S25060B</StopPointRef>
      <CommonName>Upton By-Pass</CommonName>
      <Location>
        <Longitude>-3.087729</Longitude>
        <Latitude>53.385259</Latitude>
      </Location>
    </AnnotatedStopPointRef>
    <AnnotatedStopPointRef>
      <StopPointRef>2800S25059B</StopPointRef>
      <CommonName>Ford Drive</CommonName>
      <Location>
        <Longitude>-3.089729</Longitude>
        <Latitude>53.384656</Latitude>
      </Location>
    </AnnotatedStopPointRef>
    <AnnotatedStopPointRef>
      <StopPointRef>2800S25004B</StopPointRef>
      <CommonName>Salacre Lane</CommonName>
      <Location>
        <Longitude>-3.097142</Longitude>
        <Latitude>53.384696</Latitude>
      </Location>
    </AnnotatedStopPointRef>
    <AnnotatedStopPointRef>
      <StopPointRef>2800S25004C</StopPointRef>
      <CommonName>Ford Road</CommonName>
      <Location>
        <Longitude>-3.098929</Longitude>
        <Latitude>53.384599</Latitude>
      </Location>
    </AnnotatedStopPointRef>
    <AnnotatedStopPointRef>
      <StopPointRef>2800S25003A</StopPointRef>
      <CommonName>Sulivan Avenue</CommonName>
      <Location>
        <Longitude>-3.098715</Longitude>
        <Latitude>53.382129</Latitude>
      </Location>
    </AnnotatedStopPointRef>
    <AnnotatedStopPointRef>
      <StopPointRef>2800S25002A</StopPointRef>
      <CommonName>Leeswood Road</CommonName>
      <Location>
        <Longitude>-3.097458</Longitude>
        <Latitude>53.378266</Latitude>
      </Location>
    </AnnotatedStopPointRef>
    <AnnotatedStopPointRef>
      <StopPointRef>2800S25001B</StopPointRef>
      <CommonName>Arrowe Brook Road</CommonName>
      <Location>
        <Longitude>-3.096120</Longitude>
        <Latitude>53.375330</Latitude>
      </Location>
    </AnnotatedStopPointRef>
    <AnnotatedStopPointRef>
      <StopPointRef>2800S26008B</StopPointRef>
      <CommonName>Pool Lane</CommonName>
      <Location>
        <Longitude>-3.094869</Longitude>
        <Latitude>53.372276</Latitude>
      </Location>
    </AnnotatedStopPointRef>
    <AnnotatedStopPointRef>
      <StopPointRef>2800S26042A</StopPointRef>
      <CommonName>Internal Grounds</CommonName>
      <Location>
        <Longitude>-3.094347</Longitude>
        <Latitude>53.370097</Latitude>
      </Location>
    </AnnotatedStopPointRef>
    <AnnotatedStopPointRef>
      <StopPointRef>2800S26077A</StopPointRef>
      <CommonName>Greenwood Road</CommonName>
      <Location>
        <Longitude>-3.090539</Longitude>
        <Latitude>53.375174</Latitude>
      </Location>
    </AnnotatedStopPointRef>
    <AnnotatedStopPointRef>
      <StopPointRef>2800S26025B</StopPointRef>
      <CommonName>Whitefield Close</CommonName>
      <Location>
        <Longitude>-3.090804</Longitude>
        <Latitude>53.377311</Latitude>
      </Location>
    </AnnotatedStopPointRef>
    <AnnotatedStopPointRef>
      <StopPointRef>2800S26024A</StopPointRef>
      <CommonName>Hoole Road</CommonName>
      <Location>
        <Longitude>-3.090980</Longitude>
        <Latitude>53.378901</Latitude>
      </Location>
    </AnnotatedStopPointRef>
    <AnnotatedStopPointRef>
      <StopPointRef>2800S26024B</StopPointRef>
      <CommonName>Hoole Road</CommonName>
      <Location>
        <Longitude>-3.090748</Longitude>
        <Latitude>53.378642</Latitude>
      </Location>
    </AnnotatedStopPointRef>
    <AnnotatedStopPointRef>
      <StopPointRef>2800S26025A</StopPointRef>
      <CommonName>Whitefield Close</CommonName>
      <Location>
        <Longitude>-3.090576</Longitude>
        <Latitude>53.377206</Latitude>
      </Location>
    </AnnotatedStopPointRef>
    <AnnotatedStopPointRef>
      <StopPointRef>2800S26026B</StopPointRef>
      <CommonName>The Meadow</CommonName>
      <Location>
        <Longitude>-3.086721</Longitude>
        <Latitude>53.375191</Latitude>
      </Location>
    </AnnotatedStopPointRef>
    <AnnotatedStopPointRef>
      <StopPointRef>2800S26027B</StopPointRef>
      <CommonName>Home Farm Road</CommonName>
      <Location>
        <Longitude>-3.084613</Longitude>
        <Latitude>53.373269</Latitude>
      </Location>
    </AnnotatedStopPointRef>
    <AnnotatedStopPointRef>
      <StopPointRef>2800S26028B</StopPointRef>
      <CommonName>Hoole Road</CommonName>
      <Location>
        <Longitude>-3.082195</Longitude>
        <Latitude>53.372185</Latitude>
      </Location>
    </AnnotatedStopPointRef>
    <AnnotatedStopPointRef>
      <StopPointRef>2800S26015B</StopPointRef>
      <CommonName>Woodchurch Road</CommonName>
      <Location>
        <Longitude>-3.078858</Longitude>
        <Latitude>53.370984</Latitude>
      </Location>
    </AnnotatedStopPointRef>
    <AnnotatedStopPointRef>
      <StopPointRef>2800S26004A</StopPointRef>
      <CommonName>Palmwood Close</CommonName>
      <Location>
        <Longitude>-3.065331</Longitude>
        <Latitude>53.370368</Latitude>
      </Location>
    </AnnotatedStopPointRef>
    <AnnotatedStopPointRef>
      <StopPointRef>2800S26003A</StopPointRef>
      <CommonName>Prenton Dell Road</CommonName>
      <Location>
        <Longitude>-3.061880</Longitude>
        <Latitude>53.370624</Latitude>
      </Location>
    </AnnotatedStopPointRef>
    <AnnotatedStopPointRef>
      <StopPointRef>2800S26002A</StopPointRef>
      <CommonName>Holm Lane</CommonName>
      <Location>
        <Longitude>-3.057900</Longitude>
        <Latitude>53.371936</Latitude>
      </Location>
    </AnnotatedStopPointRef>
    <AnnotatedStopPointRef>
      <StopPointRef>2800S26001A</StopPointRef>
      <CommonName>Dovedale Close</CommonName>
      <Location>
        <Longitude>-3.053664</Longitude>
        <Latitude>53.372656</Latitude>
      </Location>
    </AnnotatedStopPointRef>
    <AnnotatedStopPointRef>
      <StopPointRef>2800S20006A</StopPointRef>
      <CommonName>Osmaston Road</CommonName>
      <Location>
        <Longitude>-3.048767</Longitude>
        <Latitude>53.373392</Latitude>
      </Location>
    </AnnotatedStopPointRef>
    <AnnotatedStopPointRef>
      <StopPointRef>2800S20005A</StopPointRef>
      <CommonName>Curzon Road</CommonName>
      <Location>
        <Longitude>-3.045319</Longitude>
        <Latitude>53.373772</Latitude>
      </Location>
    </AnnotatedStopPointRef>
    <AnnotatedStopPointRef>
      <StopPointRef>2800S20004E</StopPointRef>
      <CommonName>Storeton Road</CommonName>
      <Location>
        <Longitude>-3.043025</Longitude>
        <Latitude>53.374026</Latitude>
      </Location>
    </AnnotatedStopPointRef>
    <AnnotatedStopPointRef>
      <StopPointRef>2800S20099A</StopPointRef>
      <CommonName>Fairview Road</CommonName>
      <Location>
        <Longitude>-3.043076</Longitude>
        <Latitude>53.374889</Latitude>
      </Location>
    </AnnotatedStopPointRef>
    <AnnotatedStopPointRef>
      <StopPointRef>2800S22034A</StopPointRef>
      <CommonName>Storeton Close</CommonName>
      <Location>
        <Longitude>-3.045214</Longitude>
        <Latitude>53.378070</Latitude>
      </Location>
    </AnnotatedStopPointRef>
    <AnnotatedStopPointRef>
      <StopPointRef>2800S22035A</StopPointRef>
      <CommonName>Mount Olive</CommonName>
      <Location>
        <Longitude>-3.047469</Longitude>
        <Latitude>53.378086</Latitude>
      </Location>
    </AnnotatedStopPointRef>
    <AnnotatedStopPointRef>
      <StopPointRef>2800S25089B</StopPointRef>
      <CommonName>Hillside View</CommonName>
      <Location>
        <Longitude>-3.050159</Longitude>
        <Latitude>53.379285</Latitude>
      </Location>
    </AnnotatedStopPointRef>
    <AnnotatedStopPointRef>
      <StopPointRef>2800S25085A</StopPointRef>
      <CommonName>Village Road</CommonName>
      <Location>
        <Longitude>-3.051140</Longitude>
        <Latitude>53.380643</Latitude>
      </Location>
    </AnnotatedStopPointRef>
    <AnnotatedStopPointRef>
      <StopPointRef>2800S25091A</StopPointRef>
      <CommonName>Willow Lea</CommonName>
      <Location>
        <Longitude>-3.052950</Longitude>
        <Latitude>53.382730</Latitude>
      </Location>
    </AnnotatedStopPointRef>
    <AnnotatedStopPointRef>
      <StopPointRef>2800S25090A</StopPointRef>
      <CommonName>Wexford Road</CommonName>
      <Location>
        <Longitude>-3.056702</Longitude>
        <Latitude>53.384288</Latitude>
      </Location>
    </AnnotatedStopPointRef>
    <AnnotatedStopPointRef>
      <StopPointRef>2800S21097A</StopPointRef>
      <CommonName>Budworth Road</CommonName>
      <Location>
        <Longitude>-3.057712</Longitude>
        <Latitude>53.385592</Latitude>
      </Location>
    </AnnotatedStopPointRef>
    <AnnotatedStopPointRef>
      <StopPointRef>2800S21096A</StopPointRef>
      <CommonName>Howbeck Road</CommonName>
      <Location>
        <Longitude>-3.059173</Longitude>
        <Latitude>53.387493</Latitude>
      </Location>
    </AnnotatedStopPointRef>
    <AnnotatedStopPointRef>
      <StopPointRef>2800S21095A</StopPointRef>
      <CommonName>Blaydon Walk</CommonName>
      <Location>
        <Longitude>-3.060922</Longitude>
        <Latitude>53.389527</Latitude>
      </Location>
    </AnnotatedStopPointRef>
    <AnnotatedStopPointRef>
      <StopPointRef>2800S21094A</StopPointRef>
      <CommonName>Hill Road</CommonName>
      <Location>
        <Longitude>-3.060652</Longitude>
        <Latitude>53.391948</Latitude>
      </Location>
    </AnnotatedStopPointRef>
    <AnnotatedStopPointRef>
      <StopPointRef>2800S21050D</StopPointRef>
      <CommonName>Shrewsbury Road</CommonName>
      <Location>
        <Longitude>-3.054940</Longitude>
        <Latitude>53.392070</Latitude>
      </Location>
    </AnnotatedStopPointRef>
    <AnnotatedStopPointRef>
      <StopPointRef>2800S21044C</StopPointRef>
      <CommonName>Manor Hill</CommonName>
      <Location>
        <Longitude>-3.049987</Longitude>
        <Latitude>53.390595</Latitude>
      </Location>
    </AnnotatedStopPointRef>
    <AnnotatedStopPointRef>
      <StopPointRef>2800S21088A</StopPointRef>
      <CommonName>Park Drive</CommonName>
      <Location>
        <Longitude>-3.045232</Longitude>
        <Latitude>53.390484</Latitude>
      </Location>
    </AnnotatedStopPointRef>
    <AnnotatedStopPointRef>
      <StopPointRef>2800S21086A</StopPointRef>
      <CommonName>St Hughs Close</CommonName>
      <Location>
        <Longitude>-3.041592</Longitude>
        <Latitude>53.390417</Latitude>
      </Location>
    </AnnotatedStopPointRef>
    <AnnotatedStopPointRef>
      <StopPointRef>2800S22036A</StopPointRef>
      <CommonName>Francis Avenue</CommonName>
      <Location>
        <Longitude>-3.039501</Longitude>
        <Latitude>53.390381</Latitude>
      </Location>
    </AnnotatedStopPointRef>
    <AnnotatedStopPointRef>
      <StopPointRef>2800S22004D</StopPointRef>
      <CommonName>Paterson Street</CommonName>
      <Location>
        <Longitude>-3.034881</Longitude>
        <Latitude>53.390259</Latitude>
      </Location>
    </AnnotatedStopPointRef>
    <AnnotatedStopPointRef>
      <StopPointRef>2800S22033A</StopPointRef>
      <CommonName>Bentnick Street</CommonName>
      <Location>
        <Longitude>-3.031752</Longitude>
        <Latitude>53.390196</Latitude>
      </Location>
    </AnnotatedStopPointRef>
    <AnnotatedStopPointRef>
      <StopPointRef>2800S22033J</StopPointRef>
      <CommonName>Cardigan Avenue</CommonName>
      <Location>
        <Longitude>-3.026971</Longitude>
        <Latitude>53.390867</Latitude>
      </Location>
    </AnnotatedStopPointRef>
    <AnnotatedStopPointRef>
      <StopPointRef>2800S22006A</StopPointRef>
      <CommonName>Claughton Road</CommonName>
      <Location>
        <Longitude>-3.025143</Longitude>
        <Latitude>53.391746</Latitude>
      </Location>
    </AnnotatedStopPointRef>
    <AnnotatedStopPointRef>
      <StopPointRef>2800S22026A</StopPointRef>
      <CommonName>Clwyd Street</CommonName>
      <Location>
        <Longitude>-3.023922</Longitude>
        <Latitude>53.392250</Latitude>
      </Location>
    </AnnotatedStopPointRef>
    <AnnotatedStopPointRef>
      <StopPointRef>2800S22050A</StopPointRef>
      <CommonName>Conway Park Station</CommonName>
      <Location>
        <Longitude>-3.022148</Longitude>
        <Latitude>53.393542</Latitude>
      </Location>
    </AnnotatedStopPointRef>
    <AnnotatedStopPointRef>
      <StopPointRef>2800S22058A</StopPointRef>
      <CommonName>Hamilton Street</CommonName>
      <Location>
        <Longitude>-3.013683</Longitude>
        <Latitude>53.394864</Latitude>
      </Location>
    </AnnotatedStopPointRef>
  </StopPoints>
  <RouteSections>
    <RouteSection id="rsf_0000">
      <RouteLink id="rl_0000_1">
        <From>
          <StopPointRef>2800S22008C</StopPointRef>
        </From>
        <To>
          <StopPointRef>2800S22009C</StopPointRef>
        </To>
      </RouteLink>
      <RouteLink id="rl_0000_2">
        <From>
          <StopPointRef>2800S22009C</StopPointRef>
        </From>
        <To>
          <StopPointRef>2800S22016B</StopPointRef>
        </To>
      </RouteLink>
      <RouteLink id="rl_0000_3">
        <From>
          <StopPointRef>2800S22016B</StopPointRef>
        </From>
        <To>
          <StopPointRef>2800S22043B</StopPointRef>
        </To>
      </RouteLink>
      <RouteLink id="rl_0000_4">
        <From>
          <StopPointRef>2800S22043B</StopPointRef>
        </From>
        <To>
          <StopPointRef>2800S22026B</StopPointRef>
        </To>
      </RouteLink>
      <RouteLink id="rl_0000_5">
        <From>
          <StopPointRef>2800S22026B</StopPointRef>
        </From>
        <To>
          <StopPointRef>2800S22007A</StopPointRef>
        </To>
      </RouteLink>
      <RouteLink id="rl_0000_6">
        <From>
          <StopPointRef>2800S22007A</StopPointRef>
        </From>
        <To>
          <StopPointRef>2800S22002B</StopPointRef>
        </To>
      </RouteLink>
      <RouteLink id="rl_0000_7">
        <From>
          <StopPointRef>2800S22002B</StopPointRef>
        </From>
        <To>
          <StopPointRef>2800S22001B</StopPointRef>
        </To>
      </RouteLink>
      <RouteLink id="rl_0000_8">
        <From>
          <StopPointRef>2800S22001B</StopPointRef>
        </From>
        <To>
          <StopPointRef>2800S21093B</StopPointRef>
        </To>
      </RouteLink>
      <RouteLink id="rl_0000_9">
        <From>
          <StopPointRef>2800S21093B</StopPointRef>
        </From>
        <To>
          <StopPointRef>2800S21054B</StopPointRef>
        </To>
      </RouteLink>
      <RouteLink id="rl_0000_10">
        <From>
          <StopPointRef>2800S21054B</StopPointRef>
        </From>
        <To>
          <StopPointRef>2800S21053A</StopPointRef>
        </To>
      </RouteLink>
      <RouteLink id="rl_0000_11">
        <From>
          <StopPointRef>2800S21053A</StopPointRef>
        </From>
        <To>
          <StopPointRef>2800S21064A</StopPointRef>
        </To>
      </RouteLink>
      <RouteLink id="rl_0000_12">
        <From>
          <StopPointRef>2800S21064A</StopPointRef>
        </From>
        <To>
          <StopPointRef>2800S21065C</StopPointRef>
        </To>
      </RouteLink>
      <RouteLink id="rl_0000_13">
        <From>
          <StopPointRef>2800S21065C</StopPointRef>
        </From>
        <To>
          <StopPointRef>2800S21066B</StopPointRef>
        </To>
      </RouteLink>
      <RouteLink id="rl_0000_14">
        <From>
          <StopPointRef>2800S21066B</StopPointRef>
        </From>
        <To>
          <StopPointRef>2800S21067B</StopPointRef>
        </To>
      </RouteLink>
      <RouteLink id="rl_0000_15">
        <From>
          <StopPointRef>2800S21067B</StopPointRef>
        </From>
        <To>
          <StopPointRef>2800S25048A</StopPointRef>
        </To>
      </RouteLink>
      <RouteLink id="rl_0000_16">
        <From>
          <StopPointRef>2800S25048A</StopPointRef>
        </From>
        <To>
          <StopPointRef>2800S25123A</StopPointRef>
        </To>
      </RouteLink>
      <RouteLink id="rl_0000_17">
        <From>
          <StopPointRef>2800S25123A</StopPointRef>
        </From>
        <To>
          <StopPointRef>2800S25070B</StopPointRef>
        </To>
      </RouteLink>
      <RouteLink id="rl_0000_18">
        <From>
          <StopPointRef>2800S25070B</StopPointRef>
        </From>
        <To>
          <StopPointRef>2800S25071A</StopPointRef>
        </To>
      </RouteLink>
      <RouteLink id="rl_0000_19">
        <From>
          <StopPointRef>2800S25071A</StopPointRef>
        </From>
        <To>
          <StopPointRef>2800S25072A</StopPointRef>
        </To>
      </RouteLink>
      <RouteLink id="rl_0000_20">
        <From>
          <StopPointRef>2800S25072A</StopPointRef>
        </From>
        <To>
          <StopPointRef>2800S25073B</StopPointRef>
        </To>
      </RouteLink>
      <RouteLink id="rl_0000_21">
        <From>
          <StopPointRef>2800S25073B</StopPointRef>
        </From>
        <To>
          <StopPointRef>2800S25074B</StopPointRef>
        </To>
      </RouteLink>
      <RouteLink id="rl_0000_22">
        <From>
          <StopPointRef>2800S25074B</StopPointRef>
        </From>
        <To>
          <StopPointRef>2800S25088B</StopPointRef>
        </To>
      </RouteLink>
      <RouteLink id="rl_0000_23">
        <From>
          <StopPointRef>2800S25088B</StopPointRef>
        </From>
        <To>
          <StopPointRef>2800S25075B</StopPointRef>
        </To>
      </RouteLink>
      <RouteLink id="rl_0000_24">
        <From>
          <StopPointRef>2800S25075B</StopPointRef>
        </From>
        <To>
          <StopPointRef>2800S25076B</StopPointRef>
        </To>
      </RouteLink>
      <RouteLink id="rl_0000_25">
        <From>
          <StopPointRef>2800S25076B</StopPointRef>
        </From>
        <To>
          <StopPointRef>2800S25077B</StopPointRef>
        </To>
      </RouteLink>
      <RouteLink id="rl_0000_26">
        <From>
          <StopPointRef>2800S25077B</StopPointRef>
        </From>
        <To>
          <StopPointRef>2800S25061B</StopPointRef>
        </To>
      </RouteLink>
      <RouteLink id="rl_0000_27">
        <From>
          <StopPointRef>2800S25061B</StopPointRef>
        </From>
        <To>
          <StopPointRef>2800S25060B</StopPointRef>
        </To>
      </RouteLink>
      <RouteLink id="rl_0000_28">
        <From>
          <StopPointRef>2800S25060B</StopPointRef>
        </From>
        <To>
          <StopPointRef>2800S25059B</StopPointRef>
        </To>
      </RouteLink>
      <RouteLink id="rl_0000_29">
        <From>
          <StopPointRef>2800S25059B</StopPointRef>
        </From>
        <To>
          <StopPointRef>2800S25004B</StopPointRef>
        </To>
      </RouteLink>
      <RouteLink id="rl_0000_30">
        <From>
          <StopPointRef>2800S25004B</StopPointRef>
        </From>
        <To>
          <StopPointRef>2800S25004C</StopPointRef>
        </To>
      </RouteLink>
      <RouteLink id="rl_0000_31">
        <From>
          <StopPointRef>2800S25004C</StopPointRef>
        </From>
        <To>
          <StopPointRef>2800S25003A</StopPointRef>
        </To>
      </RouteLink>
      <RouteLink id="rl_0000_32">
        <From>
          <StopPointRef>2800S25003A</StopPointRef>
        </From>
        <To>
          <StopPointRef>2800S25002A</StopPointRef>
        </To>
      </RouteLink>
      <RouteLink id="rl_0000_33">
        <From>
          <StopPointRef>2800S25002A</StopPointRef>
        </From>
        <To>
          <StopPointRef>2800S25001B</StopPointRef>
        </To>
      </RouteLink>
      <RouteLink id="rl_0000_34">
        <From>
          <StopPointRef>2800S25001B</StopPointRef>
        </From>
        <To>
          <StopPointRef>2800S26008B</StopPointRef>
        </To>
      </RouteLink>
      <RouteLink id="rl_0000_35">
        <From>
          <StopPointRef>2800S26008B</StopPointRef>
        </From>
        <To>
          <StopPointRef>2800S26042A</StopPointRef>
        </To>
      </RouteLink>
      <RouteLink id="rl_0000_36">
        <From>
          <StopPointRef>2800S26042A</StopPointRef>
        </From>
        <To>
          <StopPointRef>2800S26077A</StopPointRef>
        </To>
      </RouteLink>
      <RouteLink id="rl_0000_37">
        <From>
          <StopPointRef>2800S26077A</StopPointRef>
        </From>
        <To>
          <StopPointRef>2800S26025B</StopPointRef>
        </To>
      </RouteLink>
      <RouteLink id="rl_0000_38">
        <From>
          <StopPointRef>2800S26025B</StopPointRef>
        </From>
        <To>
          <StopPointRef>2800S26024A</StopPointRef>
        </To>
      </RouteLink>
      <RouteLink id="rl_0000_39">
        <From>
          <StopPointRef>2800S26024A</StopPointRef>
        </From>
        <To>
          <StopPointRef>2800S26024B</StopPointRef>
        </To>
      </RouteLink>
      <RouteLink id="rl_0000_40">
        <From>
          <StopPointRef>2800S26024B</StopPointRef>
        </From>
        <To>
          <StopPointRef>2800S26025A</StopPointRef>
        </To>
      </RouteLink>
      <RouteLink id="rl_0000_41">
        <From>
          <StopPointRef>2800S26025A</StopPointRef>
        </From>
        <To>
          <StopPointRef>2800S26026B</StopPointRef>
        </To>
      </RouteLink>
      <RouteLink id="rl_0000_42">
        <From>
          <StopPointRef>2800S26026B</StopPointRef>
        </From>
        <To>
          <StopPointRef>2800S26027B</StopPointRef>
        </To>
      </RouteLink>
      <RouteLink id="rl_0000_43">
        <From>
          <StopPointRef>2800S26027B</StopPointRef>
        </From>
        <To>
          <StopPointRef>2800S26028B</StopPointRef>
        </To>
      </RouteLink>
      <RouteLink id="rl_0000_44">
        <From>
          <StopPointRef>2800S26028B</StopPointRef>
        </From>
        <To>
          <StopPointRef>2800S26015B</StopPointRef>
        </To>
      </RouteLink>
      <RouteLink id="rl_0000_45">
        <From>
          <StopPointRef>2800S26015B</StopPointRef>
        </From>
        <To>
          <StopPointRef>2800S26004A</StopPointRef>
        </To>
      </RouteLink>
      <RouteLink id="rl_0000_46">
        <From>
          <StopPointRef>2800S26004A</StopPointRef>
        </From>
        <To>
          <StopPointRef>2800S26003A</StopPointRef>
        </To>
      </RouteLink>
      <RouteLink id="rl_0000_47">
        <From>
          <StopPointRef>2800S26003A</StopPointRef>
        </From>
        <To>
          <StopPointRef>2800S26002A</StopPointRef>
        </To>
      </RouteLink>
      <RouteLink id="rl_0000_48">
        <From>
          <StopPointRef>2800S26002A</StopPointRef>
        </From>
        <To>
          <StopPointRef>2800S26001A</StopPointRef>
        </To>
      </RouteLink>
      <RouteLink id="rl_0000_49">
        <From>
          <StopPointRef>2800S26001A</StopPointRef>
        </From>
        <To>
          <StopPointRef>2800S20006A</StopPointRef>
        </To>
      </RouteLink>
      <RouteLink id="rl_0000_50">
        <From>
          <StopPointRef>2800S20006A</StopPointRef>
        </From>
        <To>
          <StopPointRef>2800S20005A</StopPointRef>
        </To>
      </RouteLink>
      <RouteLink id="rl_0000_51">
        <From>
          <StopPointRef>2800S20005A</StopPointRef>
        </From>
        <To>
          <StopPointRef>2800S20004E</StopPointRef>
        </To>
      </RouteLink>
      <RouteLink id="rl_0000_52">
        <From>
          <StopPointRef>2800S20004E</StopPointRef>
        </From>
        <To>
          <StopPointRef>2800S20099A</StopPointRef>
        </To>
      </RouteLink>
      <RouteLink id="rl_0000_53">
        <From>
          <StopPointRef>2800S20099A</StopPointRef>
        </From>
        <To>
          <StopPointRef>2800S22034A</StopPointRef>
        </To>
      </RouteLink>
      <RouteLink id="rl_0000_54">
        <From>
          <StopPointRef>2800S22034A</StopPointRef>
        </From>
        <To>
          <StopPointRef>2800S22035A</StopPointRef>
        </To>
      </RouteLink>
      <RouteLink id="rl_0000_55">
        <From>
          <StopPointRef>2800S22035A</StopPointRef>
        </From>
        <To>
          <StopPointRef>2800S25089B</StopPointRef>
        </To>
      </RouteLink>
      <RouteLink id="rl_0000_56">
        <From>
          <StopPointRef>2800S25089B</StopPointRef>
        </From>
        <To>
          <StopPointRef>2800S25085A</StopPointRef>
        </To>
      </RouteLink>
      <RouteLink id="rl_0000_57">
        <From>
          <StopPointRef>2800S25085A</StopPointRef>
        </From>
        <To>
          <StopPointRef>2800S25091A</StopPointRef>
        </To>
      </RouteLink>
      <RouteLink id="rl_0000_58">
        <From>
          <StopPointRef>2800S25091A</StopPointRef>
        </From>
        <To>
          <StopPointRef>2800S25090A</StopPointRef>
        </To>
      </RouteLink>
      <RouteLink id="rl_0000_59">
        <From>
          <StopPointRef>2800S25090A</StopPointRef>
        </From>
        <To>
          <StopPointRef>2800S21097A</StopPointRef>
        </To>
      </RouteLink>
      <RouteLink id="rl_0000_60">
        <From>
          <StopPointRef>2800S21097A</StopPointRef>
        </From>
        <To>
          <StopPointRef>2800S21096A</StopPointRef>
        </To>
      </RouteLink>
      <RouteLink id="rl_0000_61">
        <From>
          <StopPointRef>2800S21096A</StopPointRef>
        </From>
        <To>
          <StopPointRef>2800S21095A</StopPointRef>
        </To>
      </RouteLink>
      <RouteLink id="rl_0000_62">
        <From>
          <StopPointRef>2800S21095A</StopPointRef>
        </From>
        <To>
          <StopPointRef>2800S21094A</StopPointRef>
        </To>
      </RouteLink>
      <RouteLink id="rl_0000_63">
        <From>
          <StopPointRef>2800S21094A</StopPointRef>
        </From>
        <To>
          <StopPointRef>2800S21050D</StopPointRef>
        </To>
      </RouteLink>
      <RouteLink id="rl_0000_64">
        <From>
          <StopPointRef>2800S21050D</StopPointRef>
        </From>
        <To>
          <StopPointRef>2800S21044C</StopPointRef>
        </To>
      </RouteLink>
      <RouteLink id="rl_0000_65">
        <From>
          <StopPointRef>2800S21044C</StopPointRef>
        </From>
        <To>
          <StopPointRef>2800S21088A</StopPointRef>
        </To>
      </RouteLink>
      <RouteLink id="rl_0000_66">
        <From>
          <StopPointRef>2800S21088A</StopPointRef>
        </From>
        <To>
          <StopPointRef>2800S21086A</StopPointRef>
        </To>
      </RouteLink>
      <RouteLink id="rl_0000_67">
        <From>
          <StopPointRef>2800S21086A</StopPointRef>
        </From>
        <To>
          <StopPointRef>2800S22036A</StopPointRef>
        </To>
      </RouteLink>
      <RouteLink id="rl_0000_68">
        <From>
          <StopPointRef>2800S22036A</StopPointRef>
        </From>
        <To>
          <StopPointRef>2800S22004D</StopPointRef>
        </To>
      </RouteLink>
      <RouteLink id="rl_0000_69">
        <From>
          <StopPointRef>2800S22004D</StopPointRef>
        </From>
        <To>
          <StopPointRef>2800S22033A</StopPointRef>
        </To>
      </RouteLink>
      <RouteLink id="rl_0000_70">
        <From>
          <StopPointRef>2800S22033A</StopPointRef>
        </From>
        <To>
          <StopPointRef>2800S22033J</StopPointRef>
        </To>
      </RouteLink>
      <RouteLink id="rl_0000_71">
        <From>
          <StopPointRef>2800S22033J</StopPointRef>
        </From>
        <To>
          <StopPointRef>2800S22006A</StopPointRef>
        </To>
      </RouteLink>
      <RouteLink id="rl_0000_72">
        <From>
          <StopPointRef>2800S22006A</StopPointRef>
        </From>
        <To>
          <StopPointRef>2800S22026A</StopPointRef>
        </To>
      </RouteLink>
      <RouteLink id="rl_0000_73">
        <From>
          <StopPointRef>2800S22026A</StopPointRef>
        </From>
        <To>
          <StopPointRef>2800S22050A</StopPointRef>
        </To>
      </RouteLink>
      <RouteLink id="rl_0000_74">
        <From>
          <StopPointRef>2800S22050A</StopPointRef>
        </From>
        <To>
          <StopPointRef>2800S22058A</StopPointRef>
        </To>
      </RouteLink>
      <RouteLink id="rl_0000_75">
        <From>
          <StopPointRef>2800S22058A</StopPointRef>
        </From>
        <To>
          <StopPointRef>2800S22008C</StopPointRef>
        </To>
      </RouteLink>
    </RouteSection>
  </RouteSections>
  <Routes>
    <Route id="rt_0000">
      <Description>No route description available</Description>
      <RouteSectionRef>rsf_0000</RouteSectionRef>
    </Route>
  </Routes>
  <JourneyPatternSections>
    <JourneyPatternSection id="js_1">
      <JourneyPatternTimingLink id="jptl_1">
        <From SequenceNumber="1">
          <Activity>pickUp</Activity>
          <StopPointRef>2800S22008C</StopPointRef>
          <TimingStatus>principalTimingPoint</TimingStatus>
        </From>
        <To SequenceNumber="2">
          <StopPointRef>2800S22009C</StopPointRef>
          <TimingStatus>otherPoint</TimingStatus>
        </To>
        <RouteLinkRef>rl_0000_1</RouteLinkRef>
        <RunTime>PT0S</RunTime>
      </JourneyPatternTimingLink>
      <JourneyPatternTimingLink id="jptl_2">
        <From SequenceNumber="2">
          <StopPointRef>2800S22009C</StopPointRef>
          <TimingStatus>otherPoint</TimingStatus>
        </From>
        <To SequenceNumber="3">
          <StopPointRef>2800S22016B</StopPointRef>
          <TimingStatus>otherPoint</TimingStatus>
        </To>
        <RouteLinkRef>rl_0000_2</RouteLinkRef>
        <RunTime>PT2M</RunTime>
      </JourneyPatternTimingLink>
      <JourneyPatternTimingLink id="jptl_3">
        <From SequenceNumber="3">
          <StopPointRef>2800S22016B</StopPointRef>
          <TimingStatus>otherPoint</TimingStatus>
        </From>
        <To SequenceNumber="4">
          <StopPointRef>2800S22043B</StopPointRef>
          <TimingStatus>principalTimingPoint</TimingStatus>
        </To>
        <RouteLinkRef>rl_0000_3</RouteLinkRef>
        <RunTime>PT1M</RunTime>
      </JourneyPatternTimingLink>
      <JourneyPatternTimingLink id="jptl_4">
        <From SequenceNumber="4">
          <StopPointRef>2800S22043B</StopPointRef>
          <TimingStatus>principalTimingPoint</TimingStatus>
        </From>
        <To SequenceNumber="5">
          <StopPointRef>2800S22026B</StopPointRef>
          <TimingStatus>otherPoint</TimingStatus>
        </To>
        <RouteLinkRef>rl_0000_4</RouteLinkRef>
        <RunTime>PT1M</RunTime>
      </JourneyPatternTimingLink>
      <JourneyPatternTimingLink id="jptl_5">
        <From SequenceNumber="5">
          <StopPointRef>2800S22026B</StopPointRef>
          <TimingStatus>otherPoint</TimingStatus>
        </From>
        <To SequenceNumber="6">
          <StopPointRef>2800S22007A</StopPointRef>
          <TimingStatus>otherPoint</TimingStatus>
        </To>
        <RouteLinkRef>rl_0000_5</RouteLinkRef>
        <RunTime>PT0S</RunTime>
      </JourneyPatternTimingLink>
      <JourneyPatternTimingLink id="jptl_6">
        <From SequenceNumber="6">
          <StopPointRef>2800S22007A</StopPointRef>
          <TimingStatus>otherPoint</TimingStatus>
        </From>
        <To SequenceNumber="7">
          <StopPointRef>2800S22002B</StopPointRef>
          <TimingStatus>otherPoint</TimingStatus>
        </To>
        <RouteLinkRef>rl_0000_6</RouteLinkRef>
        <RunTime>PT1M</RunTime>
      </JourneyPatternTimingLink>
      <JourneyPatternTimingLink id="jptl_7">
        <From SequenceNumber="7">
          <StopPointRef>2800S22002B</StopPointRef>
          <TimingStatus>otherPoint</TimingStatus>
        </From>
        <To SequenceNumber="8">
          <StopPointRef>2800S22001B</StopPointRef>
          <TimingStatus>otherPoint</TimingStatus>
        </To>
        <RouteLinkRef>rl_0000_7</RouteLinkRef>
        <RunTime>PT0S</RunTime>
      </JourneyPatternTimingLink>
      <JourneyPatternTimingLink id="jptl_8">
        <From SequenceNumber="8">
          <StopPointRef>2800S22001B</StopPointRef>
          <TimingStatus>otherPoint</TimingStatus>
        </From>
        <To SequenceNumber="9">
          <StopPointRef>2800S21093B</StopPointRef>
          <TimingStatus>otherPoint</TimingStatus>
        </To>
        <RouteLinkRef>rl_0000_8</RouteLinkRef>
        <RunTime>PT1M</RunTime>
      </JourneyPatternTimingLink>
      <JourneyPatternTimingLink id="jptl_9">
        <From SequenceNumber="9">
          <StopPointRef>2800S21093B</StopPointRef>
          <TimingStatus>otherPoint</TimingStatus>
        </From>
        <To SequenceNumber="10">
          <StopPointRef>2800S21054B</StopPointRef>
          <TimingStatus>otherPoint</TimingStatus>
        </To>
        <RouteLinkRef>rl_0000_9</RouteLinkRef>
        <RunTime>PT0S</RunTime>
      </JourneyPatternTimingLink>
      <JourneyPatternTimingLink id="jptl_10">
        <From SequenceNumber="10">
          <StopPointRef>2800S21054B</StopPointRef>
          <TimingStatus>otherPoint</TimingStatus>
        </From>
        <To SequenceNumber="11">
          <StopPointRef>2800S21053A</StopPointRef>
          <TimingStatus>principalTimingPoint</TimingStatus>
        </To>
        <RouteLinkRef>rl_0000_10</RouteLinkRef>
        <RunTime>PT1M</RunTime>
      </JourneyPatternTimingLink>
      <JourneyPatternTimingLink id="jptl_11">
        <From SequenceNumber="11">
          <StopPointRef>2800S21053A</StopPointRef>
          <TimingStatus>principalTimingPoint</TimingStatus>
        </From>
        <To SequenceNumber="12">
          <StopPointRef>2800S21064A</StopPointRef>
          <TimingStatus>otherPoint</TimingStatus>
        </To>
        <RouteLinkRef>rl_0000_11</RouteLinkRef>
        <RunTime>PT1M</RunTime>
      </JourneyPatternTimingLink>
      <JourneyPatternTimingLink id="jptl_12">
        <From SequenceNumber="12">
          <StopPointRef>2800S21064A</StopPointRef>
          <TimingStatus>otherPoint</TimingStatus>
        </From>
        <To SequenceNumber="13">
          <StopPointRef>2800S21065C</StopPointRef>
          <TimingStatus>principalTimingPoint</TimingStatus>
        </To>
        <RouteLinkRef>rl_0000_12</RouteLinkRef>
        <RunTime>PT2M</RunTime>
      </JourneyPatternTimingLink>
      <JourneyPatternTimingLink id="jptl_13">
        <From SequenceNumber="13">
          <StopPointRef>2800S21065C</StopPointRef>
          <TimingStatus>principalTimingPoint</TimingStatus>
        </From>
        <To SequenceNumber="14">
          <StopPointRef>2800S21066B</StopPointRef>
          <TimingStatus>otherPoint</TimingStatus>
        </To>
        <RouteLinkRef>rl_0000_13</RouteLinkRef>
        <RunTime>PT1M</RunTime>
      </JourneyPatternTimingLink>
      <JourneyPatternTimingLink id="jptl_14">
        <From SequenceNumber="14">
          <StopPointRef>2800S21066B</StopPointRef>
          <TimingStatus>otherPoint</TimingStatus>
        </From>
        <To SequenceNumber="15">
          <StopPointRef>2800S21067B</StopPointRef>
          <TimingStatus>otherPoint</TimingStatus>
        </To>
        <RouteLinkRef>rl_0000_14</RouteLinkRef>
        <RunTime>PT1M</RunTime>
      </JourneyPatternTimingLink>
      <JourneyPatternTimingLink id="jptl_15">
        <From SequenceNumber="15">
          <StopPointRef>2800S21067B</StopPointRef>
          <TimingStatus>otherPoint</TimingStatus>
        </From>
        <To SequenceNumber="16">
          <StopPointRef>2800S25048A</StopPointRef>
          <TimingStatus>otherPoint</TimingStatus>
        </To>
        <RouteLinkRef>rl_0000_15</RouteLinkRef>
        <RunTime>PT1M</RunTime>
      </JourneyPatternTimingLink>
      <JourneyPatternTimingLink id="jptl_16">
        <From SequenceNumber="16">
          <StopPointRef>2800S25048A</StopPointRef>
          <TimingStatus>otherPoint</TimingStatus>
        </From>
        <To SequenceNumber="17">
          <StopPointRef>2800S25123A</StopPointRef>
          <TimingStatus>otherPoint</TimingStatus>
        </To>
        <RouteLinkRef>rl_0000_16</RouteLinkRef>
        <RunTime>PT0S</RunTime>
      </JourneyPatternTimingLink>
      <JourneyPatternTimingLink id="jptl_17">
        <From SequenceNumber="17">
          <StopPointRef>2800S25123A</StopPointRef>
          <TimingStatus>otherPoint</TimingStatus>
        </From>
        <To SequenceNumber="18">
          <StopPointRef>2800S25070B</StopPointRef>
          <TimingStatus>otherPoint</TimingStatus>
        </To>
        <RouteLinkRef>rl_0000_17</RouteLinkRef>
        <RunTime>PT1M</RunTime>
      </JourneyPatternTimingLink>
      <JourneyPatternTimingLink id="jptl_18">
        <From SequenceNumber="18">
          <StopPointRef>2800S25070B</StopPointRef>
          <TimingStatus>otherPoint</TimingStatus>
        </From>
        <To SequenceNumber="19">
          <StopPointRef>2800S25071A</StopPointRef>
          <TimingStatus>otherPoint</TimingStatus>
        </To>
        <RouteLinkRef>rl_0000_18</RouteLinkRef>
        <RunTime>PT1M</RunTime>
      </JourneyPatternTimingLink>
      <JourneyPatternTimingLink id="jptl_19">
        <From SequenceNumber="19">
          <StopPointRef>2800S25071A</StopPointRef>
          <TimingStatus>otherPoint</TimingStatus>
        </From>
        <To SequenceNumber="20">
          <StopPointRef>2800S25072A</StopPointRef>
          <TimingStatus>otherPoint</TimingStatus>
        </To>
        <RouteLinkRef>rl_0000_19</RouteLinkRef>
        <RunTime>PT0S</RunTime>
      </JourneyPatternTimingLink>
      <JourneyPatternTimingLink id="jptl_20">
        <From SequenceNumber="20">
          <StopPointRef>2800S25072A</StopPointRef>
          <TimingStatus>otherPoint</TimingStatus>
        </From>
        <To SequenceNumber="21">
          <StopPointRef>2800S25073B</StopPointRef>
          <TimingStatus>otherPoint</TimingStatus>
        </To>
        <RouteLinkRef>rl_0000_20</RouteLinkRef>
        <RunTime>PT1M</RunTime>
      </JourneyPatternTimingLink>
      <JourneyPatternTimingLink id="jptl_21">
        <From SequenceNumber="21">
          <StopPointRef>2800S25073B</StopPointRef>
          <TimingStatus>otherPoint</TimingStatus>
        </From>
        <To SequenceNumber="22">
          <StopPointRef>2800S25074B</StopPointRef>
          <TimingStatus>otherPoint</TimingStatus>
        </To>
        <RouteLinkRef>rl_0000_21</RouteLinkRef>
        <RunTime>PT1M</RunTime>
      </JourneyPatternTimingLink>
      <JourneyPatternTimingLink id="jptl_22">
        <From SequenceNumber="22">
          <StopPointRef>2800S25074B</StopPointRef>
          <TimingStatus>otherPoint</TimingStatus>
        </From>
        <To SequenceNumber="23">
          <StopPointRef>2800S25088B</StopPointRef>
          <TimingStatus>otherPoint</TimingStatus>
        </To>
        <RouteLinkRef>rl_0000_22</RouteLinkRef>
        <RunTime>PT1M</RunTime>
      </JourneyPatternTimingLink>
      <JourneyPatternTimingLink id="jptl_23">
        <From SequenceNumber="23">
          <StopPointRef>2800S25088B</StopPointRef>
          <TimingStatus>otherPoint</TimingStatus>
        </From>
        <To SequenceNumber="24">
          <StopPointRef>2800S25075B</StopPointRef>
          <TimingStatus>otherPoint</TimingStatus>
        </To>
        <RouteLinkRef>rl_0000_23</RouteLinkRef>
        <RunTime>PT0S</RunTime>
      </JourneyPatternTimingLink>
      <JourneyPatternTimingLink id="jptl_24">
        <From SequenceNumber="24">
          <StopPointRef>2800S25075B</StopPointRef>
          <TimingStatus>otherPoint</TimingStatus>
        </From>
        <To SequenceNumber="25">
          <StopPointRef>2800S25076B</StopPointRef>
          <TimingStatus>principalTimingPoint</TimingStatus>
        </To>
        <RouteLinkRef>rl_0000_24</RouteLinkRef>
        <RunTime>PT1M</RunTime>
      </JourneyPatternTimingLink>
      <JourneyPatternTimingLink id="jptl_25">
        <From SequenceNumber="25">
          <StopPointRef>2800S25076B</StopPointRef>
          <TimingStatus>principalTimingPoint</TimingStatus>
        </From>
        <To SequenceNumber="26">
          <StopPointRef>2800S25077B</StopPointRef>
          <TimingStatus>otherPoint</TimingStatus>
        </To>
        <RouteLinkRef>rl_0000_25</RouteLinkRef>
        <RunTime>PT1M</RunTime>
      </JourneyPatternTimingLink>
      <JourneyPatternTimingLink id="jptl_26">
        <From SequenceNumber="26">
          <StopPointRef>2800S25077B</StopPointRef>
          <TimingStatus>otherPoint</TimingStatus>
        </From>
        <To SequenceNumber="27">
          <StopPointRef>2800S25061B</StopPointRef>
          <TimingStatus>otherPoint</TimingStatus>
        </To>
        <RouteLinkRef>rl_0000_26</RouteLinkRef>
        <RunTime>PT0S</RunTime>
      </JourneyPatternTimingLink>
      <JourneyPatternTimingLink id="jptl_27">
        <From SequenceNumber="27">
          <StopPointRef>2800S25061B</StopPointRef>
          <TimingStatus>otherPoint</TimingStatus>
        </From>
        <To SequenceNumber="28">
          <StopPointRef>2800S25060B</StopPointRef>
          <TimingStatus>otherPoint</TimingStatus>
        </To>
        <RouteLinkRef>rl_0000_27</RouteLinkRef>
        <RunTime>PT1M</RunTime>
      </JourneyPatternTimingLink>
      <JourneyPatternTimingLink id="jptl_28">
        <From SequenceNumber="28">
          <StopPointRef>2800S25060B</StopPointRef>
          <TimingStatus>otherPoint</TimingStatus>
        </From>
        <To SequenceNumber="29">
          <StopPointRef>2800S25059B</StopPointRef>
          <TimingStatus>otherPoint</TimingStatus>
        </To>
        <RouteLinkRef>rl_0000_28</RouteLinkRef>
        <RunTime>PT1M</RunTime>
      </JourneyPatternTimingLink>
      <JourneyPatternTimingLink id="jptl_29">
        <From SequenceNumber="29">
          <StopPointRef>2800S25059B</StopPointRef>
          <TimingStatus>otherPoint</TimingStatus>
        </From>
        <To SequenceNumber="30">
          <StopPointRef>2800S25004B</StopPointRef>
          <TimingStatus>otherPoint</TimingStatus>
        </To>
        <RouteLinkRef>rl_0000_29</RouteLinkRef>
        <RunTime>PT1M</RunTime>
      </JourneyPatternTimingLink>
      <JourneyPatternTimingLink id="jptl_30">
        <From SequenceNumber="30">
          <StopPointRef>2800S25004B</StopPointRef>
          <TimingStatus>otherPoint</TimingStatus>
        </From>
        <To SequenceNumber="31">
          <StopPointRef>2800S25004C</StopPointRef>
          <TimingStatus>principalTimingPoint</TimingStatus>
        </To>
        <RouteLinkRef>rl_0000_30</RouteLinkRef>
        <RunTime>PT0S</RunTime>
      </JourneyPatternTimingLink>
      <JourneyPatternTimingLink id="jptl_31">
        <From SequenceNumber="31">
          <StopPointRef>2800S25004C</StopPointRef>
          <TimingStatus>principalTimingPoint</TimingStatus>
        </From>
        <To SequenceNumber="32">
          <StopPointRef>2800S25003A</StopPointRef>
          <TimingStatus>otherPoint</TimingStatus>
        </To>
        <RouteLinkRef>rl_0000_31</RouteLinkRef>
        <RunTime>PT0S</RunTime>
      </JourneyPatternTimingLink>
      <JourneyPatternTimingLink id="jptl_32">
        <From SequenceNumber="32">
          <StopPointRef>2800S25003A</StopPointRef>
          <TimingStatus>otherPoint</TimingStatus>
        </From>
        <To SequenceNumber="33">
          <StopPointRef>2800S25002A</StopPointRef>
          <TimingStatus>otherPoint</TimingStatus>
        </To>
        <RouteLinkRef>rl_0000_32</RouteLinkRef>
        <RunTime>PT1M</RunTime>
      </JourneyPatternTimingLink>
      <JourneyPatternTimingLink id="jptl_33">
        <From SequenceNumber="33">
          <StopPointRef>2800S25002A</StopPointRef>
          <TimingStatus>otherPoint</TimingStatus>
        </From>
        <To SequenceNumber="34">
          <StopPointRef>2800S25001B</StopPointRef>
          <TimingStatus>otherPoint</TimingStatus>
        </To>
        <RouteLinkRef>rl_0000_33</RouteLinkRef>
        <RunTime>PT1M</RunTime>
      </JourneyPatternTimingLink>
      <JourneyPatternTimingLink id="jptl_34">
        <From SequenceNumber="34">
          <StopPointRef>2800S25001B</StopPointRef>
          <TimingStatus>otherPoint</TimingStatus>
        </From>
        <To SequenceNumber="35">
          <StopPointRef>2800S26008B</StopPointRef>
          <TimingStatus>otherPoint</TimingStatus>
        </To>
        <RouteLinkRef>rl_0000_34</RouteLinkRef>
        <RunTime>PT0S</RunTime>
      </JourneyPatternTimingLink>
      <JourneyPatternTimingLink id="jptl_35">
        <From SequenceNumber="35">
          <StopPointRef>2800S26008B</StopPointRef>
          <TimingStatus>otherPoint</TimingStatus>
        </From>
        <To SequenceNumber="36">
          <StopPointRef>2800S26042A</StopPointRef>
          <TimingStatus>principalTimingPoint</TimingStatus>
        </To>
        <RouteLinkRef>rl_0000_35</RouteLinkRef>
        <RunTime>PT2M</RunTime>
      </JourneyPatternTimingLink>
      <JourneyPatternTimingLink id="jptl_36">
        <From SequenceNumber="36">
          <StopPointRef>2800S26042A</StopPointRef>
          <TimingStatus>principalTimingPoint</TimingStatus>
        </From>
        <To SequenceNumber="37">
          <StopPointRef>2800S26077A</StopPointRef>
          <TimingStatus>otherPoint</TimingStatus>
        </To>
        <RouteLinkRef>rl_0000_36</RouteLinkRef>
        <RunTime>PT3M</RunTime>
      </JourneyPatternTimingLink>
      <JourneyPatternTimingLink id="jptl_37">
        <From SequenceNumber="37">
          <StopPointRef>2800S26077A</StopPointRef>
          <TimingStatus>otherPoint</TimingStatus>
        </From>
        <To SequenceNumber="38">
          <StopPointRef>2800S26025B</StopPointRef>
          <TimingStatus>principalTimingPoint</TimingStatus>
        </To>
        <RouteLinkRef>rl_0000_37</RouteLinkRef>
        <RunTime>PT1M</RunTime>
      </JourneyPatternTimingLink>
      <JourneyPatternTimingLink id="jptl_38">
        <From SequenceNumber="38">
          <StopPointRef>2800S26025B</StopPointRef>
          <TimingStatus>principalTimingPoint</TimingStatus>
        </From>
        <To SequenceNumber="39">
          <StopPointRef>2800S26024A</StopPointRef>
          <TimingStatus>otherPoint</TimingStatus>
        </To>
        <RouteLinkRef>rl_0000_38</RouteLinkRef>
        <RunTime>PT0S</RunTime>
      </JourneyPatternTimingLink>
      <JourneyPatternTimingLink id="jptl_39">
        <From SequenceNumber="39">
          <StopPointRef>2800S26024A</StopPointRef>
          <TimingStatus>otherPoint</TimingStatus>
        </From>
        <To SequenceNumber="40">
          <StopPointRef>2800S26024B</StopPointRef>
          <TimingStatus>otherPoint</TimingStatus>
        </To>
        <RouteLinkRef>rl_0000_39</RouteLinkRef>
        <RunTime>PT1M</RunTime>
      </JourneyPatternTimingLink>
      <JourneyPatternTimingLink id="jptl_40">
        <From SequenceNumber="40">
          <StopPointRef>2800S26024B</StopPointRef>
          <TimingStatus>otherPoint</TimingStatus>
        </From>
        <To SequenceNumber="41">
          <StopPointRef>2800S26025A</StopPointRef>
          <TimingStatus>otherPoint</TimingStatus>
        </To>
        <RouteLinkRef>rl_0000_40</RouteLinkRef>
        <RunTime>PT0S</RunTime>
      </JourneyPatternTimingLink>
      <JourneyPatternTimingLink id="jptl_41">
        <From SequenceNumber="41">
          <StopPointRef>2800S26025A</StopPointRef>
          <TimingStatus>otherPoint</TimingStatus>
        </From>
        <To SequenceNumber="42">
          <StopPointRef>2800S26026B</StopPointRef>
          <TimingStatus>otherPoint</TimingStatus>
        </To>
        <RouteLinkRef>rl_0000_41</RouteLinkRef>
        <RunTime>PT1M</RunTime>
      </JourneyPatternTimingLink>
      <JourneyPatternTimingLink id="jptl_42">
        <From SequenceNumber="42">
          <StopPointRef>2800S26026B</StopPointRef>
          <TimingStatus>otherPoint</TimingStatus>
        </From>
        <To SequenceNumber="43">
          <StopPointRef>2800S26027B</StopPointRef>
          <TimingStatus>otherPoint</TimingStatus>
        </To>
        <RouteLinkRef>rl_0000_42</RouteLinkRef>
        <RunTime>PT1M</RunTime>
      </JourneyPatternTimingLink>
      <JourneyPatternTimingLink id="jptl_43">
        <From SequenceNumber="43">
          <StopPointRef>2800S26027B</StopPointRef>
          <TimingStatus>otherPoint</TimingStatus>
        </From>
        <To SequenceNumber="44">
          <StopPointRef>2800S26028B</StopPointRef>
          <TimingStatus>otherPoint</TimingStatus>
        </To>
        <RouteLinkRef>rl_0000_43</RouteLinkRef>
        <RunTime>PT0S</RunTime>
      </JourneyPatternTimingLink>
      <JourneyPatternTimingLink id="jptl_44">
        <From SequenceNumber="44">
          <StopPointRef>2800S26028B</StopPointRef>
          <TimingStatus>otherPoint</TimingStatus>
        </From>
        <To SequenceNumber="45">
          <StopPointRef>2800S26015B</StopPointRef>
          <TimingStatus>otherPoint</TimingStatus>
        </To>
        <RouteLinkRef>rl_0000_44</RouteLinkRef>
        <RunTime>PT1M</RunTime>
      </JourneyPatternTimingLink>
      <JourneyPatternTimingLink id="jptl_45">
        <From SequenceNumber="45">
          <StopPointRef>2800S26015B</StopPointRef>
          <TimingStatus>otherPoint</TimingStatus>
        </From>
        <To SequenceNumber="46">
          <StopPointRef>2800S26004A</StopPointRef>
          <TimingStatus>otherPoint</TimingStatus>
        </To>
        <RouteLinkRef>rl_0000_45</RouteLinkRef>
        <RunTime>PT3M</RunTime>
      </JourneyPatternTimingLink>
      <JourneyPatternTimingLink id="jptl_46">
        <From SequenceNumber="46">
          <StopPointRef>2800S26004A</StopPointRef>
          <TimingStatus>otherPoint</TimingStatus>
        </From>
        <To SequenceNumber="47">
          <StopPointRef>2800S26003A</StopPointRef>
          <TimingStatus>otherPoint</TimingStatus>
        </To>
        <RouteLinkRef>rl_0000_46</RouteLinkRef>
        <RunTime>PT1M</RunTime>
      </JourneyPatternTimingLink>
      <JourneyPatternTimingLink id="jptl_47">
        <From SequenceNumber="47">
          <StopPointRef>2800S26003A</StopPointRef>
          <TimingStatus>otherPoint</TimingStatus>
        </From>
        <To SequenceNumber="48">
          <StopPointRef>2800S26002A</StopPointRef>
          <TimingStatus>otherPoint</TimingStatus>
        </To>
        <RouteLinkRef>rl_0000_47</RouteLinkRef>
        <RunTime>PT0S</RunTime>
      </JourneyPatternTimingLink>
      <JourneyPatternTimingLink id="jptl_48">
        <From SequenceNumber="48">
          <StopPointRef>2800S26002A</StopPointRef>
          <TimingStatus>otherPoint</TimingStatus>
        </From>
        <To SequenceNumber="49">
          <StopPointRef>2800S26001A</StopPointRef>
          <TimingStatus>otherPoint</TimingStatus>
        </To>
        <RouteLinkRef>rl_0000_48</RouteLinkRef>
        <RunTime>PT1M</RunTime>
      </JourneyPatternTimingLink>
      <JourneyPatternTimingLink id="jptl_49">
        <From SequenceNumber="49">
          <StopPointRef>2800S26001A</StopPointRef>
          <TimingStatus>otherPoint</TimingStatus>
        </From>
        <To SequenceNumber="50">
          <StopPointRef>2800S20006A</StopPointRef>
          <TimingStatus>otherPoint</TimingStatus>
        </To>
        <RouteLinkRef>rl_0000_49</RouteLinkRef>
        <RunTime>PT1M</RunTime>
      </JourneyPatternTimingLink>
      <JourneyPatternTimingLink id="jptl_50">
        <From SequenceNumber="50">
          <StopPointRef>2800S20006A</StopPointRef>
          <TimingStatus>otherPoint</TimingStatus>
        </From>
        <To SequenceNumber="51">
          <StopPointRef>2800S20005A</StopPointRef>
          <TimingStatus>otherPoint</TimingStatus>
        </To>
        <RouteLinkRef>rl_0000_50</RouteLinkRef>
        <RunTime>PT1M</RunTime>
      </JourneyPatternTimingLink>
      <JourneyPatternTimingLink id="jptl_51">
        <From SequenceNumber="51">
          <StopPointRef>2800S20005A</StopPointRef>
          <TimingStatus>otherPoint</TimingStatus>
        </From>
        <To SequenceNumber="52">
          <StopPointRef>2800S20004E</StopPointRef>
          <TimingStatus>principalTimingPoint</TimingStatus>
        </To>
        <RouteLinkRef>rl_0000_51</RouteLinkRef>
        <RunTime>PT0S</RunTime>
      </JourneyPatternTimingLink>
      <JourneyPatternTimingLink id="jptl_52">
        <From SequenceNumber="52">
          <StopPointRef>2800S20004E</StopPointRef>
          <TimingStatus>principalTimingPoint</TimingStatus>
        </From>
        <To SequenceNumber="53">
          <StopPointRef>2800S20099A</StopPointRef>
          <TimingStatus>otherPoint</TimingStatus>
        </To>
        <RouteLinkRef>rl_0000_52</RouteLinkRef>
        <RunTime>PT0S</RunTime>
      </JourneyPatternTimingLink>
      <JourneyPatternTimingLink id="jptl_53">
        <From SequenceNumber="53">
          <StopPointRef>2800S20099A</StopPointRef>
          <TimingStatus>otherPoint</TimingStatus>
        </From>
        <To SequenceNumber="54">
          <StopPointRef>2800S22034A</StopPointRef>
          <TimingStatus>otherPoint</TimingStatus>
        </To>
        <RouteLinkRef>rl_0000_53</RouteLinkRef>
        <RunTime>PT1M</RunTime>
      </JourneyPatternTimingLink>
      <JourneyPatternTimingLink id="jptl_54">
        <From SequenceNumber="54">
          <StopPointRef>2800S22034A</StopPointRef>
          <TimingStatus>otherPoint</TimingStatus>
        </From>
        <To SequenceNumber="55">
          <StopPointRef>2800S22035A</StopPointRef>
          <TimingStatus>otherPoint</TimingStatus>
        </To>
        <RouteLinkRef>rl_0000_54</RouteLinkRef>
        <RunTime>PT1M</RunTime>
      </JourneyPatternTimingLink>
      <JourneyPatternTimingLink id="jptl_55">
        <From SequenceNumber="55">
          <StopPointRef>2800S22035A</StopPointRef>
          <TimingStatus>otherPoint</TimingStatus>
        </From>
        <To SequenceNumber="56">
          <StopPointRef>2800S25089B</StopPointRef>
          <TimingStatus>otherPoint</TimingStatus>
        </To>
        <RouteLinkRef>rl_0000_55</RouteLinkRef>
        <RunTime>PT1M</RunTime>
      </JourneyPatternTimingLink>
      <JourneyPatternTimingLink id="jptl_56">
        <From SequenceNumber="56">
          <StopPointRef>2800S25089B</StopPointRef>
          <TimingStatus>otherPoint</TimingStatus>
        </From>
        <To SequenceNumber="57">
          <StopPointRef>2800S25085A</StopPointRef>
          <TimingStatus>otherPoint</TimingStatus>
        </To>
        <RouteLinkRef>rl_0000_56</RouteLinkRef>
        <RunTime>PT0S</RunTime>
      </JourneyPatternTimingLink>
      <JourneyPatternTimingLink id="jptl_57">
        <From SequenceNumber="57">
          <StopPointRef>2800S25085A</StopPointRef>
          <TimingStatus>otherPoint</TimingStatus>
        </From>
        <To SequenceNumber="58">
          <StopPointRef>2800S25091A</StopPointRef>
          <TimingStatus>otherPoint</TimingStatus>
        </To>
        <RouteLinkRef>rl_0000_57</RouteLinkRef>
        <RunTime>PT1M</RunTime>
      </JourneyPatternTimingLink>
      <JourneyPatternTimingLink id="jptl_58">
        <From SequenceNumber="58">
          <StopPointRef>2800S25091A</StopPointRef>
          <TimingStatus>otherPoint</TimingStatus>
        </From>
        <To SequenceNumber="59">
          <StopPointRef>2800S25090A</StopPointRef>
          <TimingStatus>otherPoint</TimingStatus>
        </To>
        <RouteLinkRef>rl_0000_58</RouteLinkRef>
        <RunTime>PT0S</RunTime>
      </JourneyPatternTimingLink>
      <JourneyPatternTimingLink id="jptl_59">
        <From SequenceNumber="59">
          <StopPointRef>2800S25090A</StopPointRef>
          <TimingStatus>otherPoint</TimingStatus>
        </From>
        <To SequenceNumber="60">
          <StopPointRef>2800S21097A</StopPointRef>
          <TimingStatus>otherPoint</TimingStatus>
        </To>
        <RouteLinkRef>rl_0000_59</RouteLinkRef>
        <RunTime>PT1M</RunTime>
      </JourneyPatternTimingLink>
      <JourneyPatternTimingLink id="jptl_60">
        <From SequenceNumber="60">
          <StopPointRef>2800S21097A</StopPointRef>
          <TimingStatus>otherPoint</TimingStatus>
        </From>
        <To SequenceNumber="61">
          <StopPointRef>2800S21096A</StopPointRef>
          <TimingStatus>otherPoint</TimingStatus>
        </To>
        <RouteLinkRef>rl_0000_60</RouteLinkRef>
        <RunTime>PT0S</RunTime>
      </JourneyPatternTimingLink>
      <JourneyPatternTimingLink id="jptl_61">
        <From SequenceNumber="61">
          <StopPointRef>2800S21096A</StopPointRef>
          <TimingStatus>otherPoint</TimingStatus>
        </From>
        <To SequenceNumber="62">
          <StopPointRef>2800S21095A</StopPointRef>
          <TimingStatus>otherPoint</TimingStatus>
        </To>
        <RouteLinkRef>rl_0000_61</RouteLinkRef>
        <RunTime>PT1M</RunTime>
      </JourneyPatternTimingLink>
      <JourneyPatternTimingLink id="jptl_62">
        <From SequenceNumber="62">
          <StopPointRef>2800S21095A</StopPointRef>
          <TimingStatus>otherPoint</TimingStatus>
        </From>
        <To SequenceNumber="63">
          <StopPointRef>2800S21094A</StopPointRef>
          <TimingStatus>principalTimingPoint</TimingStatus>
        </To>
        <RouteLinkRef>rl_0000_62</RouteLinkRef>
        <RunTime>PT1M</RunTime>
      </JourneyPatternTimingLink>
      <JourneyPatternTimingLink id="jptl_63">
        <From SequenceNumber="63">
          <StopPointRef>2800S21094A</StopPointRef>
          <TimingStatus>principalTimingPoint</TimingStatus>
        </From>
        <To SequenceNumber="64">
          <StopPointRef>2800S21050D</StopPointRef>
          <TimingStatus>otherPoint</TimingStatus>
        </To>
        <RouteLinkRef>rl_0000_63</RouteLinkRef>
        <RunTime>PT1M</RunTime>
      </JourneyPatternTimingLink>
      <JourneyPatternTimingLink id="jptl_64">
        <From SequenceNumber="64">
          <StopPointRef>2800S21050D</StopPointRef>
          <TimingStatus>otherPoint</TimingStatus>
        </From>
        <To SequenceNumber="65">
          <StopPointRef>2800S21044C</StopPointRef>
          <TimingStatus>otherPoint</TimingStatus>
        </To>
        <RouteLinkRef>rl_0000_64</RouteLinkRef>
        <RunTime>PT1M</RunTime>
      </JourneyPatternTimingLink>
      <JourneyPatternTimingLink id="jptl_65">
        <From SequenceNumber="65">
          <StopPointRef>2800S21044C</StopPointRef>
          <TimingStatus>otherPoint</TimingStatus>
        </From>
        <To SequenceNumber="66">
          <StopPointRef>2800S21088A</StopPointRef>
          <TimingStatus>otherPoint</TimingStatus>
        </To>
        <RouteLinkRef>rl_0000_65</RouteLinkRef>
        <RunTime>PT1M</RunTime>
      </JourneyPatternTimingLink>
      <JourneyPatternTimingLink id="jptl_66">
        <From SequenceNumber="66">
          <StopPointRef>2800S21088A</StopPointRef>
          <TimingStatus>otherPoint</TimingStatus>
        </From>
        <To SequenceNumber="67">
          <StopPointRef>2800S21086A</StopPointRef>
          <TimingStatus>otherPoint</TimingStatus>
        </To>
        <RouteLinkRef>rl_0000_66</RouteLinkRef>
        <RunTime>PT0S</RunTime>
      </JourneyPatternTimingLink>
      <JourneyPatternTimingLink id="jptl_67">
        <From SequenceNumber="67">
          <StopPointRef>2800S21086A</StopPointRef>
          <TimingStatus>otherPoint</TimingStatus>
        </From>
        <To SequenceNumber="68">
          <StopPointRef>2800S22036A</StopPointRef>
          <TimingStatus>otherPoint</TimingStatus>
        </To>
        <RouteLinkRef>rl_0000_67</RouteLinkRef>
        <RunTime>PT0S</RunTime>
      </JourneyPatternTimingLink>
      <JourneyPatternTimingLink id="jptl_68">
        <From SequenceNumber="68">
          <StopPointRef>2800S22036A</StopPointRef>
          <TimingStatus>otherPoint</TimingStatus>
        </From>
        <To SequenceNumber="69">
          <StopPointRef>2800S22004D</StopPointRef>
          <TimingStatus>otherPoint</TimingStatus>
        </To>
        <RouteLinkRef>rl_0000_68</RouteLinkRef>
        <RunTime>PT1M</RunTime>
      </JourneyPatternTimingLink>
      <JourneyPatternTimingLink id="jptl_69">
        <From SequenceNumber="69">
          <StopPointRef>2800S22004D</StopPointRef>
          <TimingStatus>otherPoint</TimingStatus>
        </From>
        <To SequenceNumber="70">
          <StopPointRef>2800S22033A</StopPointRef>
          <TimingStatus>otherPoint</TimingStatus>
        </To>
        <RouteLinkRef>rl_0000_69</RouteLinkRef>
        <RunTime>PT1M</RunTime>
      </JourneyPatternTimingLink>
      <JourneyPatternTimingLink id="jptl_70">
        <From SequenceNumber="70">
          <StopPointRef>2800S22033A</StopPointRef>
          <TimingStatus>otherPoint</TimingStatus>
        </From>
        <To SequenceNumber="71">
          <StopPointRef>2800S22033J</StopPointRef>
          <TimingStatus>otherPoint</TimingStatus>
        </To>
        <RouteLinkRef>rl_0000_70</RouteLinkRef>
        <RunTime>PT0S</RunTime>
      </JourneyPatternTimingLink>
      <JourneyPatternTimingLink id="jptl_71">
        <From SequenceNumber="71">
          <StopPointRef>2800S22033J</StopPointRef>
          <TimingStatus>otherPoint</TimingStatus>
        </From>
        <To SequenceNumber="72">
          <StopPointRef>2800S22006A</StopPointRef>
          <TimingStatus>otherPoint</TimingStatus>
        </To>
        <RouteLinkRef>rl_0000_71</RouteLinkRef>
        <RunTime>PT1M</RunTime>
      </JourneyPatternTimingLink>
      <JourneyPatternTimingLink id="jptl_72">
        <From SequenceNumber="72">
          <StopPointRef>2800S22006A</StopPointRef>
          <TimingStatus>otherPoint</TimingStatus>
        </From>
        <To SequenceNumber="73">
          <StopPointRef>2800S22026A</StopPointRef>
          <TimingStatus>otherPoint</TimingStatus>
        </To>
        <RouteLinkRef>rl_0000_72</RouteLinkRef>
        <RunTime>PT0S</RunTime>
      </JourneyPatternTimingLink>
      <JourneyPatternTimingLink id="jptl_73">
        <From SequenceNumber="73">
          <StopPointRef>2800S22026A</StopPointRef>
          <TimingStatus>otherPoint</TimingStatus>
        </From>
        <To SequenceNumber="74">
          <StopPointRef>2800S22050A</StopPointRef>
          <TimingStatus>otherPoint</TimingStatus>
        </To>
        <RouteLinkRef>rl_0000_73</RouteLinkRef>
        <RunTime>PT1M</RunTime>
      </JourneyPatternTimingLink>
      <JourneyPatternTimingLink id="jptl_74">
        <From SequenceNumber="74">
          <StopPointRef>2800S22050A</StopPointRef>
          <TimingStatus>otherPoint</TimingStatus>
        </From>
        <To SequenceNumber="75">
          <StopPointRef>2800S22058A</StopPointRef>
          <TimingStatus>otherPoint</TimingStatus>
        </To>
        <RouteLinkRef>rl_0000_74</RouteLinkRef>
        <RunTime>PT1M</RunTime>
      </JourneyPatternTimingLink>
      <JourneyPatternTimingLink id="jptl_75">
        <From SequenceNumber="75">
          <StopPointRef>2800S22058A</StopPointRef>
          <TimingStatus>otherPoint</TimingStatus>
        </From>
        <To SequenceNumber="76">
          <Activity>setDown</Activity>
          <StopPointRef>2800S22008C</StopPointRef>
          <TimingStatus>principalTimingPoint</TimingStatus>
        </To>
        <RouteLinkRef>rl_0000_75</RouteLinkRef>
        <RunTime>PT1M</RunTime>
      </JourneyPatternTimingLink>
    </JourneyPatternSection>
  </JourneyPatternSections>
  <Operators>
    <Operator id="tkt_oid">
      <NationalOperatorCode>AMSY</NationalOperatorCode>
      <OperatorCode>ANW</OperatorCode>
      <OperatorShortName>Arriva Merseyside</OperatorShortName>
      <LicenceNumber>PC0001141</LicenceNumber>
    </Operator>
  </Operators>
  <Services>
    <Service>
      <ServiceCode>PC0001141:330</ServiceCode>
      <Lines>
        <Line id="AMSY:PC0001141:330:217">
          <LineName>217</LineName>
          <OutboundDescription>
            <Description>Birkenhead Woodside to Arrowe Park Hospital</Description>
          </OutboundDescription>
          <InboundDescription>
            <Description>Arrowe Park Hospital to Birkenhead Woodside</Description>
          </InboundDescription>
        </Line>
      </Lines>
      <OperatingPeriod>
        <StartDate>2024-01-02</StartDate>
      </OperatingPeriod>
      <OperatingProfile>
        <RegularDayType>
          <DaysOfWeek>
            <Saturday />
          </DaysOfWeek>
        </RegularDayType>
        <BankHolidayOperation>
          <DaysOfNonOperation>
            <ChristmasDay />
            <BoxingDay />
            <GoodFriday />
            <NewYearsDay />
            <LateSummerBankHolidayNotScotland />
            <MayDay />
            <EasterMonday />
            <SpringBank />
            <ChristmasDayHoliday />
            <BoxingDayHoliday />
            <NewYearsDayHoliday />
            <OtherPublicHoliday>
              <Description>CoronationOfKingCharlesIII</Description>
              <Date>2023-05-08</Date>
            </OtherPublicHoliday>
            <ChristmasEve />
            <NewYearsEve />
          </DaysOfNonOperation>
        </BankHolidayOperation>
      </OperatingProfile>
      <RegisteredOperatorRef>tkt_oid</RegisteredOperatorRef>
      <PublicUse>true</PublicUse>
      <StandardService>
        <Origin>Birkenhead Woodside</Origin>
        <Destination>Arrowe Park Hospital</Destination>
        <JourneyPattern id="jp_1">
          <DestinationDisplay>Woodside Bus Station</DestinationDisplay>
          <OperatorRef>tkt_oid</OperatorRef>
          <Direction>outbound</Direction>
          <RouteRef>rt_0000</RouteRef>
          <JourneyPatternSectionRefs>js_1</JourneyPatternSectionRefs>
        </JourneyPattern>
      </StandardService>
    </Service>
  </Services>
  <VehicleJourneys>
    <VehicleJourney>
      <OperatorRef>tkt_oid</OperatorRef>
      <Operational>
        <TicketMachine>
          <JourneyCode>3001</JourneyCode>
        </TicketMachine>
      </Operational>
      <VehicleJourneyCode>vj_1</VehicleJourneyCode>
      <ServiceRef>PC0001141:330</ServiceRef>
      <LineRef>AMSY:PC0001141:330:217</LineRef>
      <JourneyPatternRef>jp_1</JourneyPatternRef>
      <DepartureTime>06:00:00</DepartureTime>
    </VehicleJourney>
    <VehicleJourney>
      <OperatorRef>tkt_oid</OperatorRef>
      <Operational>
        <TicketMachine>
          <JourneyCode>3003</JourneyCode>
        </TicketMachine>
      </Operational>
      <VehicleJourneyCode>vj_2</VehicleJourneyCode>
      <ServiceRef>PC0001141:330</ServiceRef>
      <LineRef>AMSY:PC0001141:330:217</LineRef>
      <JourneyPatternRef>jp_1</JourneyPatternRef>
      <DepartureTime>07:00:00</DepartureTime>
    </VehicleJourney>
    <VehicleJourney>
      <OperatorRef>tkt_oid</OperatorRef>
      <Operational>
        <TicketMachine>
          <JourneyCode>3005</JourneyCode>
        </TicketMachine>
      </Operational>
      <VehicleJourneyCode>vj_3</VehicleJourneyCode>
      <ServiceRef>PC0001141:330</ServiceRef>
      <LineRef>AMSY:PC0001141:330:217</LineRef>
      <JourneyPatternRef>jp_1</JourneyPatternRef>
      <DepartureTime>08:00:00</DepartureTime>
    </VehicleJourney>
    <VehicleJourney>
      <OperatorRef>tkt_oid</OperatorRef>
      <Operational>
        <TicketMachine>
          <JourneyCode>3007</JourneyCode>
        </TicketMachine>
      </Operational>
      <VehicleJourneyCode>vj_4</VehicleJourneyCode>
      <ServiceRef>PC0001141:330</ServiceRef>
      <LineRef>AMSY:PC0001141:330:217</LineRef>
      <JourneyPatternRef>jp_1</JourneyPatternRef>
      <DepartureTime>09:00:00</DepartureTime>
    </VehicleJourney>
  </VehicleJourneys>
</TransXChange>