<?xml version="1.0" encoding="utf-8"?>
<TransXChange xmlns:xsi="http://www.w3.org/2001/XMLSchema-instance" SchemaVersion="2.4" CreationDateTime="2024-07-15T08:53:40" ModificationDateTime="2024-07-25T10:49:21" Modification="revise" RevisionNumber="2" FileName="AMSY_312_AMSYPC0001141597312_20240102_-_1767364.xml" xmlns="http://www.transxchange.org.uk/">
  <StopPoints>
    <AnnotatedStopPointRef>
      <StopPointRef>2500LA00193</StopPointRef>
      <CommonName>Concourse</CommonName>
      <Location>
        <Longitude>-2.774360</Longitude>
        <Latitude>53.550372</Latitude>
      </Location>
    </AnnotatedStopPointRef>
    <AnnotatedStopPointRef>
      <StopPointRef>25001557</StopPointRef>
      <CommonName>Northway ASDA</CommonName>
      <Location>
        <Longitude>-2.776218</Longitude>
        <Latitude>53.553739</Latitude>
      </Location>
    </AnnotatedStopPointRef>
    <AnnotatedStopPointRef>
      <StopPointRef>25001616</StopPointRef>
      <CommonName>Inglewhite</CommonName>
      <Location>
        <Longitude>-2.776778</Longitude>
        <Latitude>53.556262</Latitude>
      </Location>
    </AnnotatedStopPointRef>
    <AnnotatedStopPointRef>
      <StopPointRef>2500LAA07570</StopPointRef>
      <CommonName>Irwell</CommonName>
      <Location>
        <Longitude>-2.777956</Longitude>
        <Latitude>53.557944</Latitude>
      </Location>
    </AnnotatedStopPointRef>
    <AnnotatedStopPointRef>
      <StopPointRef>2500LA00253</StopPointRef>
      <CommonName>Fairburn</CommonName>
      <Location>
        <Longitude>-2.773216</Longitude>
        <Latitude>53.557166</Latitude>
      </Location>
    </AnnotatedStopPointRef>
    <AnnotatedStopPointRef>
      <StopPointRef>2500LAA07568</StopPointRef>
      <CommonName>Ferndale</CommonName>
      <Location>
        <Longitude>-2.769206</Longitude>
        <Latitude>53.554108</Latitude>
      </Location>
    </AnnotatedStopPointRef>
    <AnnotatedStopPointRef>
      <StopPointRef>250013145</StopPointRef>
      <CommonName>Harsnips</CommonName>
      <Location>
        <Longitude>-2.766451</Longitude>
        <Latitude>53.552877</Latitude>
      </Location>
    </AnnotatedStopPointRef>
    <AnnotatedStopPointRef>
      <StopPointRef>2500LAA07567</StopPointRef>
      <CommonName>Flimby</CommonName>
      <Location>
        <Longitude>-2.763518</Longitude>
        <Latitude>53.553444</Latitude>
      </Location>
    </AnnotatedStopPointRef>
    <AnnotatedStopPointRef>
      <StopPointRef>2500LA00250</StopPointRef>
      <CommonName>Community Centre</CommonName>
      <Location>
        <Longitude>-2.763432</Longitude>
        <Latitude>53.556204</Latitude>
      </Location>
    </AnnotatedStopPointRef>
    <AnnotatedStopPointRef>
      <StopPointRef>2500LA00249</StopPointRef>
      <CommonName>Forest Drive</CommonName>
      <Location>
        <Longitude>-2.765695</Longitude>
        <Latitude>53.559443</Latitude>
      </Location>
    </AnnotatedStopPointRef>
    <AnnotatedStopPointRef>
      <StopPointRef>2500LA00248</StopPointRef>
      <CommonName>Kingsbury Court</CommonName>
      <Location>
        <Longitude>-2.768121</Longitude>
        <Latitude>53.562556</Latitude>
      </Location>
    </AnnotatedStopPointRef>
    <AnnotatedStopPointRef>
      <StopPointRef>2500LAA00479</StopPointRef>
      <CommonName>Lulworth</CommonName>
      <Location>
        <Longitude>-2.769719</Longitude>
        <Latitude>53.562437</Latitude>
      </Location>
    </AnnotatedStopPointRef>
    <AnnotatedStopPointRef>
      <StopPointRef>2500LAA07576</StopPointRef>
      <CommonName>Lowcroft</CommonName>
      <Location>
        <Longitude>-2.770343</Longitude>
        <Latitude>53.561022</Latitude>
      </Location>
    </AnnotatedStopPointRef>
    <AnnotatedStopPointRef>
      <StopPointRef>2500DCL2206</StopPointRef>
      <CommonName>Leeswood</CommonName>
      <Location>
        <Longitude>-2.774795</Longitude>
        <Latitude>53.560930</Latitude>
      </Location>
    </AnnotatedStopPointRef>
    <AnnotatedStopPointRef>
      <StopPointRef>2500DCL2205</StopPointRef>
      <CommonName>Health Centre</CommonName>
      <Location>
        <Longitude>-2.777233</Longitude>
        <Latitude>53.562973</Latitude>
      </Location>
    </AnnotatedStopPointRef>
    <AnnotatedStopPointRef>
      <StopPointRef>2500LA00242</StopPointRef>
      <CommonName>Rowan Lane</CommonName>
      <Location>
        <Longitude>-2.776943</Longitude>
        <Latitude>53.564476</Latitude>
      </Location>
    </AnnotatedStopPointRef>
    <AnnotatedStopPointRef>
      <StopPointRef>2500DCL2238</StopPointRef>
      <CommonName>Ashurst Gardens</CommonName>
      <Location>
        <Longitude>-2.779791</Longitude>
        <Latitude>53.564997</Latitude>
      </Location>
    </AnnotatedStopPointRef>
    <AnnotatedStopPointRef>
      <StopPointRef>250013317</StopPointRef>
      <CommonName>Merewood</CommonName>
      <Location>
        <Longitude>-2.782567</Longitude>
        <Latitude>53.564035</Latitude>
      </Location>
    </AnnotatedStopPointRef>
    <AnnotatedStopPointRef>
      <StopPointRef>2500LAA15960</StopPointRef>
      <CommonName>Manfield</CommonName>
      <Location>
        <Longitude>-2.780307</Longitude>
        <Latitude>53.561829</Latitude>
      </Location>
    </AnnotatedStopPointRef>
    <AnnotatedStopPointRef>
      <StopPointRef>2500LAA07565</StopPointRef>
      <CommonName>Leeswood</CommonName>
      <Location>
        <Longitude>-2.774693</Longitude>
        <Latitude>53.561120</Latitude>
      </Location>
    </AnnotatedStopPointRef>
    <AnnotatedStopPointRef>
      <StopPointRef>250010120</StopPointRef>
      <CommonName>Lindens</CommonName>
      <Location>
        <Longitude>-2.770706</Longitude>
        <Latitude>53.561047</Latitude>
      </Location>
    </AnnotatedStopPointRef>
    <AnnotatedStopPointRef>
      <StopPointRef>2500LA00245</StopPointRef>
      <CommonName>Lulworth</CommonName>
      <Location>
        <Longitude>-2.769855</Longitude>
        <Latitude>53.562419</Latitude>
      </Location>
    </AnnotatedStopPointRef>
    <AnnotatedStopPointRef>
      <StopPointRef>2500LA00247</StopPointRef>
      <CommonName>Kingsbury Court</CommonName>
      <Location>
        <Longitude>-2.767510</Longitude>
        <Latitude>53.562137</Latitude>
      </Location>
    </AnnotatedStopPointRef>
    <AnnotatedStopPointRef>
      <StopPointRef>2500LAA07566</StopPointRef>
      <CommonName>Forest Drive</CommonName>
      <Location>
        <Longitude>-2.765393</Longitude>
        <Latitude>53.559454</Latitude>
      </Location>
    </AnnotatedStopPointRef>
    <AnnotatedStopPointRef>
      <StopPointRef>2500LA00251</StopPointRef>
      <CommonName>Community Centre</CommonName>
      <Location>
        <Longitude>-2.763254</Longitude>
        <Latitude>53.556367</Latitude>
      </Location>
    </AnnotatedStopPointRef>
    <AnnotatedStopPointRef>
      <StopPointRef>25001615</StopPointRef>
      <CommonName>Flimby</CommonName>
      <Location>
        <Longitude>-2.764160</Longitude>
        <Latitude>53.553035</Latitude>
      </Location>
    </AnnotatedStopPointRef>
    <AnnotatedStopPointRef>
      <StopPointRef>2500LAA16620</StopPointRef>
      <CommonName>Hallcroft</CommonName>
      <Location>
        <Longitude>-2.767113</Longitude>
        <Latitude>53.552720</Latitude>
      </Location>
    </AnnotatedStopPointRef>
    <AnnotatedStopPointRef>
      <StopPointRef>2500LA00252</StopPointRef>
      <CommonName>Ferndale</CommonName>
      <Location>
        <Longitude>-2.769738</Longitude>
        <Latitude>53.555992</Latitude>
      </Location>
    </AnnotatedStopPointRef>
    <AnnotatedStopPointRef>
      <StopPointRef>250013930</StopPointRef>
      <CommonName>Fairburn</CommonName>
      <Location>
        <Longitude>-2.772125</Longitude>
        <Latitude>53.556930</Latitude>
      </Location>
    </AnnotatedStopPointRef>
    <AnnotatedStopPointRef>
      <StopPointRef>250014551</StopPointRef>
      <CommonName>Ivybridge</CommonName>
      <Location>
        <Longitude>-2.775943</Longitude>
        <Latitude>53.556024</Latitude>
      </Location>
    </AnnotatedStopPointRef>
    <AnnotatedStopPointRef>
      <StopPointRef>2500LA00254</StopPointRef>
      <CommonName>Northway Asda</CommonName>
      <Location>
        <Longitude>-2.775840</Longitude>
        <Latitude>53.553688</Latitude>
      </Location>
    </AnnotatedStopPointRef>
    <AnnotatedStopPointRef>
      <StopPointRef>2500LA00192</StopPointRef>
      <CommonName>Concourse</CommonName>
      <Location>
        <Longitude>-2.774362</Longitude>
        <Latitude>53.550435</Latitude>
      </Location>
    </AnnotatedStopPointRef>
  </StopPoints>
  <RouteSections>
    <RouteSection id="rsf_0000">
      <RouteLink id="rl_0000_1">
        <From>
          <StopPointRef>2500LA00193</StopPointRef>
        </From>
        <To>
          <StopPointRef>25001557</StopPointRef>
        </To>
      </RouteLink>
      <RouteLink id="rl_0000_2">
        <From>
          <StopPointRef>25001557</StopPointRef>
        </From>
        <To>
          <StopPointRef>25001616</StopPointRef>
        </To>
      </RouteLink>
      <RouteLink id="rl_0000_3">
        <From>
          <StopPointRef>25001616</StopPointRef>
        </From>
        <To>
          <StopPointRef>2500LAA07570</StopPointRef>
        </To>
      </RouteLink>
      <RouteLink id="rl_0000_4">
        <From>
          <StopPointRef>2500LAA07570</StopPointRef>
        </From>
        <To>
          <StopPointRef>2500LA00253</StopPointRef>
        </To>
      </RouteLink>
      <RouteLink id="rl_0000_5">
        <From>
          <StopPointRef>2500LA00253</StopPointRef>
        </From>
        <To>
          <StopPointRef>2500LAA07568</StopPointRef>
        </To>
      </RouteLink>
      <RouteLink id="rl_0000_6">
        <From>
          <StopPointRef>2500LAA07568</StopPointRef>
        </From>
        <To>
          <StopPointRef>250013145</StopPointRef>
        </To>
      </RouteLink>
      <RouteLink id="rl_0000_7">
        <From>
          <StopPointRef>250013145</StopPointRef>
        </From>
        <To>
          <StopPointRef>2500LAA07567</StopPointRef>
        </To>
      </RouteLink>
      <RouteLink id="rl_0000_8">
        <From>
          <StopPointRef>2500LAA07567</StopPointRef>
        </From>
        <To>
          <StopPointRef>2500LA00250</StopPointRef>
        </To>
      </RouteLink>
      <RouteLink id="rl_0000_9">
        <From>
          <StopPointRef>2500LA00250</StopPointRef>
        </From>
        <To>
          <StopPointRef>2500LA00249</StopPointRef>
        </To>
      </RouteLink>
      <RouteLink id="rl_0000_10">
        <From>
          <StopPointRef>2500LA00249</StopPointRef>
        </From>
        <To>
          <StopPointRef>2500LA00248</StopPointRef>
        </To>
      </RouteLink>
      <RouteLink id="rl_0000_11">
        <From>
          <StopPointRef>2500LA00248</StopPointRef>
        </From>
        <To>
          <StopPointRef>2500LAA00479</StopPointRef>
        </To>
      </RouteLink>
      <RouteLink id="rl_0000_12">
        <From>
          <StopPointRef>2500LAA00479</StopPointRef>
        </From>
        <To>
          <StopPointRef>2500LAA07576</StopPointRef>
        </To>
      </RouteLink>
      <RouteLink id="rl_0000_13">
        <From>
          <StopPointRef>2500LAA07576</StopPointRef>
        </From>
        <To>
          <StopPointRef>2500DCL2206</StopPointRef>
        </To>
      </RouteLink>
      <RouteLink id="rl_0000_14">
        <From>
          <StopPointRef>2500DCL2206</StopPointRef>
        </From>
        <To>
          <StopPointRef>2500DCL2205</StopPointRef>
        </To>
      </RouteLink>
      <RouteLink id="rl_0000_15">
        <From>
          <StopPointRef>2500DCL2205</StopPointRef>
        </From>
        <To>
          <StopPointRef>2500LA00242</StopPointRef>
        </To>
      </RouteLink>
      <RouteLink id="rl_0000_16">
        <From>
          <StopPointRef>2500LA00242</StopPointRef>
        </From>
        <To>
          <StopPointRef>2500DCL2238</StopPointRef>
        </To>
      </RouteLink>
      <RouteLink id="rl_0000_17">
        <From>
          <StopPointRef>2500DCL2238</StopPointRef>
        </From>
        <To>
          <StopPointRef>250013317</StopPointRef>
        </To>
      </RouteLink>
      <RouteLink id="rl_0000_18">
        <From>
          <StopPointRef>250013317</StopPointRef>
        </From>
        <To>
          <StopPointRef>2500LAA15960</StopPointRef>
        </To>
      </RouteLink>
      <RouteLink id="rl_0000_19">
        <From>
          <StopPointRef>2500LAA15960</StopPointRef>
        </From>
        <To>
          <StopPointRef>2500LAA07565</StopPointRef>
        </To>
      </RouteLink>
      <RouteLink id="rl_0000_20">
        <From>
          <StopPointRef>2500LAA07565</StopPointRef>
        </From>
        <To>
          <StopPointRef>250010120</StopPointRef>
        </To>
      </RouteLink>
      <RouteLink id="rl_0000_21">
        <From>
          <StopPointRef>250010120</StopPointRef>
        </From>
        <To>
          <StopPointRef>2500LA00245</StopPointRef>
        </To>
      </RouteLink>
      <RouteLink id="rl_0000_22">
        <From>
          <StopPointRef>2500LA00245</StopPointRef>
        </From>
        <To>
          <StopPointRef>2500LA00247</StopPointRef>
        </To>
      </RouteLink>
      <RouteLink id="rl_0000_23">
        <From>
          <StopPointRef>2500LA00247</StopPointRef>
        </From>
        <To>
          <StopPointRef>2500LAA07566</StopPointRef>
        </To>
      </RouteLink>
      <RouteLink id="rl_0000_24">
        <From>
          <StopPointRef>2500LAA07566</StopPointRef>
        </From>
        <To>
          <StopPointRef>2500LA00251</StopPointRef>
        </To>
      </RouteLink>
      <RouteLink id="rl_0000_25">
        <From>
          <StopPointRef>2500LA00251</StopPointRef>
        </From>
        <To>
          <StopPointRef>25001615</StopPointRef>
        </To>
      </RouteLink>
      <RouteLink id="rl_0000_26">
        <From>
          <StopPointRef>25001615</StopPointRef>
        </From>
        <To>
          <StopPointRef>2500LAA16620</StopPointRef>
        </To>
      </RouteLink>
      <RouteLink id="rl_0000_27">
        <From>
          <StopPointRef>2500LAA16620</StopPointRef>
        </From>
        <To>
          <StopPointRef>2500LA00252</StopPointRef>
        </To>
      </RouteLink>
      <RouteLink id="rl_0000_28">
        <From>
          <StopPointRef>2500LA00252</StopPointRef>
        </From>
        <To>
          <StopPointRef>250013930</StopPointRef>
        </To>
      </RouteLink>
      <RouteLink id="rl_0000_29">
        <From>
          <StopPointRef>250013930</StopPointRef>
        </From>
        <To>
          <StopPointRef>250014551</StopPointRef>
        </To>
      </RouteLink>
      <RouteLink id="rl_0000_30">
        <From>
          <StopPointRef>250014551</StopPointRef>
        </From>
        <To>
          <StopPointRef>2500LA00254</StopPointRef>
        </To>
      </RouteLink>
      <RouteLink id="rl_0000_31">
        <From>
          <StopPointRef>2500LA00254</StopPointRef>
        </From>
        <To>
          <StopPointRef>2500LA00192</StopPointRef>
        </To>
      </RouteLink>
    </RouteSection>
  </RouteSections>
  <Routes>
    <Route id="rt_0000">
      <Description>No route description available</Description>
      <RouteSectionRef>rsf_0000</RouteSectionRef>
    </Route>
  </Routes>
  <JourneyPatternSections>
    <JourneyPatternSection id="js_1">
      <JourneyPatternTimingLink id="jptl_1">
        <From SequenceNumber="1">
          <Activity>pickUp</Activity>
          <StopPointRef>2500LA00193</StopPointRef>
          <TimingStatus>principalTimingPoint</TimingStatus>
        </From>
        <To SequenceNumber="2">
          <StopPointRef>25001557</StopPointRef>
          <TimingStatus>principalTimingPoint</TimingStatus>
        </To>
        <RouteLinkRef>rl_0000_1</RouteLinkRef>
        <RunTime>PT2M</RunTime>
      </JourneyPatternTimingLink>
      <JourneyPatternTimingLink id="jptl_2">
        <From SequenceNumber="2">
          <StopPointRef>25001557</StopPointRef>
          <TimingStatus>principalTimingPoint</TimingStatus>
        </From>
        <To SequenceNumber="3">
          <StopPointRef>25001616</StopPointRef>
          <TimingStatus>otherPoint</TimingStatus>
        </To>
        <RouteLinkRef>rl_0000_2</RouteLinkRef>
        <RunTime>PT0S</RunTime>
      </JourneyPatternTimingLink>
      <JourneyPatternTimingLink id="jptl_3">
        <From SequenceNumber="3">
          <StopPointRef>25001616</StopPointRef>
          <TimingStatus>otherPoint</TimingStatus>
        </From>
        <To SequenceNumber="4">
          <StopPointRef>2500LAA07570</StopPointRef>
          <TimingStatus>otherPoint</TimingStatus>
        </To>
        <RouteLinkRef>rl_0000_3</RouteLinkRef>
        <RunTime>PT1M</RunTime>
      </JourneyPatternTimingLink>
      <JourneyPatternTimingLink id="jptl_4">
        <From SequenceNumber="4">
          <StopPointRef>2500LAA07570</StopPointRef>
          <TimingStatus>otherPoint</TimingStatus>
        </From>
        <To SequenceNumber="5">
          <StopPointRef>2500LA00253</StopPointRef>
          <TimingStatus>otherPoint</TimingStatus>
        </To>
        <RouteLinkRef>rl_0000_4</RouteLinkRef>
        <RunTime>PT1M</RunTime>
      </JourneyPatternTimingLink>
      <JourneyPatternTimingLink id="jptl_5">
        <From SequenceNumber="5">
          <StopPointRef>2500LA00253</StopPointRef>
          <TimingStatus>otherPoint</TimingStatus>
        </From>
        <To SequenceNumber="6">
          <StopPointRef>2500LAA07568</StopPointRef>
          <TimingStatus>otherPoint</TimingStatus>
        </To>
        <RouteLinkRef>rl_0000_5</RouteLinkRef>
        <RunTime>PT1M</RunTime>
      </JourneyPatternTimingLink>
      <JourneyPatternTimingLink id="jptl_6">
        <From SequenceNumber="6">
          <StopPointRef>2500LAA07568</StopPointRef>
          <TimingStatus>otherPoint</TimingStatus>
        </From>
        <To SequenceNumber="7">
          <StopPointRef>250013145</StopPointRef>
          <TimingStatus>otherPoint</TimingStatus>
        </To>
        <RouteLinkRef>rl_0000_6</RouteLinkRef>
        <RunTime>PT1M</RunTime>
      </JourneyPatternTimingLink>
      <JourneyPatternTimingLink id="jptl_7">
        <From SequenceNumber="7">
          <StopPointRef>250013145</StopPointRef>
          <TimingStatus>otherPoint</TimingStatus>
        </From>
        <To SequenceNumber="8">
          <StopPointRef>2500LAA07567</StopPointRef>
          <TimingStatus>principalTimingPoint</TimingStatus>
        </To>
        <RouteLinkRef>rl_0000_7</RouteLinkRef>
        <RunTime>PT0S</RunTime>
      </JourneyPatternTimingLink>
      <JourneyPatternTimingLink id="jptl_8">
        <From SequenceNumber="8">
          <StopPointRef>2500LAA07567</StopPointRef>
          <TimingStatus>principalTimingPoint</TimingStatus>
        </From>
        <To SequenceNumber="9">
          <StopPointRef>2500LA00250</StopPointRef>
          <TimingStatus>otherPoint</TimingStatus>
        </To>
        <RouteLinkRef>rl_0000_8</RouteLinkRef>
        <RunTime>PT1M</RunTime>
      </JourneyPatternTimingLink>
      <JourneyPatternTimingLink id="jptl_9">
        <From SequenceNumber="9">
          <StopPointRef>2500LA00250</StopPointRef>
          <TimingStatus>otherPoint</TimingStatus>
        </From>
        <To SequenceNumber="10">
          <StopPointRef>2500LA00249</StopPointRef>
          <TimingStatus>otherPoint</TimingStatus>
        </To>
        <RouteLinkRef>rl_0000_9</RouteLinkRef>
        <RunTime>PT0S</RunTime>
      </JourneyPatternTimingLink>
      <JourneyPatternTimingLink id="jptl_10">
        <From SequenceNumber="10">
          <StopPointRef>2500LA00249</StopPointRef>
          <TimingStatus>otherPoint</TimingStatus>
        </From>
        <To SequenceNumber="11">
          <StopPointRef>2500LA00248</StopPointRef>
          <TimingStatus>otherPoint</TimingStatus>
        </To>
        <RouteLinkRef>rl_0000_10</RouteLinkRef>
        <RunTime>PT1M</RunTime>
      </JourneyPatternTimingLink>
      <JourneyPatternTimingLink id="jptl_11">
        <From SequenceNumber="11">
          <StopPointRef>2500LA00248</StopPointRef>
          <TimingStatus>otherPoint</TimingStatus>
        </From>
        <To SequenceNumber="12">
          <StopPointRef>2500LAA00479</StopPointRef>
          <TimingStatus>otherPoint</TimingStatus>
        </To>
        <RouteLinkRef>rl_0000_11</RouteLinkRef>
        <RunTime>PT0S</RunTime>
      </JourneyPatternTimingLink>
      <JourneyPatternTimingLink id="jptl_12">
        <From SequenceNumber="12">
          <StopPointRef>2500LAA00479</StopPointRef>
          <TimingStatus>otherPoint</TimingStatus>
        </From>
        <To SequenceNumber="13">
          <StopPointRef>2500LAA07576</StopPointRef>
          <TimingStatus>otherPoint</TimingStatus>
        </To>
        <RouteLinkRef>rl_0000_12</RouteLinkRef>
        <RunTime>PT0S</RunTime>
      </JourneyPatternTimingLink>
      <JourneyPatternTimingLink id="jptl_13">
        <From SequenceNumber="13">
          <StopPointRef>2500LAA07576</StopPointRef>
          <TimingStatus>otherPoint</TimingStatus>
        </From>
        <To SequenceNumber="14">
          <StopPointRef>2500DCL2206</StopPointRef>
          <TimingStatus>otherPoint</TimingStatus>
        </To>
        <RouteLinkRef>rl_0000_13</RouteLinkRef>
        <RunTime>PT1M</RunTime>
      </JourneyPatternTimingLink>
      <JourneyPatternTimingLink id="jptl_14">
        <From SequenceNumber="14">
          <StopPointRef>2500DCL2206</StopPointRef>
          <TimingStatus>otherPoint</TimingStatus>
        </From>
        <To SequenceNumber="15">
          <StopPointRef>2500DCL2205</StopPointRef>
          <TimingStatus>otherPoint</TimingStatus>
        </To>
        <RouteLinkRef>rl_0000_14</RouteLinkRef>
        <RunTime>PT1M</RunTime>
      </JourneyPatternTimingLink>
      <JourneyPatternTimingLink id="jptl_15">
        <From SequenceNumber="15">
          <StopPointRef>2500DCL2205</StopPointRef>
          <TimingStatus>otherPoint</TimingStatus>
        </From>
        <To SequenceNumber="16">
          <StopPointRef>2500LA00242</StopPointRef>
          <TimingStatus>principalTimingPoint</TimingStatus>
        </To>
        <RouteLinkRef>rl_0000_15</RouteLinkRef>
        <RunTime>PT0S</RunTime>
      </JourneyPatternTimingLink>
      <JourneyPatternTimingLink id="jptl_16">
        <From SequenceNumber="16">
          <StopPointRef>2500LA00242</StopPointRef>
          <TimingStatus>principalTimingPoint</TimingStatus>
        </From>
        <To SequenceNumber="17">
          <StopPointRef>2500DCL2238</StopPointRef>
          <TimingStatus>otherPoint</TimingStatus>
        </To>
        <RouteLinkRef>rl_0000_16</RouteLinkRef>
        <RunTime>PT0S</RunTime>
      </JourneyPatternTimingLink>
      <JourneyPatternTimingLink id="jptl_17">
        <From SequenceNumber="17">
          <StopPointRef>2500DCL2238</StopPointRef>
          <TimingStatus>otherPoint</TimingStatus>
        </From>
        <To SequenceNumber="18">
          <StopPointRef>250013317</StopPointRef>
          <TimingStatus>otherPoint</TimingStatus>
        </To>
        <RouteLinkRef>rl_0000_17</RouteLinkRef>
        <RunTime>PT1M</RunTime>
      </JourneyPatternTimingLink>
      <JourneyPatternTimingLink id="jptl_18">
        <From SequenceNumber="18">
          <StopPointRef>250013317</StopPointRef>
          <TimingStatus>otherPoint</TimingStatus>
        </From>
        <To SequenceNumber="19">
          <StopPointRef>2500LAA15960</StopPointRef>
          <TimingStatus>otherPoint</TimingStatus>
        </To>
        <RouteLinkRef>rl_0000_18</RouteLinkRef>
        <RunTime>PT0S</RunTime>
      </JourneyPatternTimingLink>
      <JourneyPatternTimingLink id="jptl_19">
        <From SequenceNumber="19">
          <StopPointRef>2500LAA15960</StopPointRef>
          <TimingStatus>otherPoint</TimingStatus>
        </From>
        <To SequenceNumber="20">
          <StopPointRef>2500LAA07565</StopPointRef>
          <TimingStatus>otherPoint</TimingStatus>
        </To>
        <RouteLinkRef>rl_0000_19</RouteLinkRef>
        <RunTime>PT1M</RunTime>
      </JourneyPatternTimingLink>
      <JourneyPatternTimingLink id="jptl_20">
        <From SequenceNumber="20">
          <StopPointRef>2500LAA07565</StopPointRef>
          <TimingStatus>otherPoint</TimingStatus>
        </From>
        <To SequenceNumber="21">
          <StopPointRef>250010120</StopPointRef>
          <TimingStatus>otherPoint</TimingStatus>
        </To>
        <RouteLinkRef>rl_0000_20</RouteLinkRef>
        <RunTime>PT0S</RunTime>
      </JourneyPatternTimingLink>
      <JourneyPatternTimingLink id="jptl_21">
        <From SequenceNumber="21">
          <StopPointRef>250010120</StopPointRef>
          <TimingStatus>otherPoint</TimingStatus>
        </From>
        <To SequenceNumber="22">
          <StopPointRef>2500LA00245</StopPointRef>
          <TimingStatus>otherPoint</TimingStatus>
        </To>
        <RouteLinkRef>rl_0000_21</RouteLinkRef>
        <RunTime>PT0S</RunTime>
      </JourneyPatternTimingLink>
      <JourneyPatternTimingLink id="jptl_22">
        <From SequenceNumber="22">
          <StopPointRef>2500LA00245</StopPointRef>
          <TimingStatus>otherPoint</TimingStatus>
        </From>
        <To SequenceNumber="23">
          <StopPointRef>2500LA00247</StopPointRef>
          <TimingStatus>otherPoint</TimingStatus>
        </To>
        <RouteLinkRef>rl_0000_22</RouteLinkRef>
        <RunTime>PT1M</RunTime>
      </JourneyPatternTimingLink>
      <JourneyPatternTimingLink id="jptl_23">
        <From SequenceNumber="23">
          <StopPointRef>2500LA00247</StopPointRef>
          <TimingStatus>otherPoint</TimingStatus>
        </From>
        <To SequenceNumber="24">
          <StopPointRef>2500LAA07566</StopPointRef>
          <TimingStatus>otherPoint</TimingStatus>
        </To>
        <RouteLinkRef>rl_0000_23</RouteLinkRef>
        <RunTime>PT0S</RunTime>
      </JourneyPatternTimingLink>
      <JourneyPatternTimingLink id="jptl_24">
        <From SequenceNumber="24">
          <StopPointRef>2500LAA07566</StopPointRef>
          <TimingStatus>otherPoint</TimingStatus>
        </From>
        <To SequenceNumber="25">
          <StopPointRef>2500LA00251</StopPointRef>
          <TimingStatus>otherPoint</TimingStatus>
        </To>
        <RouteLinkRef>rl_0000_24</RouteLinkRef>
        <RunTime>PT0S</RunTime>
      </JourneyPatternTimingLink>
      <JourneyPatternTimingLink id="jptl_25">
        <From SequenceNumber="25">
          <StopPointRef>2500LA00251</StopPointRef>
          <TimingStatus>otherPoint</TimingStatus>
        </From>
        <To SequenceNumber="26">
          <StopPointRef>25001615</StopPointRef>
          <TimingStatus>principalTimingPoint</TimingStatus>
        </To>
        <RouteLinkRef>rl_0000_25</RouteLinkRef>
        <RunTime>PT1M</RunTime>
      </JourneyPatternTimingLink>
      <JourneyPatternTimingLink id="jptl_26">
        <From SequenceNumber="26">
          <StopPointRef>25001615</StopPointRef>
          <TimingStatus>principalTimingPoint</TimingStatus>
        </From>
        <To SequenceNumber="27">
          <StopPointRef>2500LAA16620</StopPointRef>
          <TimingStatus>otherPoint</TimingStatus>
        </To>
        <RouteLinkRef>rl_0000_26</RouteLinkRef>
        <RunTime>PT0S</RunTime>
      </JourneyPatternTimingLink>
      <JourneyPatternTimingLink id="jptl_27">
        <From SequenceNumber="27">
          <StopPointRef>2500LAA16620</StopPointRef>
          <TimingStatus>otherPoint</TimingStatus>
        </From>
        <To SequenceNumber="28">
          <StopPointRef>2500LA00252</StopPointRef>
          <TimingStatus>otherPoint</TimingStatus>
        </To>
        <RouteLinkRef>rl_0000_27</RouteLinkRef>
        <RunTime>PT2M</RunTime>
      </JourneyPatternTimingLink>
      <JourneyPatternTimingLink id="jptl_28">
        <From SequenceNumber="28">
          <StopPointRef>2500LA00252</StopPointRef>
          <TimingStatus>otherPoint</TimingStatus>
        </From>
        <To SequenceNumber="29">
          <StopPointRef>250013930</StopPointRef>
          <TimingStatus>otherPoint</TimingStatus>
        </To>
        <RouteLinkRef>rl_0000_28</RouteLinkRef>
        <RunTime>PT0S</RunTime>
      </JourneyPatternTimingLink>
      <JourneyPatternTimingLink id="jptl_29">
        <From SequenceNumber="29">
          <StopPointRef>250013930</StopPointRef>
          <TimingStatus>otherPoint</TimingStatus>
        </From>
        <To SequenceNumber="30">
          <StopPointRef>250014551</StopPointRef>
          <TimingStatus>otherPoint</TimingStatus>
        </To>
        <RouteLinkRef>rl_0000_29</RouteLinkRef>
        <RunTime>PT1M</RunTime>
      </JourneyPatternTimingLink>
      <JourneyPatternTimingLink id="jptl_30">
        <From SequenceNumber="30">
          <StopPointRef>250014551</StopPointRef>
          <TimingStatus>otherPoint</TimingStatus>
        </From>
        <To SequenceNumber="31">
          <StopPointRef>2500LA00254</StopPointRef>
          <TimingStatus>principalTimingPoint</TimingStatus>
        </To>
        <RouteLinkRef>rl_0000_30</RouteLinkRef>
        <RunTime>PT1M</RunTime>
      </JourneyPatternTimingLink>
      <JourneyPatternTimingLink id="jptl_31">
        <From SequenceNumber="31">
          <StopPointRef>2500LA00254</StopPointRef>
          <TimingStatus>principalTimingPoint</TimingStatus>
        </From>
        <To SequenceNumber="32">
          <Activity>setDown</Activity>
          <StopPointRef>2500LA00192</StopPointRef>
          <TimingStatus>principalTimingPoint</TimingStatus>
        </To>
        <RouteLinkRef>rl_0000_31</RouteLinkRef>
        <RunTime>PT2M</RunTime>
      </JourneyPatternTimingLink>
    </JourneyPatternSection>
  </JourneyPatternSections>
  <Operators>
    <Operator id="tkt_oid">
      <NationalOperatorCode>AMSY</NationalOperatorCode>
      <OperatorCode>ANW</OperatorCode>
      <OperatorShortName>Arriva Merseyside</OperatorShortName>
      <LicenceNumber>PC0001141</LicenceNumber>
    </Operator>
  </Operators>
  <Services>
    <Service>
      <ServiceCode>PC0001141:597</ServiceCode>
      <Lines>
        <Line id="AMSY:PC0001141:597:312">
          <LineName>312</LineName>
          <OutboundDescription>
            <Description>Concourse to Concourse</Description>
          </OutboundDescription>
          <InboundDescription>
            <Description>Concourse to Concourse</Description>
          </InboundDescription>
        </Line>
      </Lines>
      <OperatingPeriod>
        <StartDate>2024-01-02</StartDate>
      </OperatingPeriod>
      <OperatingProfile>
        <RegularDayType>
          <DaysOfWeek>
            <Sunday />
          </DaysOfWeek>
        </RegularDayType>
        <BankHolidayOperation>
          <DaysOfOperation>
            <GoodFriday />
            <LateSummerBankHolidayNotScotland />
            <MayDay />
            <EasterMonday />
            <SpringBank />
            <ChristmasDayHoliday />
            <BoxingDayHoliday />
            <NewYearsDayHoliday />
            <OtherPublicHoliday>
              <Description>CoronationOfKingCharlesIII</Description>
              <Date>2023-05-08</Date>
            </OtherPublicHoliday>
          </DaysOfOperation>
          <DaysOfNonOperation>
            <ChristmasDay />
            <BoxingDay />
            <NewYearsDay />
            <ChristmasEve />
            <NewYearsEve />
          </DaysOfNonOperation>
        </BankHolidayOperation>
      </OperatingProfile>
      <RegisteredOperatorRef>tkt_oid</RegisteredOperatorRef>
      <PublicUse>true</PublicUse>
      <StandardService>
        <Origin>Concourse</Origin>
        <Destination>Concourse</Destination>
        <JourneyPattern id="jp_1">
          <DestinationDisplay>Concourse</DestinationDisplay>
          <OperatorRef>tkt_oid</OperatorRef>
          <Direction>outbound</Direction>
          <RouteRef>rt_0000</RouteRef>
          <JourneyPatternSectionRefs>js_1</JourneyPatternSectionRefs>
        </JourneyPattern>
      </StandardService>
    </Service>
  </Services>
  <VehicleJourneys>
    <VehicleJourney>
      <OperatorRef>tkt_oid</OperatorRef>
      <Operational>
        <TicketMachine>
          <JourneyCode>5001</JourneyCode>
        </TicketMachine>
      </Operational>
      <VehicleJourneyCode>vj_1</VehicleJourneyCode>
      <ServiceRef>PC0001141:597</ServiceRef>
      <LineRef>AMSY:PC0001141:597:312</LineRef>
      <JourneyPatternRef>jp_1</JourneyPatternRef>
      <DepartureTime>10:30:00</DepartureTime>
    </VehicleJourney>
    <VehicleJourney>
      <OperatorRef>tkt_oid</OperatorRef>
      <Operational>
        <TicketMachine>
          <JourneyCode>5003</JourneyCode>
        </TicketMachine>
      </Operational>
      <VehicleJourneyCode>vj_2</VehicleJourneyCode>
      <ServiceRef>PC0001141:597</ServiceRef>
      <LineRef>AMSY:PC0001141:597:312</LineRef>
      <JourneyPatternRef>jp_1</JourneyPatternRef>
      <DepartureTime>11:30:00</DepartureTime>
    </VehicleJourney>
    <VehicleJourney>
      <OperatorRef>tkt_oid</OperatorRef>
      <Operational>
        <TicketMachine>
          <JourneyCode>5005</JourneyCode>
        </TicketMachine>
      </Operational>
      <VehicleJourneyCode>vj_3</VehicleJourneyCode>
      <ServiceRef>PC0001141:597</ServiceRef>
      <LineRef>AMSY:PC0001141:597:312</LineRef>
      <JourneyPatternRef>jp_1</JourneyPatternRef>
      <DepartureTime>12:30:00</DepartureTime>
    </VehicleJourney>
    <VehicleJourney>
      <OperatorRef>tkt_oid</OperatorRef>
      <Operational>
        <TicketMachine>
          <JourneyCode>5007</JourneyCode>
        </TicketMachine>
      </Operational>
      <VehicleJourneyCode>vj_4</VehicleJourneyCode>
      <ServiceRef>PC0001141:597</ServiceRef>
      <LineRef>AMSY:PC0001141:597:312</LineRef>
      <JourneyPatternRef>jp_1</JourneyPatternRef>
      <DepartureTime>13:30:00</DepartureTime>
    </VehicleJourney>
    <VehicleJourney>
      <OperatorRef>tkt_oid</OperatorRef>
      <Operational>
        <TicketMachine>
          <JourneyCode>5009</JourneyCode>
        </TicketMachine>
      </Operational>
      <VehicleJourneyCode>vj_5</VehicleJourneyCode>
      <ServiceRef>PC0001141:597</ServiceRef>
      <LineRef>AMSY:PC0001141:597:312</LineRef>
      <JourneyPatternRef>jp_1</JourneyPatternRef>
      <DepartureTime>14:30:00</DepartureTime>
    </VehicleJourney>
    <VehicleJourney>
      <OperatorRef>tkt_oid</OperatorRef>
      <Operational>
        <TicketMachine>
          <JourneyCode>5011</JourneyCode>
        </TicketMachine>
      </Operational>
      <VehicleJourneyCode>vj_6</VehicleJourneyCode>
      <ServiceRef>PC0001141:597</ServiceRef>
      <LineRef>AMSY:PC0001141:597:312</LineRef>
      <JourneyPatternRef>jp_1</JourneyPatternRef>
      <DepartureTime>15:30:00</DepartureTime>
    </VehicleJourney>
    <VehicleJourney>
      <OperatorRef>tkt_oid</OperatorRef>
      <Operational>
        <TicketMachine>
          <JourneyCode>5013</JourneyCode>
        </TicketMachine>
      </Operational>
      <VehicleJourneyCode>vj_7</VehicleJourneyCode>
      <ServiceRef>PC0001141:597</ServiceRef>
      <LineRef>AMSY:PC0001141:597:312</LineRef>
      <JourneyPatternRef>jp_1</JourneyPatternRef>
      <DepartureTime>16:30:00</DepartureTime>
    </VehicleJourney>
    <VehicleJourney>
      <OperatorRef>tkt_oid</OperatorRef>
      <Operational>
        <TicketMachine>
          <JourneyCode>5015</JourneyCode>
        </TicketMachine>
      </Operational>
      <VehicleJourneyCode>vj_8</VehicleJourneyCode>
      <ServiceRef>PC0001141:597</ServiceRef>
      <LineRef>AMSY:PC0001141:597:312</LineRef>
      <JourneyPatternRef>jp_1</JourneyPatternRef>
      <DepartureTime>17:30:00</DepartureTime>
    </VehicleJourney>
    <VehicleJourney>
      <OperatorRef>tkt_oid</OperatorRef>
      <Operational>
        <TicketMachine>
          <JourneyCode>5017</JourneyCode>
        </TicketMachine>
      </Operational>
      <VehicleJourneyCode>vj_9</VehicleJourneyCode>
      <ServiceRef>PC0001141:597</ServiceRef>
      <LineRef>AMSY:PC0001141:597:312</LineRef>
      <JourneyPatternRef>jp_1</JourneyPatternRef>
      <DepartureTime>18:30:00</DepartureTime>
    </VehicleJourney>
  </VehicleJourneys>
</TransXChange>