<?xml version="1.0" encoding="utf-8"?>
<TransXChange xmlns:xsi="http://www.w3.org/2001/XMLSchema-instance" SchemaVersion="2.4" CreationDateTime="2024-07-15T08:53:40" ModificationDateTime="2024-07-25T10:49:21" Modification="revise" RevisionNumber="2" FileName="AMSY_300T_AMSYPC0001141526300_20240707_-_1899989.xml" xmlns="http://www.transxchange.org.uk/">
  <StopPoints>
    <AnnotatedStopPointRef>
      <StopPointRef>2800S55031A</StopPointRef>
      <CommonName>Pilling Lane</CommonName>
      <Location>
        <Longitude>-2.954573</Longitude>
        <Latitude>53.529383</Latitude>
      </Location>
    </AnnotatedStopPointRef>
    <AnnotatedStopPointRef>
      <StopPointRef>2800S55030A</StopPointRef>
      <CommonName>Lambshear Lane</CommonName>
      <Location>
        <Longitude>-2.952025</Longitude>
        <Latitude>53.526761</Latitude>
      </Location>
    </AnnotatedStopPointRef>
    <AnnotatedStopPointRef>
      <StopPointRef>2800S55085B</StopPointRef>
      <CommonName>Bells Lane</CommonName>
      <Location>
        <Longitude>-2.950379</Longitude>
        <Latitude>53.524680</Latitude>
      </Location>
    </AnnotatedStopPointRef>
    <AnnotatedStopPointRef>
      <StopPointRef>2800S55029A</StopPointRef>
      <CommonName>Nedens Lane</CommonName>
      <Location>
        <Longitude>-2.948121</Longitude>
        <Latitude>53.522873</Latitude>
      </Location>
    </AnnotatedStopPointRef>
    <AnnotatedStopPointRef>
      <StopPointRef>2800S55030B</StopPointRef>
      <CommonName>Mallory Avenue</CommonName>
      <Location>
        <Longitude>-2.953672</Longitude>
        <Latitude>53.528240</Latitude>
      </Location>
    </AnnotatedStopPointRef>
    <AnnotatedStopPointRef>
      <StopPointRef>2800S55085A</StopPointRef>
      <CommonName>Seafore Close</CommonName>
      <Location>
        <Longitude>-2.951116</Longitude>
        <Latitude>53.525267</Latitude>
      </Location>
    </AnnotatedStopPointRef>
    <AnnotatedStopPointRef>
      <StopPointRef>2800S55017A</StopPointRef>
      <CommonName>Gordon Avenue</CommonName>
      <Location>
        <Longitude>-2.946848</Longitude>
        <Latitude>53.519890</Latitude>
      </Location>
    </AnnotatedStopPointRef>
    <AnnotatedStopPointRef>
      <StopPointRef>2800S55016A</StopPointRef>
      <CommonName>Dodds Lane</CommonName>
      <Location>
        <Longitude>-2.945991</Longitude>
        <Latitude>53.517991</Latitude>
      </Location>
    </AnnotatedStopPointRef>
    <AnnotatedStopPointRef>
      <StopPointRef>2800S55029B</StopPointRef>
      <CommonName>Nedens Lane</CommonName>
      <Location>
        <Longitude>-2.949093</Longitude>
        <Latitude>53.523162</Latitude>
      </Location>
    </AnnotatedStopPointRef>
    <AnnotatedStopPointRef>
      <StopPointRef>2800S55017B</StopPointRef>
      <CommonName>Green Lane</CommonName>
      <Location>
        <Longitude>-2.947100</Longitude>
        <Latitude>53.519708</Latitude>
      </Location>
    </AnnotatedStopPointRef>
    <AnnotatedStopPointRef>
      <StopPointRef>2800S55028B</StopPointRef>
      <CommonName>Stafford Moreton Way</CommonName>
      <Location>
        <Longitude>-2.944979</Longitude>
        <Latitude>53.513873</Latitude>
      </Location>
    </AnnotatedStopPointRef>
    <AnnotatedStopPointRef>
      <StopPointRef>2800S55027C</StopPointRef>
      <CommonName>Balmoral Road</CommonName>
      <Location>
        <Longitude>-2.948602</Longitude>
        <Latitude>53.512002</Latitude>
      </Location>
    </AnnotatedStopPointRef>
    <AnnotatedStopPointRef>
      <StopPointRef>2800S55016B</StopPointRef>
      <CommonName>Dodds Lane</CommonName>
      <Location>
        <Longitude>-2.946045</Longitude>
        <Latitude>53.517694</Latitude>
      </Location>
    </AnnotatedStopPointRef>
    <AnnotatedStopPointRef>
      <StopPointRef>2800S55026B</StopPointRef>
      <CommonName>Sandringham Road</CommonName>
      <Location>
        <Longitude>-2.948402</Longitude>
        <Latitude>53.509136</Latitude>
      </Location>
    </AnnotatedStopPointRef>
    <AnnotatedStopPointRef>
      <StopPointRef>2800S55025B</StopPointRef>
      <CommonName>Ormonde Avenue</CommonName>
      <Location>
        <Longitude>-2.946857</Longitude>
        <Latitude>53.506775</Latitude>
      </Location>
    </AnnotatedStopPointRef>
    <AnnotatedStopPointRef>
      <StopPointRef>2800S55028A</StopPointRef>
      <CommonName>Stafford Moreton Way</CommonName>
      <Location>
        <Longitude>-2.945337</Longitude>
        <Latitude>53.514338</Latitude>
      </Location>
    </AnnotatedStopPointRef>
    <AnnotatedStopPointRef>
      <StopPointRef>2800S55027A</StopPointRef>
      <CommonName>Balmoral Road</CommonName>
      <Location>
        <Longitude>-2.948095</Longitude>
        <Latitude>53.512249</Latitude>
      </Location>
    </AnnotatedStopPointRef>
    <AnnotatedStopPointRef>
      <StopPointRef>2800S55024A</StopPointRef>
      <CommonName>Larchwood Avenue</CommonName>
      <Location>
        <Longitude>-2.947986</Longitude>
        <Latitude>53.502649</Latitude>
      </Location>
    </AnnotatedStopPointRef>
    <AnnotatedStopPointRef>
      <StopPointRef>2800S55026A</StopPointRef>
      <CommonName>Rosslyn Avenue</CommonName>
      <Location>
        <Longitude>-2.949134</Longitude>
        <Latitude>53.509481</Latitude>
      </Location>
    </AnnotatedStopPointRef>
    <AnnotatedStopPointRef>
      <StopPointRef>2800S55025A</StopPointRef>
      <CommonName>Ormonde Avenue</CommonName>
      <Location>
        <Longitude>-2.946819</Longitude>
        <Latitude>53.506443</Latitude>
      </Location>
    </AnnotatedStopPointRef>
    <AnnotatedStopPointRef>
      <StopPointRef>2800S55024B</StopPointRef>
      <CommonName>The Cresent</CommonName>
      <Location>
        <Longitude>-2.948508</Longitude>
        <Latitude>53.503077</Latitude>
      </Location>
    </AnnotatedStopPointRef>
    <AnnotatedStopPointRef>
      <StopPointRef>2800S55001B</StopPointRef>
      <CommonName>Dover Road</CommonName>
      <Location>
        <Longitude>-2.946598</Longitude>
        <Latitude>53.499901</Latitude>
      </Location>
    </AnnotatedStopPointRef>
    <AnnotatedStopPointRef>
      <StopPointRef>2800S55001C</StopPointRef>
      <CommonName>Northway</CommonName>
      <Location>
        <Longitude>-2.947031</Longitude>
        <Latitude>53.501048</Latitude>
      </Location>
    </AnnotatedStopPointRef>
    <AnnotatedStopPointRef>
      <StopPointRef>2800S53039A</StopPointRef>
      <CommonName>Asda</CommonName>
      <Location>
        <Longitude>-2.950837</Longitude>
        <Latitude>53.490582</Latitude>
      </Location>
    </AnnotatedStopPointRef>
    <AnnotatedStopPointRef>
      <StopPointRef>2800S53037A</StopPointRef>
      <CommonName>Old Roan Station</CommonName>
      <Location>
        <Longitude>-2.950093</Longitude>
        <Latitude>53.485626</Latitude>
      </Location>
    </AnnotatedStopPointRef>
    <AnnotatedStopPointRef>
      <StopPointRef>2800S53039B</StopPointRef>
      <CommonName>Asda</CommonName>
      <Location>
        <Longitude>-2.951054</Longitude>
        <Latitude>53.490167</Latitude>
      </Location>
    </AnnotatedStopPointRef>
    <AnnotatedStopPointRef>
      <StopPointRef>2800S53037B</StopPointRef>
      <CommonName>Old Roan Station</CommonName>
      <Location>
        <Longitude>-2.950033</Longitude>
        <Latitude>53.486975</Latitude>
      </Location>
    </AnnotatedStopPointRef>
    <AnnotatedStopPointRef>
      <StopPointRef>2800S53007B</StopPointRef>
      <CommonName>Aintree Retail Park</CommonName>
      <Location>
        <Longitude>-2.952270</Longitude>
        <Latitude>53.482543</Latitude>
      </Location>
    </AnnotatedStopPointRef>
    <AnnotatedStopPointRef>
      <StopPointRef>2800S53007A</StopPointRef>
      <CommonName>Aintree Retail Park</CommonName>
      <Location>
        <Longitude>-2.952354</Longitude>
        <Latitude>53.481590</Latitude>
      </Location>
    </AnnotatedStopPointRef>
    <AnnotatedStopPointRef>
      <StopPointRef>2800S53019A</StopPointRef>
      <CommonName>Brenka Avenue</CommonName>
      <Location>
        <Longitude>-2.954351</Longitude>
        <Latitude>53.476594</Latitude>
      </Location>
    </AnnotatedStopPointRef>
    <AnnotatedStopPointRef>
      <StopPointRef>2800S53019B</StopPointRef>
      <CommonName>Brenka Avenue</CommonName>
      <Location>
        <Longitude>-2.954605</Longitude>
        <Latitude>53.477158</Latitude>
      </Location>
    </AnnotatedStopPointRef>
    <AnnotatedStopPointRef>
      <StopPointRef>2800S46087B</StopPointRef>
      <CommonName>Aintree Station</CommonName>
      <Location>
        <Longitude>-2.955545</Longitude>
        <Latitude>53.473394</Latitude>
      </Location>
    </AnnotatedStopPointRef>
    <AnnotatedStopPointRef>
      <StopPointRef>2800S46061A</StopPointRef>
      <CommonName>Aintree Station</CommonName>
      <Location>
        <Longitude>-2.955261</Longitude>
        <Latitude>53.472155</Latitude>
      </Location>
    </AnnotatedStopPointRef>
    <AnnotatedStopPointRef>
      <StopPointRef>2800S46059A</StopPointRef>
      <CommonName>Eastbourne Road</CommonName>
      <Location>
        <Longitude>-2.955664</Longitude>
        <Latitude>53.467963</Latitude>
      </Location>
    </AnnotatedStopPointRef>
    <AnnotatedStopPointRef>
      <StopPointRef>2800S46060A</StopPointRef>
      <CommonName>Church Avenue</CommonName>
      <Location>
        <Longitude>-2.955788</Longitude>
        <Latitude>53.469473</Latitude>
      </Location>
    </AnnotatedStopPointRef>
    <AnnotatedStopPointRef>
      <StopPointRef>2800S46059B</StopPointRef>
      <CommonName>Albany Road</CommonName>
      <Location>
        <Longitude>-2.956083</Longitude>
        <Latitude>53.467151</Latitude>
      </Location>
    </AnnotatedStopPointRef>
    <AnnotatedStopPointRef>
      <StopPointRef>2800S46090C</StopPointRef>
      <CommonName>Warbreck Avenue</CommonName>
      <Location>
        <Longitude>-2.958608</Longitude>
        <Latitude>53.464236</Latitude>
      </Location>
    </AnnotatedStopPointRef>
    <AnnotatedStopPointRef>
      <StopPointRef>2800S46090A</StopPointRef>
      <CommonName>Sydney Street</CommonName>
      <Location>
        <Longitude>-2.957496</Longitude>
        <Latitude>53.465045</Latitude>
      </Location>
    </AnnotatedStopPointRef>
    <AnnotatedStopPointRef>
      <StopPointRef>2800S46089A</StopPointRef>
      <CommonName>Grace Road</CommonName>
      <Location>
        <Longitude>-2.959028</Longitude>
        <Latitude>53.463505</Latitude>
      </Location>
    </AnnotatedStopPointRef>
    <AnnotatedStopPointRef>
      <StopPointRef>2800S46050C</StopPointRef>
      <CommonName>Orrell Park Station</CommonName>
      <Location>
        <Longitude>-2.960227</Longitude>
        <Latitude>53.462543</Latitude>
      </Location>
    </AnnotatedStopPointRef>
    <AnnotatedStopPointRef>
      <StopPointRef>2800S46051D</StopPointRef>
      <CommonName>Rice Lane Station</CommonName>
      <Location>
        <Longitude>-2.962157</Longitude>
        <Latitude>53.458635</Latitude>
      </Location>
    </AnnotatedStopPointRef>
    <AnnotatedStopPointRef>
      <StopPointRef>2800S46051B</StopPointRef>
      <CommonName>Rice Lane Station</CommonName>
      <Location>
        <Longitude>-2.962996</Longitude>
        <Latitude>53.457774</Latitude>
      </Location>
    </AnnotatedStopPointRef>
    <AnnotatedStopPointRef>
      <StopPointRef>2800S46050B</StopPointRef>
      <CommonName>Orrell Park Station</CommonName>
      <Location>
        <Longitude>-2.961804</Longitude>
        <Latitude>53.461011</Latitude>
      </Location>
    </AnnotatedStopPointRef>
    <AnnotatedStopPointRef>
      <StopPointRef>2800S46051C</StopPointRef>
      <CommonName>Rice Lane Station</CommonName>
      <Location>
        <Longitude>-2.962475</Longitude>
        <Latitude>53.458704</Latitude>
      </Location>
    </AnnotatedStopPointRef>
    <AnnotatedStopPointRef>
      <StopPointRef>2800S46051A</StopPointRef>
      <CommonName>Rice Lane Station</CommonName>
      <Location>
        <Longitude>-2.963165</Longitude>
        <Latitude>53.457944</Latitude>
      </Location>
    </AnnotatedStopPointRef>
    <AnnotatedStopPointRef>
      <StopPointRef>2800S46078B</StopPointRef>
      <CommonName>Walton Station</CommonName>
      <Location>
        <Longitude>-2.966041</Longitude>
        <Latitude>53.457237</Latitude>
      </Location>
    </AnnotatedStopPointRef>
    <AnnotatedStopPointRef>
      <StopPointRef>2800S46079B</StopPointRef>
      <CommonName>Walton Prison</CommonName>
      <Location>
        <Longitude>-2.971303</Longitude>
        <Latitude>53.456197</Latitude>
      </Location>
    </AnnotatedStopPointRef>
    <AnnotatedStopPointRef>
      <StopPointRef>2800S46078A</StopPointRef>
      <CommonName>Walton Station</CommonName>
      <Location>
        <Longitude>-2.966721</Longitude>
        <Latitude>53.457349</Latitude>
      </Location>
    </AnnotatedStopPointRef>
    <AnnotatedStopPointRef>
      <StopPointRef>2800S46079A</StopPointRef>
      <CommonName>Walton Prison</CommonName>
      <Location>
        <Longitude>-2.970917</Longitude>
        <Latitude>53.456425</Latitude>
      </Location>
    </AnnotatedStopPointRef>
    <AnnotatedStopPointRef>
      <StopPointRef>2800S46065C</StopPointRef>
      <CommonName>Connolly Avenue</CommonName>
      <Location>
        <Longitude>-2.973651</Longitude>
        <Latitude>53.456142</Latitude>
      </Location>
    </AnnotatedStopPointRef>
    <AnnotatedStopPointRef>
      <StopPointRef>2800S47068A</StopPointRef>
      <CommonName>Fernhill Road</CommonName>
      <Location>
        <Longitude>-2.980369</Longitude>
        <Latitude>53.456150</Latitude>
      </Location>
    </AnnotatedStopPointRef>
    <AnnotatedStopPointRef>
      <StopPointRef>2800S46065D</StopPointRef>
      <CommonName>Connolly Avenue</CommonName>
      <Location>
        <Longitude>-2.973868</Longitude>
        <Latitude>53.456410</Latitude>
      </Location>
    </AnnotatedStopPointRef>
    <AnnotatedStopPointRef>
      <StopPointRef>2800S47106A</StopPointRef>
      <CommonName>Worcester Road</CommonName>
      <Location>
        <Longitude>-2.982642</Longitude>
        <Latitude>53.456140</Latitude>
      </Location>
    </AnnotatedStopPointRef>
    <AnnotatedStopPointRef>
      <StopPointRef>2800S47068B</StopPointRef>
      <CommonName>Fernhill Road</CommonName>
      <Location>
        <Longitude>-2.980358</Longitude>
        <Latitude>53.456348</Latitude>
      </Location>
    </AnnotatedStopPointRef>
    <AnnotatedStopPointRef>
      <StopPointRef>2800S47069A</StopPointRef>
      <CommonName>Hawthorne Road</CommonName>
      <Location>
        <Longitude>-2.984525</Longitude>
        <Latitude>53.456160</Latitude>
      </Location>
    </AnnotatedStopPointRef>
    <AnnotatedStopPointRef>
      <StopPointRef>2800S47069B</StopPointRef>
      <CommonName>Gloucester Road</CommonName>
      <Location>
        <Longitude>-2.983008</Longitude>
        <Latitude>53.456335</Latitude>
      </Location>
    </AnnotatedStopPointRef>
    <AnnotatedStopPointRef>
      <StopPointRef>2800S47029A</StopPointRef>
      <CommonName>Marsh Lane</CommonName>
      <Location>
        <Longitude>-2.991164</Longitude>
        <Latitude>53.454083</Latitude>
      </Location>
    </AnnotatedStopPointRef>
    <AnnotatedStopPointRef>
      <StopPointRef>2800S47028A</StopPointRef>
      <CommonName>Bootle Strand Shopping Centre</CommonName>
      <Location>
        <Longitude>-2.990688</Longitude>
        <Latitude>53.452406</Latitude>
      </Location>
    </AnnotatedStopPointRef>
    <AnnotatedStopPointRef>
      <StopPointRef>2800S47029D</StopPointRef>
      <CommonName>Thornton Road</CommonName>
      <Location>
        <Longitude>-2.990714</Longitude>
        <Latitude>53.454797</Latitude>
      </Location>
    </AnnotatedStopPointRef>
    <AnnotatedStopPointRef>
      <StopPointRef>2800S47028C</StopPointRef>
      <CommonName>Bootle Strand Shopping Centre</CommonName>
      <Location>
        <Longitude>-2.990716</Longitude>
        <Latitude>53.451660</Latitude>
      </Location>
    </AnnotatedStopPointRef>
    <AnnotatedStopPointRef>
      <StopPointRef>2800S47027C</StopPointRef>
      <CommonName>Park Street</CommonName>
      <Location>
        <Longitude>-2.989859</Longitude>
        <Latitude>53.449150</Latitude>
      </Location>
    </AnnotatedStopPointRef>
    <AnnotatedStopPointRef>
      <StopPointRef>2800S47189A</StopPointRef>
      <CommonName>Trinity Road</CommonName>
      <Location>
        <Longitude>-2.989395</Longitude>
        <Latitude>53.447311</Latitude>
      </Location>
    </AnnotatedStopPointRef>
    <AnnotatedStopPointRef>
      <StopPointRef>2800S40048E</StopPointRef>
      <CommonName>Balliol Road</CommonName>
      <Location>
        <Longitude>-2.988788</Longitude>
        <Latitude>53.445121</Latitude>
      </Location>
    </AnnotatedStopPointRef>
    <AnnotatedStopPointRef>
      <StopPointRef>2800S47027B</StopPointRef>
      <CommonName>Trinity Road</CommonName>
      <Location>
        <Longitude>-2.989685</Longitude>
        <Latitude>53.447497</Latitude>
      </Location>
    </AnnotatedStopPointRef>
    <AnnotatedStopPointRef>
      <StopPointRef>2800S40048C</StopPointRef>
      <CommonName>Trinity Road</CommonName>
      <Location>
        <Longitude>-2.989451</Longitude>
        <Latitude>53.446502</Latitude>
      </Location>
    </AnnotatedStopPointRef>
    <AnnotatedStopPointRef>
      <StopPointRef>2800S40047B</StopPointRef>
      <CommonName>Beatrice Street</CommonName>
      <Location>
        <Longitude>-2.988028</Longitude>
        <Latitude>53.442244</Latitude>
      </Location>
    </AnnotatedStopPointRef>
    <AnnotatedStopPointRef>
      <StopPointRef>2800S40046A</StopPointRef>
      <CommonName>Celia Street</CommonName>
      <Location>
        <Longitude>-2.987366</Longitude>
        <Latitude>53.439687</Latitude>
      </Location>
    </AnnotatedStopPointRef>
    <AnnotatedStopPointRef>
      <StopPointRef>2800S40045A</StopPointRef>
      <CommonName>Bank Hall Station</CommonName>
      <Location>
        <Longitude>-2.986286</Longitude>
        <Latitude>53.436613</Latitude>
      </Location>
    </AnnotatedStopPointRef>
    <AnnotatedStopPointRef>
      <StopPointRef>2800S40047A</StopPointRef>
      <CommonName>Keble Road</CommonName>
      <Location>
        <Longitude>-2.988613</Longitude>
        <Latitude>53.443470</Latitude>
      </Location>
    </AnnotatedStopPointRef>
    <AnnotatedStopPointRef>
      <StopPointRef>2800S40046B</StopPointRef>
      <CommonName>Wolsey Street</CommonName>
      <Location>
        <Longitude>-2.987886</Longitude>
        <Latitude>53.440699</Latitude>
      </Location>
    </AnnotatedStopPointRef>
    <AnnotatedStopPointRef>
      <StopPointRef>2800S40084B</StopPointRef>
      <CommonName>Briar Street</CommonName>
      <Location>
        <Longitude>-2.985008</Longitude>
        <Latitude>53.433433</Latitude>
      </Location>
    </AnnotatedStopPointRef>
    <AnnotatedStopPointRef>
      <StopPointRef>2800S40045B</StopPointRef>
      <CommonName>Bank Hall Station</CommonName>
      <Location>
        <Longitude>-2.987006</Longitude>
        <Latitude>53.437785</Latitude>
      </Location>
    </AnnotatedStopPointRef>
    <AnnotatedStopPointRef>
      <StopPointRef>2800S40123C</StopPointRef>
      <CommonName>Commercial Road</CommonName>
      <Location>
        <Longitude>-2.986151</Longitude>
        <Latitude>53.435311</Latitude>
      </Location>
    </AnnotatedStopPointRef>
    <AnnotatedStopPointRef>
      <StopPointRef>2800S40083D</StopPointRef>
      <CommonName>Easby Road</CommonName>
      <Location>
        <Longitude>-2.984095</Longitude>
        <Latitude>53.431696</Latitude>
      </Location>
    </AnnotatedStopPointRef>
    <AnnotatedStopPointRef>
      <StopPointRef>2800S40082A</StopPointRef>
      <CommonName>Sterling Way</CommonName>
      <Location>
        <Longitude>-2.982744</Longitude>
        <Latitude>53.428588</Latitude>
      </Location>
    </AnnotatedStopPointRef>
    <AnnotatedStopPointRef>
      <StopPointRef>2800S40084A</StopPointRef>
      <CommonName>Pansy Street</CommonName>
      <Location>
        <Longitude>-2.984917</Longitude>
        <Latitude>53.432714</Latitude>
      </Location>
    </AnnotatedStopPointRef>
    <AnnotatedStopPointRef>
      <StopPointRef>2800S40083A</StopPointRef>
      <CommonName>Latham Street</CommonName>
      <Location>
        <Longitude>-2.983463</Longitude>
        <Latitude>53.429724</Latitude>
      </Location>
    </AnnotatedStopPointRef>
    <AnnotatedStopPointRef>
      <StopPointRef>2800S40082B</StopPointRef>
      <CommonName>Major Street</CommonName>
      <Location>
        <Longitude>-2.982858</Longitude>
        <Latitude>53.426987</Latitude>
      </Location>
    </AnnotatedStopPointRef>
    <AnnotatedStopPointRef>
      <StopPointRef>2800S40063D</StopPointRef>
      <CommonName>Boundary Street</CommonName>
      <Location>
        <Longitude>-2.982435</Longitude>
        <Latitude>53.425624</Latitude>
      </Location>
    </AnnotatedStopPointRef>
    <AnnotatedStopPointRef>
      <StopPointRef>2800S40062A</StopPointRef>
      <CommonName>Newsham Street</CommonName>
      <Location>
        <Longitude>-2.981780</Longitude>
        <Latitude>53.422664</Latitude>
      </Location>
    </AnnotatedStopPointRef>
    <AnnotatedStopPointRef>
      <StopPointRef>2800S40063C</StopPointRef>
      <CommonName>Cranmer Street</CommonName>
      <Location>
        <Longitude>-2.982668</Longitude>
        <Latitude>53.425272</Latitude>
      </Location>
    </AnnotatedStopPointRef>
    <AnnotatedStopPointRef>
      <StopPointRef>2800S42034A</StopPointRef>
      <CommonName>Juvenal Street</CommonName>
      <Location>
        <Longitude>-2.981921</Longitude>
        <Latitude>53.415714</Latitude>
      </Location>
    </AnnotatedStopPointRef>
    <AnnotatedStopPointRef>
      <StopPointRef>2800S40062C</StopPointRef>
      <CommonName>Westmorland Place</CommonName>
      <Location>
        <Longitude>-2.982216</Longitude>
        <Latitude>53.422669</Latitude>
      </Location>
    </AnnotatedStopPointRef>
    <AnnotatedStopPointRef>
      <StopPointRef>2800S42034B</StopPointRef>
      <CommonName>Leeds Street</CommonName>
      <Location>
        <Longitude>-2.982449</Longitude>
        <Latitude>53.415152</Latitude>
      </Location>
    </AnnotatedStopPointRef>
    <AnnotatedStopPointRef>
      <StopPointRef>2800S42023L</StopPointRef>
      <CommonName>Queen Square Bus Station</CommonName>
      <Location>
        <Longitude>-2.982547</Longitude>
        <Latitude>53.407697</Latitude>
      </Location>
    </AnnotatedStopPointRef>
    <AnnotatedStopPointRef>
      <StopPointRef>2800S42023J</StopPointRef>
      <CommonName>Queen Square Bus Station</CommonName>
      <Location>
        <Longitude>-2.982476</Longitude>
        <Latitude>53.407584</Latitude>
      </Location>
    </AnnotatedStopPointRef>
  </StopPoints>
  <RouteSections>
    <RouteSection id="rsf_0000">
      <RouteLink id="rl_0000_1">
        <From>
          <StopPointRef>2800S55031A</StopPointRef>
        </From>
        <To>
          <StopPointRef>2800S55030A</StopPointRef>
        </To>
      </RouteLink>
      <RouteLink id="rl_0000_2">
        <From>
          <StopPointRef>2800S55030A</StopPointRef>
        </From>
        <To>
          <StopPointRef>2800S55085B</StopPointRef>
        </To>
      </RouteLink>
      <RouteLink id="rl_0000_3">
        <From>
          <StopPointRef>2800S55085B</StopPointRef>
        </From>
        <To>
          <StopPointRef>2800S55029A</StopPointRef>
        </To>
      </RouteLink>
      <RouteLink id="rl_0000_4">
        <From>
          <StopPointRef>2800S55029A</StopPointRef>
        </From>
        <To>
          <StopPointRef>2800S55017A</StopPointRef>
        </To>
      </RouteLink>
      <RouteLink id="rl_0000_5">
        <From>
          <StopPointRef>2800S55017A</StopPointRef>
        </From>
        <To>
          <StopPointRef>2800S55016A</StopPointRef>
        </To>
      </RouteLink>
      <RouteLink id="rl_0000_6">
        <From>
          <StopPointRef>2800S55016A</StopPointRef>
        </From>
        <To>
          <StopPointRef>2800S55028B</StopPointRef>
        </To>
      </RouteLink>
      <RouteLink id="rl_0000_7">
        <From>
          <StopPointRef>2800S55028B</StopPointRef>
        </From>
        <To>
          <StopPointRef>2800S55027C</StopPointRef>
        </To>
      </RouteLink>
      <RouteLink id="rl_0000_8">
        <From>
          <StopPointRef>2800S55027C</StopPointRef>
        </From>
        <To>
          <StopPointRef>2800S55026B</StopPointRef>
        </To>
      </RouteLink>
      <RouteLink id="rl_0000_9">
        <From>
          <StopPointRef>2800S55026B</StopPointRef>
        </From>
        <To>
          <StopPointRef>2800S55025B</StopPointRef>
        </To>
      </RouteLink>
      <RouteLink id="rl_0000_10">
        <From>
          <StopPointRef>2800S55025B</StopPointRef>
        </From>
        <To>
          <StopPointRef>2800S55024A</StopPointRef>
        </To>
      </RouteLink>
      <RouteLink id="rl_0000_11">
        <From>
          <StopPointRef>2800S55024A</StopPointRef>
        </From>
        <To>
          <StopPointRef>2800S55001B</StopPointRef>
        </To>
      </RouteLink>
      <RouteLink id="rl_0000_12">
        <From>
          <StopPointRef>2800S55001B</StopPointRef>
        </From>
        <To>
          <StopPointRef>2800S53039A</StopPointRef>
        </To>
      </RouteLink>
      <RouteLink id="rl_0000_13">
        <From>
          <StopPointRef>2800S53039A</StopPointRef>
        </From>
        <To>
          <StopPointRef>2800S53037A</StopPointRef>
        </To>
      </RouteLink>
      <RouteLink id="rl_0000_14">
        <From>
          <StopPointRef>2800S53037A</StopPointRef>
        </From>
        <To>
          <StopPointRef>2800S53007A</StopPointRef>
        </To>
      </RouteLink>
      <RouteLink id="rl_0000_15">
        <From>
          <StopPointRef>2800S53007A</StopPointRef>
        </From>
        <To>
          <StopPointRef>2800S53019A</StopPointRef>
        </To>
      </RouteLink>
      <RouteLink id="rl_0000_16">
        <From>
          <StopPointRef>2800S53019A</StopPointRef>
        </From>
        <To>
          <StopPointRef>2800S46061A</StopPointRef>
        </To>
      </RouteLink>
      <RouteLink id="rl_0000_17">
        <From>
          <StopPointRef>2800S46061A</StopPointRef>
        </From>
        <To>
          <StopPointRef>2800S46059A</StopPointRef>
        </To>
      </RouteLink>
      <RouteLink id="rl_0000_18">
        <From>
          <StopPointRef>2800S46059A</StopPointRef>
        </From>
        <To>
          <StopPointRef>2800S46090A</StopPointRef>
        </To>
      </RouteLink>
      <RouteLink id="rl_0000_19">
        <From>
          <StopPointRef>2800S46090A</StopPointRef>
        </From>
        <To>
          <StopPointRef>2800S46089A</StopPointRef>
        </To>
      </RouteLink>
      <RouteLink id="rl_0000_20">
        <From>
          <StopPointRef>2800S46089A</StopPointRef>
        </From>
        <To>
          <StopPointRef>2800S46050C</StopPointRef>
        </To>
      </RouteLink>
      <RouteLink id="rl_0000_21">
        <From>
          <StopPointRef>2800S46050C</StopPointRef>
        </From>
        <To>
          <StopPointRef>2800S46051D</StopPointRef>
        </To>
      </RouteLink>
      <RouteLink id="rl_0000_22">
        <From>
          <StopPointRef>2800S46051D</StopPointRef>
        </From>
        <To>
          <StopPointRef>2800S46051B</StopPointRef>
        </To>
      </RouteLink>
      <RouteLink id="rl_0000_23">
        <From>
          <StopPointRef>2800S46051B</StopPointRef>
        </From>
        <To>
          <StopPointRef>2800S46078B</StopPointRef>
        </To>
      </RouteLink>
      <RouteLink id="rl_0000_24">
        <From>
          <StopPointRef>2800S46078B</StopPointRef>
        </From>
        <To>
          <StopPointRef>2800S46079B</StopPointRef>
        </To>
      </RouteLink>
      <RouteLink id="rl_0000_25">
        <From>
          <StopPointRef>2800S46079B</StopPointRef>
        </From>
        <To>
          <StopPointRef>2800S46065C</StopPointRef>
        </To>
      </RouteLink>
      <RouteLink id="rl_0000_26">
        <From>
          <StopPointRef>2800S46065C</StopPointRef>
        </From>
        <To>
          <StopPointRef>2800S47068A</StopPointRef>
        </To>
      </RouteLink>
      <RouteLink id="rl_0000_27">
        <From>
          <StopPointRef>2800S47068A</StopPointRef>
        </From>
        <To>
          <StopPointRef>2800S47106A</StopPointRef>
        </To>
      </RouteLink>
      <RouteLink id="rl_0000_28">
        <From>
          <StopPointRef>2800S47106A</StopPointRef>
        </From>
        <To>
          <StopPointRef>2800S47069A</StopPointRef>
        </To>
      </RouteLink>
      <RouteLink id="rl_0000_29">
        <From>
          <StopPointRef>2800S47069A</StopPointRef>
        </From>
        <To>
          <StopPointRef>2800S47029A</StopPointRef>
        </To>
      </RouteLink>
      <RouteLink id="rl_0000_30">
        <From>
          <StopPointRef>2800S47029A</StopPointRef>
        </From>
        <To>
          <StopPointRef>2800S47028A</StopPointRef>
        </To>
      </RouteLink>
      <RouteLink id="rl_0000_31">
        <From>
          <StopPointRef>2800S47028A</StopPointRef>
        </From>
        <To>
          <StopPointRef>2800S47027C</StopPointRef>
        </To>
      </RouteLink>
      <RouteLink id="rl_0000_32">
        <From>
          <StopPointRef>2800S47027C</StopPointRef>
        </From>
        <To>
          <StopPointRef>2800S47189A</StopPointRef>
        </To>
      </RouteLink>
      <RouteLink id="rl_0000_33">
        <From>
          <StopPointRef>2800S47189A</StopPointRef>
        </From>
        <To>
          <StopPointRef>2800S40048E</StopPointRef>
        </To>
      </RouteLink>
      <RouteLink id="rl_0000_34">
        <From>
          <StopPointRef>2800S40048E</StopPointRef>
        </From>
        <To>
          <StopPointRef>2800S40047B</StopPointRef>
        </To>
      </RouteLink>
      <RouteLink id="rl_0000_35">
        <From>
          <StopPointRef>2800S40047B</StopPointRef>
        </From>
        <To>
          <StopPointRef>2800S40046A</StopPointRef>
        </To>
      </RouteLink>
      <RouteLink id="rl_0000_36">
        <From>
          <StopPointRef>2800S40046A</StopPointRef>
        </From>
        <To>
          <StopPointRef>2800S40045A</StopPointRef>
        </To>
      </RouteLink>
      <RouteLink id="rl_0000_37">
        <From>
          <StopPointRef>2800S40045A</StopPointRef>
        </From>
        <To>
          <StopPointRef>2800S40084B</StopPointRef>
        </To>
      </RouteLink>
      <RouteLink id="rl_0000_38">
        <From>
          <StopPointRef>2800S40084B</StopPointRef>
        </From>
        <To>
          <StopPointRef>2800S40083D</StopPointRef>
        </To>
      </RouteLink>
      <RouteLink id="rl_0000_39">
        <From>
          <StopPointRef>2800S40083D</StopPointRef>
        </From>
        <To>
          <StopPointRef>2800S40082A</StopPointRef>
        </To>
      </RouteLink>
      <RouteLink id="rl_0000_40">
        <From>
          <StopPointRef>2800S40082A</StopPointRef>
        </From>
        <To>
          <StopPointRef>2800S40063D</StopPointRef>
        </To>
      </RouteLink>
      <RouteLink id="rl_0000_41">
        <From>
          <StopPointRef>2800S40063D</StopPointRef>
        </From>
        <To>
          <StopPointRef>2800S40062A</StopPointRef>
        </To>
      </RouteLink>
      <RouteLink id="rl_0000_42">
        <From>
          <StopPointRef>2800S40062A</StopPointRef>
        </From>
        <To>
          <StopPointRef>2800S42034A</StopPointRef>
        </To>
      </RouteLink>
      <RouteLink id="rl_0000_43">
        <From>
          <StopPointRef>2800S42034A</StopPointRef>
        </From>
        <To>
          <StopPointRef>2800S42023J</StopPointRef>
        </To>
      </RouteLink>
    </RouteSection>
    <RouteSection id="rsf_0001">
      <RouteLink id="rl_0001_1">
        <From>
          <StopPointRef>2800S42023L</StopPointRef>
        </From>
        <To>
          <StopPointRef>2800S42034B</StopPointRef>
        </To>
      </RouteLink>
      <RouteLink id="rl_0001_2">
        <From>
          <StopPointRef>2800S42034B</StopPointRef>
        </From>
        <To>
          <StopPointRef>2800S40062C</StopPointRef>
        </To>
      </RouteLink>
      <RouteLink id="rl_0001_3">
        <From>
          <StopPointRef>2800S40062C</StopPointRef>
        </From>
        <To>
          <StopPointRef>2800S40063C</StopPointRef>
        </To>
      </RouteLink>
      <RouteLink id="rl_0001_4">
        <From>
          <StopPointRef>2800S40063C</StopPointRef>
        </From>
        <To>
          <StopPointRef>2800S40082B</StopPointRef>
        </To>
      </RouteLink>
      <RouteLink id="rl_0001_5">
        <From>
          <StopPointRef>2800S40082B</StopPointRef>
        </From>
        <To>
          <StopPointRef>2800S40083A</StopPointRef>
        </To>
      </RouteLink>
      <RouteLink id="rl_0001_6">
        <From>
          <StopPointRef>2800S40083A</StopPointRef>
        </From>
        <To>
          <StopPointRef>2800S40084A</StopPointRef>
        </To>
      </RouteLink>
      <RouteLink id="rl_0001_7">
        <From>
          <StopPointRef>2800S40084A</StopPointRef>
        </From>
        <To>
          <StopPointRef>2800S40123C</StopPointRef>
        </To>
      </RouteLink>
      <RouteLink id="rl_0001_8">
        <From>
          <StopPointRef>2800S40123C</StopPointRef>
        </From>
        <To>
          <StopPointRef>2800S40045B</StopPointRef>
        </To>
      </RouteLink>
      <RouteLink id="rl_0001_9">
        <From>
          <StopPointRef>2800S40045B</StopPointRef>
        </From>
        <To>
          <StopPointRef>2800S40046B</StopPointRef>
        </To>
      </RouteLink>
      <RouteLink id="rl_0001_10">
        <From>
          <StopPointRef>2800S40046B</StopPointRef>
        </From>
        <To>
          <StopPointRef>2800S40047A</StopPointRef>
        </To>
      </RouteLink>
      <RouteLink id="rl_0001_11">
        <From>
          <StopPointRef>2800S40047A</StopPointRef>
        </From>
        <To>
          <StopPointRef>2800S40048C</StopPointRef>
        </To>
      </RouteLink>
      <RouteLink id="rl_0001_12">
        <From>
          <StopPointRef>2800S40048C</StopPointRef>
        </From>
        <To>
          <StopPointRef>2800S47027B</StopPointRef>
        </To>
      </RouteLink>
      <RouteLink id="rl_0001_13">
        <From>
          <StopPointRef>2800S47027B</StopPointRef>
        </From>
        <To>
          <StopPointRef>2800S47028C</StopPointRef>
        </To>
      </RouteLink>
      <RouteLink id="rl_0001_14">
        <From>
          <StopPointRef>2800S47028C</StopPointRef>
        </From>
        <To>
          <StopPointRef>2800S47029D</StopPointRef>
        </To>
      </RouteLink>
      <RouteLink id="rl_0001_15">
        <From>
          <StopPointRef>2800S47029D</StopPointRef>
        </From>
        <To>
          <StopPointRef>2800S47069B</StopPointRef>
        </To>
      </RouteLink>
      <RouteLink id="rl_0001_16">
        <From>
          <StopPointRef>2800S47069B</StopPointRef>
        </From>
        <To>
          <StopPointRef>2800S47068B</StopPointRef>
        </To>
      </RouteLink>
      <RouteLink id="rl_0001_17">
        <From>
          <StopPointRef>2800S47068B</StopPointRef>
        </From>
        <To>
          <StopPointRef>2800S46065D</StopPointRef>
        </To>
      </RouteLink>
      <RouteLink id="rl_0001_18">
        <From>
          <StopPointRef>2800S46065D</StopPointRef>
        </From>
        <To>
          <StopPointRef>2800S46079A</StopPointRef>
        </To>
      </RouteLink>
      <RouteLink id="rl_0001_19">
        <From>
          <StopPointRef>2800S46079A</StopPointRef>
        </From>
        <To>
          <StopPointRef>2800S46051A</StopPointRef>
        </To>
      </RouteLink>
      <RouteLink id="rl_0001_20">
        <From>
          <StopPointRef>2800S46051A</StopPointRef>
        </From>
        <To>
          <StopPointRef>2800S46051C</StopPointRef>
        </To>
      </RouteLink>
      <RouteLink id="rl_0001_21">
        <From>
          <StopPointRef>2800S46051C</StopPointRef>
        </From>
        <To>
          <StopPointRef>2800S46050B</StopPointRef>
        </To>
      </RouteLink>
      <RouteLink id="rl_0001_22">
        <From>
          <StopPointRef>2800S46050B</StopPointRef>
        </From>
        <To>
          <StopPointRef>2800S46090C</StopPointRef>
        </To>
      </RouteLink>
      <RouteLink id="rl_0001_23">
        <From>
          <StopPointRef>2800S46090C</StopPointRef>
        </From>
        <To>
          <StopPointRef>2800S46059B</StopPointRef>
        </To>
      </RouteLink>
      <RouteLink id="rl_0001_24">
        <From>
          <StopPointRef>2800S46059B</StopPointRef>
        </From>
        <To>
          <StopPointRef>2800S46060A</StopPointRef>
        </To>
      </RouteLink>
      <RouteLink id="rl_0001_25">
        <From>
          <StopPointRef>2800S46060A</StopPointRef>
        </From>
        <To>
          <StopPointRef>2800S46087B</StopPointRef>
        </To>
      </RouteLink>
      <RouteLink id="rl_0001_26">
        <From>
          <StopPointRef>2800S46087B</StopPointRef>
        </From>
        <To>
          <StopPointRef>2800S53019B</StopPointRef>
        </To>
      </RouteLink>
      <RouteLink id="rl_0001_27">
        <From>
          <StopPointRef>2800S53019B</StopPointRef>
        </From>
        <To>
          <StopPointRef>2800S53007B</StopPointRef>
        </To>
      </RouteLink>
      <RouteLink id="rl_0001_28">
        <From>
          <StopPointRef>2800S53007B</StopPointRef>
        </From>
        <To>
          <StopPointRef>2800S53037B</StopPointRef>
        </To>
      </RouteLink>
      <RouteLink id="rl_0001_29">
        <From>
          <StopPointRef>2800S53037B</StopPointRef>
        </From>
        <To>
          <StopPointRef>2800S53039B</StopPointRef>
        </To>
      </RouteLink>
      <RouteLink id="rl_0001_30">
        <From>
          <StopPointRef>2800S53039B</StopPointRef>
        </From>
        <To>
          <StopPointRef>2800S55001C</StopPointRef>
        </To>
      </RouteLink>
      <RouteLink id="rl_0001_31">
        <From>
          <StopPointRef>2800S55001C</StopPointRef>
        </From>
        <To>
          <StopPointRef>2800S55024B</StopPointRef>
        </To>
      </RouteLink>
      <RouteLink id="rl_0001_32">
        <From>
          <StopPointRef>2800S55024B</StopPointRef>
        </From>
        <To>
          <StopPointRef>2800S55025A</StopPointRef>
        </To>
      </RouteLink>
      <RouteLink id="rl_0001_33">
        <From>
          <StopPointRef>2800S55025A</StopPointRef>
        </From>
        <To>
          <StopPointRef>2800S55026A</StopPointRef>
        </To>
      </RouteLink>
      <RouteLink id="rl_0001_34">
        <From>
          <StopPointRef>2800S55026A</StopPointRef>
        </From>
        <To>
          <StopPointRef>2800S55027A</StopPointRef>
        </To>
      </RouteLink>
      <RouteLink id="rl_0001_35">
        <From>
          <StopPointRef>2800S55027A</StopPointRef>
        </From>
        <To>
          <StopPointRef>2800S55028A</StopPointRef>
        </To>
      </RouteLink>
      <RouteLink id="rl_0001_36">
        <From>
          <StopPointRef>2800S55028A</StopPointRef>
        </From>
        <To>
          <StopPointRef>2800S55016B</StopPointRef>
        </To>
      </RouteLink>
      <RouteLink id="rl_0001_37">
        <From>
          <StopPointRef>2800S55016B</StopPointRef>
        </From>
        <To>
          <StopPointRef>2800S55017B</StopPointRef>
        </To>
      </RouteLink>
      <RouteLink id="rl_0001_38">
        <From>
          <StopPointRef>2800S55017B</StopPointRef>
        </From>
        <To>
          <StopPointRef>2800S55029B</StopPointRef>
        </To>
      </RouteLink>
      <RouteLink id="rl_0001_39">
        <From>
          <StopPointRef>2800S55029B</StopPointRef>
        </From>
        <To>
          <StopPointRef>2800S55085A</StopPointRef>
        </To>
      </RouteLink>
      <RouteLink id="rl_0001_40">
        <From>
          <StopPointRef>2800S55085A</StopPointRef>
        </From>
        <To>
          <StopPointRef>2800S55030B</StopPointRef>
        </To>
      </RouteLink>
      <RouteLink id="rl_0001_41">
        <From>
          <StopPointRef>2800S55030B</StopPointRef>
        </From>
        <To>
          <StopPointRef>2800S55031A</StopPointRef>
        </To>
      </RouteLink>
    </RouteSection>
  </RouteSections>
  <Routes>
    <Route id="rt_0000">
      <Description>No route description available</Description>
      <RouteSectionRef>rsf_0000</RouteSectionRef>
    </Route>
    <Route id="rt_0001">
      <Description>No route description available</Description>
      <RouteSectionRef>rsf_0001</RouteSectionRef>
    </Route>
  </Routes>
  <JourneyPatternSections>
    <JourneyPatternSection id="js_1">
      <JourneyPatternTimingLink id="jptl_1">
        <From SequenceNumber="1">
          <Activity>pickUp</Activity>
          <StopPointRef>2800S55031A</StopPointRef>
          <TimingStatus>principalTimingPoint</TimingStatus>
        </From>
        <To SequenceNumber="2">
          <StopPointRef>2800S55030A</StopPointRef>
          <TimingStatus>otherPoint</TimingStatus>
        </To>
        <RouteLinkRef>rl_0000_1</RouteLinkRef>
        <RunTime>PT1M</RunTime>
      </JourneyPatternTimingLink>
      <JourneyPatternTimingLink id="jptl_2">
        <From SequenceNumber="2">
          <StopPointRef>2800S55030A</StopPointRef>
          <TimingStatus>otherPoint</TimingStatus>
        </From>
        <To SequenceNumber="3">
          <StopPointRef>2800S55085B</StopPointRef>
          <TimingStatus>otherPoint</TimingStatus>
        </To>
        <RouteLinkRef>rl_0000_2</RouteLinkRef>
        <RunTime>PT1M</RunTime>
      </JourneyPatternTimingLink>
      <JourneyPatternTimingLink id="jptl_3">
        <From SequenceNumber="3">
          <StopPointRef>2800S55085B</StopPointRef>
          <TimingStatus>otherPoint</TimingStatus>
        </From>
        <To SequenceNumber="4">
          <StopPointRef>2800S55029A</StopPointRef>
          <TimingStatus>otherPoint</TimingStatus>
        </To>
        <RouteLinkRef>rl_0000_3</RouteLinkRef>
        <RunTime>PT0S</RunTime>
      </JourneyPatternTimingLink>
      <JourneyPatternTimingLink id="jptl_4">
        <From SequenceNumber="4">
          <StopPointRef>2800S55029A</StopPointRef>
          <TimingStatus>otherPoint</TimingStatus>
        </From>
        <To SequenceNumber="5">
          <StopPointRef>2800S55017A</StopPointRef>
          <TimingStatus>otherPoint</TimingStatus>
        </To>
        <RouteLinkRef>rl_0000_4</RouteLinkRef>
        <RunTime>PT1M</RunTime>
      </JourneyPatternTimingLink>
      <JourneyPatternTimingLink id="jptl_5">
        <From SequenceNumber="5">
          <StopPointRef>2800S55017A</StopPointRef>
          <TimingStatus>otherPoint</TimingStatus>
        </From>
        <To SequenceNumber="6">
          <StopPointRef>2800S55016A</StopPointRef>
          <TimingStatus>otherPoint</TimingStatus>
        </To>
        <RouteLinkRef>rl_0000_5</RouteLinkRef>
        <RunTime>PT1M</RunTime>
      </JourneyPatternTimingLink>
      <JourneyPatternTimingLink id="jptl_6">
        <From SequenceNumber="6">
          <StopPointRef>2800S55016A</StopPointRef>
          <TimingStatus>otherPoint</TimingStatus>
        </From>
        <To SequenceNumber="7">
          <StopPointRef>2800S55028B</StopPointRef>
          <TimingStatus>otherPoint</TimingStatus>
        </To>
        <RouteLinkRef>rl_0000_6</RouteLinkRef>
        <RunTime>PT1M</RunTime>
      </JourneyPatternTimingLink>
      <JourneyPatternTimingLink id="jptl_7">
        <From SequenceNumber="7">
          <StopPointRef>2800S55028B</StopPointRef>
          <TimingStatus>otherPoint</TimingStatus>
        </From>
        <To SequenceNumber="8">
          <StopPointRef>2800S55027C</StopPointRef>
          <TimingStatus>otherPoint</TimingStatus>
        </To>
        <RouteLinkRef>rl_0000_7</RouteLinkRef>
        <RunTime>PT1M</RunTime>
      </JourneyPatternTimingLink>
      <JourneyPatternTimingLink id="jptl_8">
        <From SequenceNumber="8">
          <StopPointRef>2800S55027C</StopPointRef>
          <TimingStatus>otherPoint</TimingStatus>
        </From>
        <To SequenceNumber="9">
          <StopPointRef>2800S55026B</StopPointRef>
          <TimingStatus>otherPoint</TimingStatus>
        </To>
        <RouteLinkRef>rl_0000_8</RouteLinkRef>
        <RunTime>PT1M</RunTime>
      </JourneyPatternTimingLink>
      <JourneyPatternTimingLink id="jptl_9">
        <From SequenceNumber="9">
          <StopPointRef>2800S55026B</StopPointRef>
          <TimingStatus>otherPoint</TimingStatus>
        </From>
        <To SequenceNumber="10">
          <StopPointRef>2800S55025B</StopPointRef>
          <TimingStatus>otherPoint</TimingStatus>
        </To>
        <RouteLinkRef>rl_0000_9</RouteLinkRef>
        <RunTime>PT0S</RunTime>
      </JourneyPatternTimingLink>
      <JourneyPatternTimingLink id="jptl_10">
        <From SequenceNumber="10">
          <StopPointRef>2800S55025B</StopPointRef>
          <TimingStatus>otherPoint</TimingStatus>
        </From>
        <To SequenceNumber="11">
          <StopPointRef>2800S55024A</StopPointRef>
          <TimingStatus>otherPoint</TimingStatus>
        </To>
        <RouteLinkRef>rl_0000_10</RouteLinkRef>
        <RunTime>PT2M</RunTime>
      </JourneyPatternTimingLink>
      <JourneyPatternTimingLink id="jptl_11">
        <From SequenceNumber="11">
          <StopPointRef>2800S55024A</StopPointRef>
          <TimingStatus>otherPoint</TimingStatus>
        </From>
        <To SequenceNumber="12">
          <StopPointRef>2800S55001B</StopPointRef>
          <TimingStatus>otherPoint</TimingStatus>
        </To>
        <RouteLinkRef>rl_0000_11</RouteLinkRef>
        <RunTime>PT0S</RunTime>
      </JourneyPatternTimingLink>
      <JourneyPatternTimingLink id="jptl_12">
        <From SequenceNumber="12">
          <StopPointRef>2800S55001B</StopPointRef>
          <TimingStatus>otherPoint</TimingStatus>
        </From>
        <To SequenceNumber="13">
          <StopPointRef>2800S53039A</StopPointRef>
          <TimingStatus>otherPoint</TimingStatus>
        </To>
        <RouteLinkRef>rl_0000_12</RouteLinkRef>
        <RunTime>PT3M</RunTime>
      </JourneyPatternTimingLink>
      <JourneyPatternTimingLink id="jptl_13">
        <From SequenceNumber="13">
          <StopPointRef>2800S53039A</StopPointRef>
          <TimingStatus>otherPoint</TimingStatus>
        </From>
        <To SequenceNumber="14">
          <StopPointRef>2800S53037A</StopPointRef>
          <TimingStatus>otherPoint</TimingStatus>
        </To>
        <RouteLinkRef>rl_0000_13</RouteLinkRef>
        <RunTime>PT2M</RunTime>
      </JourneyPatternTimingLink>
      <JourneyPatternTimingLink id="jptl_14">
        <From SequenceNumber="14">
          <StopPointRef>2800S53037A</StopPointRef>
          <TimingStatus>otherPoint</TimingStatus>
        </From>
        <To SequenceNumber="15">
          <StopPointRef>2800S53007A</StopPointRef>
          <TimingStatus>principalTimingPoint</TimingStatus>
        </To>
        <RouteLinkRef>rl_0000_14</RouteLinkRef>
        <RunTime>PT1M</RunTime>
      </JourneyPatternTimingLink>
      <JourneyPatternTimingLink id="jptl_15">
        <From SequenceNumber="15">
          <StopPointRef>2800S53007A</StopPointRef>
          <TimingStatus>principalTimingPoint</TimingStatus>
        </From>
        <To SequenceNumber="16">
          <StopPointRef>2800S53019A</StopPointRef>
          <TimingStatus>otherPoint</TimingStatus>
        </To>
        <RouteLinkRef>rl_0000_15</RouteLinkRef>
        <RunTime>PT1M</RunTime>
      </JourneyPatternTimingLink>
      <JourneyPatternTimingLink id="jptl_16">
        <From SequenceNumber="16">
          <StopPointRef>2800S53019A</StopPointRef>
          <TimingStatus>otherPoint</TimingStatus>
        </From>
        <To SequenceNumber="17">
          <StopPointRef>2800S46061A</StopPointRef>
          <TimingStatus>otherPoint</TimingStatus>
        </To>
        <RouteLinkRef>rl_0000_16</RouteLinkRef>
        <RunTime>PT1M</RunTime>
      </JourneyPatternTimingLink>
      <JourneyPatternTimingLink id="jptl_17">
        <From SequenceNumber="17">
          <StopPointRef>2800S46061A</StopPointRef>
          <TimingStatus>otherPoint</TimingStatus>
        </From>
        <To SequenceNumber="18">
          <StopPointRef>2800S46059A</StopPointRef>
          <TimingStatus>otherPoint</TimingStatus>
        </To>
        <RouteLinkRef>rl_0000_17</RouteLinkRef>
        <RunTime>PT1M</RunTime>
      </JourneyPatternTimingLink>
      <JourneyPatternTimingLink id="jptl_18">
        <From SequenceNumber="18">
          <StopPointRef>2800S46059A</StopPointRef>
          <TimingStatus>otherPoint</TimingStatus>
        </From>
        <To SequenceNumber="19">
          <StopPointRef>2800S46090A</StopPointRef>
          <TimingStatus>otherPoint</TimingStatus>
        </To>
        <RouteLinkRef>rl_0000_18</RouteLinkRef>
        <RunTime>PT1M</RunTime>
      </JourneyPatternTimingLink>
      <JourneyPatternTimingLink id="jptl_19">
        <From SequenceNumber="19">
          <StopPointRef>2800S46090A</StopPointRef>
          <TimingStatus>otherPoint</TimingStatus>
        </From>
        <To SequenceNumber="20">
          <StopPointRef>2800S46089A</StopPointRef>
          <TimingStatus>otherPoint</TimingStatus>
        </To>
        <RouteLinkRef>rl_0000_19</RouteLinkRef>
        <RunTime>PT0S</RunTime>
      </JourneyPatternTimingLink>
      <JourneyPatternTimingLink id="jptl_20">
        <From SequenceNumber="20">
          <StopPointRef>2800S46089A</StopPointRef>
          <TimingStatus>otherPoint</TimingStatus>
        </From>
        <To SequenceNumber="21">
          <StopPointRef>2800S46050C</StopPointRef>
          <TimingStatus>otherPoint</TimingStatus>
        </To>
        <RouteLinkRef>rl_0000_20</RouteLinkRef>
        <RunTime>PT0S</RunTime>
      </JourneyPatternTimingLink>
      <JourneyPatternTimingLink id="jptl_21">
        <From SequenceNumber="21">
          <StopPointRef>2800S46050C</StopPointRef>
          <TimingStatus>otherPoint</TimingStatus>
        </From>
        <To SequenceNumber="22">
          <StopPointRef>2800S46051D</StopPointRef>
          <TimingStatus>otherPoint</TimingStatus>
        </To>
        <RouteLinkRef>rl_0000_21</RouteLinkRef>
        <RunTime>PT1M</RunTime>
      </JourneyPatternTimingLink>
      <JourneyPatternTimingLink id="jptl_22">
        <From SequenceNumber="22">
          <StopPointRef>2800S46051D</StopPointRef>
          <TimingStatus>otherPoint</TimingStatus>
        </From>
        <To SequenceNumber="23">
          <StopPointRef>2800S46051B</StopPointRef>
          <TimingStatus>otherPoint</TimingStatus>
        </To>
        <RouteLinkRef>rl_0000_22</RouteLinkRef>
        <RunTime>PT0S</RunTime>
      </JourneyPatternTimingLink>
      <JourneyPatternTimingLink id="jptl_23">
        <From SequenceNumber="23">
          <StopPointRef>2800S46051B</StopPointRef>
          <TimingStatus>otherPoint</TimingStatus>
        </From>
        <To SequenceNumber="24">
          <StopPointRef>2800S46078B</StopPointRef>
          <TimingStatus>principalTimingPoint</TimingStatus>
        </To>
        <RouteLinkRef>rl_0000_23</RouteLinkRef>
        <RunTime>PT1M</RunTime>
      </JourneyPatternTimingLink>
      <JourneyPatternTimingLink id="jptl_24">
        <From SequenceNumber="24">
          <StopPointRef>2800S46078B</StopPointRef>
          <TimingStatus>principalTimingPoint</TimingStatus>
        </From>
        <To SequenceNumber="25">
          <StopPointRef>2800S46079B</StopPointRef>
          <TimingStatus>otherPoint</TimingStatus>
        </To>
        <RouteLinkRef>rl_0000_24</RouteLinkRef>
        <RunTime>PT1M</RunTime>
      </JourneyPatternTimingLink>
      <JourneyPatternTimingLink id="jptl_25">
        <From SequenceNumber="25">
          <StopPointRef>2800S46079B</StopPointRef>
          <TimingStatus>otherPoint</TimingStatus>
        </From>
        <To SequenceNumber="26">
          <StopPointRef>2800S46065C</StopPointRef>
          <TimingStatus>otherPoint</TimingStatus>
        </To>
        <RouteLinkRef>rl_0000_25</RouteLinkRef>
        <RunTime>PT1M</RunTime>
      </JourneyPatternTimingLink>
      <JourneyPatternTimingLink id="jptl_26">
        <From SequenceNumber="26">
          <StopPointRef>2800S46065C</StopPointRef>
          <TimingStatus>otherPoint</TimingStatus>
        </From>
        <To SequenceNumber="27">
          <StopPointRef>2800S47068A</StopPointRef>
          <TimingStatus>otherPoint</TimingStatus>
        </To>
        <RouteLinkRef>rl_0000_26</RouteLinkRef>
        <RunTime>PT1M</RunTime>
      </JourneyPatternTimingLink>
      <JourneyPatternTimingLink id="jptl_27">
        <From SequenceNumber="27">
          <StopPointRef>2800S47068A</StopPointRef>
          <TimingStatus>otherPoint</TimingStatus>
        </From>
        <To SequenceNumber="28">
          <StopPointRef>2800S47106A</StopPointRef>
          <TimingStatus>otherPoint</TimingStatus>
        </To>
        <RouteLinkRef>rl_0000_27</RouteLinkRef>
        <RunTime>PT1M</RunTime>
      </JourneyPatternTimingLink>
      <JourneyPatternTimingLink id="jptl_28">
        <From SequenceNumber="28">
          <StopPointRef>2800S47106A</StopPointRef>
          <TimingStatus>otherPoint</TimingStatus>
        </From>
        <To SequenceNumber="29">
          <StopPointRef>2800S47069A</StopPointRef>
          <TimingStatus>otherPoint</TimingStatus>
        </To>
        <RouteLinkRef>rl_0000_28</RouteLinkRef>
        <RunTime>PT0S</RunTime>
      </JourneyPatternTimingLink>
      <JourneyPatternTimingLink id="jptl_29">
        <From SequenceNumber="29">
          <StopPointRef>2800S47069A</StopPointRef>
          <TimingStatus>otherPoint</TimingStatus>
        </From>
        <To SequenceNumber="30">
          <StopPointRef>2800S47029A</StopPointRef>
          <TimingStatus>otherPoint</TimingStatus>
        </To>
        <RouteLinkRef>rl_0000_29</RouteLinkRef>
        <RunTime>PT2M</RunTime>
      </JourneyPatternTimingLink>
      <JourneyPatternTimingLink id="jptl_30">
        <From SequenceNumber="30">
          <StopPointRef>2800S47029A</StopPointRef>
          <TimingStatus>otherPoint</TimingStatus>
        </From>
        <To SequenceNumber="31">
          <StopPointRef>2800S47028A</StopPointRef>
          <TimingStatus>otherPoint</TimingStatus>
        </To>
        <RouteLinkRef>rl_0000_30</RouteLinkRef>
        <RunTime>PT0S</RunTime>
      </JourneyPatternTimingLink>
      <JourneyPatternTimingLink id="jptl_31">
        <From SequenceNumber="31">
          <StopPointRef>2800S47028A</StopPointRef>
          <TimingStatus>otherPoint</TimingStatus>
        </From>
        <To SequenceNumber="32">
          <StopPointRef>2800S47027C</StopPointRef>
          <TimingStatus>otherPoint</TimingStatus>
        </To>
        <RouteLinkRef>rl_0000_31</RouteLinkRef>
        <RunTime>PT2M</RunTime>
      </JourneyPatternTimingLink>
      <JourneyPatternTimingLink id="jptl_32">
        <From SequenceNumber="32">
          <StopPointRef>2800S47027C</StopPointRef>
          <TimingStatus>otherPoint</TimingStatus>
        </From>
        <To SequenceNumber="33">
          <StopPointRef>2800S47189A</StopPointRef>
          <TimingStatus>otherPoint</TimingStatus>
        </To>
        <RouteLinkRef>rl_0000_32</RouteLinkRef>
        <RunTime>PT0S</RunTime>
      </JourneyPatternTimingLink>
      <JourneyPatternTimingLink id="jptl_33">
        <From SequenceNumber="33">
          <StopPointRef>2800S47189A</StopPointRef>
          <TimingStatus>otherPoint</TimingStatus>
        </From>
        <To SequenceNumber="34">
          <StopPointRef>2800S40048E</StopPointRef>
          <TimingStatus>principalTimingPoint</TimingStatus>
        </To>
        <RouteLinkRef>rl_0000_33</RouteLinkRef>
        <RunTime>PT1M</RunTime>
      </JourneyPatternTimingLink>
      <JourneyPatternTimingLink id="jptl_34">
        <From SequenceNumber="34">
          <StopPointRef>2800S40048E</StopPointRef>
          <TimingStatus>principalTimingPoint</TimingStatus>
        </From>
        <To SequenceNumber="35">
          <StopPointRef>2800S40047B</StopPointRef>
          <TimingStatus>otherPoint</TimingStatus>
        </To>
        <RouteLinkRef>rl_0000_34</RouteLinkRef>
        <RunTime>PT1M</RunTime>
      </JourneyPatternTimingLink>
      <JourneyPatternTimingLink id="jptl_35">
        <From SequenceNumber="35">
          <StopPointRef>2800S40047B</StopPointRef>
          <TimingStatus>otherPoint</TimingStatus>
        </From>
        <To SequenceNumber="36">
          <StopPointRef>2800S40046A</StopPointRef>
          <TimingStatus>otherPoint</TimingStatus>
        </To>
        <RouteLinkRef>rl_0000_35</RouteLinkRef>
        <RunTime>PT1M</RunTime>
      </JourneyPatternTimingLink>
      <JourneyPatternTimingLink id="jptl_36">
        <From SequenceNumber="36">
          <StopPointRef>2800S40046A</StopPointRef>
          <TimingStatus>otherPoint</TimingStatus>
        </From>
        <To SequenceNumber="37">
          <StopPointRef>2800S40045A</StopPointRef>
          <TimingStatus>otherPoint</TimingStatus>
        </To>
        <RouteLinkRef>rl_0000_36</RouteLinkRef>
        <RunTime>PT0S</RunTime>
      </JourneyPatternTimingLink>
      <JourneyPatternTimingLink id="jptl_37">
        <From SequenceNumber="37">
          <StopPointRef>2800S40045A</StopPointRef>
          <TimingStatus>otherPoint</TimingStatus>
        </From>
        <To SequenceNumber="38">
          <StopPointRef>2800S40084B</StopPointRef>
          <TimingStatus>otherPoint</TimingStatus>
        </To>
        <RouteLinkRef>rl_0000_37</RouteLinkRef>
        <RunTime>PT1M</RunTime>
      </JourneyPatternTimingLink>
      <JourneyPatternTimingLink id="jptl_38">
        <From SequenceNumber="38">
          <StopPointRef>2800S40084B</StopPointRef>
          <TimingStatus>otherPoint</TimingStatus>
        </From>
        <To SequenceNumber="39">
          <StopPointRef>2800S40083D</StopPointRef>
          <TimingStatus>otherPoint</TimingStatus>
        </To>
        <RouteLinkRef>rl_0000_38</RouteLinkRef>
        <RunTime>PT1M</RunTime>
      </JourneyPatternTimingLink>
      <JourneyPatternTimingLink id="jptl_39">
        <From SequenceNumber="39">
          <StopPointRef>2800S40083D</StopPointRef>
          <TimingStatus>otherPoint</TimingStatus>
        </From>
        <To SequenceNumber="40">
          <StopPointRef>2800S40082A</StopPointRef>
          <TimingStatus>otherPoint</TimingStatus>
        </To>
        <RouteLinkRef>rl_0000_39</RouteLinkRef>
        <RunTime>PT1M</RunTime>
      </JourneyPatternTimingLink>
      <JourneyPatternTimingLink id="jptl_40">
        <From SequenceNumber="40">
          <StopPointRef>2800S40082A</StopPointRef>
          <TimingStatus>otherPoint</TimingStatus>
        </From>
        <To SequenceNumber="41">
          <StopPointRef>2800S40063D</StopPointRef>
          <TimingStatus>otherPoint</TimingStatus>
        </To>
        <RouteLinkRef>rl_0000_40</RouteLinkRef>
        <RunTime>PT1M</RunTime>
      </JourneyPatternTimingLink>
      <JourneyPatternTimingLink id="jptl_41">
        <From SequenceNumber="41">
          <StopPointRef>2800S40063D</StopPointRef>
          <TimingStatus>otherPoint</TimingStatus>
        </From>
        <To SequenceNumber="42">
          <StopPointRef>2800S40062A</StopPointRef>
          <TimingStatus>otherPoint</TimingStatus>
        </To>
        <RouteLinkRef>rl_0000_41</RouteLinkRef>
        <RunTime>PT0S</RunTime>
      </JourneyPatternTimingLink>
      <JourneyPatternTimingLink id="jptl_42">
        <From SequenceNumber="42">
          <StopPointRef>2800S40062A</StopPointRef>
          <TimingStatus>otherPoint</TimingStatus>
        </From>
        <To SequenceNumber="43">
          <StopPointRef>2800S42034A</StopPointRef>
          <TimingStatus>otherPoint</TimingStatus>
        </To>
        <RouteLinkRef>rl_0000_42</RouteLinkRef>
        <RunTime>PT2M</RunTime>
      </JourneyPatternTimingLink>
      <JourneyPatternTimingLink id="jptl_43">
        <From SequenceNumber="43">
          <StopPointRef>2800S42034A</StopPointRef>
          <TimingStatus>otherPoint</TimingStatus>
        </From>
        <To SequenceNumber="44">
          <Activity>setDown</Activity>
          <StopPointRef>2800S42023J</StopPointRef>
          <TimingStatus>principalTimingPoint</TimingStatus>
        </To>
        <RouteLinkRef>rl_0000_43</RouteLinkRef>
        <RunTime>PT3M</RunTime>
      </JourneyPatternTimingLink>
    </JourneyPatternSection>
    <JourneyPatternSection id="js_2">
      <JourneyPatternTimingLink id="jptl_44">
        <From SequenceNumber="1">
          <Activity>pickUp</Activity>
          <StopPointRef>2800S42023L</StopPointRef>
          <TimingStatus>principalTimingPoint</TimingStatus>
        </From>
        <To SequenceNumber="2">
          <StopPointRef>2800S42034B</StopPointRef>
          <TimingStatus>otherPoint</TimingStatus>
        </To>
        <RouteLinkRef>rl_0001_1</RouteLinkRef>
        <RunTime>PT2M</RunTime>
      </JourneyPatternTimingLink>
      <JourneyPatternTimingLink id="jptl_45">
        <From SequenceNumber="2">
          <StopPointRef>2800S42034B</StopPointRef>
          <TimingStatus>otherPoint</TimingStatus>
        </From>
        <To SequenceNumber="3">
          <StopPointRef>2800S40062C</StopPointRef>
          <TimingStatus>otherPoint</TimingStatus>
        </To>
        <RouteLinkRef>rl_0001_2</RouteLinkRef>
        <RunTime>PT2M</RunTime>
      </JourneyPatternTimingLink>
      <JourneyPatternTimingLink id="jptl_46">
        <From SequenceNumber="3">
          <StopPointRef>2800S40062C</StopPointRef>
          <TimingStatus>otherPoint</TimingStatus>
        </From>
        <To SequenceNumber="4">
          <StopPointRef>2800S40063C</StopPointRef>
          <TimingStatus>otherPoint</TimingStatus>
        </To>
        <RouteLinkRef>rl_0001_3</RouteLinkRef>
        <RunTime>PT1M</RunTime>
      </JourneyPatternTimingLink>
      <JourneyPatternTimingLink id="jptl_47">
        <From SequenceNumber="4">
          <StopPointRef>2800S40063C</StopPointRef>
          <TimingStatus>otherPoint</TimingStatus>
        </From>
        <To SequenceNumber="5">
          <StopPointRef>2800S40082B</StopPointRef>
          <TimingStatus>otherPoint</TimingStatus>
        </To>
        <RouteLinkRef>rl_0001_4</RouteLinkRef>
        <RunTime>PT1M</RunTime>
      </JourneyPatternTimingLink>
      <JourneyPatternTimingLink id="jptl_48">
        <From SequenceNumber="5">
          <StopPointRef>2800S40082B</StopPointRef>
          <TimingStatus>otherPoint</TimingStatus>
        </From>
        <To SequenceNumber="6">
          <StopPointRef>2800S40083A</StopPointRef>
          <TimingStatus>otherPoint</TimingStatus>
        </To>
        <RouteLinkRef>rl_0001_5</RouteLinkRef>
        <RunTime>PT0S</RunTime>
      </JourneyPatternTimingLink>
      <JourneyPatternTimingLink id="jptl_49">
        <From SequenceNumber="6">
          <StopPointRef>2800S40083A</StopPointRef>
          <TimingStatus>otherPoint</TimingStatus>
        </From>
        <To SequenceNumber="7">
          <StopPointRef>2800S40084A</StopPointRef>
          <TimingStatus>otherPoint</TimingStatus>
        </To>
        <RouteLinkRef>rl_0001_6</RouteLinkRef>
        <RunTime>PT1M</RunTime>
      </JourneyPatternTimingLink>
      <JourneyPatternTimingLink id="jptl_50">
        <From SequenceNumber="7">
          <StopPointRef>2800S40084A</StopPointRef>
          <TimingStatus>otherPoint</TimingStatus>
        </From>
        <To SequenceNumber="8">
          <StopPointRef>2800S40123C</StopPointRef>
          <TimingStatus>otherPoint</TimingStatus>
        </To>
        <RouteLinkRef>rl_0001_7</RouteLinkRef>
        <RunTime>PT1M</RunTime>
      </JourneyPatternTimingLink>
      <JourneyPatternTimingLink id="jptl_51">
        <From SequenceNumber="8">
          <StopPointRef>2800S40123C</StopPointRef>
          <TimingStatus>otherPoint</TimingStatus>
        </From>
        <To SequenceNumber="9">
          <StopPointRef>2800S40045B</StopPointRef>
          <TimingStatus>otherPoint</TimingStatus>
        </To>
        <RouteLinkRef>rl_0001_8</RouteLinkRef>
        <RunTime>PT1M</RunTime>
      </JourneyPatternTimingLink>
      <JourneyPatternTimingLink id="jptl_52">
        <From SequenceNumber="9">
          <StopPointRef>2800S40045B</StopPointRef>
          <TimingStatus>otherPoint</TimingStatus>
        </From>
        <To SequenceNumber="10">
          <StopPointRef>2800S40046B</StopPointRef>
          <TimingStatus>otherPoint</TimingStatus>
        </To>
        <RouteLinkRef>rl_0001_9</RouteLinkRef>
        <RunTime>PT0S</RunTime>
      </JourneyPatternTimingLink>
      <JourneyPatternTimingLink id="jptl_53">
        <From SequenceNumber="10">
          <StopPointRef>2800S40046B</StopPointRef>
          <TimingStatus>otherPoint</TimingStatus>
        </From>
        <To SequenceNumber="11">
          <StopPointRef>2800S40047A</StopPointRef>
          <TimingStatus>otherPoint</TimingStatus>
        </To>
        <RouteLinkRef>rl_0001_10</RouteLinkRef>
        <RunTime>PT1M</RunTime>
      </JourneyPatternTimingLink>
      <JourneyPatternTimingLink id="jptl_54">
        <From SequenceNumber="11">
          <StopPointRef>2800S40047A</StopPointRef>
          <TimingStatus>otherPoint</TimingStatus>
        </From>
        <To SequenceNumber="12">
          <StopPointRef>2800S40048C</StopPointRef>
          <TimingStatus>principalTimingPoint</TimingStatus>
        </To>
        <RouteLinkRef>rl_0001_11</RouteLinkRef>
        <RunTime>PT1M</RunTime>
      </JourneyPatternTimingLink>
      <JourneyPatternTimingLink id="jptl_55">
        <From SequenceNumber="12">
          <StopPointRef>2800S40048C</StopPointRef>
          <TimingStatus>principalTimingPoint</TimingStatus>
        </From>
        <To SequenceNumber="13">
          <StopPointRef>2800S47027B</StopPointRef>
          <TimingStatus>otherPoint</TimingStatus>
        </To>
        <RouteLinkRef>rl_0001_12</RouteLinkRef>
        <RunTime>PT0S</RunTime>
      </JourneyPatternTimingLink>
      <JourneyPatternTimingLink id="jptl_56">
        <From SequenceNumber="13">
          <StopPointRef>2800S47027B</StopPointRef>
          <TimingStatus>otherPoint</TimingStatus>
        </From>
        <To SequenceNumber="14">
          <StopPointRef>2800S47028C</StopPointRef>
          <TimingStatus>otherPoint</TimingStatus>
        </To>
        <RouteLinkRef>rl_0001_13</RouteLinkRef>
        <RunTime>PT2M</RunTime>
      </JourneyPatternTimingLink>
      <JourneyPatternTimingLink id="jptl_57">
        <From SequenceNumber="14">
          <StopPointRef>2800S47028C</StopPointRef>
          <TimingStatus>otherPoint</TimingStatus>
        </From>
        <To SequenceNumber="15">
          <StopPointRef>2800S47029D</StopPointRef>
          <TimingStatus>otherPoint</TimingStatus>
        </To>
        <RouteLinkRef>rl_0001_14</RouteLinkRef>
        <RunTime>PT1M</RunTime>
      </JourneyPatternTimingLink>
      <JourneyPatternTimingLink id="jptl_58">
        <From SequenceNumber="15">
          <StopPointRef>2800S47029D</StopPointRef>
          <TimingStatus>otherPoint</TimingStatus>
        </From>
        <To SequenceNumber="16">
          <StopPointRef>2800S47069B</StopPointRef>
          <TimingStatus>otherPoint</TimingStatus>
        </To>
        <RouteLinkRef>rl_0001_15</RouteLinkRef>
        <RunTime>PT2M</RunTime>
      </JourneyPatternTimingLink>
      <JourneyPatternTimingLink id="jptl_59">
        <From SequenceNumber="16">
          <StopPointRef>2800S47069B</StopPointRef>
          <TimingStatus>otherPoint</TimingStatus>
        </From>
        <To SequenceNumber="17">
          <StopPointRef>2800S47068B</StopPointRef>
          <TimingStatus>otherPoint</TimingStatus>
        </To>
        <RouteLinkRef>rl_0001_16</RouteLinkRef>
        <RunTime>PT0S</RunTime>
      </JourneyPatternTimingLink>
      <JourneyPatternTimingLink id="jptl_60">
        <From SequenceNumber="17">
          <StopPointRef>2800S47068B</StopPointRef>
          <TimingStatus>otherPoint</TimingStatus>
        </From>
        <To SequenceNumber="18">
          <StopPointRef>2800S46065D</StopPointRef>
          <TimingStatus>otherPoint</TimingStatus>
        </To>
        <RouteLinkRef>rl_0001_17</RouteLinkRef>
        <RunTime>PT2M</RunTime>
      </JourneyPatternTimingLink>
      <JourneyPatternTimingLink id="jptl_61">
        <From SequenceNumber="18">
          <StopPointRef>2800S46065D</StopPointRef>
          <TimingStatus>otherPoint</TimingStatus>
        </From>
        <To SequenceNumber="19">
          <StopPointRef>2800S46079A</StopPointRef>
          <TimingStatus>otherPoint</TimingStatus>
        </To>
        <RouteLinkRef>rl_0001_18</RouteLinkRef>
        <RunTime>PT0S</RunTime>
      </JourneyPatternTimingLink>
      <JourneyPatternTimingLink id="jptl_62">
        <From SequenceNumber="19">
          <StopPointRef>2800S46079A</StopPointRef>
          <TimingStatus>otherPoint</TimingStatus>
        </From>
        <To SequenceNumber="20">
          <StopPointRef>2800S46051A</StopPointRef>
          <TimingStatus>principalTimingPoint</TimingStatus>
        </To>
        <RouteLinkRef>rl_0001_19</RouteLinkRef>
        <RunTime>PT2M</RunTime>
      </JourneyPatternTimingLink>
      <JourneyPatternTimingLink id="jptl_63">
        <From SequenceNumber="20">
          <StopPointRef>2800S46051A</StopPointRef>
          <TimingStatus>principalTimingPoint</TimingStatus>
        </From>
        <To SequenceNumber="21">
          <StopPointRef>2800S46051C</StopPointRef>
          <TimingStatus>otherPoint</TimingStatus>
        </To>
        <RouteLinkRef>rl_0001_20</RouteLinkRef>
        <RunTime>PT0S</RunTime>
      </JourneyPatternTimingLink>
      <JourneyPatternTimingLink id="jptl_64">
        <From SequenceNumber="21">
          <StopPointRef>2800S46051C</StopPointRef>
          <TimingStatus>otherPoint</TimingStatus>
        </From>
        <To SequenceNumber="22">
          <StopPointRef>2800S46050B</StopPointRef>
          <TimingStatus>otherPoint</TimingStatus>
        </To>
        <RouteLinkRef>rl_0001_21</RouteLinkRef>
        <RunTime>PT1M</RunTime>
      </JourneyPatternTimingLink>
      <JourneyPatternTimingLink id="jptl_65">
        <From SequenceNumber="22">
          <StopPointRef>2800S46050B</StopPointRef>
          <TimingStatus>otherPoint</TimingStatus>
        </From>
        <To SequenceNumber="23">
          <StopPointRef>2800S46090C</StopPointRef>
          <TimingStatus>otherPoint</TimingStatus>
        </To>
        <RouteLinkRef>rl_0001_22</RouteLinkRef>
        <RunTime>PT0S</RunTime>
      </JourneyPatternTimingLink>
      <JourneyPatternTimingLink id="jptl_66">
        <From SequenceNumber="23">
          <StopPointRef>2800S46090C</StopPointRef>
          <TimingStatus>otherPoint</TimingStatus>
        </From>
        <To SequenceNumber="24">
          <StopPointRef>2800S46059B</StopPointRef>
          <TimingStatus>otherPoint</TimingStatus>
        </To>
        <RouteLinkRef>rl_0001_23</RouteLinkRef>
        <RunTime>PT1M</RunTime>
      </JourneyPatternTimingLink>
      <JourneyPatternTimingLink id="jptl_67">
        <From SequenceNumber="24">
          <StopPointRef>2800S46059B</StopPointRef>
          <TimingStatus>otherPoint</TimingStatus>
        </From>
        <To SequenceNumber="25">
          <StopPointRef>2800S46060A</StopPointRef>
          <TimingStatus>otherPoint</TimingStatus>
        </To>
        <RouteLinkRef>rl_0001_24</RouteLinkRef>
        <RunTime>PT0S</RunTime>
      </JourneyPatternTimingLink>
      <JourneyPatternTimingLink id="jptl_68">
        <From SequenceNumber="25">
          <StopPointRef>2800S46060A</StopPointRef>
          <TimingStatus>otherPoint</TimingStatus>
        </From>
        <To SequenceNumber="26">
          <StopPointRef>2800S46087B</StopPointRef>
          <TimingStatus>otherPoint</TimingStatus>
        </To>
        <RouteLinkRef>rl_0001_25</RouteLinkRef>
        <RunTime>PT1M</RunTime>
      </JourneyPatternTimingLink>
      <JourneyPatternTimingLink id="jptl_69">
        <From SequenceNumber="26">
          <StopPointRef>2800S46087B</StopPointRef>
          <TimingStatus>otherPoint</TimingStatus>
        </From>
        <To SequenceNumber="27">
          <StopPointRef>2800S53019B</StopPointRef>
          <TimingStatus>otherPoint</TimingStatus>
        </To>
        <RouteLinkRef>rl_0001_26</RouteLinkRef>
        <RunTime>PT0S</RunTime>
      </JourneyPatternTimingLink>
      <JourneyPatternTimingLink id="jptl_70">
        <From SequenceNumber="27">
          <StopPointRef>2800S53019B</StopPointRef>
          <TimingStatus>otherPoint</TimingStatus>
        </From>
        <To SequenceNumber="28">
          <StopPointRef>2800S53007B</StopPointRef>
          <TimingStatus>principalTimingPoint</TimingStatus>
        </To>
        <RouteLinkRef>rl_0001_27</RouteLinkRef>
        <RunTime>PT1M</RunTime>
      </JourneyPatternTimingLink>
      <JourneyPatternTimingLink id="jptl_71">
        <From SequenceNumber="28">
          <StopPointRef>2800S53007B</StopPointRef>
          <TimingStatus>principalTimingPoint</TimingStatus>
        </From>
        <To SequenceNumber="29">
          <StopPointRef>2800S53037B</StopPointRef>
          <TimingStatus>otherPoint</TimingStatus>
        </To>
        <RouteLinkRef>rl_0001_28</RouteLinkRef>
        <RunTime>PT1M</RunTime>
      </JourneyPatternTimingLink>
      <JourneyPatternTimingLink id="jptl_72">
        <From SequenceNumber="29">
          <StopPointRef>2800S53037B</StopPointRef>
          <TimingStatus>otherPoint</TimingStatus>
        </From>
        <To SequenceNumber="30">
          <StopPointRef>2800S53039B</StopPointRef>
          <TimingStatus>otherPoint</TimingStatus>
        </To>
        <RouteLinkRef>rl_0001_29</RouteLinkRef>
        <RunTime>PT1M</RunTime>
      </JourneyPatternTimingLink>
      <JourneyPatternTimingLink id="jptl_73">
        <From SequenceNumber="30">
          <StopPointRef>2800S53039B</StopPointRef>
          <TimingStatus>otherPoint</TimingStatus>
        </From>
        <To SequenceNumber="31">
          <StopPointRef>2800S55001C</StopPointRef>
          <TimingStatus>otherPoint</TimingStatus>
        </To>
        <RouteLinkRef>rl_0001_30</RouteLinkRef>
        <RunTime>PT4M</RunTime>
      </JourneyPatternTimingLink>
      <JourneyPatternTimingLink id="jptl_74">
        <From SequenceNumber="31">
          <StopPointRef>2800S55001C</StopPointRef>
          <TimingStatus>otherPoint</TimingStatus>
        </From>
        <To SequenceNumber="32">
          <StopPointRef>2800S55024B</StopPointRef>
          <TimingStatus>otherPoint</TimingStatus>
        </To>
        <RouteLinkRef>rl_0001_31</RouteLinkRef>
        <RunTime>PT1M</RunTime>
      </JourneyPatternTimingLink>
      <JourneyPatternTimingLink id="jptl_75">
        <From SequenceNumber="32">
          <StopPointRef>2800S55024B</StopPointRef>
          <TimingStatus>otherPoint</TimingStatus>
        </From>
        <To SequenceNumber="33">
          <StopPointRef>2800S55025A</StopPointRef>
          <TimingStatus>otherPoint</TimingStatus>
        </To>
        <RouteLinkRef>rl_0001_32</RouteLinkRef>
        <RunTime>PT1M</RunTime>
      </JourneyPatternTimingLink>
      <JourneyPatternTimingLink id="jptl_76">
        <From SequenceNumber="33">
          <StopPointRef>2800S55025A</StopPointRef>
          <TimingStatus>otherPoint</TimingStatus>
        </From>
        <To SequenceNumber="34">
          <StopPointRef>2800S55026A</StopPointRef>
          <TimingStatus>otherPoint</TimingStatus>
        </To>
        <RouteLinkRef>rl_0001_33</RouteLinkRef>
        <RunTime>PT1M</RunTime>
      </JourneyPatternTimingLink>
      <JourneyPatternTimingLink id="jptl_77">
        <From SequenceNumber="34">
          <StopPointRef>2800S55026A</StopPointRef>
          <TimingStatus>otherPoint</TimingStatus>
        </From>
        <To SequenceNumber="35">
          <StopPointRef>2800S55027A</StopPointRef>
          <TimingStatus>otherPoint</TimingStatus>
        </To>
        <RouteLinkRef>rl_0001_34</RouteLinkRef>
        <RunTime>PT1M</RunTime>
      </JourneyPatternTimingLink>
      <JourneyPatternTimingLink id="jptl_78">
        <From SequenceNumber="35">
          <StopPointRef>2800S55027A</StopPointRef>
          <TimingStatus>otherPoint</TimingStatus>
        </From>
        <To SequenceNumber="36">
          <StopPointRef>2800S55028A</StopPointRef>
          <TimingStatus>otherPoint</TimingStatus>
        </To>
        <RouteLinkRef>rl_0001_35</RouteLinkRef>
        <RunTime>PT1M</RunTime>
      </JourneyPatternTimingLink>
      <JourneyPatternTimingLink id="jptl_79">
        <From SequenceNumber="36">
          <StopPointRef>2800S55028A</StopPointRef>
          <TimingStatus>otherPoint</TimingStatus>
        </From>
        <To SequenceNumber="37">
          <StopPointRef>2800S55016B</StopPointRef>
          <TimingStatus>otherPoint</TimingStatus>
        </To>
        <RouteLinkRef>rl_0001_36</RouteLinkRef>
        <RunTime>PT1M</RunTime>
      </JourneyPatternTimingLink>
      <JourneyPatternTimingLink id="jptl_80">
        <From SequenceNumber="37">
          <StopPointRef>2800S55016B</StopPointRef>
          <TimingStatus>otherPoint</TimingStatus>
        </From>
        <To SequenceNumber="38">
          <StopPointRef>2800S55017B</StopPointRef>
          <TimingStatus>otherPoint</TimingStatus>
        </To>
        <RouteLinkRef>rl_0001_37</RouteLinkRef>
        <RunTime>PT1M</RunTime>
      </JourneyPatternTimingLink>
      <JourneyPatternTimingLink id="jptl_81">
        <From SequenceNumber="38">
          <StopPointRef>2800S55017B</StopPointRef>
          <TimingStatus>otherPoint</TimingStatus>
        </From>
        <To SequenceNumber="39">
          <StopPointRef>2800S55029B</StopPointRef>
          <TimingStatus>otherPoint</TimingStatus>
        </To>
        <RouteLinkRef>rl_0001_38</RouteLinkRef>
        <RunTime>PT1M</RunTime>
      </JourneyPatternTimingLink>
      <JourneyPatternTimingLink id="jptl_82">
        <From SequenceNumber="39">
          <StopPointRef>2800S55029B</StopPointRef>
          <TimingStatus>otherPoint</TimingStatus>
        </From>
        <To SequenceNumber="40">
          <StopPointRef>2800S55085A</StopPointRef>
          <TimingStatus>otherPoint</TimingStatus>
        </To>
        <RouteLinkRef>rl_0001_39</RouteLinkRef>
        <RunTime>PT1M</RunTime>
      </JourneyPatternTimingLink>
      <JourneyPatternTimingLink id="jptl_83">
        <From SequenceNumber="40">
          <StopPointRef>2800S55085A</StopPointRef>
          <TimingStatus>otherPoint</TimingStatus>
        </From>
        <To SequenceNumber="41">
          <StopPointRef>2800S55030B</StopPointRef>
          <TimingStatus>otherPoint</TimingStatus>
        </To>
        <RouteLinkRef>rl_0001_40</RouteLinkRef>
        <RunTime>PT1M</RunTime>
      </JourneyPatternTimingLink>
      <JourneyPatternTimingLink id="jptl_84">
        <From SequenceNumber="41">
          <StopPointRef>2800S55030B</StopPointRef>
          <TimingStatus>otherPoint</TimingStatus>
        </From>
        <To SequenceNumber="42">
          <Activity>setDown</Activity>
          <StopPointRef>2800S55031A</StopPointRef>
          <TimingStatus>principalTimingPoint</TimingStatus>
        </To>
        <RouteLinkRef>rl_0001_41</RouteLinkRef>
        <RunTime>PT1M</RunTime>
      </JourneyPatternTimingLink>
    </JourneyPatternSection>
  </JourneyPatternSections>
  <Operators>
    <Operator id="tkt_oid">
      <NationalOperatorCode>AMSY</NationalOperatorCode>
      <OperatorCode>ANW</OperatorCode>
      <OperatorShortName>Arriva Merseyside</OperatorShortName>
      <LicenceNumber>PC0001141</LicenceNumber>
    </Operator>
  </Operators>
  <Services>
    <Service>
      <ServiceCode>PC0001141:526</ServiceCode>
      <Lines>
        <Line id="AMSY:PC0001141:526:300">
          <LineName>300</LineName>
          <OutboundDescription>
            <Description>Lydiate to Liverpool</Description>
          </OutboundDescription>
          <InboundDescription>
            <Description>Liverpool to Lydiate</Description>
          </InboundDescription>
        </Line>
      </Lines>
      <OperatingPeriod>
        <StartDate>2024-07-07</StartDate>
      </OperatingPeriod>
      <OperatingProfile>
        <RegularDayType>
          <DaysOfWeek>
            <Sunday />
          </DaysOfWeek>
        </RegularDayType>
        <BankHolidayOperation>
          <DaysOfOperation>
            <GoodFriday />
            <LateSummerBankHolidayNotScotland />
            <MayDay />
            <EasterMonday />
            <SpringBank />
            <ChristmasDayHoliday />
            <BoxingDayHoliday />
            <NewYearsDayHoliday />
            <OtherPublicHoliday>
              <Description>CoronationOfKingCharlesIII</Description>
              <Date>2023-05-08</Date>
            </OtherPublicHoliday>
          </DaysOfOperation>
          <DaysOfNonOperation>
            <ChristmasDay />
            <BoxingDay />
            <NewYearsDay />
            <ChristmasEve />
            <NewYearsEve />
          </DaysOfNonOperation>
        </BankHolidayOperation>
      </OperatingProfile>
      <RegisteredOperatorRef>tkt_oid</RegisteredOperatorRef>
      <PublicUse>true</PublicUse>
      <StandardService>
        <Origin>Lydiate</Origin>
        <Destination>Liverpool</Destination>
        <JourneyPattern id="jp_1">
          <DestinationDisplay>Queen Square Bus Station</DestinationDisplay>
          <OperatorRef>tkt_oid</OperatorRef>
          <Direction>outbound</Direction>
          <RouteRef>rt_0000</RouteRef>
          <JourneyPatternSectionRefs>js_1</JourneyPatternSectionRefs>
        </JourneyPattern>
        <JourneyPattern id="jp_2">
          <DestinationDisplay>Pilling Lane</DestinationDisplay>
          <OperatorRef>tkt_oid</OperatorRef>
          <Direction>inbound</Direction>
          <RouteRef>rt_0001</RouteRef>
          <JourneyPatternSectionRefs>js_2</JourneyPatternSectionRefs>
        </JourneyPattern>
      </StandardService>
    </Service>
  </Services>
  <VehicleJourneys>
    <VehicleJourney>
      <OperatorRef>tkt_oid</OperatorRef>
      <Operational>
        <TicketMachine>
          <JourneyCode>5501</JourneyCode>
        </TicketMachine>
      </Operational>
      <VehicleJourneyCode>vj_1</VehicleJourneyCode>
      <ServiceRef>PC0001141:526</ServiceRef>
      <LineRef>AMSY:PC0001141:526:300</LineRef>
      <JourneyPatternRef>jp_1</JourneyPatternRef>
      <DepartureTime>07:27:00</DepartureTime>
    </VehicleJourney>
    <VehicleJourney>
      <OperatorRef>tkt_oid</OperatorRef>
      <Operational>
        <TicketMachine>
          <JourneyCode>5503</JourneyCode>
        </TicketMachine>
      </Operational>
      <VehicleJourneyCode>vj_2</VehicleJourneyCode>
      <ServiceRef>PC0001141:526</ServiceRef>
      <LineRef>AMSY:PC0001141:526:300</LineRef>
      <JourneyPatternRef>jp_1</JourneyPatternRef>
      <DepartureTime>19:11:00</DepartureTime>
    </VehicleJourney>
    <VehicleJourney>
      <OperatorRef>tkt_oid</OperatorRef>
      <Operational>
        <TicketMachine>
          <JourneyCode>5505</JourneyCode>
        </TicketMachine>
      </Operational>
      <VehicleJourneyCode>vj_3</VehicleJourneyCode>
      <ServiceRef>PC0001141:526</ServiceRef>
      <LineRef>AMSY:PC0001141:526:300</LineRef>
      <JourneyPatternRef>jp_1</JourneyPatternRef>
      <DepartureTime>20:11:00</DepartureTime>
    </VehicleJourney>
    <VehicleJourney>
      <OperatorRef>tkt_oid</OperatorRef>
      <Operational>
        <TicketMachine>
          <JourneyCode>5507</JourneyCode>
        </TicketMachine>
      </Operational>
      <VehicleJourneyCode>vj_4</VehicleJourneyCode>
      <ServiceRef>PC0001141:526</ServiceRef>
      <LineRef>AMSY:PC0001141:526:300</LineRef>
      <JourneyPatternRef>jp_1</JourneyPatternRef>
      <DepartureTime>21:11:00</DepartureTime>
    </VehicleJourney>
    <VehicleJourney>
      <OperatorRef>tkt_oid</OperatorRef>
      <Operational>
        <TicketMachine>
          <JourneyCode>5509</JourneyCode>
        </TicketMachine>
      </Operational>
      <VehicleJourneyCode>vj_5</VehicleJourneyCode>
      <ServiceRef>PC0001141:526</ServiceRef>
      <LineRef>AMSY:PC0001141:526:300</LineRef>
      <JourneyPatternRef>jp_1</JourneyPatternRef>
      <DepartureTime>22:11:00</DepartureTime>
    </VehicleJourney>
    <VehicleJourney>
      <OperatorRef>tkt_oid</OperatorRef>
      <Operational>
        <TicketMachine>
          <JourneyCode>5511</JourneyCode>
        </TicketMachine>
      </Operational>
      <VehicleJourneyCode>vj_6</VehicleJourneyCode>
      <ServiceRef>PC0001141:526</ServiceRef>
      <LineRef>AMSY:PC0001141:526:300</LineRef>
      <JourneyPatternRef>jp_1</JourneyPatternRef>
      <DepartureTime>23:11:00</DepartureTime>
    </VehicleJourney>
    <VehicleJourney>
      <OperatorRef>tkt_oid</OperatorRef>
      <Operational>
        <TicketMachine>
          <JourneyCode>5502</JourneyCode>
        </TicketMachine>
      </Operational>
      <VehicleJourneyCode>vj_7</VehicleJourneyCode>
      <ServiceRef>PC0001141:526</ServiceRef>
      <LineRef>AMSY:PC0001141:526:300</LineRef>
      <JourneyPatternRef>jp_2</JourneyPatternRef>
      <DepartureTime>07:41:00</DepartureTime>
    </VehicleJourney>
    <VehicleJourney>
      <OperatorRef>tkt_oid</OperatorRef>
      <Operational>
        <TicketMachine>
          <JourneyCode>5504</JourneyCode>
        </TicketMachine>
      </Operational>
      <VehicleJourneyCode>vj_8</VehicleJourneyCode>
      <ServiceRef>PC0001141:526</ServiceRef>
      <LineRef>AMSY:PC0001141:526:300</LineRef>
      <JourneyPatternRef>jp_2</JourneyPatternRef>
      <DepartureTime>08:41:00</DepartureTime>
    </VehicleJourney>
    <VehicleJourney>
      <OperatorRef>tkt_oid</OperatorRef>
      <Operational>
        <TicketMachine>
          <JourneyCode>5506</JourneyCode>
        </TicketMachine>
      </Operational>
      <VehicleJourneyCode>vj_9</VehicleJourneyCode>
      <ServiceRef>PC0001141:526</ServiceRef>
      <LineRef>AMSY:PC0001141:526:300</LineRef>
      <JourneyPatternRef>jp_2</JourneyPatternRef>
      <DepartureTime>20:25:00</DepartureTime>
    </VehicleJourney>
    <VehicleJourney>
      <OperatorRef>tkt_oid</OperatorRef>
      <Operational>
        <TicketMachine>
          <JourneyCode>5508</JourneyCode>
        </TicketMachine>
      </Operational>
      <VehicleJourneyCode>vj_10</VehicleJourneyCode>
      <ServiceRef>PC0001141:526</ServiceRef>
      <LineRef>AMSY:PC0001141:526:300</LineRef>
      <JourneyPatternRef>jp_2</JourneyPatternRef>
      <DepartureTime>21:25:00</DepartureTime>
    </VehicleJourney>
    <VehicleJourney>
      <OperatorRef>tkt_oid</OperatorRef>
      <Operational>
        <TicketMachine>
          <JourneyCode>5510</JourneyCode>
        </TicketMachine>
      </Operational>
      <VehicleJourneyCode>vj_11</VehicleJourneyCode>
      <ServiceRef>PC0001141:526</ServiceRef>
      <LineRef>AMSY:PC0001141:526:300</LineRef>
      <JourneyPatternRef>jp_2</JourneyPatternRef>
      <DepartureTime>22:25:00</DepartureTime>
    </VehicleJourney>
    <VehicleJourney>
      <OperatorRef>tkt_oid</OperatorRef>
      <Operational>
        <TicketMachine>
          <JourneyCode>5512</JourneyCode>
        </TicketMachine>
      </Operational>
      <VehicleJourneyCode>vj_12</VehicleJourneyCode>
      <ServiceRef>PC0001141:526</ServiceRef>
      <LineRef>AMSY:PC0001141:526:300</LineRef>
      <JourneyPatternRef>jp_2</JourneyPatternRef>
      <DepartureTime>23:25:00</DepartureTime>
    </VehicleJourney>
  </VehicleJourneys>
</TransXChange>