<?xml version="1.0" encoding="utf-8"?>
<TransXChange xmlns:xsi="http://www.w3.org/2001/XMLSchema-instance" SchemaVersion="2.4" CreationDateTime="2024-07-15T08:53:40" ModificationDateTime="2024-07-25T10:49:21" Modification="revise" RevisionNumber="2" FileName="AMSY_18E_AMSYPC000114133318_20240102_-_1756666.xml" xmlns="http://www.transxchange.org.uk/">
  <StopPoints>
    <AnnotatedStopPointRef>
      <StopPointRef>2800S42098D</StopPointRef>
      <CommonName>Liverpool ONE Bus Station</CommonName>
      <Location>
        <Longitude>-2.987977</Longitude>
        <Latitude>53.401987</Latitude>
      </Location>
    </AnnotatedStopPointRef>
    <AnnotatedStopPointRef>
      <StopPointRef>2800S42098E</StopPointRef>
      <CommonName>Liverpool ONE Bus Station</CommonName>
      <Location>
        <Longitude>-2.988026</Longitude>
        <Latitude>53.402050</Latitude>
      </Location>
    </AnnotatedStopPointRef>
    <AnnotatedStopPointRef>
      <StopPointRef>2800S42021C</StopPointRef>
      <CommonName>James Street Station</CommonName>
      <Location>
        <Longitude>-2.991735</Longitude>
        <Latitude>53.404918</Latitude>
      </Location>
    </AnnotatedStopPointRef>
    <AnnotatedStopPointRef>
      <StopPointRef>2800S42022B</StopPointRef>
      <CommonName>North John Street</CommonName>
      <Location>
        <Longitude>-2.988783</Longitude>
        <Latitude>53.405383</Latitude>
      </Location>
    </AnnotatedStopPointRef>
    <AnnotatedStopPointRef>
      <StopPointRef>2800S42004C</StopPointRef>
      <CommonName>Mann Island</CommonName>
      <Location>
        <Longitude>-2.993597</Longitude>
        <Latitude>53.404759</Latitude>
      </Location>
    </AnnotatedStopPointRef>
    <AnnotatedStopPointRef>
      <StopPointRef>2800S42011B</StopPointRef>
      <CommonName>Old Hall Street</CommonName>
      <Location>
        <Longitude>-2.992890</Longitude>
        <Latitude>53.407992</Latitude>
      </Location>
    </AnnotatedStopPointRef>
    <AnnotatedStopPointRef>
      <StopPointRef>2800S42012A</StopPointRef>
      <CommonName>Bixteth Street</CommonName>
      <Location>
        <Longitude>-2.990839</Longitude>
        <Latitude>53.409060</Latitude>
      </Location>
    </AnnotatedStopPointRef>
    <AnnotatedStopPointRef>
      <StopPointRef>2800S42012D</StopPointRef>
      <CommonName>Smithfield Street</CommonName>
      <Location>
        <Longitude>-2.988972</Longitude>
        <Latitude>53.410307</Latitude>
      </Location>
    </AnnotatedStopPointRef>
    <AnnotatedStopPointRef>
      <StopPointRef>2800S42013B</StopPointRef>
      <CommonName>Johnson Street</CommonName>
      <Location>
        <Longitude>-2.986194</Longitude>
        <Latitude>53.411193</Latitude>
      </Location>
    </AnnotatedStopPointRef>
    <AnnotatedStopPointRef>
      <StopPointRef>2800S42023F</StopPointRef>
      <CommonName>Queen Square Bus Station</CommonName>
      <Location>
        <Longitude>-2.982547</Longitude>
        <Latitude>53.407697</Latitude>
      </Location>
    </AnnotatedStopPointRef>
    <AnnotatedStopPointRef>
      <StopPointRef>2800S42023A</StopPointRef>
      <CommonName>Queen Square Bus Station</CommonName>
      <Location>
        <Longitude>-2.982547</Longitude>
        <Latitude>53.407697</Latitude>
      </Location>
    </AnnotatedStopPointRef>
    <AnnotatedStopPointRef>
      <StopPointRef>2800S42057D</StopPointRef>
      <CommonName>Wilde Street</CommonName>
      <Location>
        <Longitude>-2.975893</Longitude>
        <Latitude>53.409399</Latitude>
      </Location>
    </AnnotatedStopPointRef>
    <AnnotatedStopPointRef>
      <StopPointRef>2800S42015F</StopPointRef>
      <CommonName>Pembroke Place</CommonName>
      <Location>
        <Longitude>-2.972578</Longitude>
        <Latitude>53.409157</Latitude>
      </Location>
    </AnnotatedStopPointRef>
    <AnnotatedStopPointRef>
      <StopPointRef>2800S42016E</StopPointRef>
      <CommonName>Falkland Street</CommonName>
      <Location>
        <Longitude>-2.969156</Longitude>
        <Latitude>53.410155</Latitude>
      </Location>
    </AnnotatedStopPointRef>
    <AnnotatedStopPointRef>
      <StopPointRef>2800S42027C</StopPointRef>
      <CommonName>Shaw Street</CommonName>
      <Location>
        <Longitude>-2.966871</Longitude>
        <Latitude>53.412241</Latitude>
      </Location>
    </AnnotatedStopPointRef>
    <AnnotatedStopPointRef>
      <StopPointRef>2800S40020B</StopPointRef>
      <CommonName>Caird Street</CommonName>
      <Location>
        <Longitude>-2.959325</Longitude>
        <Latitude>53.415214</Latitude>
      </Location>
    </AnnotatedStopPointRef>
    <AnnotatedStopPointRef>
      <StopPointRef>2800S40021C</StopPointRef>
      <CommonName>Hygeia Street</CommonName>
      <Location>
        <Longitude>-2.955924</Longitude>
        <Latitude>53.416509</Latitude>
      </Location>
    </AnnotatedStopPointRef>
    <AnnotatedStopPointRef>
      <StopPointRef>2800S40022C</StopPointRef>
      <CommonName>Conwy Drive</CommonName>
      <Location>
        <Longitude>-2.951682</Longitude>
        <Latitude>53.418557</Latitude>
      </Location>
    </AnnotatedStopPointRef>
    <AnnotatedStopPointRef>
      <StopPointRef>2800S40023B</StopPointRef>
      <CommonName>Ellel Grove</CommonName>
      <Location>
        <Longitude>-2.946292</Longitude>
        <Latitude>53.421835</Latitude>
      </Location>
    </AnnotatedStopPointRef>
    <AnnotatedStopPointRef>
      <StopPointRef>2800S40024E</StopPointRef>
      <CommonName>Grange Street</CommonName>
      <Location>
        <Longitude>-2.941237</Longitude>
        <Latitude>53.422532</Latitude>
      </Location>
    </AnnotatedStopPointRef>
    <AnnotatedStopPointRef>
      <StopPointRef>2800S40025E</StopPointRef>
      <CommonName>Windsor Road</CommonName>
      <Location>
        <Longitude>-2.935427</Longitude>
        <Latitude>53.424368</Latitude>
      </Location>
    </AnnotatedStopPointRef>
    <AnnotatedStopPointRef>
      <StopPointRef>2800S40026A</StopPointRef>
      <CommonName>Lisburn Lane</CommonName>
      <Location>
        <Longitude>-2.928860</Longitude>
        <Latitude>53.426377</Latitude>
      </Location>
    </AnnotatedStopPointRef>
    <AnnotatedStopPointRef>
      <StopPointRef>2800S40067A</StopPointRef>
      <CommonName>Delamain Road</CommonName>
      <Location>
        <Longitude>-2.927166</Longitude>
        <Latitude>53.428736</Latitude>
      </Location>
    </AnnotatedStopPointRef>
    <AnnotatedStopPointRef>
      <StopPointRef>2800S40068A</StopPointRef>
      <CommonName>Adshead Road</CommonName>
      <Location>
        <Longitude>-2.924926</Longitude>
        <Latitude>53.430938</Latitude>
      </Location>
    </AnnotatedStopPointRef>
    <AnnotatedStopPointRef>
      <StopPointRef>2800S40068C</StopPointRef>
      <CommonName>Queens Drive</CommonName>
      <Location>
        <Longitude>-2.923964</Longitude>
        <Latitude>53.432365</Latitude>
      </Location>
    </AnnotatedStopPointRef>
    <AnnotatedStopPointRef>
      <StopPointRef>2800S46033B</StopPointRef>
      <CommonName>Altham Road</CommonName>
      <Location>
        <Longitude>-2.921751</Longitude>
        <Latitude>53.434459</Latitude>
      </Location>
    </AnnotatedStopPointRef>
    <AnnotatedStopPointRef>
      <StopPointRef>2800S46034D</StopPointRef>
      <CommonName>Lorenzo Drive</CommonName>
      <Location>
        <Longitude>-2.918004</Longitude>
        <Latitude>53.436582</Latitude>
      </Location>
    </AnnotatedStopPointRef>
    <AnnotatedStopPointRef>
      <StopPointRef>2800S46035B</StopPointRef>
      <CommonName>Lewisham Road</CommonName>
      <Location>
        <Longitude>-2.913488</Longitude>
        <Latitude>53.438693</Latitude>
      </Location>
    </AnnotatedStopPointRef>
    <AnnotatedStopPointRef>
      <StopPointRef>2800S46036B</StopPointRef>
      <CommonName>Stalisfield Avenue</CommonName>
      <Location>
        <Longitude>-2.910332</Longitude>
        <Latitude>53.440371</Latitude>
      </Location>
    </AnnotatedStopPointRef>
    <AnnotatedStopPointRef>
      <StopPointRef>2800S46037B</StopPointRef>
      <CommonName>Wingrave Way</CommonName>
      <Location>
        <Longitude>-2.906833</Longitude>
        <Latitude>53.442160</Latitude>
      </Location>
    </AnnotatedStopPointRef>
    <AnnotatedStopPointRef>
      <StopPointRef>2800S46085B</StopPointRef>
      <CommonName>Marshgate Road</CommonName>
      <Location>
        <Longitude>-2.903030</Longitude>
        <Latitude>53.443887</Latitude>
      </Location>
    </AnnotatedStopPointRef>
    <AnnotatedStopPointRef>
      <StopPointRef>2800S46095A</StopPointRef>
      <CommonName>Croxteth Hall Lane</CommonName>
      <Location>
        <Longitude>-2.898725</Longitude>
        <Latitude>53.446751</Latitude>
      </Location>
    </AnnotatedStopPointRef>
    <AnnotatedStopPointRef>
      <StopPointRef>2800S46086B</StopPointRef>
      <CommonName>Abbeyfield Drive</CommonName>
      <Location>
        <Longitude>-2.895686</Longitude>
        <Latitude>53.448302</Latitude>
      </Location>
    </AnnotatedStopPointRef>
    <AnnotatedStopPointRef>
      <StopPointRef>2800S46096B</StopPointRef>
      <CommonName>Grayling Drive</CommonName>
      <Location>
        <Longitude>-2.889470</Longitude>
        <Latitude>53.449149</Latitude>
      </Location>
    </AnnotatedStopPointRef>
    <AnnotatedStopPointRef>
      <StopPointRef>2800S46097B</StopPointRef>
      <CommonName>Crompton Drive</CommonName>
      <Location>
        <Longitude>-2.886407</Longitude>
        <Latitude>53.449594</Latitude>
      </Location>
    </AnnotatedStopPointRef>
    <AnnotatedStopPointRef>
      <StopPointRef>2800S46098B</StopPointRef>
      <CommonName>Langley Close</CommonName>
      <Location>
        <Longitude>-2.880336</Longitude>
        <Latitude>53.449441</Latitude>
      </Location>
    </AnnotatedStopPointRef>
    <AnnotatedStopPointRef>
      <StopPointRef>2800S46157A</StopPointRef>
      <CommonName>Mullwood Close</CommonName>
      <Location>
        <Longitude>-2.876707</Longitude>
        <Latitude>53.448713</Latitude>
      </Location>
    </AnnotatedStopPointRef>
    <AnnotatedStopPointRef>
      <StopPointRef>2800S46152B</StopPointRef>
      <CommonName>Verwood Drive</CommonName>
      <Location>
        <Longitude>-2.871653</Longitude>
        <Latitude>53.451896</Latitude>
      </Location>
    </AnnotatedStopPointRef>
    <AnnotatedStopPointRef>
      <StopPointRef>2800S46149B</StopPointRef>
      <CommonName>Nightingale Road</CommonName>
      <Location>
        <Longitude>-2.875350</Longitude>
        <Latitude>53.453748</Latitude>
      </Location>
    </AnnotatedStopPointRef>
    <AnnotatedStopPointRef>
      <StopPointRef>2800S46148A</StopPointRef>
      <CommonName>Woodvale Road</CommonName>
      <Location>
        <Longitude>-2.878925</Longitude>
        <Latitude>53.453335</Latitude>
      </Location>
    </AnnotatedStopPointRef>
    <AnnotatedStopPointRef>
      <StopPointRef>2800S46173A</StopPointRef>
      <CommonName>Measham Way</CommonName>
      <Location>
        <Longitude>-2.884419</Longitude>
        <Latitude>53.453204</Latitude>
      </Location>
    </AnnotatedStopPointRef>
    <AnnotatedStopPointRef>
      <StopPointRef>2800S46147B</StopPointRef>
      <CommonName>Veronica Close</CommonName>
      <Location>
        <Longitude>-2.888128</Longitude>
        <Latitude>53.451981</Latitude>
      </Location>
    </AnnotatedStopPointRef>
    <AnnotatedStopPointRef>
      <StopPointRef>2800S46146B</StopPointRef>
      <CommonName>Crucian Way</CommonName>
      <Location>
        <Longitude>-2.891121</Longitude>
        <Latitude>53.451087</Latitude>
      </Location>
    </AnnotatedStopPointRef>
    <AnnotatedStopPointRef>
      <StopPointRef>2800S46086A</StopPointRef>
      <CommonName>Fir Tree Drive South</CommonName>
      <Location>
        <Longitude>-2.895426</Longitude>
        <Latitude>53.448107</Latitude>
      </Location>
    </AnnotatedStopPointRef>
    <AnnotatedStopPointRef>
      <StopPointRef>2800S46095B</StopPointRef>
      <CommonName>Croxteth Hall Lane</CommonName>
      <Location>
        <Longitude>-2.898420</Longitude>
        <Latitude>53.446601</Latitude>
      </Location>
    </AnnotatedStopPointRef>
    <AnnotatedStopPointRef>
      <StopPointRef>2800S46085A</StopPointRef>
      <CommonName>Kents Bank</CommonName>
      <Location>
        <Longitude>-2.902535</Longitude>
        <Latitude>53.443936</Latitude>
      </Location>
    </AnnotatedStopPointRef>
    <AnnotatedStopPointRef>
      <StopPointRef>2800S46037A</StopPointRef>
      <CommonName>Kerman Close</CommonName>
      <Location>
        <Longitude>-2.907346</Longitude>
        <Latitude>53.441509</Latitude>
      </Location>
    </AnnotatedStopPointRef>
    <AnnotatedStopPointRef>
      <StopPointRef>2800S46036A</StopPointRef>
      <CommonName>Meadow Lane</CommonName>
      <Location>
        <Longitude>-2.909667</Longitude>
        <Latitude>53.440242</Latitude>
      </Location>
    </AnnotatedStopPointRef>
    <AnnotatedStopPointRef>
      <StopPointRef>2800S46035A</StopPointRef>
      <CommonName>Marldon Road</CommonName>
      <Location>
        <Longitude>-2.912913</Longitude>
        <Latitude>53.438545</Latitude>
      </Location>
    </AnnotatedStopPointRef>
    <AnnotatedStopPointRef>
      <StopPointRef>2800S46034A</StopPointRef>
      <CommonName>Almonds Green</CommonName>
      <Location>
        <Longitude>-2.916993</Longitude>
        <Latitude>53.436464</Latitude>
      </Location>
    </AnnotatedStopPointRef>
    <AnnotatedStopPointRef>
      <StopPointRef>2800S46033A</StopPointRef>
      <CommonName>Liddell Road</CommonName>
      <Location>
        <Longitude>-2.921558</Longitude>
        <Latitude>53.433858</Latitude>
      </Location>
    </AnnotatedStopPointRef>
    <AnnotatedStopPointRef>
      <StopPointRef>2800S40068E</StopPointRef>
      <CommonName>Culme Road</CommonName>
      <Location>
        <Longitude>-2.923250</Longitude>
        <Latitude>53.432083</Latitude>
      </Location>
    </AnnotatedStopPointRef>
    <AnnotatedStopPointRef>
      <StopPointRef>2800S40067B</StopPointRef>
      <CommonName>Delamain Road</CommonName>
      <Location>
        <Longitude>-2.927098</Longitude>
        <Latitude>53.427685</Latitude>
      </Location>
    </AnnotatedStopPointRef>
    <AnnotatedStopPointRef>
      <StopPointRef>2800S40026D</StopPointRef>
      <CommonName>Santon Avenue</CommonName>
      <Location>
        <Longitude>-2.929274</Longitude>
        <Latitude>53.424621</Latitude>
      </Location>
    </AnnotatedStopPointRef>
    <AnnotatedStopPointRef>
      <StopPointRef>2800S40026G</StopPointRef>
      <CommonName>Green Lane</CommonName>
      <Location>
        <Longitude>-2.930077</Longitude>
        <Latitude>53.424728</Latitude>
      </Location>
    </AnnotatedStopPointRef>
    <AnnotatedStopPointRef>
      <StopPointRef>2800S40025B</StopPointRef>
      <CommonName>New Road</CommonName>
      <Location>
        <Longitude>-2.934427</Longitude>
        <Latitude>53.423785</Latitude>
      </Location>
    </AnnotatedStopPointRef>
    <AnnotatedStopPointRef>
      <StopPointRef>2800S40024C</StopPointRef>
      <CommonName>Belmont Drive</CommonName>
      <Location>
        <Longitude>-2.941711</Longitude>
        <Latitude>53.422195</Latitude>
      </Location>
    </AnnotatedStopPointRef>
    <AnnotatedStopPointRef>
      <StopPointRef>2800S40023A</StopPointRef>
      <CommonName>Sheil Road</CommonName>
      <Location>
        <Longitude>-2.948552</Longitude>
        <Latitude>53.420568</Latitude>
      </Location>
    </AnnotatedStopPointRef>
    <AnnotatedStopPointRef>
      <StopPointRef>2800S40022A</StopPointRef>
      <CommonName>Boundary Lane</CommonName>
      <Location>
        <Longitude>-2.951213</Longitude>
        <Latitude>53.418470</Latitude>
      </Location>
    </AnnotatedStopPointRef>
    <AnnotatedStopPointRef>
      <StopPointRef>2800S40021B</StopPointRef>
      <CommonName>Farnworth Street</CommonName>
      <Location>
        <Longitude>-2.955290</Longitude>
        <Latitude>53.416406</Latitude>
      </Location>
    </AnnotatedStopPointRef>
    <AnnotatedStopPointRef>
      <StopPointRef>2800S40020A</StopPointRef>
      <CommonName>Nevin Street</CommonName>
      <Location>
        <Longitude>-2.961233</Longitude>
        <Latitude>53.414399</Latitude>
      </Location>
    </AnnotatedStopPointRef>
    <AnnotatedStopPointRef>
      <StopPointRef>2800S41023A</StopPointRef>
      <CommonName>Low Hill</CommonName>
      <Location>
        <Longitude>-2.963436</Longitude>
        <Latitude>53.410687</Latitude>
      </Location>
    </AnnotatedStopPointRef>
    <AnnotatedStopPointRef>
      <StopPointRef>2800S42016A</StopPointRef>
      <CommonName>Epworth Street</CommonName>
      <Location>
        <Longitude>-2.966484</Longitude>
        <Latitude>53.410438</Latitude>
      </Location>
    </AnnotatedStopPointRef>
    <AnnotatedStopPointRef>
      <StopPointRef>2800S42015C</StopPointRef>
      <CommonName>Greek Street</CommonName>
      <Location>
        <Longitude>-2.972875</Longitude>
        <Latitude>53.409010</Latitude>
      </Location>
    </AnnotatedStopPointRef>
    <AnnotatedStopPointRef>
      <StopPointRef>2800S42024A</StopPointRef>
      <CommonName>Lord Nelson Street</CommonName>
      <Location>
        <Longitude>-2.978909</Longitude>
        <Latitude>53.408386</Latitude>
      </Location>
    </AnnotatedStopPointRef>
    <AnnotatedStopPointRef>
      <StopPointRef>2800S42023J</StopPointRef>
      <CommonName>Queen Square Bus Station</CommonName>
      <Location>
        <Longitude>-2.982476</Longitude>
        <Latitude>53.407584</Latitude>
      </Location>
    </AnnotatedStopPointRef>
    <AnnotatedStopPointRef>
      <StopPointRef>2800S42055A</StopPointRef>
      <CommonName>Dale Street</CommonName>
      <Location>
        <Longitude>-2.985745</Longitude>
        <Latitude>53.408662</Latitude>
      </Location>
    </AnnotatedStopPointRef>
    <AnnotatedStopPointRef>
      <StopPointRef>2800S42069A</StopPointRef>
      <CommonName>Moorefields</CommonName>
      <Location>
        <Longitude>-2.988571</Longitude>
        <Latitude>53.407929</Latitude>
      </Location>
    </AnnotatedStopPointRef>
    <AnnotatedStopPointRef>
      <StopPointRef>2800S42020A</StopPointRef>
      <CommonName>Fenwick Street</CommonName>
      <Location>
        <Longitude>-2.992614</Longitude>
        <Latitude>53.406493</Latitude>
      </Location>
    </AnnotatedStopPointRef>
    <AnnotatedStopPointRef>
      <StopPointRef>2800S42098F</StopPointRef>
      <CommonName>Liverpool ONE Bus Station</CommonName>
      <Location>
        <Longitude>-2.987482</Longitude>
        <Latitude>53.401896</Latitude>
      </Location>
    </AnnotatedStopPointRef>
  </StopPoints>
  <RouteSections>
    <RouteSection id="rsf_0000">
      <RouteLink id="rl_0000_1">
        <From>
          <StopPointRef>2800S42098E</StopPointRef>
        </From>
        <To>
          <StopPointRef>2800S42021C</StopPointRef>
        </To>
      </RouteLink>
      <RouteLink id="rl_0000_2">
        <From>
          <StopPointRef>2800S42021C</StopPointRef>
        </From>
        <To>
          <StopPointRef>2800S42022B</StopPointRef>
        </To>
      </RouteLink>
      <RouteLink id="rl_0000_3">
        <From>
          <StopPointRef>2800S42022B</StopPointRef>
        </From>
        <To>
          <StopPointRef>2800S42023A</StopPointRef>
        </To>
      </RouteLink>
      <RouteLink id="rl_0000_4">
        <From>
          <StopPointRef>2800S42023A</StopPointRef>
        </From>
        <To>
          <StopPointRef>2800S42057D</StopPointRef>
        </To>
      </RouteLink>
      <RouteLink id="rl_0000_5">
        <From>
          <StopPointRef>2800S42057D</StopPointRef>
        </From>
        <To>
          <StopPointRef>2800S42015F</StopPointRef>
        </To>
      </RouteLink>
      <RouteLink id="rl_0000_6">
        <From>
          <StopPointRef>2800S42015F</StopPointRef>
        </From>
        <To>
          <StopPointRef>2800S42016E</StopPointRef>
        </To>
      </RouteLink>
      <RouteLink id="rl_0000_7">
        <From>
          <StopPointRef>2800S42016E</StopPointRef>
        </From>
        <To>
          <StopPointRef>2800S42027C</StopPointRef>
        </To>
      </RouteLink>
      <RouteLink id="rl_0000_8">
        <From>
          <StopPointRef>2800S42027C</StopPointRef>
        </From>
        <To>
          <StopPointRef>2800S40020B</StopPointRef>
        </To>
      </RouteLink>
      <RouteLink id="rl_0000_9">
        <From>
          <StopPointRef>2800S40020B</StopPointRef>
        </From>
        <To>
          <StopPointRef>2800S40021C</StopPointRef>
        </To>
      </RouteLink>
      <RouteLink id="rl_0000_10">
        <From>
          <StopPointRef>2800S40021C</StopPointRef>
        </From>
        <To>
          <StopPointRef>2800S40022C</StopPointRef>
        </To>
      </RouteLink>
      <RouteLink id="rl_0000_11">
        <From>
          <StopPointRef>2800S40022C</StopPointRef>
        </From>
        <To>
          <StopPointRef>2800S40023B</StopPointRef>
        </To>
      </RouteLink>
      <RouteLink id="rl_0000_12">
        <From>
          <StopPointRef>2800S40023B</StopPointRef>
        </From>
        <To>
          <StopPointRef>2800S40024E</StopPointRef>
        </To>
      </RouteLink>
      <RouteLink id="rl_0000_13">
        <From>
          <StopPointRef>2800S40024E</StopPointRef>
        </From>
        <To>
          <StopPointRef>2800S40025E</StopPointRef>
        </To>
      </RouteLink>
      <RouteLink id="rl_0000_14">
        <From>
          <StopPointRef>2800S40025E</StopPointRef>
        </From>
        <To>
          <StopPointRef>2800S40026A</StopPointRef>
        </To>
      </RouteLink>
      <RouteLink id="rl_0000_15">
        <From>
          <StopPointRef>2800S40026A</StopPointRef>
        </From>
        <To>
          <StopPointRef>2800S40067A</StopPointRef>
        </To>
      </RouteLink>
      <RouteLink id="rl_0000_16">
        <From>
          <StopPointRef>2800S40067A</StopPointRef>
        </From>
        <To>
          <StopPointRef>2800S40068A</StopPointRef>
        </To>
      </RouteLink>
      <RouteLink id="rl_0000_17">
        <From>
          <StopPointRef>2800S40068A</StopPointRef>
        </From>
        <To>
          <StopPointRef>2800S40068C</StopPointRef>
        </To>
      </RouteLink>
      <RouteLink id="rl_0000_18">
        <From>
          <StopPointRef>2800S40068C</StopPointRef>
        </From>
        <To>
          <StopPointRef>2800S46033B</StopPointRef>
        </To>
      </RouteLink>
      <RouteLink id="rl_0000_19">
        <From>
          <StopPointRef>2800S46033B</StopPointRef>
        </From>
        <To>
          <StopPointRef>2800S46034D</StopPointRef>
        </To>
      </RouteLink>
      <RouteLink id="rl_0000_20">
        <From>
          <StopPointRef>2800S46034D</StopPointRef>
        </From>
        <To>
          <StopPointRef>2800S46035B</StopPointRef>
        </To>
      </RouteLink>
      <RouteLink id="rl_0000_21">
        <From>
          <StopPointRef>2800S46035B</StopPointRef>
        </From>
        <To>
          <StopPointRef>2800S46036B</StopPointRef>
        </To>
      </RouteLink>
      <RouteLink id="rl_0000_22">
        <From>
          <StopPointRef>2800S46036B</StopPointRef>
        </From>
        <To>
          <StopPointRef>2800S46037B</StopPointRef>
        </To>
      </RouteLink>
      <RouteLink id="rl_0000_23">
        <From>
          <StopPointRef>2800S46037B</StopPointRef>
        </From>
        <To>
          <StopPointRef>2800S46085B</StopPointRef>
        </To>
      </RouteLink>
      <RouteLink id="rl_0000_24">
        <From>
          <StopPointRef>2800S46085B</StopPointRef>
        </From>
        <To>
          <StopPointRef>2800S46095A</StopPointRef>
        </To>
      </RouteLink>
      <RouteLink id="rl_0000_25">
        <From>
          <StopPointRef>2800S46095A</StopPointRef>
        </From>
        <To>
          <StopPointRef>2800S46086B</StopPointRef>
        </To>
      </RouteLink>
      <RouteLink id="rl_0000_26">
        <From>
          <StopPointRef>2800S46086B</StopPointRef>
        </From>
        <To>
          <StopPointRef>2800S46096B</StopPointRef>
        </To>
      </RouteLink>
      <RouteLink id="rl_0000_27">
        <From>
          <StopPointRef>2800S46096B</StopPointRef>
        </From>
        <To>
          <StopPointRef>2800S46097B</StopPointRef>
        </To>
      </RouteLink>
      <RouteLink id="rl_0000_28">
        <From>
          <StopPointRef>2800S46097B</StopPointRef>
        </From>
        <To>
          <StopPointRef>2800S46098B</StopPointRef>
        </To>
      </RouteLink>
      <RouteLink id="rl_0000_29">
        <From>
          <StopPointRef>2800S46098B</StopPointRef>
        </From>
        <To>
          <StopPointRef>2800S46157A</StopPointRef>
        </To>
      </RouteLink>
      <RouteLink id="rl_0000_30">
        <From>
          <StopPointRef>2800S46157A</StopPointRef>
        </From>
        <To>
          <StopPointRef>2800S46152B</StopPointRef>
        </To>
      </RouteLink>
      <RouteLink id="rl_0000_31">
        <From>
          <StopPointRef>2800S46152B</StopPointRef>
        </From>
        <To>
          <StopPointRef>2800S46149B</StopPointRef>
        </To>
      </RouteLink>
      <RouteLink id="rl_0000_32">
        <From>
          <StopPointRef>2800S46149B</StopPointRef>
        </From>
        <To>
          <StopPointRef>2800S46148A</StopPointRef>
        </To>
      </RouteLink>
      <RouteLink id="rl_0000_33">
        <From>
          <StopPointRef>2800S46148A</StopPointRef>
        </From>
        <To>
          <StopPointRef>2800S46173A</StopPointRef>
        </To>
      </RouteLink>
      <RouteLink id="rl_0000_34">
        <From>
          <StopPointRef>2800S46173A</StopPointRef>
        </From>
        <To>
          <StopPointRef>2800S46147B</StopPointRef>
        </To>
      </RouteLink>
      <RouteLink id="rl_0000_35">
        <From>
          <StopPointRef>2800S46147B</StopPointRef>
        </From>
        <To>
          <StopPointRef>2800S46146B</StopPointRef>
        </To>
      </RouteLink>
      <RouteLink id="rl_0000_36">
        <From>
          <StopPointRef>2800S46146B</StopPointRef>
        </From>
        <To>
          <StopPointRef>2800S46086A</StopPointRef>
        </To>
      </RouteLink>
      <RouteLink id="rl_0000_37">
        <From>
          <StopPointRef>2800S46086A</StopPointRef>
        </From>
        <To>
          <StopPointRef>2800S46095B</StopPointRef>
        </To>
      </RouteLink>
      <RouteLink id="rl_0000_38">
        <From>
          <StopPointRef>2800S46095B</StopPointRef>
        </From>
        <To>
          <StopPointRef>2800S46085A</StopPointRef>
        </To>
      </RouteLink>
      <RouteLink id="rl_0000_39">
        <From>
          <StopPointRef>2800S46085A</StopPointRef>
        </From>
        <To>
          <StopPointRef>2800S46037A</StopPointRef>
        </To>
      </RouteLink>
      <RouteLink id="rl_0000_40">
        <From>
          <StopPointRef>2800S46037A</StopPointRef>
        </From>
        <To>
          <StopPointRef>2800S46036A</StopPointRef>
        </To>
      </RouteLink>
      <RouteLink id="rl_0000_41">
        <From>
          <StopPointRef>2800S46036A</StopPointRef>
        </From>
        <To>
          <StopPointRef>2800S46035A</StopPointRef>
        </To>
      </RouteLink>
      <RouteLink id="rl_0000_42">
        <From>
          <StopPointRef>2800S46035A</StopPointRef>
        </From>
        <To>
          <StopPointRef>2800S46034A</StopPointRef>
        </To>
      </RouteLink>
      <RouteLink id="rl_0000_43">
        <From>
          <StopPointRef>2800S46034A</StopPointRef>
        </From>
        <To>
          <StopPointRef>2800S46033A</StopPointRef>
        </To>
      </RouteLink>
      <RouteLink id="rl_0000_44">
        <From>
          <StopPointRef>2800S46033A</StopPointRef>
        </From>
        <To>
          <StopPointRef>2800S40068E</StopPointRef>
        </To>
      </RouteLink>
      <RouteLink id="rl_0000_45">
        <From>
          <StopPointRef>2800S40068E</StopPointRef>
        </From>
        <To>
          <StopPointRef>2800S40067B</StopPointRef>
        </To>
      </RouteLink>
      <RouteLink id="rl_0000_46">
        <From>
          <StopPointRef>2800S40067B</StopPointRef>
        </From>
        <To>
          <StopPointRef>2800S40026D</StopPointRef>
        </To>
      </RouteLink>
    </RouteSection>
    <RouteSection id="rsf_0001">
      <RouteLink id="rl_0001_1">
        <From>
          <StopPointRef>2800S42098E</StopPointRef>
        </From>
        <To>
          <StopPointRef>2800S42021C</StopPointRef>
        </To>
      </RouteLink>
      <RouteLink id="rl_0001_2">
        <From>
          <StopPointRef>2800S42021C</StopPointRef>
        </From>
        <To>
          <StopPointRef>2800S42022B</StopPointRef>
        </To>
      </RouteLink>
      <RouteLink id="rl_0001_3">
        <From>
          <StopPointRef>2800S42022B</StopPointRef>
        </From>
        <To>
          <StopPointRef>2800S42023A</StopPointRef>
        </To>
      </RouteLink>
      <RouteLink id="rl_0001_4">
        <From>
          <StopPointRef>2800S42023A</StopPointRef>
        </From>
        <To>
          <StopPointRef>2800S42057D</StopPointRef>
        </To>
      </RouteLink>
      <RouteLink id="rl_0001_5">
        <From>
          <StopPointRef>2800S42057D</StopPointRef>
        </From>
        <To>
          <StopPointRef>2800S42015F</StopPointRef>
        </To>
      </RouteLink>
      <RouteLink id="rl_0001_6">
        <From>
          <StopPointRef>2800S42015F</StopPointRef>
        </From>
        <To>
          <StopPointRef>2800S42016E</StopPointRef>
        </To>
      </RouteLink>
      <RouteLink id="rl_0001_7">
        <From>
          <StopPointRef>2800S42016E</StopPointRef>
        </From>
        <To>
          <StopPointRef>2800S42027C</StopPointRef>
        </To>
      </RouteLink>
      <RouteLink id="rl_0001_8">
        <From>
          <StopPointRef>2800S42027C</StopPointRef>
        </From>
        <To>
          <StopPointRef>2800S40020B</StopPointRef>
        </To>
      </RouteLink>
      <RouteLink id="rl_0001_9">
        <From>
          <StopPointRef>2800S40020B</StopPointRef>
        </From>
        <To>
          <StopPointRef>2800S40021C</StopPointRef>
        </To>
      </RouteLink>
      <RouteLink id="rl_0001_10">
        <From>
          <StopPointRef>2800S40021C</StopPointRef>
        </From>
        <To>
          <StopPointRef>2800S40022C</StopPointRef>
        </To>
      </RouteLink>
      <RouteLink id="rl_0001_11">
        <From>
          <StopPointRef>2800S40022C</StopPointRef>
        </From>
        <To>
          <StopPointRef>2800S40023B</StopPointRef>
        </To>
      </RouteLink>
      <RouteLink id="rl_0001_12">
        <From>
          <StopPointRef>2800S40023B</StopPointRef>
        </From>
        <To>
          <StopPointRef>2800S40024E</StopPointRef>
        </To>
      </RouteLink>
      <RouteLink id="rl_0001_13">
        <From>
          <StopPointRef>2800S40024E</StopPointRef>
        </From>
        <To>
          <StopPointRef>2800S40025E</StopPointRef>
        </To>
      </RouteLink>
      <RouteLink id="rl_0001_14">
        <From>
          <StopPointRef>2800S40025E</StopPointRef>
        </From>
        <To>
          <StopPointRef>2800S40026A</StopPointRef>
        </To>
      </RouteLink>
      <RouteLink id="rl_0001_15">
        <From>
          <StopPointRef>2800S40026A</StopPointRef>
        </From>
        <To>
          <StopPointRef>2800S40067A</StopPointRef>
        </To>
      </RouteLink>
      <RouteLink id="rl_0001_16">
        <From>
          <StopPointRef>2800S40067A</StopPointRef>
        </From>
        <To>
          <StopPointRef>2800S40068A</StopPointRef>
        </To>
      </RouteLink>
      <RouteLink id="rl_0001_17">
        <From>
          <StopPointRef>2800S40068A</StopPointRef>
        </From>
        <To>
          <StopPointRef>2800S40068C</StopPointRef>
        </To>
      </RouteLink>
      <RouteLink id="rl_0001_18">
        <From>
          <StopPointRef>2800S40068C</StopPointRef>
        </From>
        <To>
          <StopPointRef>2800S46033B</StopPointRef>
        </To>
      </RouteLink>
      <RouteLink id="rl_0001_19">
        <From>
          <StopPointRef>2800S46033B</StopPointRef>
        </From>
        <To>
          <StopPointRef>2800S46034D</StopPointRef>
        </To>
      </RouteLink>
      <RouteLink id="rl_0001_20">
        <From>
          <StopPointRef>2800S46034D</StopPointRef>
        </From>
        <To>
          <StopPointRef>2800S46035B</StopPointRef>
        </To>
      </RouteLink>
      <RouteLink id="rl_0001_21">
        <From>
          <StopPointRef>2800S46035B</StopPointRef>
        </From>
        <To>
          <StopPointRef>2800S46036B</StopPointRef>
        </To>
      </RouteLink>
      <RouteLink id="rl_0001_22">
        <From>
          <StopPointRef>2800S46036B</StopPointRef>
        </From>
        <To>
          <StopPointRef>2800S46037B</StopPointRef>
        </To>
      </RouteLink>
      <RouteLink id="rl_0001_23">
        <From>
          <StopPointRef>2800S46037B</StopPointRef>
        </From>
        <To>
          <StopPointRef>2800S46085B</StopPointRef>
        </To>
      </RouteLink>
      <RouteLink id="rl_0001_24">
        <From>
          <StopPointRef>2800S46085B</StopPointRef>
        </From>
        <To>
          <StopPointRef>2800S46095A</StopPointRef>
        </To>
      </RouteLink>
      <RouteLink id="rl_0001_25">
        <From>
          <StopPointRef>2800S46095A</StopPointRef>
        </From>
        <To>
          <StopPointRef>2800S46086B</StopPointRef>
        </To>
      </RouteLink>
      <RouteLink id="rl_0001_26">
        <From>
          <StopPointRef>2800S46086B</StopPointRef>
        </From>
        <To>
          <StopPointRef>2800S46096B</StopPointRef>
        </To>
      </RouteLink>
      <RouteLink id="rl_0001_27">
        <From>
          <StopPointRef>2800S46096B</StopPointRef>
        </From>
        <To>
          <StopPointRef>2800S46097B</StopPointRef>
        </To>
      </RouteLink>
      <RouteLink id="rl_0001_28">
        <From>
          <StopPointRef>2800S46097B</StopPointRef>
        </From>
        <To>
          <StopPointRef>2800S46098B</StopPointRef>
        </To>
      </RouteLink>
      <RouteLink id="rl_0001_29">
        <From>
          <StopPointRef>2800S46098B</StopPointRef>
        </From>
        <To>
          <StopPointRef>2800S46157A</StopPointRef>
        </To>
      </RouteLink>
      <RouteLink id="rl_0001_30">
        <From>
          <StopPointRef>2800S46157A</StopPointRef>
        </From>
        <To>
          <StopPointRef>2800S46152B</StopPointRef>
        </To>
      </RouteLink>
      <RouteLink id="rl_0001_31">
        <From>
          <StopPointRef>2800S46152B</StopPointRef>
        </From>
        <To>
          <StopPointRef>2800S46149B</StopPointRef>
        </To>
      </RouteLink>
      <RouteLink id="rl_0001_32">
        <From>
          <StopPointRef>2800S46149B</StopPointRef>
        </From>
        <To>
          <StopPointRef>2800S46148A</StopPointRef>
        </To>
      </RouteLink>
      <RouteLink id="rl_0001_33">
        <From>
          <StopPointRef>2800S46148A</StopPointRef>
        </From>
        <To>
          <StopPointRef>2800S46173A</StopPointRef>
        </To>
      </RouteLink>
      <RouteLink id="rl_0001_34">
        <From>
          <StopPointRef>2800S46173A</StopPointRef>
        </From>
        <To>
          <StopPointRef>2800S46147B</StopPointRef>
        </To>
      </RouteLink>
      <RouteLink id="rl_0001_35">
        <From>
          <StopPointRef>2800S46147B</StopPointRef>
        </From>
        <To>
          <StopPointRef>2800S46146B</StopPointRef>
        </To>
      </RouteLink>
      <RouteLink id="rl_0001_36">
        <From>
          <StopPointRef>2800S46146B</StopPointRef>
        </From>
        <To>
          <StopPointRef>2800S46086A</StopPointRef>
        </To>
      </RouteLink>
      <RouteLink id="rl_0001_37">
        <From>
          <StopPointRef>2800S46086A</StopPointRef>
        </From>
        <To>
          <StopPointRef>2800S46095B</StopPointRef>
        </To>
      </RouteLink>
      <RouteLink id="rl_0001_38">
        <From>
          <StopPointRef>2800S46095B</StopPointRef>
        </From>
        <To>
          <StopPointRef>2800S46085A</StopPointRef>
        </To>
      </RouteLink>
      <RouteLink id="rl_0001_39">
        <From>
          <StopPointRef>2800S46085A</StopPointRef>
        </From>
        <To>
          <StopPointRef>2800S46037A</StopPointRef>
        </To>
      </RouteLink>
      <RouteLink id="rl_0001_40">
        <From>
          <StopPointRef>2800S46037A</StopPointRef>
        </From>
        <To>
          <StopPointRef>2800S46036A</StopPointRef>
        </To>
      </RouteLink>
      <RouteLink id="rl_0001_41">
        <From>
          <StopPointRef>2800S46036A</StopPointRef>
        </From>
        <To>
          <StopPointRef>2800S46035A</StopPointRef>
        </To>
      </RouteLink>
      <RouteLink id="rl_0001_42">
        <From>
          <StopPointRef>2800S46035A</StopPointRef>
        </From>
        <To>
          <StopPointRef>2800S46034A</StopPointRef>
        </To>
      </RouteLink>
      <RouteLink id="rl_0001_43">
        <From>
          <StopPointRef>2800S46034A</StopPointRef>
        </From>
        <To>
          <StopPointRef>2800S46033A</StopPointRef>
        </To>
      </RouteLink>
      <RouteLink id="rl_0001_44">
        <From>
          <StopPointRef>2800S46033A</StopPointRef>
        </From>
        <To>
          <StopPointRef>2800S40068E</StopPointRef>
        </To>
      </RouteLink>
      <RouteLink id="rl_0001_45">
        <From>
          <StopPointRef>2800S40068E</StopPointRef>
        </From>
        <To>
          <StopPointRef>2800S40067B</StopPointRef>
        </To>
      </RouteLink>
      <RouteLink id="rl_0001_46">
        <From>
          <StopPointRef>2800S40067B</StopPointRef>
        </From>
        <To>
          <StopPointRef>2800S40026D</StopPointRef>
        </To>
      </RouteLink>
    </RouteSection>
  </RouteSections>
  <Routes>
    <Route id="rt_0000">
      <Description>No route description available</Description>
      <RouteSectionRef>rsf_0000</RouteSectionRef>
    </Route>
    <Route id="rt_0001">
      <Description>No route description available</Description>
      <RouteSectionRef>rsf_0001</RouteSectionRef>
    </Route>
  </Routes>
  <JourneyPatternSections>
    <JourneyPatternSection id="js_1">
      <JourneyPatternTimingLink id="jptl_1">
        <From SequenceNumber="1">
          <Activity>pickUp</Activity>
          <StopPointRef>2800S42098E</StopPointRef>
          <TimingStatus>principalTimingPoint</TimingStatus>
        </From>
        <To SequenceNumber="2">
          <StopPointRef>2800S42021C</StopPointRef>
          <TimingStatus>otherPoint</TimingStatus>
        </To>
        <RouteLinkRef>rl_0000_1</RouteLinkRef>
        <RunTime>PT3M</RunTime>
      </JourneyPatternTimingLink>
      <JourneyPatternTimingLink id="jptl_2">
        <From SequenceNumber="2">
          <StopPointRef>2800S42021C</StopPointRef>
          <TimingStatus>otherPoint</TimingStatus>
        </From>
        <To SequenceNumber="3">
          <StopPointRef>2800S42022B</StopPointRef>
          <TimingStatus>otherPoint</TimingStatus>
        </To>
        <RouteLinkRef>rl_0000_2</RouteLinkRef>
        <RunTime>PT1M</RunTime>
      </JourneyPatternTimingLink>
      <JourneyPatternTimingLink id="jptl_3">
        <From SequenceNumber="3">
          <StopPointRef>2800S42022B</StopPointRef>
          <TimingStatus>otherPoint</TimingStatus>
        </From>
        <To SequenceNumber="4">
          <StopPointRef>2800S42023A</StopPointRef>
          <TimingStatus>otherPoint</TimingStatus>
        </To>
        <RouteLinkRef>rl_0000_3</RouteLinkRef>
        <RunTime>PT3M</RunTime>
      </JourneyPatternTimingLink>
      <JourneyPatternTimingLink id="jptl_4">
        <From SequenceNumber="4">
          <StopPointRef>2800S42023A</StopPointRef>
          <TimingStatus>otherPoint</TimingStatus>
        </From>
        <To SequenceNumber="5">
          <StopPointRef>2800S42057D</StopPointRef>
          <TimingStatus>otherPoint</TimingStatus>
        </To>
        <RouteLinkRef>rl_0000_4</RouteLinkRef>
        <RunTime>PT3M</RunTime>
      </JourneyPatternTimingLink>
      <JourneyPatternTimingLink id="jptl_5">
        <From SequenceNumber="5">
          <StopPointRef>2800S42057D</StopPointRef>
          <TimingStatus>otherPoint</TimingStatus>
        </From>
        <To SequenceNumber="6">
          <StopPointRef>2800S42015F</StopPointRef>
          <TimingStatus>otherPoint</TimingStatus>
        </To>
        <RouteLinkRef>rl_0000_5</RouteLinkRef>
        <RunTime>PT1M</RunTime>
      </JourneyPatternTimingLink>
      <JourneyPatternTimingLink id="jptl_6">
        <From SequenceNumber="6">
          <StopPointRef>2800S42015F</StopPointRef>
          <TimingStatus>otherPoint</TimingStatus>
        </From>
        <To SequenceNumber="7">
          <StopPointRef>2800S42016E</StopPointRef>
          <TimingStatus>principalTimingPoint</TimingStatus>
        </To>
        <RouteLinkRef>rl_0000_6</RouteLinkRef>
        <RunTime>PT2M</RunTime>
      </JourneyPatternTimingLink>
      <JourneyPatternTimingLink id="jptl_7">
        <From SequenceNumber="7">
          <StopPointRef>2800S42016E</StopPointRef>
          <TimingStatus>principalTimingPoint</TimingStatus>
        </From>
        <To SequenceNumber="8">
          <StopPointRef>2800S42027C</StopPointRef>
          <TimingStatus>otherPoint</TimingStatus>
        </To>
        <RouteLinkRef>rl_0000_7</RouteLinkRef>
        <RunTime>PT1M</RunTime>
      </JourneyPatternTimingLink>
      <JourneyPatternTimingLink id="jptl_8">
        <From SequenceNumber="8">
          <StopPointRef>2800S42027C</StopPointRef>
          <TimingStatus>otherPoint</TimingStatus>
        </From>
        <To SequenceNumber="9">
          <StopPointRef>2800S40020B</StopPointRef>
          <TimingStatus>otherPoint</TimingStatus>
        </To>
        <RouteLinkRef>rl_0000_8</RouteLinkRef>
        <RunTime>PT2M</RunTime>
      </JourneyPatternTimingLink>
      <JourneyPatternTimingLink id="jptl_9">
        <From SequenceNumber="9">
          <StopPointRef>2800S40020B</StopPointRef>
          <TimingStatus>otherPoint</TimingStatus>
        </From>
        <To SequenceNumber="10">
          <StopPointRef>2800S40021C</StopPointRef>
          <TimingStatus>otherPoint</TimingStatus>
        </To>
        <RouteLinkRef>rl_0000_9</RouteLinkRef>
        <RunTime>PT1M</RunTime>
      </JourneyPatternTimingLink>
      <JourneyPatternTimingLink id="jptl_10">
        <From SequenceNumber="10">
          <StopPointRef>2800S40021C</StopPointRef>
          <TimingStatus>otherPoint</TimingStatus>
        </From>
        <To SequenceNumber="11">
          <StopPointRef>2800S40022C</StopPointRef>
          <TimingStatus>otherPoint</TimingStatus>
        </To>
        <RouteLinkRef>rl_0000_10</RouteLinkRef>
        <RunTime>PT0S</RunTime>
      </JourneyPatternTimingLink>
      <JourneyPatternTimingLink id="jptl_11">
        <From SequenceNumber="11">
          <StopPointRef>2800S40022C</StopPointRef>
          <TimingStatus>otherPoint</TimingStatus>
        </From>
        <To SequenceNumber="12">
          <StopPointRef>2800S40023B</StopPointRef>
          <TimingStatus>otherPoint</TimingStatus>
        </To>
        <RouteLinkRef>rl_0000_11</RouteLinkRef>
        <RunTime>PT1M</RunTime>
      </JourneyPatternTimingLink>
      <JourneyPatternTimingLink id="jptl_12">
        <From SequenceNumber="12">
          <StopPointRef>2800S40023B</StopPointRef>
          <TimingStatus>otherPoint</TimingStatus>
        </From>
        <To SequenceNumber="13">
          <StopPointRef>2800S40024E</StopPointRef>
          <TimingStatus>otherPoint</TimingStatus>
        </To>
        <RouteLinkRef>rl_0000_12</RouteLinkRef>
        <RunTime>PT1M</RunTime>
      </JourneyPatternTimingLink>
      <JourneyPatternTimingLink id="jptl_13">
        <From SequenceNumber="13">
          <StopPointRef>2800S40024E</StopPointRef>
          <TimingStatus>otherPoint</TimingStatus>
        </From>
        <To SequenceNumber="14">
          <StopPointRef>2800S40025E</StopPointRef>
          <TimingStatus>otherPoint</TimingStatus>
        </To>
        <RouteLinkRef>rl_0000_13</RouteLinkRef>
        <RunTime>PT1M</RunTime>
      </JourneyPatternTimingLink>
      <JourneyPatternTimingLink id="jptl_14">
        <From SequenceNumber="14">
          <StopPointRef>2800S40025E</StopPointRef>
          <TimingStatus>otherPoint</TimingStatus>
        </From>
        <To SequenceNumber="15">
          <StopPointRef>2800S40026A</StopPointRef>
          <TimingStatus>principalTimingPoint</TimingStatus>
        </To>
        <RouteLinkRef>rl_0000_14</RouteLinkRef>
        <RunTime>PT2M</RunTime>
      </JourneyPatternTimingLink>
      <JourneyPatternTimingLink id="jptl_15">
        <From SequenceNumber="15">
          <StopPointRef>2800S40026A</StopPointRef>
          <TimingStatus>principalTimingPoint</TimingStatus>
        </From>
        <To SequenceNumber="16">
          <StopPointRef>2800S40067A</StopPointRef>
          <TimingStatus>otherPoint</TimingStatus>
        </To>
        <RouteLinkRef>rl_0000_15</RouteLinkRef>
        <RunTime>PT1M</RunTime>
      </JourneyPatternTimingLink>
      <JourneyPatternTimingLink id="jptl_16">
        <From SequenceNumber="16">
          <StopPointRef>2800S40067A</StopPointRef>
          <TimingStatus>otherPoint</TimingStatus>
        </From>
        <To SequenceNumber="17">
          <StopPointRef>2800S40068A</StopPointRef>
          <TimingStatus>otherPoint</TimingStatus>
        </To>
        <RouteLinkRef>rl_0000_16</RouteLinkRef>
        <RunTime>PT0S</RunTime>
      </JourneyPatternTimingLink>
      <JourneyPatternTimingLink id="jptl_17">
        <From SequenceNumber="17">
          <StopPointRef>2800S40068A</StopPointRef>
          <TimingStatus>otherPoint</TimingStatus>
        </From>
        <To SequenceNumber="18">
          <StopPointRef>2800S40068C</StopPointRef>
          <TimingStatus>otherPoint</TimingStatus>
        </To>
        <RouteLinkRef>rl_0000_17</RouteLinkRef>
        <RunTime>PT1M</RunTime>
      </JourneyPatternTimingLink>
      <JourneyPatternTimingLink id="jptl_18">
        <From SequenceNumber="18">
          <StopPointRef>2800S40068C</StopPointRef>
          <TimingStatus>otherPoint</TimingStatus>
        </From>
        <To SequenceNumber="19">
          <StopPointRef>2800S46033B</StopPointRef>
          <TimingStatus>otherPoint</TimingStatus>
        </To>
        <RouteLinkRef>rl_0000_18</RouteLinkRef>
        <RunTime>PT0S</RunTime>
      </JourneyPatternTimingLink>
      <JourneyPatternTimingLink id="jptl_19">
        <From SequenceNumber="19">
          <StopPointRef>2800S46033B</StopPointRef>
          <TimingStatus>otherPoint</TimingStatus>
        </From>
        <To SequenceNumber="20">
          <StopPointRef>2800S46034D</StopPointRef>
          <TimingStatus>otherPoint</TimingStatus>
        </To>
        <RouteLinkRef>rl_0000_19</RouteLinkRef>
        <RunTime>PT0S</RunTime>
      </JourneyPatternTimingLink>
      <JourneyPatternTimingLink id="jptl_20">
        <From SequenceNumber="20">
          <StopPointRef>2800S46034D</StopPointRef>
          <TimingStatus>otherPoint</TimingStatus>
        </From>
        <To SequenceNumber="21">
          <StopPointRef>2800S46035B</StopPointRef>
          <TimingStatus>otherPoint</TimingStatus>
        </To>
        <RouteLinkRef>rl_0000_20</RouteLinkRef>
        <RunTime>PT1M</RunTime>
      </JourneyPatternTimingLink>
      <JourneyPatternTimingLink id="jptl_21">
        <From SequenceNumber="21">
          <StopPointRef>2800S46035B</StopPointRef>
          <TimingStatus>otherPoint</TimingStatus>
        </From>
        <To SequenceNumber="22">
          <StopPointRef>2800S46036B</StopPointRef>
          <TimingStatus>otherPoint</TimingStatus>
        </To>
        <RouteLinkRef>rl_0000_21</RouteLinkRef>
        <RunTime>PT1M</RunTime>
      </JourneyPatternTimingLink>
      <JourneyPatternTimingLink id="jptl_22">
        <From SequenceNumber="22">
          <StopPointRef>2800S46036B</StopPointRef>
          <TimingStatus>otherPoint</TimingStatus>
        </From>
        <To SequenceNumber="23">
          <StopPointRef>2800S46037B</StopPointRef>
          <TimingStatus>otherPoint</TimingStatus>
        </To>
        <RouteLinkRef>rl_0000_22</RouteLinkRef>
        <RunTime>PT1M</RunTime>
      </JourneyPatternTimingLink>
      <JourneyPatternTimingLink id="jptl_23">
        <From SequenceNumber="23">
          <StopPointRef>2800S46037B</StopPointRef>
          <TimingStatus>otherPoint</TimingStatus>
        </From>
        <To SequenceNumber="24">
          <StopPointRef>2800S46085B</StopPointRef>
          <TimingStatus>otherPoint</TimingStatus>
        </To>
        <RouteLinkRef>rl_0000_23</RouteLinkRef>
        <RunTime>PT0S</RunTime>
      </JourneyPatternTimingLink>
      <JourneyPatternTimingLink id="jptl_24">
        <From SequenceNumber="24">
          <StopPointRef>2800S46085B</StopPointRef>
          <TimingStatus>otherPoint</TimingStatus>
        </From>
        <To SequenceNumber="25">
          <StopPointRef>2800S46095A</StopPointRef>
          <TimingStatus>otherPoint</TimingStatus>
        </To>
        <RouteLinkRef>rl_0000_24</RouteLinkRef>
        <RunTime>PT1M</RunTime>
      </JourneyPatternTimingLink>
      <JourneyPatternTimingLink id="jptl_25">
        <From SequenceNumber="25">
          <StopPointRef>2800S46095A</StopPointRef>
          <TimingStatus>otherPoint</TimingStatus>
        </From>
        <To SequenceNumber="26">
          <StopPointRef>2800S46086B</StopPointRef>
          <TimingStatus>otherPoint</TimingStatus>
        </To>
        <RouteLinkRef>rl_0000_25</RouteLinkRef>
        <RunTime>PT1M</RunTime>
      </JourneyPatternTimingLink>
      <JourneyPatternTimingLink id="jptl_26">
        <From SequenceNumber="26">
          <StopPointRef>2800S46086B</StopPointRef>
          <TimingStatus>otherPoint</TimingStatus>
        </From>
        <To SequenceNumber="27">
          <StopPointRef>2800S46096B</StopPointRef>
          <TimingStatus>otherPoint</TimingStatus>
        </To>
        <RouteLinkRef>rl_0000_26</RouteLinkRef>
        <RunTime>PT0S</RunTime>
      </JourneyPatternTimingLink>
      <JourneyPatternTimingLink id="jptl_27">
        <From SequenceNumber="27">
          <StopPointRef>2800S46096B</StopPointRef>
          <TimingStatus>otherPoint</TimingStatus>
        </From>
        <To SequenceNumber="28">
          <StopPointRef>2800S46097B</StopPointRef>
          <TimingStatus>otherPoint</TimingStatus>
        </To>
        <RouteLinkRef>rl_0000_27</RouteLinkRef>
        <RunTime>PT1M</RunTime>
      </JourneyPatternTimingLink>
      <JourneyPatternTimingLink id="jptl_28">
        <From SequenceNumber="28">
          <StopPointRef>2800S46097B</StopPointRef>
          <TimingStatus>otherPoint</TimingStatus>
        </From>
        <To SequenceNumber="29">
          <StopPointRef>2800S46098B</StopPointRef>
          <TimingStatus>principalTimingPoint</TimingStatus>
        </To>
        <RouteLinkRef>rl_0000_28</RouteLinkRef>
        <RunTime>PT1M</RunTime>
      </JourneyPatternTimingLink>
      <JourneyPatternTimingLink id="jptl_29">
        <From SequenceNumber="29">
          <StopPointRef>2800S46098B</StopPointRef>
          <TimingStatus>principalTimingPoint</TimingStatus>
        </From>
        <To SequenceNumber="30">
          <StopPointRef>2800S46157A</StopPointRef>
          <TimingStatus>otherPoint</TimingStatus>
        </To>
        <RouteLinkRef>rl_0000_29</RouteLinkRef>
        <RunTime>PT1M</RunTime>
      </JourneyPatternTimingLink>
      <JourneyPatternTimingLink id="jptl_30">
        <From SequenceNumber="30">
          <StopPointRef>2800S46157A</StopPointRef>
          <TimingStatus>otherPoint</TimingStatus>
        </From>
        <To SequenceNumber="31">
          <StopPointRef>2800S46152B</StopPointRef>
          <TimingStatus>otherPoint</TimingStatus>
        </To>
        <RouteLinkRef>rl_0000_30</RouteLinkRef>
        <RunTime>PT1M</RunTime>
      </JourneyPatternTimingLink>
      <JourneyPatternTimingLink id="jptl_31">
        <From SequenceNumber="31">
          <StopPointRef>2800S46152B</StopPointRef>
          <TimingStatus>otherPoint</TimingStatus>
        </From>
        <To SequenceNumber="32">
          <StopPointRef>2800S46149B</StopPointRef>
          <TimingStatus>otherPoint</TimingStatus>
        </To>
        <RouteLinkRef>rl_0000_31</RouteLinkRef>
        <RunTime>PT0S</RunTime>
      </JourneyPatternTimingLink>
      <JourneyPatternTimingLink id="jptl_32">
        <From SequenceNumber="32">
          <StopPointRef>2800S46149B</StopPointRef>
          <TimingStatus>otherPoint</TimingStatus>
        </From>
        <To SequenceNumber="33">
          <StopPointRef>2800S46148A</StopPointRef>
          <TimingStatus>otherPoint</TimingStatus>
        </To>
        <RouteLinkRef>rl_0000_32</RouteLinkRef>
        <RunTime>PT1M</RunTime>
      </JourneyPatternTimingLink>
      <JourneyPatternTimingLink id="jptl_33">
        <From SequenceNumber="33">
          <StopPointRef>2800S46148A</StopPointRef>
          <TimingStatus>otherPoint</TimingStatus>
        </From>
        <To SequenceNumber="34">
          <StopPointRef>2800S46173A</StopPointRef>
          <TimingStatus>otherPoint</TimingStatus>
        </To>
        <RouteLinkRef>rl_0000_33</RouteLinkRef>
        <RunTime>PT1M</RunTime>
      </JourneyPatternTimingLink>
      <JourneyPatternTimingLink id="jptl_34">
        <From SequenceNumber="34">
          <StopPointRef>2800S46173A</StopPointRef>
          <TimingStatus>otherPoint</TimingStatus>
        </From>
        <To SequenceNumber="35">
          <StopPointRef>2800S46147B</StopPointRef>
          <TimingStatus>otherPoint</TimingStatus>
        </To>
        <RouteLinkRef>rl_0000_34</RouteLinkRef>
        <RunTime>PT0S</RunTime>
      </JourneyPatternTimingLink>
      <JourneyPatternTimingLink id="jptl_35">
        <From SequenceNumber="35">
          <StopPointRef>2800S46147B</StopPointRef>
          <TimingStatus>otherPoint</TimingStatus>
        </From>
        <To SequenceNumber="36">
          <StopPointRef>2800S46146B</StopPointRef>
          <TimingStatus>otherPoint</TimingStatus>
        </To>
        <RouteLinkRef>rl_0000_35</RouteLinkRef>
        <RunTime>PT1M</RunTime>
      </JourneyPatternTimingLink>
      <JourneyPatternTimingLink id="jptl_36">
        <From SequenceNumber="36">
          <StopPointRef>2800S46146B</StopPointRef>
          <TimingStatus>otherPoint</TimingStatus>
        </From>
        <To SequenceNumber="37">
          <StopPointRef>2800S46086A</StopPointRef>
          <TimingStatus>otherPoint</TimingStatus>
        </To>
        <RouteLinkRef>rl_0000_36</RouteLinkRef>
        <RunTime>PT0S</RunTime>
      </JourneyPatternTimingLink>
      <JourneyPatternTimingLink id="jptl_37">
        <From SequenceNumber="37">
          <StopPointRef>2800S46086A</StopPointRef>
          <TimingStatus>otherPoint</TimingStatus>
        </From>
        <To SequenceNumber="38">
          <StopPointRef>2800S46095B</StopPointRef>
          <TimingStatus>otherPoint</TimingStatus>
        </To>
        <RouteLinkRef>rl_0000_37</RouteLinkRef>
        <RunTime>PT0S</RunTime>
      </JourneyPatternTimingLink>
      <JourneyPatternTimingLink id="jptl_38">
        <From SequenceNumber="38">
          <StopPointRef>2800S46095B</StopPointRef>
          <TimingStatus>otherPoint</TimingStatus>
        </From>
        <To SequenceNumber="39">
          <StopPointRef>2800S46085A</StopPointRef>
          <TimingStatus>otherPoint</TimingStatus>
        </To>
        <RouteLinkRef>rl_0000_38</RouteLinkRef>
        <RunTime>PT1M</RunTime>
      </JourneyPatternTimingLink>
      <JourneyPatternTimingLink id="jptl_39">
        <From SequenceNumber="39">
          <StopPointRef>2800S46085A</StopPointRef>
          <TimingStatus>otherPoint</TimingStatus>
        </From>
        <To SequenceNumber="40">
          <StopPointRef>2800S46037A</StopPointRef>
          <TimingStatus>otherPoint</TimingStatus>
        </To>
        <RouteLinkRef>rl_0000_39</RouteLinkRef>
        <RunTime>PT1M</RunTime>
      </JourneyPatternTimingLink>
      <JourneyPatternTimingLink id="jptl_40">
        <From SequenceNumber="40">
          <StopPointRef>2800S46037A</StopPointRef>
          <TimingStatus>otherPoint</TimingStatus>
        </From>
        <To SequenceNumber="41">
          <StopPointRef>2800S46036A</StopPointRef>
          <TimingStatus>otherPoint</TimingStatus>
        </To>
        <RouteLinkRef>rl_0000_40</RouteLinkRef>
        <RunTime>PT0S</RunTime>
      </JourneyPatternTimingLink>
      <JourneyPatternTimingLink id="jptl_41">
        <From SequenceNumber="41">
          <StopPointRef>2800S46036A</StopPointRef>
          <TimingStatus>otherPoint</TimingStatus>
        </From>
        <To SequenceNumber="42">
          <StopPointRef>2800S46035A</StopPointRef>
          <TimingStatus>otherPoint</TimingStatus>
        </To>
        <RouteLinkRef>rl_0000_41</RouteLinkRef>
        <RunTime>PT1M</RunTime>
      </JourneyPatternTimingLink>
      <JourneyPatternTimingLink id="jptl_42">
        <From SequenceNumber="42">
          <StopPointRef>2800S46035A</StopPointRef>
          <TimingStatus>otherPoint</TimingStatus>
        </From>
        <To SequenceNumber="43">
          <StopPointRef>2800S46034A</StopPointRef>
          <TimingStatus>otherPoint</TimingStatus>
        </To>
        <RouteLinkRef>rl_0000_42</RouteLinkRef>
        <RunTime>PT1M</RunTime>
      </JourneyPatternTimingLink>
      <JourneyPatternTimingLink id="jptl_43">
        <From SequenceNumber="43">
          <StopPointRef>2800S46034A</StopPointRef>
          <TimingStatus>otherPoint</TimingStatus>
        </From>
        <To SequenceNumber="44">
          <StopPointRef>2800S46033A</StopPointRef>
          <TimingStatus>otherPoint</TimingStatus>
        </To>
        <RouteLinkRef>rl_0000_43</RouteLinkRef>
        <RunTime>PT0S</RunTime>
      </JourneyPatternTimingLink>
      <JourneyPatternTimingLink id="jptl_44">
        <From SequenceNumber="44">
          <StopPointRef>2800S46033A</StopPointRef>
          <TimingStatus>otherPoint</TimingStatus>
        </From>
        <To SequenceNumber="45">
          <StopPointRef>2800S40068E</StopPointRef>
          <TimingStatus>principalTimingPoint</TimingStatus>
        </To>
        <RouteLinkRef>rl_0000_44</RouteLinkRef>
        <RunTime>PT1M</RunTime>
      </JourneyPatternTimingLink>
      <JourneyPatternTimingLink id="jptl_45">
        <From SequenceNumber="45">
          <StopPointRef>2800S40068E</StopPointRef>
          <TimingStatus>principalTimingPoint</TimingStatus>
        </From>
        <To SequenceNumber="46">
          <StopPointRef>2800S40067B</StopPointRef>
          <TimingStatus>otherPoint</TimingStatus>
        </To>
        <RouteLinkRef>rl_0000_45</RouteLinkRef>
        <RunTime>PT1M</RunTime>
      </JourneyPatternTimingLink>
      <JourneyPatternTimingLink id="jptl_46">
        <From SequenceNumber="46">
          <StopPointRef>2800S40067B</StopPointRef>
          <TimingStatus>otherPoint</TimingStatus>
        </From>
        <To SequenceNumber="47">
          <Activity>setDown</Activity>
          <StopPointRef>2800S40026D</StopPointRef>
          <TimingStatus>principalTimingPoint</TimingStatus>
        </To>
        <RouteLinkRef>rl_0000_46</RouteLinkRef>
        <RunTime>PT1M</RunTime>
      </JourneyPatternTimingLink>
    </JourneyPatternSection>
    <JourneyPatternSection id="js_2">
      <JourneyPatternTimingLink id="jptl_47">
        <From SequenceNumber="1">
          <Activity>pickUp</Activity>
          <StopPointRef>2800S42098E</StopPointRef>
          <TimingStatus>principalTimingPoint</TimingStatus>
        </From>
        <To SequenceNumber="2">
          <StopPointRef>2800S42021C</StopPointRef>
          <TimingStatus>otherPoint</TimingStatus>
        </To>
        <RouteLinkRef>rl_0001_1</RouteLinkRef>
        <RunTime>PT2M</RunTime>
      </JourneyPatternTimingLink>
      <JourneyPatternTimingLink id="jptl_48">
        <From SequenceNumber="2">
          <StopPointRef>2800S42021C</StopPointRef>
          <TimingStatus>otherPoint</TimingStatus>
        </From>
        <To SequenceNumber="3">
          <StopPointRef>2800S42022B</StopPointRef>
          <TimingStatus>otherPoint</TimingStatus>
        </To>
        <RouteLinkRef>rl_0001_2</RouteLinkRef>
        <RunTime>PT1M</RunTime>
      </JourneyPatternTimingLink>
      <JourneyPatternTimingLink id="jptl_49">
        <From SequenceNumber="3">
          <StopPointRef>2800S42022B</StopPointRef>
          <TimingStatus>otherPoint</TimingStatus>
        </From>
        <To SequenceNumber="4">
          <StopPointRef>2800S42023A</StopPointRef>
          <TimingStatus>otherPoint</TimingStatus>
        </To>
        <RouteLinkRef>rl_0001_3</RouteLinkRef>
        <RunTime>PT5M</RunTime>
      </JourneyPatternTimingLink>
      <JourneyPatternTimingLink id="jptl_50">
        <From SequenceNumber="4">
          <StopPointRef>2800S42023A</StopPointRef>
          <TimingStatus>otherPoint</TimingStatus>
        </From>
        <To SequenceNumber="5">
          <StopPointRef>2800S42057D</StopPointRef>
          <TimingStatus>otherPoint</TimingStatus>
        </To>
        <RouteLinkRef>rl_0001_4</RouteLinkRef>
        <RunTime>PT2M</RunTime>
      </JourneyPatternTimingLink>
      <JourneyPatternTimingLink id="jptl_51">
        <From SequenceNumber="5">
          <StopPointRef>2800S42057D</StopPointRef>
          <TimingStatus>otherPoint</TimingStatus>
        </From>
        <To SequenceNumber="6">
          <StopPointRef>2800S42015F</StopPointRef>
          <TimingStatus>otherPoint</TimingStatus>
        </To>
        <RouteLinkRef>rl_0001_5</RouteLinkRef>
        <RunTime>PT1M</RunTime>
      </JourneyPatternTimingLink>
      <JourneyPatternTimingLink id="jptl_52">
        <From SequenceNumber="6">
          <StopPointRef>2800S42015F</StopPointRef>
          <TimingStatus>otherPoint</TimingStatus>
        </From>
        <To SequenceNumber="7">
          <StopPointRef>2800S42016E</StopPointRef>
          <TimingStatus>principalTimingPoint</TimingStatus>
        </To>
        <RouteLinkRef>rl_0001_6</RouteLinkRef>
        <RunTime>PT2M</RunTime>
      </JourneyPatternTimingLink>
      <JourneyPatternTimingLink id="jptl_53">
        <From SequenceNumber="7">
          <StopPointRef>2800S42016E</StopPointRef>
          <TimingStatus>principalTimingPoint</TimingStatus>
        </From>
        <To SequenceNumber="8">
          <StopPointRef>2800S42027C</StopPointRef>
          <TimingStatus>otherPoint</TimingStatus>
        </To>
        <RouteLinkRef>rl_0001_7</RouteLinkRef>
        <RunTime>PT1M</RunTime>
      </JourneyPatternTimingLink>
      <JourneyPatternTimingLink id="jptl_54">
        <From SequenceNumber="8">
          <StopPointRef>2800S42027C</StopPointRef>
          <TimingStatus>otherPoint</TimingStatus>
        </From>
        <To SequenceNumber="9">
          <StopPointRef>2800S40020B</StopPointRef>
          <TimingStatus>otherPoint</TimingStatus>
        </To>
        <RouteLinkRef>rl_0001_8</RouteLinkRef>
        <RunTime>PT1M</RunTime>
      </JourneyPatternTimingLink>
      <JourneyPatternTimingLink id="jptl_55">
        <From SequenceNumber="9">
          <StopPointRef>2800S40020B</StopPointRef>
          <TimingStatus>otherPoint</TimingStatus>
        </From>
        <To SequenceNumber="10">
          <StopPointRef>2800S40021C</StopPointRef>
          <TimingStatus>otherPoint</TimingStatus>
        </To>
        <RouteLinkRef>rl_0001_9</RouteLinkRef>
        <RunTime>PT1M</RunTime>
      </JourneyPatternTimingLink>
      <JourneyPatternTimingLink id="jptl_56">
        <From SequenceNumber="10">
          <StopPointRef>2800S40021C</StopPointRef>
          <TimingStatus>otherPoint</TimingStatus>
        </From>
        <To SequenceNumber="11">
          <StopPointRef>2800S40022C</StopPointRef>
          <TimingStatus>otherPoint</TimingStatus>
        </To>
        <RouteLinkRef>rl_0001_10</RouteLinkRef>
        <RunTime>PT1M</RunTime>
      </JourneyPatternTimingLink>
      <JourneyPatternTimingLink id="jptl_57">
        <From SequenceNumber="11">
          <StopPointRef>2800S40022C</StopPointRef>
          <TimingStatus>otherPoint</TimingStatus>
        </From>
        <To SequenceNumber="12">
          <StopPointRef>2800S40023B</StopPointRef>
          <TimingStatus>otherPoint</TimingStatus>
        </To>
        <RouteLinkRef>rl_0001_11</RouteLinkRef>
        <RunTime>PT1M</RunTime>
      </JourneyPatternTimingLink>
      <JourneyPatternTimingLink id="jptl_58">
        <From SequenceNumber="12">
          <StopPointRef>2800S40023B</StopPointRef>
          <TimingStatus>otherPoint</TimingStatus>
        </From>
        <To SequenceNumber="13">
          <StopPointRef>2800S40024E</StopPointRef>
          <TimingStatus>otherPoint</TimingStatus>
        </To>
        <RouteLinkRef>rl_0001_12</RouteLinkRef>
        <RunTime>PT1M</RunTime>
      </JourneyPatternTimingLink>
      <JourneyPatternTimingLink id="jptl_59">
        <From SequenceNumber="13">
          <StopPointRef>2800S40024E</StopPointRef>
          <TimingStatus>otherPoint</TimingStatus>
        </From>
        <To SequenceNumber="14">
          <StopPointRef>2800S40025E</StopPointRef>
          <TimingStatus>otherPoint</TimingStatus>
        </To>
        <RouteLinkRef>rl_0001_13</RouteLinkRef>
        <RunTime>PT2M</RunTime>
      </JourneyPatternTimingLink>
      <JourneyPatternTimingLink id="jptl_60">
        <From SequenceNumber="14">
          <StopPointRef>2800S40025E</StopPointRef>
          <TimingStatus>otherPoint</TimingStatus>
        </From>
        <To SequenceNumber="15">
          <StopPointRef>2800S40026A</StopPointRef>
          <TimingStatus>principalTimingPoint</TimingStatus>
        </To>
        <RouteLinkRef>rl_0001_14</RouteLinkRef>
        <RunTime>PT1M</RunTime>
      </JourneyPatternTimingLink>
      <JourneyPatternTimingLink id="jptl_61">
        <From SequenceNumber="15">
          <StopPointRef>2800S40026A</StopPointRef>
          <TimingStatus>principalTimingPoint</TimingStatus>
        </From>
        <To SequenceNumber="16">
          <StopPointRef>2800S40067A</StopPointRef>
          <TimingStatus>otherPoint</TimingStatus>
        </To>
        <RouteLinkRef>rl_0001_15</RouteLinkRef>
        <RunTime>PT1M</RunTime>
      </JourneyPatternTimingLink>
      <JourneyPatternTimingLink id="jptl_62">
        <From SequenceNumber="16">
          <StopPointRef>2800S40067A</StopPointRef>
          <TimingStatus>otherPoint</TimingStatus>
        </From>
        <To SequenceNumber="17">
          <StopPointRef>2800S40068A</StopPointRef>
          <TimingStatus>otherPoint</TimingStatus>
        </To>
        <RouteLinkRef>rl_0001_16</RouteLinkRef>
        <RunTime>PT0S</RunTime>
      </JourneyPatternTimingLink>
      <JourneyPatternTimingLink id="jptl_63">
        <From SequenceNumber="17">
          <StopPointRef>2800S40068A</StopPointRef>
          <TimingStatus>otherPoint</TimingStatus>
        </From>
        <To SequenceNumber="18">
          <StopPointRef>2800S40068C</StopPointRef>
          <TimingStatus>otherPoint</TimingStatus>
        </To>
        <RouteLinkRef>rl_0001_17</RouteLinkRef>
        <RunTime>PT1M</RunTime>
      </JourneyPatternTimingLink>
      <JourneyPatternTimingLink id="jptl_64">
        <From SequenceNumber="18">
          <StopPointRef>2800S40068C</StopPointRef>
          <TimingStatus>otherPoint</TimingStatus>
        </From>
        <To SequenceNumber="19">
          <StopPointRef>2800S46033B</StopPointRef>
          <TimingStatus>otherPoint</TimingStatus>
        </To>
        <RouteLinkRef>rl_0001_18</RouteLinkRef>
        <RunTime>PT0S</RunTime>
      </JourneyPatternTimingLink>
      <JourneyPatternTimingLink id="jptl_65">
        <From SequenceNumber="19">
          <StopPointRef>2800S46033B</StopPointRef>
          <TimingStatus>otherPoint</TimingStatus>
        </From>
        <To SequenceNumber="20">
          <StopPointRef>2800S46034D</StopPointRef>
          <TimingStatus>otherPoint</TimingStatus>
        </To>
        <RouteLinkRef>rl_0001_19</RouteLinkRef>
        <RunTime>PT1M</RunTime>
      </JourneyPatternTimingLink>
      <JourneyPatternTimingLink id="jptl_66">
        <From SequenceNumber="20">
          <StopPointRef>2800S46034D</StopPointRef>
          <TimingStatus>otherPoint</TimingStatus>
        </From>
        <To SequenceNumber="21">
          <StopPointRef>2800S46035B</StopPointRef>
          <TimingStatus>otherPoint</TimingStatus>
        </To>
        <RouteLinkRef>rl_0001_20</RouteLinkRef>
        <RunTime>PT1M</RunTime>
      </JourneyPatternTimingLink>
      <JourneyPatternTimingLink id="jptl_67">
        <From SequenceNumber="21">
          <StopPointRef>2800S46035B</StopPointRef>
          <TimingStatus>otherPoint</TimingStatus>
        </From>
        <To SequenceNumber="22">
          <StopPointRef>2800S46036B</StopPointRef>
          <TimingStatus>otherPoint</TimingStatus>
        </To>
        <RouteLinkRef>rl_0001_21</RouteLinkRef>
        <RunTime>PT0S</RunTime>
      </JourneyPatternTimingLink>
      <JourneyPatternTimingLink id="jptl_68">
        <From SequenceNumber="22">
          <StopPointRef>2800S46036B</StopPointRef>
          <TimingStatus>otherPoint</TimingStatus>
        </From>
        <To SequenceNumber="23">
          <StopPointRef>2800S46037B</StopPointRef>
          <TimingStatus>otherPoint</TimingStatus>
        </To>
        <RouteLinkRef>rl_0001_22</RouteLinkRef>
        <RunTime>PT1M</RunTime>
      </JourneyPatternTimingLink>
      <JourneyPatternTimingLink id="jptl_69">
        <From SequenceNumber="23">
          <StopPointRef>2800S46037B</StopPointRef>
          <TimingStatus>otherPoint</TimingStatus>
        </From>
        <To SequenceNumber="24">
          <StopPointRef>2800S46085B</StopPointRef>
          <TimingStatus>otherPoint</TimingStatus>
        </To>
        <RouteLinkRef>rl_0001_23</RouteLinkRef>
        <RunTime>PT0S</RunTime>
      </JourneyPatternTimingLink>
      <JourneyPatternTimingLink id="jptl_70">
        <From SequenceNumber="24">
          <StopPointRef>2800S46085B</StopPointRef>
          <TimingStatus>otherPoint</TimingStatus>
        </From>
        <To SequenceNumber="25">
          <StopPointRef>2800S46095A</StopPointRef>
          <TimingStatus>otherPoint</TimingStatus>
        </To>
        <RouteLinkRef>rl_0001_24</RouteLinkRef>
        <RunTime>PT1M</RunTime>
      </JourneyPatternTimingLink>
      <JourneyPatternTimingLink id="jptl_71">
        <From SequenceNumber="25">
          <StopPointRef>2800S46095A</StopPointRef>
          <TimingStatus>otherPoint</TimingStatus>
        </From>
        <To SequenceNumber="26">
          <StopPointRef>2800S46086B</StopPointRef>
          <TimingStatus>otherPoint</TimingStatus>
        </To>
        <RouteLinkRef>rl_0001_25</RouteLinkRef>
        <RunTime>PT0S</RunTime>
      </JourneyPatternTimingLink>
      <JourneyPatternTimingLink id="jptl_72">
        <From SequenceNumber="26">
          <StopPointRef>2800S46086B</StopPointRef>
          <TimingStatus>otherPoint</TimingStatus>
        </From>
        <To SequenceNumber="27">
          <StopPointRef>2800S46096B</StopPointRef>
          <TimingStatus>otherPoint</TimingStatus>
        </To>
        <RouteLinkRef>rl_0001_26</RouteLinkRef>
        <RunTime>PT2M</RunTime>
      </JourneyPatternTimingLink>
      <JourneyPatternTimingLink id="jptl_73">
        <From SequenceNumber="27">
          <StopPointRef>2800S46096B</StopPointRef>
          <TimingStatus>otherPoint</TimingStatus>
        </From>
        <To SequenceNumber="28">
          <StopPointRef>2800S46097B</StopPointRef>
          <TimingStatus>otherPoint</TimingStatus>
        </To>
        <RouteLinkRef>rl_0001_27</RouteLinkRef>
        <RunTime>PT0S</RunTime>
      </JourneyPatternTimingLink>
      <JourneyPatternTimingLink id="jptl_74">
        <From SequenceNumber="28">
          <StopPointRef>2800S46097B</StopPointRef>
          <TimingStatus>otherPoint</TimingStatus>
        </From>
        <To SequenceNumber="29">
          <StopPointRef>2800S46098B</StopPointRef>
          <TimingStatus>principalTimingPoint</TimingStatus>
        </To>
        <RouteLinkRef>rl_0001_28</RouteLinkRef>
        <RunTime>PT1M</RunTime>
      </JourneyPatternTimingLink>
      <JourneyPatternTimingLink id="jptl_75">
        <From SequenceNumber="29">
          <StopPointRef>2800S46098B</StopPointRef>
          <TimingStatus>principalTimingPoint</TimingStatus>
        </From>
        <To SequenceNumber="30">
          <StopPointRef>2800S46157A</StopPointRef>
          <TimingStatus>otherPoint</TimingStatus>
        </To>
        <RouteLinkRef>rl_0001_29</RouteLinkRef>
        <RunTime>PT0S</RunTime>
      </JourneyPatternTimingLink>
      <JourneyPatternTimingLink id="jptl_76">
        <From SequenceNumber="30">
          <StopPointRef>2800S46157A</StopPointRef>
          <TimingStatus>otherPoint</TimingStatus>
        </From>
        <To SequenceNumber="31">
          <StopPointRef>2800S46152B</StopPointRef>
          <TimingStatus>otherPoint</TimingStatus>
        </To>
        <RouteLinkRef>rl_0001_30</RouteLinkRef>
        <RunTime>PT2M</RunTime>
      </JourneyPatternTimingLink>
      <JourneyPatternTimingLink id="jptl_77">
        <From SequenceNumber="31">
          <StopPointRef>2800S46152B</StopPointRef>
          <TimingStatus>otherPoint</TimingStatus>
        </From>
        <To SequenceNumber="32">
          <StopPointRef>2800S46149B</StopPointRef>
          <TimingStatus>otherPoint</TimingStatus>
        </To>
        <RouteLinkRef>rl_0001_31</RouteLinkRef>
        <RunTime>PT0S</RunTime>
      </JourneyPatternTimingLink>
      <JourneyPatternTimingLink id="jptl_78">
        <From SequenceNumber="32">
          <StopPointRef>2800S46149B</StopPointRef>
          <TimingStatus>otherPoint</TimingStatus>
        </From>
        <To SequenceNumber="33">
          <StopPointRef>2800S46148A</StopPointRef>
          <TimingStatus>otherPoint</TimingStatus>
        </To>
        <RouteLinkRef>rl_0001_32</RouteLinkRef>
        <RunTime>PT1M</RunTime>
      </JourneyPatternTimingLink>
      <JourneyPatternTimingLink id="jptl_79">
        <From SequenceNumber="33">
          <StopPointRef>2800S46148A</StopPointRef>
          <TimingStatus>otherPoint</TimingStatus>
        </From>
        <To SequenceNumber="34">
          <StopPointRef>2800S46173A</StopPointRef>
          <TimingStatus>otherPoint</TimingStatus>
        </To>
        <RouteLinkRef>rl_0001_33</RouteLinkRef>
        <RunTime>PT0S</RunTime>
      </JourneyPatternTimingLink>
      <JourneyPatternTimingLink id="jptl_80">
        <From SequenceNumber="34">
          <StopPointRef>2800S46173A</StopPointRef>
          <TimingStatus>otherPoint</TimingStatus>
        </From>
        <To SequenceNumber="35">
          <StopPointRef>2800S46147B</StopPointRef>
          <TimingStatus>otherPoint</TimingStatus>
        </To>
        <RouteLinkRef>rl_0001_34</RouteLinkRef>
        <RunTime>PT1M</RunTime>
      </JourneyPatternTimingLink>
      <JourneyPatternTimingLink id="jptl_81">
        <From SequenceNumber="35">
          <StopPointRef>2800S46147B</StopPointRef>
          <TimingStatus>otherPoint</TimingStatus>
        </From>
        <To SequenceNumber="36">
          <StopPointRef>2800S46146B</StopPointRef>
          <TimingStatus>otherPoint</TimingStatus>
        </To>
        <RouteLinkRef>rl_0001_35</RouteLinkRef>
        <RunTime>PT0S</RunTime>
      </JourneyPatternTimingLink>
      <JourneyPatternTimingLink id="jptl_82">
        <From SequenceNumber="36">
          <StopPointRef>2800S46146B</StopPointRef>
          <TimingStatus>otherPoint</TimingStatus>
        </From>
        <To SequenceNumber="37">
          <StopPointRef>2800S46086A</StopPointRef>
          <TimingStatus>otherPoint</TimingStatus>
        </To>
        <RouteLinkRef>rl_0001_36</RouteLinkRef>
        <RunTime>PT1M</RunTime>
      </JourneyPatternTimingLink>
      <JourneyPatternTimingLink id="jptl_83">
        <From SequenceNumber="37">
          <StopPointRef>2800S46086A</StopPointRef>
          <TimingStatus>otherPoint</TimingStatus>
        </From>
        <To SequenceNumber="38">
          <StopPointRef>2800S46095B</StopPointRef>
          <TimingStatus>otherPoint</TimingStatus>
        </To>
        <RouteLinkRef>rl_0001_37</RouteLinkRef>
        <RunTime>PT1M</RunTime>
      </JourneyPatternTimingLink>
      <JourneyPatternTimingLink id="jptl_84">
        <From SequenceNumber="38">
          <StopPointRef>2800S46095B</StopPointRef>
          <TimingStatus>otherPoint</TimingStatus>
        </From>
        <To SequenceNumber="39">
          <StopPointRef>2800S46085A</StopPointRef>
          <TimingStatus>otherPoint</TimingStatus>
        </To>
        <RouteLinkRef>rl_0001_38</RouteLinkRef>
        <RunTime>PT0S</RunTime>
      </JourneyPatternTimingLink>
      <JourneyPatternTimingLink id="jptl_85">
        <From SequenceNumber="39">
          <StopPointRef>2800S46085A</StopPointRef>
          <TimingStatus>otherPoint</TimingStatus>
        </From>
        <To SequenceNumber="40">
          <StopPointRef>2800S46037A</StopPointRef>
          <TimingStatus>otherPoint</TimingStatus>
        </To>
        <RouteLinkRef>rl_0001_39</RouteLinkRef>
        <RunTime>PT1M</RunTime>
      </JourneyPatternTimingLink>
      <JourneyPatternTimingLink id="jptl_86">
        <From SequenceNumber="40">
          <StopPointRef>2800S46037A</StopPointRef>
          <TimingStatus>otherPoint</TimingStatus>
        </From>
        <To SequenceNumber="41">
          <StopPointRef>2800S46036A</StopPointRef>
          <TimingStatus>otherPoint</TimingStatus>
        </To>
        <RouteLinkRef>rl_0001_40</RouteLinkRef>
        <RunTime>PT1M</RunTime>
      </JourneyPatternTimingLink>
      <JourneyPatternTimingLink id="jptl_87">
        <From SequenceNumber="41">
          <StopPointRef>2800S46036A</StopPointRef>
          <TimingStatus>otherPoint</TimingStatus>
        </From>
        <To SequenceNumber="42">
          <StopPointRef>2800S46035A</StopPointRef>
          <TimingStatus>otherPoint</TimingStatus>
        </To>
        <RouteLinkRef>rl_0001_41</RouteLinkRef>
        <RunTime>PT0S</RunTime>
      </JourneyPatternTimingLink>
      <JourneyPatternTimingLink id="jptl_88">
        <From SequenceNumber="42">
          <StopPointRef>2800S46035A</StopPointRef>
          <TimingStatus>otherPoint</TimingStatus>
        </From>
        <To SequenceNumber="43">
          <StopPointRef>2800S46034A</StopPointRef>
          <TimingStatus>otherPoint</TimingStatus>
        </To>
        <RouteLinkRef>rl_0001_42</RouteLinkRef>
        <RunTime>PT1M</RunTime>
      </JourneyPatternTimingLink>
      <JourneyPatternTimingLink id="jptl_89">
        <From SequenceNumber="43">
          <StopPointRef>2800S46034A</StopPointRef>
          <TimingStatus>otherPoint</TimingStatus>
        </From>
        <To SequenceNumber="44">
          <StopPointRef>2800S46033A</StopPointRef>
          <TimingStatus>otherPoint</TimingStatus>
        </To>
        <RouteLinkRef>rl_0001_43</RouteLinkRef>
        <RunTime>PT0S</RunTime>
      </JourneyPatternTimingLink>
      <JourneyPatternTimingLink id="jptl_90">
        <From SequenceNumber="44">
          <StopPointRef>2800S46033A</StopPointRef>
          <TimingStatus>otherPoint</TimingStatus>
        </From>
        <To SequenceNumber="45">
          <StopPointRef>2800S40068E</StopPointRef>
          <TimingStatus>principalTimingPoint</TimingStatus>
        </To>
        <RouteLinkRef>rl_0001_44</RouteLinkRef>
        <RunTime>PT1M</RunTime>
      </JourneyPatternTimingLink>
      <JourneyPatternTimingLink id="jptl_91">
        <From SequenceNumber="45">
          <StopPointRef>2800S40068E</StopPointRef>
          <TimingStatus>principalTimingPoint</TimingStatus>
        </From>
        <To SequenceNumber="46">
          <StopPointRef>2800S40067B</StopPointRef>
          <TimingStatus>otherPoint</TimingStatus>
        </To>
        <RouteLinkRef>rl_0001_45</RouteLinkRef>
        <RunTime>PT1M</RunTime>
      </JourneyPatternTimingLink>
      <JourneyPatternTimingLink id="jptl_92">
        <From SequenceNumber="46">
          <StopPointRef>2800S40067B</StopPointRef>
          <TimingStatus>otherPoint</TimingStatus>
        </From>
        <To SequenceNumber="47">
          <Activity>setDown</Activity>
          <StopPointRef>2800S40026D</StopPointRef>
          <TimingStatus>principalTimingPoint</TimingStatus>
        </To>
        <RouteLinkRef>rl_0001_46</RouteLinkRef>
        <RunTime>PT1M</RunTime>
      </JourneyPatternTimingLink>
    </JourneyPatternSection>
  </JourneyPatternSections>
  <Operators>
    <Operator id="tkt_oid">
      <NationalOperatorCode>AMSY</NationalOperatorCode>
      <OperatorCode>ANW</OperatorCode>
      <OperatorShortName>Arriva Merseyside</OperatorShortName>
      <LicenceNumber>PC0001141</LicenceNumber>
    </Operator>
  </Operators>
  <Services>
    <Service>
      <ServiceCode>PC0001141:333</ServiceCode>
      <Lines>
        <Line id="AMSY:PC0001141:333:18">
          <LineName>18</LineName>
          <OutboundDescription>
            <Description>Liverpool to Croxteth Park Circular</Description>
          </OutboundDescription>
          <InboundDescription>
            <Description>Croxteth Park Circular to Liverpool</Description>
          </InboundDescription>
        </Line>
      </Lines>
      <OperatingPeriod>
        <StartDate>2024-01-02</StartDate>
      </OperatingPeriod>
      <OperatingProfile>
        <RegularDayType>
          <DaysOfWeek>
            <Monday />
            <Tuesday />
            <Wednesday />
            <Thursday />
            <Friday />
          </DaysOfWeek>
        </RegularDayType>
        <BankHolidayOperation>
          <DaysOfNonOperation>
            <ChristmasDay />
            <BoxingDay />
            <GoodFriday />
            <NewYearsDay />
            <LateSummerBankHolidayNotScotland />
            <MayDay />
            <EasterMonday />
            <SpringBank />
            <ChristmasDayHoliday />
            <BoxingDayHoliday />
            <NewYearsDayHoliday />
            <ChristmasEve />
            <NewYearsEve />
          </DaysOfNonOperation>
        </BankHolidayOperation>
      </OperatingProfile>
      <RegisteredOperatorRef>tkt_oid</RegisteredOperatorRef>
      <PublicUse>true</PublicUse>
      <StandardService>
        <Origin>Liverpool</Origin>
        <Destination>Croxteth Park Circular</Destination>
        <JourneyPattern id="jp_1">
          <DestinationDisplay>Santon Avenue</DestinationDisplay>
          <OperatorRef>tkt_oid</OperatorRef>
          <Direction>outbound</Direction>
          <RouteRef>rt_0000</RouteRef>
          <JourneyPatternSectionRefs>js_1</JourneyPatternSectionRefs>
        </JourneyPattern>
        <JourneyPattern id="jp_2">
          <DestinationDisplay>Santon Avenue</DestinationDisplay>
          <OperatorRef>tkt_oid</OperatorRef>
          <Direction>outbound</Direction>
          <RouteRef>rt_0001</RouteRef>
          <JourneyPatternSectionRefs>js_2</JourneyPatternSectionRefs>
        </JourneyPattern>
      </StandardService>
    </Service>
  </Services>
  <VehicleJourneys>
    <VehicleJourney>
      <OperatorRef>tkt_oid</OperatorRef>
      <Operational>
        <TicketMachine>
          <JourneyCode>1151</JourneyCode>
        </TicketMachine>
      </Operational>
      <VehicleJourneyCode>vj_1</VehicleJourneyCode>
      <ServiceRef>PC0001141:333</ServiceRef>
      <LineRef>AMSY:PC0001141:333:18</LineRef>
      <JourneyPatternRef>jp_1</JourneyPatternRef>
      <DepartureTime>23:02:00</DepartureTime>
    </VehicleJourney>
    <VehicleJourney>
      <OperatorRef>tkt_oid</OperatorRef>
      <Operational>
        <TicketMachine>
          <JourneyCode>1153</JourneyCode>
        </TicketMachine>
      </Operational>
      <VehicleJourneyCode>vj_2</VehicleJourneyCode>
      <ServiceRef>PC0001141:333</ServiceRef>
      <LineRef>AMSY:PC0001141:333:18</LineRef>
      <JourneyPatternRef>jp_2</JourneyPatternRef>
      <DepartureTime>23:32:00</DepartureTime>
    </VehicleJourney>
  </VehicleJourneys>
</TransXChange>