<?xml version="1.0" encoding="utf-8"?>
<TransXChange xmlns:xsi="http://www.w3.org/2001/XMLSchema-instance" SchemaVersion="2.4" CreationDateTime="2024-07-15T08:53:39" ModificationDateTime="2024-07-25T10:49:20" Modification="revise" RevisionNumber="2" FileName="AMSY_12E_AMSYPC000114113612_20240721_-_1900480.xml" xmlns="http://www.transxchange.org.uk/">
  <StopPoints>
    <AnnotatedStopPointRef>
      <StopPointRef>2800S42098D</StopPointRef>
      <CommonName>Liverpool ONE Bus Station</CommonName>
      <Location>
        <Longitude>-2.988097</Longitude>
        <Latitude>53.401968</Latitude>
      </Location>
    </AnnotatedStopPointRef>
    <AnnotatedStopPointRef>
      <StopPointRef>2800S42004C</StopPointRef>
      <CommonName>Mann Island</CommonName>
      <Location>
        <Longitude>-2.993597</Longitude>
        <Latitude>53.404759</Latitude>
      </Location>
    </AnnotatedStopPointRef>
    <AnnotatedStopPointRef>
      <StopPointRef>2800S42011B</StopPointRef>
      <CommonName>Old Hall Street</CommonName>
      <Location>
        <Longitude>-2.992890</Longitude>
        <Latitude>53.407992</Latitude>
      </Location>
    </AnnotatedStopPointRef>
    <AnnotatedStopPointRef>
      <StopPointRef>2800S42012A</StopPointRef>
      <CommonName>Bixteth Street</CommonName>
      <Location>
        <Longitude>-2.990839</Longitude>
        <Latitude>53.409060</Latitude>
      </Location>
    </AnnotatedStopPointRef>
    <AnnotatedStopPointRef>
      <StopPointRef>2800S42012D</StopPointRef>
      <CommonName>Smithfield Street</CommonName>
      <Location>
        <Longitude>-2.988972</Longitude>
        <Latitude>53.410307</Latitude>
      </Location>
    </AnnotatedStopPointRef>
    <AnnotatedStopPointRef>
      <StopPointRef>2800S42013B</StopPointRef>
      <CommonName>Johnson Street</CommonName>
      <Location>
        <Longitude>-2.986194</Longitude>
        <Latitude>53.411193</Latitude>
      </Location>
    </AnnotatedStopPointRef>
    <AnnotatedStopPointRef>
      <StopPointRef>2800S42023E</StopPointRef>
      <CommonName>Queen Square Bus Station</CommonName>
      <Location>
        <Longitude>-2.982547</Longitude>
        <Latitude>53.407697</Latitude>
      </Location>
    </AnnotatedStopPointRef>
    <AnnotatedStopPointRef>
      <StopPointRef>2800S42023H</StopPointRef>
      <CommonName>Queen Square Bus Station</CommonName>
      <Location>
        <Longitude>-2.982547</Longitude>
        <Latitude>53.407697</Latitude>
      </Location>
    </AnnotatedStopPointRef>
    <AnnotatedStopPointRef>
      <StopPointRef>2800S42057D</StopPointRef>
      <CommonName>Wilde Street</CommonName>
      <Location>
        <Longitude>-2.975893</Longitude>
        <Latitude>53.409399</Latitude>
      </Location>
    </AnnotatedStopPointRef>
    <AnnotatedStopPointRef>
      <StopPointRef>2800S42015F</StopPointRef>
      <CommonName>Pembroke Place</CommonName>
      <Location>
        <Longitude>-2.972578</Longitude>
        <Latitude>53.409157</Latitude>
      </Location>
    </AnnotatedStopPointRef>
    <AnnotatedStopPointRef>
      <StopPointRef>2800S42016E</StopPointRef>
      <CommonName>Falkland Street</CommonName>
      <Location>
        <Longitude>-2.969156</Longitude>
        <Latitude>53.410155</Latitude>
      </Location>
    </AnnotatedStopPointRef>
    <AnnotatedStopPointRef>
      <StopPointRef>2800S42027C</StopPointRef>
      <CommonName>Shaw Street</CommonName>
      <Location>
        <Longitude>-2.966871</Longitude>
        <Latitude>53.412241</Latitude>
      </Location>
    </AnnotatedStopPointRef>
    <AnnotatedStopPointRef>
      <StopPointRef>2800S40020B</StopPointRef>
      <CommonName>Caird Street</CommonName>
      <Location>
        <Longitude>-2.959325</Longitude>
        <Latitude>53.415214</Latitude>
      </Location>
    </AnnotatedStopPointRef>
    <AnnotatedStopPointRef>
      <StopPointRef>2800S40021C</StopPointRef>
      <CommonName>Hygeia Street</CommonName>
      <Location>
        <Longitude>-2.955924</Longitude>
        <Latitude>53.416509</Latitude>
      </Location>
    </AnnotatedStopPointRef>
    <AnnotatedStopPointRef>
      <StopPointRef>2800S40022C</StopPointRef>
      <CommonName>Conwy Drive</CommonName>
      <Location>
        <Longitude>-2.951682</Longitude>
        <Latitude>53.418557</Latitude>
      </Location>
    </AnnotatedStopPointRef>
    <AnnotatedStopPointRef>
      <StopPointRef>2800S40023B</StopPointRef>
      <CommonName>Ellel Grove</CommonName>
      <Location>
        <Longitude>-2.946292</Longitude>
        <Latitude>53.421835</Latitude>
      </Location>
    </AnnotatedStopPointRef>
    <AnnotatedStopPointRef>
      <StopPointRef>2800S40024E</StopPointRef>
      <CommonName>Grange Street</CommonName>
      <Location>
        <Longitude>-2.941237</Longitude>
        <Latitude>53.422532</Latitude>
      </Location>
    </AnnotatedStopPointRef>
    <AnnotatedStopPointRef>
      <StopPointRef>2800S40025E</StopPointRef>
      <CommonName>Windsor Road</CommonName>
      <Location>
        <Longitude>-2.935427</Longitude>
        <Latitude>53.424368</Latitude>
      </Location>
    </AnnotatedStopPointRef>
    <AnnotatedStopPointRef>
      <StopPointRef>2800S40026E</StopPointRef>
      <CommonName>Victoria Road</CommonName>
      <Location>
        <Longitude>-2.931071</Longitude>
        <Latitude>53.425400</Latitude>
      </Location>
    </AnnotatedStopPointRef>
    <AnnotatedStopPointRef>
      <StopPointRef>2800S41040B</StopPointRef>
      <CommonName>Delmain Road</CommonName>
      <Location>
        <Longitude>-2.925494</Longitude>
        <Latitude>53.426574</Latitude>
      </Location>
    </AnnotatedStopPointRef>
    <AnnotatedStopPointRef>
      <StopPointRef>2800S41041B</StopPointRef>
      <CommonName>Queens Drive</CommonName>
      <Location>
        <Longitude>-2.916605</Longitude>
        <Latitude>53.426849</Latitude>
      </Location>
    </AnnotatedStopPointRef>
    <AnnotatedStopPointRef>
      <StopPointRef>2800S44050A</StopPointRef>
      <CommonName>Trefula Park</CommonName>
      <Location>
        <Longitude>-2.912911</Longitude>
        <Latitude>53.428648</Latitude>
      </Location>
    </AnnotatedStopPointRef>
    <AnnotatedStopPointRef>
      <StopPointRef>2800S44051A</StopPointRef>
      <CommonName>Eaton Road North</CommonName>
      <Location>
        <Longitude>-2.910960</Longitude>
        <Latitude>53.431009</Latitude>
      </Location>
    </AnnotatedStopPointRef>
    <AnnotatedStopPointRef>
      <StopPointRef>2800S44052D</StopPointRef>
      <CommonName>West Derby Village</CommonName>
      <Location>
        <Longitude>-2.909844</Longitude>
        <Latitude>53.432294</Latitude>
      </Location>
    </AnnotatedStopPointRef>
    <AnnotatedStopPointRef>
      <StopPointRef>2800S44053D</StopPointRef>
      <CommonName>South Parkside Drive</CommonName>
      <Location>
        <Longitude>-2.903589</Longitude>
        <Latitude>53.431209</Latitude>
      </Location>
    </AnnotatedStopPointRef>
    <AnnotatedStopPointRef>
      <StopPointRef>2800S44054B</StopPointRef>
      <CommonName>Crown Road</CommonName>
      <Location>
        <Longitude>-2.900800</Longitude>
        <Latitude>53.432417</Latitude>
      </Location>
    </AnnotatedStopPointRef>
    <AnnotatedStopPointRef>
      <StopPointRef>2800S44055B</StopPointRef>
      <CommonName>Allerford Road</CommonName>
      <Location>
        <Longitude>-2.896591</Longitude>
        <Latitude>53.434084</Latitude>
      </Location>
    </AnnotatedStopPointRef>
    <AnnotatedStopPointRef>
      <StopPointRef>2800S44056B</StopPointRef>
      <CommonName>Deysbrook Way</CommonName>
      <Location>
        <Longitude>-2.891214</Longitude>
        <Latitude>53.434646</Latitude>
      </Location>
    </AnnotatedStopPointRef>
    <AnnotatedStopPointRef>
      <StopPointRef>2800S44163A</StopPointRef>
      <CommonName>Larchtree Mews</CommonName>
      <Location>
        <Longitude>-2.887653</Longitude>
        <Latitude>53.435679</Latitude>
      </Location>
    </AnnotatedStopPointRef>
    <AnnotatedStopPointRef>
      <StopPointRef>2800S44057D</StopPointRef>
      <CommonName>Deysbrook Lane</CommonName>
      <Location>
        <Longitude>-2.885206</Longitude>
        <Latitude>53.436003</Latitude>
      </Location>
    </AnnotatedStopPointRef>
    <AnnotatedStopPointRef>
      <StopPointRef>2800S44058B</StopPointRef>
      <CommonName>Colden Close</CommonName>
      <Location>
        <Longitude>-2.882573</Longitude>
        <Latitude>53.433892</Latitude>
      </Location>
    </AnnotatedStopPointRef>
    <AnnotatedStopPointRef>
      <StopPointRef>2800S44059A</StopPointRef>
      <CommonName>Mab Lane</CommonName>
      <Location>
        <Longitude>-2.880390</Longitude>
        <Latitude>53.432416</Latitude>
      </Location>
    </AnnotatedStopPointRef>
    <AnnotatedStopPointRef>
      <StopPointRef>2800S44030B</StopPointRef>
      <CommonName>Mab Lane</CommonName>
      <Location>
        <Longitude>-2.877493</Longitude>
        <Latitude>53.431314</Latitude>
      </Location>
    </AnnotatedStopPointRef>
    <AnnotatedStopPointRef>
      <StopPointRef>2800S44031A</StopPointRef>
      <CommonName>Snowberry Road</CommonName>
      <Location>
        <Longitude>-2.875110</Longitude>
        <Latitude>53.430378</Latitude>
      </Location>
    </AnnotatedStopPointRef>
    <AnnotatedStopPointRef>
      <StopPointRef>2800S44032C</StopPointRef>
      <CommonName>Colwell Road</CommonName>
      <Location>
        <Longitude>-2.872095</Longitude>
        <Latitude>53.428684</Latitude>
      </Location>
    </AnnotatedStopPointRef>
    <AnnotatedStopPointRef>
      <StopPointRef>2800S44060B</StopPointRef>
      <CommonName>Saxby Road</CommonName>
      <Location>
        <Longitude>-2.867592</Longitude>
        <Latitude>53.426280</Latitude>
      </Location>
    </AnnotatedStopPointRef>
    <AnnotatedStopPointRef>
      <StopPointRef>2800S44061B</StopPointRef>
      <CommonName>Lordens Road</CommonName>
      <Location>
        <Longitude>-2.865340</Longitude>
        <Latitude>53.425083</Latitude>
      </Location>
    </AnnotatedStopPointRef>
    <AnnotatedStopPointRef>
      <StopPointRef>2800S44124B</StopPointRef>
      <CommonName>Stockbridge Lane</CommonName>
      <Location>
        <Longitude>-2.861363</Longitude>
        <Latitude>53.422676</Latitude>
      </Location>
    </AnnotatedStopPointRef>
    <AnnotatedStopPointRef>
      <StopPointRef>2800S44008A</StopPointRef>
      <CommonName>Stockbridge Lane</CommonName>
      <Location>
        <Longitude>-2.859120</Longitude>
        <Latitude>53.422602</Latitude>
      </Location>
    </AnnotatedStopPointRef>
    <AnnotatedStopPointRef>
      <StopPointRef>2800S44010B</StopPointRef>
      <CommonName>St David's Road</CommonName>
      <Location>
        <Longitude>-2.858905</Longitude>
        <Latitude>53.425363</Latitude>
      </Location>
    </AnnotatedStopPointRef>
    <AnnotatedStopPointRef>
      <StopPointRef>2800S44011B</StopPointRef>
      <CommonName>Melbury Road</CommonName>
      <Location>
        <Longitude>-2.856857</Longitude>
        <Latitude>53.427553</Latitude>
      </Location>
    </AnnotatedStopPointRef>
    <AnnotatedStopPointRef>
      <StopPointRef>2800S44127A</StopPointRef>
      <CommonName>Waterpark Drive</CommonName>
      <Location>
        <Longitude>-2.856914</Longitude>
        <Latitude>53.428901</Latitude>
      </Location>
    </AnnotatedStopPointRef>
    <AnnotatedStopPointRef>
      <StopPointRef>2800S44042A</StopPointRef>
      <CommonName>Chalfont Way</CommonName>
      <Location>
        <Longitude>-2.861337</Longitude>
        <Latitude>53.431764</Latitude>
      </Location>
    </AnnotatedStopPointRef>
    <AnnotatedStopPointRef>
      <StopPointRef>2800S44067A</StopPointRef>
      <CommonName>The Spinney</CommonName>
      <Location>
        <Longitude>-2.865902</Longitude>
        <Latitude>53.433484</Latitude>
      </Location>
    </AnnotatedStopPointRef>
    <AnnotatedStopPointRef>
      <StopPointRef>2800S44047A</StopPointRef>
      <CommonName>Waterpark Drive</CommonName>
      <Location>
        <Longitude>-2.867709</Longitude>
        <Latitude>53.434999</Latitude>
      </Location>
    </AnnotatedStopPointRef>
    <AnnotatedStopPointRef>
      <StopPointRef>2800S44067B</StopPointRef>
      <CommonName>Brandearth Hey</CommonName>
      <Location>
        <Longitude>-2.864980</Longitude>
        <Latitude>53.433302</Latitude>
      </Location>
    </AnnotatedStopPointRef>
    <AnnotatedStopPointRef>
      <StopPointRef>2800S44043A</StopPointRef>
      <CommonName>Little Moss Hey</CommonName>
      <Location>
        <Longitude>-2.861858</Longitude>
        <Latitude>53.433711</Latitude>
      </Location>
    </AnnotatedStopPointRef>
    <AnnotatedStopPointRef>
      <StopPointRef>2800S44044A</StopPointRef>
      <CommonName>Juniper Close</CommonName>
      <Location>
        <Longitude>-2.860844</Longitude>
        <Latitude>53.436415</Latitude>
      </Location>
    </AnnotatedStopPointRef>
    <AnnotatedStopPointRef>
      <StopPointRef>2800S44045A</StopPointRef>
      <CommonName>Woodfarm Hey</CommonName>
      <Location>
        <Longitude>-2.866279</Longitude>
        <Latitude>53.439414</Latitude>
      </Location>
    </AnnotatedStopPointRef>
    <AnnotatedStopPointRef>
      <StopPointRef>2800S44046A</StopPointRef>
      <CommonName>Nevitte Close</CommonName>
      <Location>
        <Longitude>-2.870830</Longitude>
        <Latitude>53.438931</Latitude>
      </Location>
    </AnnotatedStopPointRef>
    <AnnotatedStopPointRef>
      <StopPointRef>2800S44066A</StopPointRef>
      <CommonName>Barons Hey</CommonName>
      <Location>
        <Longitude>-2.875287</Longitude>
        <Latitude>53.436795</Latitude>
      </Location>
    </AnnotatedStopPointRef>
    <AnnotatedStopPointRef>
      <StopPointRef>2800S44065A</StopPointRef>
      <CommonName>Waterpark Drive</CommonName>
      <Location>
        <Longitude>-2.879668</Longitude>
        <Latitude>53.436080</Latitude>
      </Location>
    </AnnotatedStopPointRef>
    <AnnotatedStopPointRef>
      <StopPointRef>2800S44057A</StopPointRef>
      <CommonName>Larchtree Mews</CommonName>
      <Location>
        <Longitude>-2.888068</Longitude>
        <Latitude>53.435370</Latitude>
      </Location>
    </AnnotatedStopPointRef>
    <AnnotatedStopPointRef>
      <StopPointRef>2800S44056A</StopPointRef>
      <CommonName>Deysbrook Lane</CommonName>
      <Location>
        <Longitude>-2.893519</Longitude>
        <Latitude>53.434026</Latitude>
      </Location>
    </AnnotatedStopPointRef>
    <AnnotatedStopPointRef>
      <StopPointRef>2800S44055A</StopPointRef>
      <CommonName>Allerford Road</CommonName>
      <Location>
        <Longitude>-2.897142</Longitude>
        <Latitude>53.433828</Latitude>
      </Location>
    </AnnotatedStopPointRef>
    <AnnotatedStopPointRef>
      <StopPointRef>2800S44054A</StopPointRef>
      <CommonName>Crown Road</CommonName>
      <Location>
        <Longitude>-2.900126</Longitude>
        <Latitude>53.432539</Latitude>
      </Location>
    </AnnotatedStopPointRef>
    <AnnotatedStopPointRef>
      <StopPointRef>2800S44053A</StopPointRef>
      <CommonName>South Parkside Drive</CommonName>
      <Location>
        <Longitude>-2.904361</Longitude>
        <Latitude>53.430673</Latitude>
      </Location>
    </AnnotatedStopPointRef>
    <AnnotatedStopPointRef>
      <StopPointRef>2800S44052C</StopPointRef>
      <CommonName>Town Row</CommonName>
      <Location>
        <Longitude>-2.909837</Longitude>
        <Latitude>53.431989</Latitude>
      </Location>
    </AnnotatedStopPointRef>
    <AnnotatedStopPointRef>
      <StopPointRef>2800S44050B</StopPointRef>
      <CommonName>Trefula Park</CommonName>
      <Location>
        <Longitude>-2.912536</Longitude>
        <Latitude>53.428705</Latitude>
      </Location>
    </AnnotatedStopPointRef>
    <AnnotatedStopPointRef>
      <StopPointRef>2800S41041C</StopPointRef>
      <CommonName>Queens Drive</CommonName>
      <Location>
        <Longitude>-2.919012</Longitude>
        <Latitude>53.426813</Latitude>
      </Location>
    </AnnotatedStopPointRef>
    <AnnotatedStopPointRef>
      <StopPointRef>2800S41040A</StopPointRef>
      <CommonName>Bankfield Road</CommonName>
      <Location>
        <Longitude>-2.924784</Longitude>
        <Latitude>53.426462</Latitude>
      </Location>
    </AnnotatedStopPointRef>
    <AnnotatedStopPointRef>
      <StopPointRef>2800S40026G</StopPointRef>
      <CommonName>Green Lane</CommonName>
      <Location>
        <Longitude>-2.930077</Longitude>
        <Latitude>53.424728</Latitude>
      </Location>
    </AnnotatedStopPointRef>
    <AnnotatedStopPointRef>
      <StopPointRef>2800S40025B</StopPointRef>
      <CommonName>New Road</CommonName>
      <Location>
        <Longitude>-2.934683</Longitude>
        <Latitude>53.423974</Latitude>
      </Location>
    </AnnotatedStopPointRef>
    <AnnotatedStopPointRef>
      <StopPointRef>2800S40024C</StopPointRef>
      <CommonName>Belmont Drive</CommonName>
      <Location>
        <Longitude>-2.941711</Longitude>
        <Latitude>53.422195</Latitude>
      </Location>
    </AnnotatedStopPointRef>
    <AnnotatedStopPointRef>
      <StopPointRef>2800S40023A</StopPointRef>
      <CommonName>Sheil Road</CommonName>
      <Location>
        <Longitude>-2.948552</Longitude>
        <Latitude>53.420568</Latitude>
      </Location>
    </AnnotatedStopPointRef>
    <AnnotatedStopPointRef>
      <StopPointRef>2800S40022A</StopPointRef>
      <CommonName>Boundary Lane</CommonName>
      <Location>
        <Longitude>-2.951213</Longitude>
        <Latitude>53.418470</Latitude>
      </Location>
    </AnnotatedStopPointRef>
    <AnnotatedStopPointRef>
      <StopPointRef>2800S40021B</StopPointRef>
      <CommonName>Farnworth Street</CommonName>
      <Location>
        <Longitude>-2.955290</Longitude>
        <Latitude>53.416406</Latitude>
      </Location>
    </AnnotatedStopPointRef>
    <AnnotatedStopPointRef>
      <StopPointRef>2800S40020A</StopPointRef>
      <CommonName>Nevin Street</CommonName>
      <Location>
        <Longitude>-2.961233</Longitude>
        <Latitude>53.414399</Latitude>
      </Location>
    </AnnotatedStopPointRef>
    <AnnotatedStopPointRef>
      <StopPointRef>2800S41023A</StopPointRef>
      <CommonName>Low Hill</CommonName>
      <Location>
        <Longitude>-2.963436</Longitude>
        <Latitude>53.410687</Latitude>
      </Location>
    </AnnotatedStopPointRef>
    <AnnotatedStopPointRef>
      <StopPointRef>2800S42016A</StopPointRef>
      <CommonName>Epworth Street</CommonName>
      <Location>
        <Longitude>-2.966484</Longitude>
        <Latitude>53.410438</Latitude>
      </Location>
    </AnnotatedStopPointRef>
    <AnnotatedStopPointRef>
      <StopPointRef>2800S42015C</StopPointRef>
      <CommonName>Greek Street</CommonName>
      <Location>
        <Longitude>-2.972875</Longitude>
        <Latitude>53.409010</Latitude>
      </Location>
    </AnnotatedStopPointRef>
    <AnnotatedStopPointRef>
      <StopPointRef>2800S42024A</StopPointRef>
      <CommonName>Lord Nelson Street</CommonName>
      <Location>
        <Longitude>-2.978909</Longitude>
        <Latitude>53.408386</Latitude>
      </Location>
    </AnnotatedStopPointRef>
    <AnnotatedStopPointRef>
      <StopPointRef>2800S42023J</StopPointRef>
      <CommonName>Queen Square Bus Station</CommonName>
      <Location>
        <Longitude>-2.982476</Longitude>
        <Latitude>53.407584</Latitude>
      </Location>
    </AnnotatedStopPointRef>
    <AnnotatedStopPointRef>
      <StopPointRef>2800S42018B</StopPointRef>
      <CommonName>Cumberland Street</CommonName>
      <Location>
        <Longitude>-2.987333</Longitude>
        <Latitude>53.408388</Latitude>
      </Location>
    </AnnotatedStopPointRef>
    <AnnotatedStopPointRef>
      <StopPointRef>2800S42019A</StopPointRef>
      <CommonName>North John Street</CommonName>
      <Location>
        <Longitude>-2.989974</Longitude>
        <Latitude>53.407467</Latitude>
      </Location>
    </AnnotatedStopPointRef>
    <AnnotatedStopPointRef>
      <StopPointRef>2800S42098F</StopPointRef>
      <CommonName>Liverpool ONE Bus Station</CommonName>
      <Location>
        <Longitude>-2.987482</Longitude>
        <Latitude>53.401896</Latitude>
      </Location>
    </AnnotatedStopPointRef>
  </StopPoints>
  <RouteSections>
    <RouteSection id="rsf_0000">
      <RouteLink id="rl_0000_1">
        <From>
          <StopPointRef>2800S42023H</StopPointRef>
        </From>
        <To>
          <StopPointRef>2800S42057D</StopPointRef>
        </To>
      </RouteLink>
      <RouteLink id="rl_0000_2">
        <From>
          <StopPointRef>2800S42057D</StopPointRef>
        </From>
        <To>
          <StopPointRef>2800S42015F</StopPointRef>
        </To>
      </RouteLink>
      <RouteLink id="rl_0000_3">
        <From>
          <StopPointRef>2800S42015F</StopPointRef>
        </From>
        <To>
          <StopPointRef>2800S42016E</StopPointRef>
        </To>
      </RouteLink>
      <RouteLink id="rl_0000_4">
        <From>
          <StopPointRef>2800S42016E</StopPointRef>
        </From>
        <To>
          <StopPointRef>2800S42027C</StopPointRef>
        </To>
      </RouteLink>
      <RouteLink id="rl_0000_5">
        <From>
          <StopPointRef>2800S42027C</StopPointRef>
        </From>
        <To>
          <StopPointRef>2800S40020B</StopPointRef>
        </To>
      </RouteLink>
      <RouteLink id="rl_0000_6">
        <From>
          <StopPointRef>2800S40020B</StopPointRef>
        </From>
        <To>
          <StopPointRef>2800S40021C</StopPointRef>
        </To>
      </RouteLink>
      <RouteLink id="rl_0000_7">
        <From>
          <StopPointRef>2800S40021C</StopPointRef>
        </From>
        <To>
          <StopPointRef>2800S40022C</StopPointRef>
        </To>
      </RouteLink>
      <RouteLink id="rl_0000_8">
        <From>
          <StopPointRef>2800S40022C</StopPointRef>
        </From>
        <To>
          <StopPointRef>2800S40023B</StopPointRef>
        </To>
      </RouteLink>
      <RouteLink id="rl_0000_9">
        <From>
          <StopPointRef>2800S40023B</StopPointRef>
        </From>
        <To>
          <StopPointRef>2800S40024E</StopPointRef>
        </To>
      </RouteLink>
      <RouteLink id="rl_0000_10">
        <From>
          <StopPointRef>2800S40024E</StopPointRef>
        </From>
        <To>
          <StopPointRef>2800S40025E</StopPointRef>
        </To>
      </RouteLink>
      <RouteLink id="rl_0000_11">
        <From>
          <StopPointRef>2800S40025E</StopPointRef>
        </From>
        <To>
          <StopPointRef>2800S40026E</StopPointRef>
        </To>
      </RouteLink>
      <RouteLink id="rl_0000_12">
        <From>
          <StopPointRef>2800S40026E</StopPointRef>
        </From>
        <To>
          <StopPointRef>2800S41040B</StopPointRef>
        </To>
      </RouteLink>
      <RouteLink id="rl_0000_13">
        <From>
          <StopPointRef>2800S41040B</StopPointRef>
        </From>
        <To>
          <StopPointRef>2800S41041B</StopPointRef>
        </To>
      </RouteLink>
      <RouteLink id="rl_0000_14">
        <From>
          <StopPointRef>2800S41041B</StopPointRef>
        </From>
        <To>
          <StopPointRef>2800S44050A</StopPointRef>
        </To>
      </RouteLink>
      <RouteLink id="rl_0000_15">
        <From>
          <StopPointRef>2800S44050A</StopPointRef>
        </From>
        <To>
          <StopPointRef>2800S44051A</StopPointRef>
        </To>
      </RouteLink>
      <RouteLink id="rl_0000_16">
        <From>
          <StopPointRef>2800S44051A</StopPointRef>
        </From>
        <To>
          <StopPointRef>2800S44052D</StopPointRef>
        </To>
      </RouteLink>
      <RouteLink id="rl_0000_17">
        <From>
          <StopPointRef>2800S44052D</StopPointRef>
        </From>
        <To>
          <StopPointRef>2800S44053D</StopPointRef>
        </To>
      </RouteLink>
      <RouteLink id="rl_0000_18">
        <From>
          <StopPointRef>2800S44053D</StopPointRef>
        </From>
        <To>
          <StopPointRef>2800S44054B</StopPointRef>
        </To>
      </RouteLink>
      <RouteLink id="rl_0000_19">
        <From>
          <StopPointRef>2800S44054B</StopPointRef>
        </From>
        <To>
          <StopPointRef>2800S44055B</StopPointRef>
        </To>
      </RouteLink>
      <RouteLink id="rl_0000_20">
        <From>
          <StopPointRef>2800S44055B</StopPointRef>
        </From>
        <To>
          <StopPointRef>2800S44056B</StopPointRef>
        </To>
      </RouteLink>
      <RouteLink id="rl_0000_21">
        <From>
          <StopPointRef>2800S44056B</StopPointRef>
        </From>
        <To>
          <StopPointRef>2800S44163A</StopPointRef>
        </To>
      </RouteLink>
      <RouteLink id="rl_0000_22">
        <From>
          <StopPointRef>2800S44163A</StopPointRef>
        </From>
        <To>
          <StopPointRef>2800S44057D</StopPointRef>
        </To>
      </RouteLink>
      <RouteLink id="rl_0000_23">
        <From>
          <StopPointRef>2800S44057D</StopPointRef>
        </From>
        <To>
          <StopPointRef>2800S44058B</StopPointRef>
        </To>
      </RouteLink>
      <RouteLink id="rl_0000_24">
        <From>
          <StopPointRef>2800S44058B</StopPointRef>
        </From>
        <To>
          <StopPointRef>2800S44059A</StopPointRef>
        </To>
      </RouteLink>
      <RouteLink id="rl_0000_25">
        <From>
          <StopPointRef>2800S44059A</StopPointRef>
        </From>
        <To>
          <StopPointRef>2800S44030B</StopPointRef>
        </To>
      </RouteLink>
      <RouteLink id="rl_0000_26">
        <From>
          <StopPointRef>2800S44030B</StopPointRef>
        </From>
        <To>
          <StopPointRef>2800S44031A</StopPointRef>
        </To>
      </RouteLink>
      <RouteLink id="rl_0000_27">
        <From>
          <StopPointRef>2800S44031A</StopPointRef>
        </From>
        <To>
          <StopPointRef>2800S44032C</StopPointRef>
        </To>
      </RouteLink>
      <RouteLink id="rl_0000_28">
        <From>
          <StopPointRef>2800S44032C</StopPointRef>
        </From>
        <To>
          <StopPointRef>2800S44060B</StopPointRef>
        </To>
      </RouteLink>
      <RouteLink id="rl_0000_29">
        <From>
          <StopPointRef>2800S44060B</StopPointRef>
        </From>
        <To>
          <StopPointRef>2800S44061B</StopPointRef>
        </To>
      </RouteLink>
      <RouteLink id="rl_0000_30">
        <From>
          <StopPointRef>2800S44061B</StopPointRef>
        </From>
        <To>
          <StopPointRef>2800S44124B</StopPointRef>
        </To>
      </RouteLink>
      <RouteLink id="rl_0000_31">
        <From>
          <StopPointRef>2800S44124B</StopPointRef>
        </From>
        <To>
          <StopPointRef>2800S44008A</StopPointRef>
        </To>
      </RouteLink>
      <RouteLink id="rl_0000_32">
        <From>
          <StopPointRef>2800S44008A</StopPointRef>
        </From>
        <To>
          <StopPointRef>2800S44010B</StopPointRef>
        </To>
      </RouteLink>
      <RouteLink id="rl_0000_33">
        <From>
          <StopPointRef>2800S44010B</StopPointRef>
        </From>
        <To>
          <StopPointRef>2800S44011B</StopPointRef>
        </To>
      </RouteLink>
      <RouteLink id="rl_0000_34">
        <From>
          <StopPointRef>2800S44011B</StopPointRef>
        </From>
        <To>
          <StopPointRef>2800S44127A</StopPointRef>
        </To>
      </RouteLink>
      <RouteLink id="rl_0000_35">
        <From>
          <StopPointRef>2800S44127A</StopPointRef>
        </From>
        <To>
          <StopPointRef>2800S44042A</StopPointRef>
        </To>
      </RouteLink>
      <RouteLink id="rl_0000_36">
        <From>
          <StopPointRef>2800S44042A</StopPointRef>
        </From>
        <To>
          <StopPointRef>2800S44067A</StopPointRef>
        </To>
      </RouteLink>
      <RouteLink id="rl_0000_37">
        <From>
          <StopPointRef>2800S44067A</StopPointRef>
        </From>
        <To>
          <StopPointRef>2800S44047A</StopPointRef>
        </To>
      </RouteLink>
    </RouteSection>
  </RouteSections>
  <Routes>
    <Route id="rt_0000">
      <Description>No route description available</Description>
      <RouteSectionRef>rsf_0000</RouteSectionRef>
    </Route>
  </Routes>
  <JourneyPatternSections>
    <JourneyPatternSection id="js_1">
      <JourneyPatternTimingLink id="jptl_1">
        <From SequenceNumber="1">
          <Activity>pickUp</Activity>
          <StopPointRef>2800S42023H</StopPointRef>
          <TimingStatus>principalTimingPoint</TimingStatus>
        </From>
        <To SequenceNumber="2">
          <StopPointRef>2800S42057D</StopPointRef>
          <TimingStatus>otherPoint</TimingStatus>
        </To>
        <RouteLinkRef>rl_0000_1</RouteLinkRef>
        <RunTime>PT2M</RunTime>
      </JourneyPatternTimingLink>
      <JourneyPatternTimingLink id="jptl_2">
        <From SequenceNumber="2">
          <StopPointRef>2800S42057D</StopPointRef>
          <TimingStatus>otherPoint</TimingStatus>
        </From>
        <To SequenceNumber="3">
          <StopPointRef>2800S42015F</StopPointRef>
          <TimingStatus>otherPoint</TimingStatus>
        </To>
        <RouteLinkRef>rl_0000_2</RouteLinkRef>
        <RunTime>PT1M</RunTime>
      </JourneyPatternTimingLink>
      <JourneyPatternTimingLink id="jptl_3">
        <From SequenceNumber="3">
          <StopPointRef>2800S42015F</StopPointRef>
          <TimingStatus>otherPoint</TimingStatus>
        </From>
        <To SequenceNumber="4">
          <StopPointRef>2800S42016E</StopPointRef>
          <TimingStatus>otherPoint</TimingStatus>
        </To>
        <RouteLinkRef>rl_0000_3</RouteLinkRef>
        <RunTime>PT1M</RunTime>
      </JourneyPatternTimingLink>
      <JourneyPatternTimingLink id="jptl_4">
        <From SequenceNumber="4">
          <StopPointRef>2800S42016E</StopPointRef>
          <TimingStatus>otherPoint</TimingStatus>
        </From>
        <To SequenceNumber="5">
          <StopPointRef>2800S42027C</StopPointRef>
          <TimingStatus>otherPoint</TimingStatus>
        </To>
        <RouteLinkRef>rl_0000_4</RouteLinkRef>
        <RunTime>PT2M</RunTime>
      </JourneyPatternTimingLink>
      <JourneyPatternTimingLink id="jptl_5">
        <From SequenceNumber="5">
          <StopPointRef>2800S42027C</StopPointRef>
          <TimingStatus>otherPoint</TimingStatus>
        </From>
        <To SequenceNumber="6">
          <StopPointRef>2800S40020B</StopPointRef>
          <TimingStatus>otherPoint</TimingStatus>
        </To>
        <RouteLinkRef>rl_0000_5</RouteLinkRef>
        <RunTime>PT2M</RunTime>
      </JourneyPatternTimingLink>
      <JourneyPatternTimingLink id="jptl_6">
        <From SequenceNumber="6">
          <StopPointRef>2800S40020B</StopPointRef>
          <TimingStatus>otherPoint</TimingStatus>
        </From>
        <To SequenceNumber="7">
          <StopPointRef>2800S40021C</StopPointRef>
          <TimingStatus>otherPoint</TimingStatus>
        </To>
        <RouteLinkRef>rl_0000_6</RouteLinkRef>
        <RunTime>PT1M</RunTime>
      </JourneyPatternTimingLink>
      <JourneyPatternTimingLink id="jptl_7">
        <From SequenceNumber="7">
          <StopPointRef>2800S40021C</StopPointRef>
          <TimingStatus>otherPoint</TimingStatus>
        </From>
        <To SequenceNumber="8">
          <StopPointRef>2800S40022C</StopPointRef>
          <TimingStatus>otherPoint</TimingStatus>
        </To>
        <RouteLinkRef>rl_0000_7</RouteLinkRef>
        <RunTime>PT1M</RunTime>
      </JourneyPatternTimingLink>
      <JourneyPatternTimingLink id="jptl_8">
        <From SequenceNumber="8">
          <StopPointRef>2800S40022C</StopPointRef>
          <TimingStatus>otherPoint</TimingStatus>
        </From>
        <To SequenceNumber="9">
          <StopPointRef>2800S40023B</StopPointRef>
          <TimingStatus>otherPoint</TimingStatus>
        </To>
        <RouteLinkRef>rl_0000_8</RouteLinkRef>
        <RunTime>PT2M</RunTime>
      </JourneyPatternTimingLink>
      <JourneyPatternTimingLink id="jptl_9">
        <From SequenceNumber="9">
          <StopPointRef>2800S40023B</StopPointRef>
          <TimingStatus>otherPoint</TimingStatus>
        </From>
        <To SequenceNumber="10">
          <StopPointRef>2800S40024E</StopPointRef>
          <TimingStatus>otherPoint</TimingStatus>
        </To>
        <RouteLinkRef>rl_0000_9</RouteLinkRef>
        <RunTime>PT1M</RunTime>
      </JourneyPatternTimingLink>
      <JourneyPatternTimingLink id="jptl_10">
        <From SequenceNumber="10">
          <StopPointRef>2800S40024E</StopPointRef>
          <TimingStatus>otherPoint</TimingStatus>
        </From>
        <To SequenceNumber="11">
          <StopPointRef>2800S40025E</StopPointRef>
          <TimingStatus>otherPoint</TimingStatus>
        </To>
        <RouteLinkRef>rl_0000_10</RouteLinkRef>
        <RunTime>PT2M</RunTime>
      </JourneyPatternTimingLink>
      <JourneyPatternTimingLink id="jptl_11">
        <From SequenceNumber="11">
          <StopPointRef>2800S40025E</StopPointRef>
          <TimingStatus>otherPoint</TimingStatus>
        </From>
        <To SequenceNumber="12">
          <StopPointRef>2800S40026E</StopPointRef>
          <TimingStatus>principalTimingPoint</TimingStatus>
        </To>
        <RouteLinkRef>rl_0000_11</RouteLinkRef>
        <RunTime>PT1M</RunTime>
      </JourneyPatternTimingLink>
      <JourneyPatternTimingLink id="jptl_12">
        <From SequenceNumber="12">
          <StopPointRef>2800S40026E</StopPointRef>
          <TimingStatus>principalTimingPoint</TimingStatus>
        </From>
        <To SequenceNumber="13">
          <StopPointRef>2800S41040B</StopPointRef>
          <TimingStatus>otherPoint</TimingStatus>
        </To>
        <RouteLinkRef>rl_0000_12</RouteLinkRef>
        <RunTime>PT1M</RunTime>
      </JourneyPatternTimingLink>
      <JourneyPatternTimingLink id="jptl_13">
        <From SequenceNumber="13">
          <StopPointRef>2800S41040B</StopPointRef>
          <TimingStatus>otherPoint</TimingStatus>
        </From>
        <To SequenceNumber="14">
          <StopPointRef>2800S41041B</StopPointRef>
          <TimingStatus>otherPoint</TimingStatus>
        </To>
        <RouteLinkRef>rl_0000_13</RouteLinkRef>
        <RunTime>PT2M</RunTime>
      </JourneyPatternTimingLink>
      <JourneyPatternTimingLink id="jptl_14">
        <From SequenceNumber="14">
          <StopPointRef>2800S41041B</StopPointRef>
          <TimingStatus>otherPoint</TimingStatus>
        </From>
        <To SequenceNumber="15">
          <StopPointRef>2800S44050A</StopPointRef>
          <TimingStatus>otherPoint</TimingStatus>
        </To>
        <RouteLinkRef>rl_0000_14</RouteLinkRef>
        <RunTime>PT1M</RunTime>
      </JourneyPatternTimingLink>
      <JourneyPatternTimingLink id="jptl_15">
        <From SequenceNumber="15">
          <StopPointRef>2800S44050A</StopPointRef>
          <TimingStatus>otherPoint</TimingStatus>
        </From>
        <To SequenceNumber="16">
          <StopPointRef>2800S44051A</StopPointRef>
          <TimingStatus>otherPoint</TimingStatus>
        </To>
        <RouteLinkRef>rl_0000_15</RouteLinkRef>
        <RunTime>PT1M</RunTime>
      </JourneyPatternTimingLink>
      <JourneyPatternTimingLink id="jptl_16">
        <From SequenceNumber="16">
          <StopPointRef>2800S44051A</StopPointRef>
          <TimingStatus>otherPoint</TimingStatus>
        </From>
        <To SequenceNumber="17">
          <StopPointRef>2800S44052D</StopPointRef>
          <TimingStatus>otherPoint</TimingStatus>
        </To>
        <RouteLinkRef>rl_0000_16</RouteLinkRef>
        <RunTime>PT0S</RunTime>
      </JourneyPatternTimingLink>
      <JourneyPatternTimingLink id="jptl_17">
        <From SequenceNumber="17">
          <StopPointRef>2800S44052D</StopPointRef>
          <TimingStatus>otherPoint</TimingStatus>
        </From>
        <To SequenceNumber="18">
          <StopPointRef>2800S44053D</StopPointRef>
          <TimingStatus>otherPoint</TimingStatus>
        </To>
        <RouteLinkRef>rl_0000_17</RouteLinkRef>
        <RunTime>PT2M</RunTime>
      </JourneyPatternTimingLink>
      <JourneyPatternTimingLink id="jptl_18">
        <From SequenceNumber="18">
          <StopPointRef>2800S44053D</StopPointRef>
          <TimingStatus>otherPoint</TimingStatus>
        </From>
        <To SequenceNumber="19">
          <StopPointRef>2800S44054B</StopPointRef>
          <TimingStatus>otherPoint</TimingStatus>
        </To>
        <RouteLinkRef>rl_0000_18</RouteLinkRef>
        <RunTime>PT0S</RunTime>
      </JourneyPatternTimingLink>
      <JourneyPatternTimingLink id="jptl_19">
        <From SequenceNumber="19">
          <StopPointRef>2800S44054B</StopPointRef>
          <TimingStatus>otherPoint</TimingStatus>
        </From>
        <To SequenceNumber="20">
          <StopPointRef>2800S44055B</StopPointRef>
          <TimingStatus>otherPoint</TimingStatus>
        </To>
        <RouteLinkRef>rl_0000_19</RouteLinkRef>
        <RunTime>PT1M</RunTime>
      </JourneyPatternTimingLink>
      <JourneyPatternTimingLink id="jptl_20">
        <From SequenceNumber="20">
          <StopPointRef>2800S44055B</StopPointRef>
          <TimingStatus>otherPoint</TimingStatus>
        </From>
        <To SequenceNumber="21">
          <StopPointRef>2800S44056B</StopPointRef>
          <TimingStatus>otherPoint</TimingStatus>
        </To>
        <RouteLinkRef>rl_0000_20</RouteLinkRef>
        <RunTime>PT1M</RunTime>
      </JourneyPatternTimingLink>
      <JourneyPatternTimingLink id="jptl_21">
        <From SequenceNumber="21">
          <StopPointRef>2800S44056B</StopPointRef>
          <TimingStatus>otherPoint</TimingStatus>
        </From>
        <To SequenceNumber="22">
          <StopPointRef>2800S44163A</StopPointRef>
          <TimingStatus>otherPoint</TimingStatus>
        </To>
        <RouteLinkRef>rl_0000_21</RouteLinkRef>
        <RunTime>PT1M</RunTime>
      </JourneyPatternTimingLink>
      <JourneyPatternTimingLink id="jptl_22">
        <From SequenceNumber="22">
          <StopPointRef>2800S44163A</StopPointRef>
          <TimingStatus>otherPoint</TimingStatus>
        </From>
        <To SequenceNumber="23">
          <StopPointRef>2800S44057D</StopPointRef>
          <TimingStatus>otherPoint</TimingStatus>
        </To>
        <RouteLinkRef>rl_0000_22</RouteLinkRef>
        <RunTime>PT0S</RunTime>
      </JourneyPatternTimingLink>
      <JourneyPatternTimingLink id="jptl_23">
        <From SequenceNumber="23">
          <StopPointRef>2800S44057D</StopPointRef>
          <TimingStatus>otherPoint</TimingStatus>
        </From>
        <To SequenceNumber="24">
          <StopPointRef>2800S44058B</StopPointRef>
          <TimingStatus>principalTimingPoint</TimingStatus>
        </To>
        <RouteLinkRef>rl_0000_23</RouteLinkRef>
        <RunTime>PT1M</RunTime>
      </JourneyPatternTimingLink>
      <JourneyPatternTimingLink id="jptl_24">
        <From SequenceNumber="24">
          <StopPointRef>2800S44058B</StopPointRef>
          <TimingStatus>principalTimingPoint</TimingStatus>
        </From>
        <To SequenceNumber="25">
          <StopPointRef>2800S44059A</StopPointRef>
          <TimingStatus>otherPoint</TimingStatus>
        </To>
        <RouteLinkRef>rl_0000_24</RouteLinkRef>
        <RunTime>PT1M</RunTime>
      </JourneyPatternTimingLink>
      <JourneyPatternTimingLink id="jptl_25">
        <From SequenceNumber="25">
          <StopPointRef>2800S44059A</StopPointRef>
          <TimingStatus>otherPoint</TimingStatus>
        </From>
        <To SequenceNumber="26">
          <StopPointRef>2800S44030B</StopPointRef>
          <TimingStatus>otherPoint</TimingStatus>
        </To>
        <RouteLinkRef>rl_0000_25</RouteLinkRef>
        <RunTime>PT0S</RunTime>
      </JourneyPatternTimingLink>
      <JourneyPatternTimingLink id="jptl_26">
        <From SequenceNumber="26">
          <StopPointRef>2800S44030B</StopPointRef>
          <TimingStatus>otherPoint</TimingStatus>
        </From>
        <To SequenceNumber="27">
          <StopPointRef>2800S44031A</StopPointRef>
          <TimingStatus>otherPoint</TimingStatus>
        </To>
        <RouteLinkRef>rl_0000_26</RouteLinkRef>
        <RunTime>PT0S</RunTime>
      </JourneyPatternTimingLink>
      <JourneyPatternTimingLink id="jptl_27">
        <From SequenceNumber="27">
          <StopPointRef>2800S44031A</StopPointRef>
          <TimingStatus>otherPoint</TimingStatus>
        </From>
        <To SequenceNumber="28">
          <StopPointRef>2800S44032C</StopPointRef>
          <TimingStatus>otherPoint</TimingStatus>
        </To>
        <RouteLinkRef>rl_0000_27</RouteLinkRef>
        <RunTime>PT1M</RunTime>
      </JourneyPatternTimingLink>
      <JourneyPatternTimingLink id="jptl_28">
        <From SequenceNumber="28">
          <StopPointRef>2800S44032C</StopPointRef>
          <TimingStatus>otherPoint</TimingStatus>
        </From>
        <To SequenceNumber="29">
          <StopPointRef>2800S44060B</StopPointRef>
          <TimingStatus>otherPoint</TimingStatus>
        </To>
        <RouteLinkRef>rl_0000_28</RouteLinkRef>
        <RunTime>PT1M</RunTime>
      </JourneyPatternTimingLink>
      <JourneyPatternTimingLink id="jptl_29">
        <From SequenceNumber="29">
          <StopPointRef>2800S44060B</StopPointRef>
          <TimingStatus>otherPoint</TimingStatus>
        </From>
        <To SequenceNumber="30">
          <StopPointRef>2800S44061B</StopPointRef>
          <TimingStatus>otherPoint</TimingStatus>
        </To>
        <RouteLinkRef>rl_0000_29</RouteLinkRef>
        <RunTime>PT0S</RunTime>
      </JourneyPatternTimingLink>
      <JourneyPatternTimingLink id="jptl_30">
        <From SequenceNumber="30">
          <StopPointRef>2800S44061B</StopPointRef>
          <TimingStatus>otherPoint</TimingStatus>
        </From>
        <To SequenceNumber="31">
          <StopPointRef>2800S44124B</StopPointRef>
          <TimingStatus>otherPoint</TimingStatus>
        </To>
        <RouteLinkRef>rl_0000_30</RouteLinkRef>
        <RunTime>PT1M</RunTime>
      </JourneyPatternTimingLink>
      <JourneyPatternTimingLink id="jptl_31">
        <From SequenceNumber="31">
          <StopPointRef>2800S44124B</StopPointRef>
          <TimingStatus>otherPoint</TimingStatus>
        </From>
        <To SequenceNumber="32">
          <StopPointRef>2800S44008A</StopPointRef>
          <TimingStatus>otherPoint</TimingStatus>
        </To>
        <RouteLinkRef>rl_0000_31</RouteLinkRef>
        <RunTime>PT1M</RunTime>
      </JourneyPatternTimingLink>
      <JourneyPatternTimingLink id="jptl_32">
        <From SequenceNumber="32">
          <StopPointRef>2800S44008A</StopPointRef>
          <TimingStatus>otherPoint</TimingStatus>
        </From>
        <To SequenceNumber="33">
          <StopPointRef>2800S44010B</StopPointRef>
          <TimingStatus>otherPoint</TimingStatus>
        </To>
        <RouteLinkRef>rl_0000_32</RouteLinkRef>
        <RunTime>PT1M</RunTime>
      </JourneyPatternTimingLink>
      <JourneyPatternTimingLink id="jptl_33">
        <From SequenceNumber="33">
          <StopPointRef>2800S44010B</StopPointRef>
          <TimingStatus>otherPoint</TimingStatus>
        </From>
        <To SequenceNumber="34">
          <StopPointRef>2800S44011B</StopPointRef>
          <TimingStatus>otherPoint</TimingStatus>
        </To>
        <RouteLinkRef>rl_0000_33</RouteLinkRef>
        <RunTime>PT0S</RunTime>
      </JourneyPatternTimingLink>
      <JourneyPatternTimingLink id="jptl_34">
        <From SequenceNumber="34">
          <StopPointRef>2800S44011B</StopPointRef>
          <TimingStatus>otherPoint</TimingStatus>
        </From>
        <To SequenceNumber="35">
          <StopPointRef>2800S44127A</StopPointRef>
          <TimingStatus>otherPoint</TimingStatus>
        </To>
        <RouteLinkRef>rl_0000_34</RouteLinkRef>
        <RunTime>PT1M</RunTime>
      </JourneyPatternTimingLink>
      <JourneyPatternTimingLink id="jptl_35">
        <From SequenceNumber="35">
          <StopPointRef>2800S44127A</StopPointRef>
          <TimingStatus>otherPoint</TimingStatus>
        </From>
        <To SequenceNumber="36">
          <StopPointRef>2800S44042A</StopPointRef>
          <TimingStatus>otherPoint</TimingStatus>
        </To>
        <RouteLinkRef>rl_0000_35</RouteLinkRef>
        <RunTime>PT1M</RunTime>
      </JourneyPatternTimingLink>
      <JourneyPatternTimingLink id="jptl_36">
        <From SequenceNumber="36">
          <StopPointRef>2800S44042A</StopPointRef>
          <TimingStatus>otherPoint</TimingStatus>
        </From>
        <To SequenceNumber="37">
          <StopPointRef>2800S44067A</StopPointRef>
          <TimingStatus>otherPoint</TimingStatus>
        </To>
        <RouteLinkRef>rl_0000_36</RouteLinkRef>
        <RunTime>PT1M</RunTime>
      </JourneyPatternTimingLink>
      <JourneyPatternTimingLink id="jptl_37">
        <From SequenceNumber="37">
          <StopPointRef>2800S44067A</StopPointRef>
          <TimingStatus>otherPoint</TimingStatus>
        </From>
        <To SequenceNumber="38">
          <Activity>setDown</Activity>
          <StopPointRef>2800S44047A</StopPointRef>
          <TimingStatus>principalTimingPoint</TimingStatus>
        </To>
        <RouteLinkRef>rl_0000_37</RouteLinkRef>
        <RunTime>PT1M</RunTime>
      </JourneyPatternTimingLink>
    </JourneyPatternSection>
  </JourneyPatternSections>
  <Operators>
    <Operator id="tkt_oid">
      <NationalOperatorCode>AMSY</NationalOperatorCode>
      <OperatorCode>ANW</OperatorCode>
      <OperatorShortName>Arriva Merseyside</OperatorShortName>
      <LicenceNumber>PC0001141</LicenceNumber>
    </Operator>
  </Operators>
  <Services>
    <Service>
      <ServiceCode>PC0001141:136</ServiceCode>
      <Lines>
        <Line id="AMSY:PC0001141:136:12">
          <LineName>12</LineName>
          <OutboundDescription>
            <Description>Stockbridge Village to Liverpool Circular</Description>
          </OutboundDescription>
          <InboundDescription>
            <Description>Liverpool Circular to Stockbridge Village</Description>
          </InboundDescription>
        </Line>
      </Lines>
      <OperatingPeriod>
        <StartDate>2024-07-21</StartDate>
      </OperatingPeriod>
      <OperatingProfile>
        <RegularDayType>
          <DaysOfWeek>
            <Monday />
            <Tuesday />
            <Wednesday />
            <Thursday />
            <Friday />
          </DaysOfWeek>
        </RegularDayType>
        <BankHolidayOperation>
          <DaysOfNonOperation>
            <ChristmasDay />
            <BoxingDay />
            <GoodFriday />
            <NewYearsDay />
            <LateSummerBankHolidayNotScotland />
            <MayDay />
            <EasterMonday />
            <SpringBank />
            <ChristmasDayHoliday />
            <BoxingDayHoliday />
            <NewYearsDayHoliday />
            <OtherPublicHoliday>
              <Description>CoronationOfKingCharlesIII</Description>
              <Date>2023-05-08</Date>
            </OtherPublicHoliday>
            <ChristmasEve />
            <NewYearsEve />
          </DaysOfNonOperation>
        </BankHolidayOperation>
      </OperatingProfile>
      <RegisteredOperatorRef>tkt_oid</RegisteredOperatorRef>
      <PublicUse>true</PublicUse>
      <StandardService>
        <Origin>Stockbridge Village</Origin>
        <Destination>Liverpool Circular</Destination>
        <JourneyPattern id="jp_1">
          <DestinationDisplay>Waterpark Drive</DestinationDisplay>
          <OperatorRef>tkt_oid</OperatorRef>
          <Direction>outbound</Direction>
          <RouteRef>rt_0000</RouteRef>
          <JourneyPatternSectionRefs>js_1</JourneyPatternSectionRefs>
        </JourneyPattern>
      </StandardService>
    </Service>
  </Services>
  <VehicleJourneys>
    <VehicleJourney>
      <OperatorRef>tkt_oid</OperatorRef>
      <Operational>
        <TicketMachine>
          <JourneyCode>1105</JourneyCode>
        </TicketMachine>
      </Operational>
      <VehicleJourneyCode>vj_1</VehicleJourneyCode>
      <ServiceRef>PC0001141:136</ServiceRef>
      <LineRef>AMSY:PC0001141:136:12</LineRef>
      <JourneyPatternRef>jp_1</JourneyPatternRef>
      <DepartureTime>23:16:00</DepartureTime>
    </VehicleJourney>
  </VehicleJourneys>
</TransXChange>