<?xml version="1.0" encoding="utf-8"?>
<TransXChange xmlns:xsi="http://www.w3.org/2001/XMLSchema-instance" SchemaVersion="2.4" CreationDateTime="2024-07-15T08:53:39" ModificationDateTime="2024-07-25T10:49:20" Modification="revise" RevisionNumber="2" FileName="AMSY_418C_AMSYPC00011412418_20240721_-_1900932.xml" xmlns="http://www.transxchange.org.uk/">
  <StopPoints>
    <AnnotatedStopPointRef>
      <StopPointRef>2800S22043B</StopPointRef>
      <CommonName>Birkenhead Bus Station</CommonName>
      <Location>
        <Longitude>-3.022619</Longitude>
        <Latitude>53.391210</Latitude>
      </Location>
    </AnnotatedStopPointRef>
    <AnnotatedStopPointRef>
      <StopPointRef>2800S22026B</StopPointRef>
      <CommonName>Parkfield Avenue</CommonName>
      <Location>
        <Longitude>-3.026627</Longitude>
        <Latitude>53.392785</Latitude>
      </Location>
    </AnnotatedStopPointRef>
    <AnnotatedStopPointRef>
      <StopPointRef>2800S22007A</StopPointRef>
      <CommonName>Exmouth Street</CommonName>
      <Location>
        <Longitude>-3.028549</Longitude>
        <Latitude>53.393316</Latitude>
      </Location>
    </AnnotatedStopPointRef>
    <AnnotatedStopPointRef>
      <StopPointRef>2800S22002B</StopPointRef>
      <CommonName>Park Road East</CommonName>
      <Location>
        <Longitude>-3.032759</Longitude>
        <Latitude>53.394520</Latitude>
      </Location>
    </AnnotatedStopPointRef>
    <AnnotatedStopPointRef>
      <StopPointRef>2800S22001B</StopPointRef>
      <CommonName>Newling Street</CommonName>
      <Location>
        <Longitude>-3.035892</Longitude>
        <Latitude>53.395365</Latitude>
      </Location>
    </AnnotatedStopPointRef>
    <AnnotatedStopPointRef>
      <StopPointRef>2800S21093B</StopPointRef>
      <CommonName>Ashville Road</CommonName>
      <Location>
        <Longitude>-3.040209</Longitude>
        <Latitude>53.396604</Latitude>
      </Location>
    </AnnotatedStopPointRef>
    <AnnotatedStopPointRef>
      <StopPointRef>2800S21054B</StopPointRef>
      <CommonName>Morley Avenue</CommonName>
      <Location>
        <Longitude>-3.043327</Longitude>
        <Latitude>53.397422</Latitude>
      </Location>
    </AnnotatedStopPointRef>
    <AnnotatedStopPointRef>
      <StopPointRef>2800S21053A</StopPointRef>
      <CommonName>Plumer Street</CommonName>
      <Location>
        <Longitude>-3.050172</Longitude>
        <Latitude>53.399339</Latitude>
      </Location>
    </AnnotatedStopPointRef>
    <AnnotatedStopPointRef>
      <StopPointRef>2800S21064A</StopPointRef>
      <CommonName>Dundonald Street</CommonName>
      <Location>
        <Longitude>-3.052307</Longitude>
        <Latitude>53.399932</Latitude>
      </Location>
    </AnnotatedStopPointRef>
    <AnnotatedStopPointRef>
      <StopPointRef>2800S21065C</StopPointRef>
      <CommonName>Arkle Road</CommonName>
      <Location>
        <Longitude>-3.057244</Longitude>
        <Latitude>53.401300</Latitude>
      </Location>
    </AnnotatedStopPointRef>
    <AnnotatedStopPointRef>
      <StopPointRef>2800S21066B</StopPointRef>
      <CommonName>Hablyn Road</CommonName>
      <Location>
        <Longitude>-3.064318</Longitude>
        <Latitude>53.402082</Latitude>
      </Location>
    </AnnotatedStopPointRef>
    <AnnotatedStopPointRef>
      <StopPointRef>2800S21067B</StopPointRef>
      <CommonName>Worcester Road</CommonName>
      <Location>
        <Longitude>-3.065950</Longitude>
        <Latitude>53.402400</Latitude>
      </Location>
    </AnnotatedStopPointRef>
    <AnnotatedStopPointRef>
      <StopPointRef>2800S25048A</StopPointRef>
      <CommonName>Hurrell Road</CommonName>
      <Location>
        <Longitude>-3.070921</Longitude>
        <Latitude>53.404468</Latitude>
      </Location>
    </AnnotatedStopPointRef>
    <AnnotatedStopPointRef>
      <StopPointRef>2800S25123A</StopPointRef>
      <CommonName>Bidston Village Road</CommonName>
      <Location>
        <Longitude>-3.072700</Longitude>
        <Latitude>53.405243</Latitude>
      </Location>
    </AnnotatedStopPointRef>
    <AnnotatedStopPointRef>
      <StopPointRef>2800S25070B</StopPointRef>
      <CommonName>School Lane</CommonName>
      <Location>
        <Longitude>-3.079137</Longitude>
        <Latitude>53.403980</Latitude>
      </Location>
    </AnnotatedStopPointRef>
    <AnnotatedStopPointRef>
      <StopPointRef>2800S25071A</StopPointRef>
      <CommonName>Bidston Village Road</CommonName>
      <Location>
        <Longitude>-3.082575</Longitude>
        <Latitude>53.403751</Latitude>
      </Location>
    </AnnotatedStopPointRef>
    <AnnotatedStopPointRef>
      <StopPointRef>2800S25072A</StopPointRef>
      <CommonName>St Oswalds Ave</CommonName>
      <Location>
        <Longitude>-3.083985</Longitude>
        <Latitude>53.401788</Latitude>
      </Location>
    </AnnotatedStopPointRef>
    <AnnotatedStopPointRef>
      <StopPointRef>2800S25073B</StopPointRef>
      <CommonName>Bidston Green Drive</CommonName>
      <Location>
        <Longitude>-3.084532</Longitude>
        <Latitude>53.399652</Latitude>
      </Location>
    </AnnotatedStopPointRef>
    <AnnotatedStopPointRef>
      <StopPointRef>2800S25074B</StopPointRef>
      <CommonName>Beechwood Drive</CommonName>
      <Location>
        <Longitude>-3.084899</Longitude>
        <Latitude>53.395748</Latitude>
      </Location>
    </AnnotatedStopPointRef>
    <AnnotatedStopPointRef>
      <StopPointRef>2800S25088B</StopPointRef>
      <CommonName>Fifth Avenue</CommonName>
      <Location>
        <Longitude>-3.085842</Longitude>
        <Latitude>53.393798</Latitude>
      </Location>
    </AnnotatedStopPointRef>
    <AnnotatedStopPointRef>
      <StopPointRef>2800S25075B</StopPointRef>
      <CommonName>Third Avenue</CommonName>
      <Location>
        <Longitude>-3.086039</Longitude>
        <Latitude>53.391513</Latitude>
      </Location>
    </AnnotatedStopPointRef>
    <AnnotatedStopPointRef>
      <StopPointRef>2800S25076B</StopPointRef>
      <CommonName>Second Avenue</CommonName>
      <Location>
        <Longitude>-3.084814</Longitude>
        <Latitude>53.388863</Latitude>
      </Location>
    </AnnotatedStopPointRef>
    <AnnotatedStopPointRef>
      <StopPointRef>2800S25077B</StopPointRef>
      <CommonName>First Avenue</CommonName>
      <Location>
        <Longitude>-3.081835</Longitude>
        <Latitude>53.389402</Latitude>
      </Location>
    </AnnotatedStopPointRef>
    <AnnotatedStopPointRef>
      <StopPointRef>2800S25061B</StopPointRef>
      <CommonName>Noctorum Avenue</CommonName>
      <Location>
        <Longitude>-3.083405</Longitude>
        <Latitude>53.387258</Latitude>
      </Location>
    </AnnotatedStopPointRef>
    <AnnotatedStopPointRef>
      <StopPointRef>2800S25060B</StopPointRef>
      <CommonName>Upton By-Pass</CommonName>
      <Location>
        <Longitude>-3.087729</Longitude>
        <Latitude>53.385259</Latitude>
      </Location>
    </AnnotatedStopPointRef>
    <AnnotatedStopPointRef>
      <StopPointRef>2800S25059B</StopPointRef>
      <CommonName>Ford Drive</CommonName>
      <Location>
        <Longitude>-3.089729</Longitude>
        <Latitude>53.384656</Latitude>
      </Location>
    </AnnotatedStopPointRef>
    <AnnotatedStopPointRef>
      <StopPointRef>2800S25004B</StopPointRef>
      <CommonName>Salacre Lane</CommonName>
      <Location>
        <Longitude>-3.097142</Longitude>
        <Latitude>53.384696</Latitude>
      </Location>
    </AnnotatedStopPointRef>
    <AnnotatedStopPointRef>
      <StopPointRef>2800S25004C</StopPointRef>
      <CommonName>Ford Road</CommonName>
      <Location>
        <Longitude>-3.098929</Longitude>
        <Latitude>53.384599</Latitude>
      </Location>
    </AnnotatedStopPointRef>
    <AnnotatedStopPointRef>
      <StopPointRef>2800S25003A</StopPointRef>
      <CommonName>Sulivan Avenue</CommonName>
      <Location>
        <Longitude>-3.098715</Longitude>
        <Latitude>53.382129</Latitude>
      </Location>
    </AnnotatedStopPointRef>
    <AnnotatedStopPointRef>
      <StopPointRef>2800S25002A</StopPointRef>
      <CommonName>Leeswood Road</CommonName>
      <Location>
        <Longitude>-3.097458</Longitude>
        <Latitude>53.378266</Latitude>
      </Location>
    </AnnotatedStopPointRef>
    <AnnotatedStopPointRef>
      <StopPointRef>2800S25001B</StopPointRef>
      <CommonName>Arrowe Brook Road</CommonName>
      <Location>
        <Longitude>-3.096120</Longitude>
        <Latitude>53.375330</Latitude>
      </Location>
    </AnnotatedStopPointRef>
    <AnnotatedStopPointRef>
      <StopPointRef>2800S26008B</StopPointRef>
      <CommonName>Pool Lane</CommonName>
      <Location>
        <Longitude>-3.094869</Longitude>
        <Latitude>53.372276</Latitude>
      </Location>
    </AnnotatedStopPointRef>
    <AnnotatedStopPointRef>
      <StopPointRef>2800S26042A</StopPointRef>
      <CommonName>Internal Grounds</CommonName>
      <Location>
        <Longitude>-3.094347</Longitude>
        <Latitude>53.370097</Latitude>
      </Location>
    </AnnotatedStopPointRef>
    <AnnotatedStopPointRef>
      <StopPointRef>2800S26007A</StopPointRef>
      <CommonName>Church Lane</CommonName>
      <Location>
        <Longitude>-3.087341</Longitude>
        <Latitude>53.369424</Latitude>
      </Location>
    </AnnotatedStopPointRef>
    <AnnotatedStopPointRef>
      <StopPointRef>2800S26006A</StopPointRef>
      <CommonName>Ackers Road</CommonName>
      <Location>
        <Longitude>-3.081043</Longitude>
        <Latitude>53.370596</Latitude>
      </Location>
    </AnnotatedStopPointRef>
    <AnnotatedStopPointRef>
      <StopPointRef>2800S26004A</StopPointRef>
      <CommonName>Palmwood Close</CommonName>
      <Location>
        <Longitude>-3.065331</Longitude>
        <Latitude>53.370368</Latitude>
      </Location>
    </AnnotatedStopPointRef>
    <AnnotatedStopPointRef>
      <StopPointRef>2800S26003A</StopPointRef>
      <CommonName>Prenton Dell Road</CommonName>
      <Location>
        <Longitude>-3.061880</Longitude>
        <Latitude>53.370624</Latitude>
      </Location>
    </AnnotatedStopPointRef>
    <AnnotatedStopPointRef>
      <StopPointRef>2800S26009B</StopPointRef>
      <CommonName>Waterpark Road</CommonName>
      <Location>
        <Longitude>-3.059003</Longitude>
        <Latitude>53.369139</Latitude>
      </Location>
    </AnnotatedStopPointRef>
    <AnnotatedStopPointRef>
      <StopPointRef>2800S26010B</StopPointRef>
      <CommonName>Goldsmith Way</CommonName>
      <Location>
        <Longitude>-3.056544</Longitude>
        <Latitude>53.366968</Latitude>
      </Location>
    </AnnotatedStopPointRef>
    <AnnotatedStopPointRef>
      <StopPointRef>2800S26011A</StopPointRef>
      <CommonName>Prenton Village Road</CommonName>
      <Location>
        <Longitude>-3.054140</Longitude>
        <Latitude>53.366378</Latitude>
      </Location>
    </AnnotatedStopPointRef>
    <AnnotatedStopPointRef>
      <StopPointRef>2800S26012B</StopPointRef>
      <CommonName>Prenton Dell Road</CommonName>
      <Location>
        <Longitude>-3.049184</Longitude>
        <Latitude>53.366511</Latitude>
      </Location>
    </AnnotatedStopPointRef>
    <AnnotatedStopPointRef>
      <StopPointRef>2800S20039A</StopPointRef>
      <CommonName>Osmaston Road</CommonName>
      <Location>
        <Longitude>-3.044880</Longitude>
        <Latitude>53.367511</Latitude>
      </Location>
    </AnnotatedStopPointRef>
    <AnnotatedStopPointRef>
      <StopPointRef>2800S20038A</StopPointRef>
      <CommonName>Reservoir Road North</CommonName>
      <Location>
        <Longitude>-3.041981</Longitude>
        <Latitude>53.369415</Latitude>
      </Location>
    </AnnotatedStopPointRef>
    <AnnotatedStopPointRef>
      <StopPointRef>2800S20024A</StopPointRef>
      <CommonName>Storeton Road</CommonName>
      <Location>
        <Longitude>-3.039499</Longitude>
        <Latitude>53.371180</Latitude>
      </Location>
    </AnnotatedStopPointRef>
    <AnnotatedStopPointRef>
      <StopPointRef>2800S20029B</StopPointRef>
      <CommonName>Mendip Road</CommonName>
      <Location>
        <Longitude>-3.035746</Longitude>
        <Latitude>53.368912</Latitude>
      </Location>
    </AnnotatedStopPointRef>
    <AnnotatedStopPointRef>
      <StopPointRef>2800S20030C</StopPointRef>
      <CommonName>Storeton Road</CommonName>
      <Location>
        <Longitude>-3.033434</Longitude>
        <Latitude>53.367763</Latitude>
      </Location>
    </AnnotatedStopPointRef>
    <AnnotatedStopPointRef>
      <StopPointRef>2800S20031A</StopPointRef>
      <CommonName>Mendip Road</CommonName>
      <Location>
        <Longitude>-3.031009</Longitude>
        <Latitude>53.368782</Latitude>
      </Location>
    </AnnotatedStopPointRef>
    <AnnotatedStopPointRef>
      <StopPointRef>2800S20028C</StopPointRef>
      <CommonName>Ben Nevis Road</CommonName>
      <Location>
        <Longitude>-3.028393</Longitude>
        <Latitude>53.369982</Latitude>
      </Location>
    </AnnotatedStopPointRef>
    <AnnotatedStopPointRef>
      <StopPointRef>2800S20040A</StopPointRef>
      <CommonName>Bebington Road</CommonName>
      <Location>
        <Longitude>-3.023122</Longitude>
        <Latitude>53.370801</Latitude>
      </Location>
    </AnnotatedStopPointRef>
    <AnnotatedStopPointRef>
      <StopPointRef>2800S20041B</StopPointRef>
      <CommonName>Clarke Avenue</CommonName>
      <Location>
        <Longitude>-3.017057</Longitude>
        <Latitude>53.371113</Latitude>
      </Location>
    </AnnotatedStopPointRef>
    <AnnotatedStopPointRef>
      <StopPointRef>2800S20013B</StopPointRef>
      <CommonName>Byrne Avenue</CommonName>
      <Location>
        <Longitude>-3.014901</Longitude>
        <Latitude>53.370197</Latitude>
      </Location>
    </AnnotatedStopPointRef>
    <AnnotatedStopPointRef>
      <StopPointRef>2800S20014B</StopPointRef>
      <CommonName>Birkett Road</CommonName>
      <Location>
        <Longitude>-3.014452</Longitude>
        <Latitude>53.368367</Latitude>
      </Location>
    </AnnotatedStopPointRef>
    <AnnotatedStopPointRef>
      <StopPointRef>2800S20015A</StopPointRef>
      <CommonName>Rock Lane West</CommonName>
      <Location>
        <Longitude>-3.013853</Longitude>
        <Latitude>53.366574</Latitude>
      </Location>
    </AnnotatedStopPointRef>
    <AnnotatedStopPointRef>
      <StopPointRef>2800S20016B</StopPointRef>
      <CommonName>Woodland Road</CommonName>
      <Location>
        <Longitude>-3.014957</Longitude>
        <Latitude>53.364353</Latitude>
      </Location>
    </AnnotatedStopPointRef>
    <AnnotatedStopPointRef>
      <StopPointRef>2800S20017B</StopPointRef>
      <CommonName>Town Lane</CommonName>
      <Location>
        <Longitude>-3.010120</Longitude>
        <Latitude>53.361886</Latitude>
      </Location>
    </AnnotatedStopPointRef>
    <AnnotatedStopPointRef>
      <StopPointRef>2800S20018A</StopPointRef>
      <CommonName>College Drive</CommonName>
      <Location>
        <Longitude>-3.007227</Longitude>
        <Latitude>53.360275</Latitude>
      </Location>
    </AnnotatedStopPointRef>
    <AnnotatedStopPointRef>
      <StopPointRef>2800S20019B</StopPointRef>
      <CommonName>Bebington Station</CommonName>
      <Location>
        <Longitude>-3.003252</Longitude>
        <Latitude>53.357360</Latitude>
      </Location>
    </AnnotatedStopPointRef>
    <AnnotatedStopPointRef>
      <StopPointRef>2800S27022A</StopPointRef>
      <CommonName>Sandringham Close</CommonName>
      <Location>
        <Longitude>-3.001421</Longitude>
        <Latitude>53.358094</Latitude>
      </Location>
    </AnnotatedStopPointRef>
    <AnnotatedStopPointRef>
      <StopPointRef>2800S27023C</StopPointRef>
      <CommonName>Bebington Road</CommonName>
      <Location>
        <Longitude>-2.998928</Longitude>
        <Latitude>53.359446</Latitude>
      </Location>
    </AnnotatedStopPointRef>
    <AnnotatedStopPointRef>
      <StopPointRef>2800S27030B</StopPointRef>
      <CommonName>Legh Road</CommonName>
      <Location>
        <Longitude>-2.997210</Longitude>
        <Latitude>53.360521</Latitude>
      </Location>
    </AnnotatedStopPointRef>
    <AnnotatedStopPointRef>
      <StopPointRef>2800S27024B</StopPointRef>
      <CommonName>Salisbury Drive</CommonName>
      <Location>
        <Longitude>-2.996283</Longitude>
        <Latitude>53.361994</Latitude>
      </Location>
    </AnnotatedStopPointRef>
    <AnnotatedStopPointRef>
      <StopPointRef>2800S27025B</StopPointRef>
      <CommonName>Woodford Road</CommonName>
      <Location>
        <Longitude>-2.994259</Longitude>
        <Latitude>53.363503</Latitude>
      </Location>
    </AnnotatedStopPointRef>
    <AnnotatedStopPointRef>
      <StopPointRef>2800S27026A</StopPointRef>
      <CommonName>Pollitt Square</CommonName>
      <Location>
        <Longitude>-2.992013</Longitude>
        <Latitude>53.362533</Latitude>
      </Location>
    </AnnotatedStopPointRef>
  </StopPoints>
  <RouteSections>
    <RouteSection id="rsf_0000">
      <RouteLink id="rl_0000_1">
        <From>
          <StopPointRef>2800S22043B</StopPointRef>
        </From>
        <To>
          <StopPointRef>2800S22026B</StopPointRef>
        </To>
      </RouteLink>
      <RouteLink id="rl_0000_2">
        <From>
          <StopPointRef>2800S22026B</StopPointRef>
        </From>
        <To>
          <StopPointRef>2800S22007A</StopPointRef>
        </To>
      </RouteLink>
      <RouteLink id="rl_0000_3">
        <From>
          <StopPointRef>2800S22007A</StopPointRef>
        </From>
        <To>
          <StopPointRef>2800S22002B</StopPointRef>
        </To>
      </RouteLink>
      <RouteLink id="rl_0000_4">
        <From>
          <StopPointRef>2800S22002B</StopPointRef>
        </From>
        <To>
          <StopPointRef>2800S22001B</StopPointRef>
        </To>
      </RouteLink>
      <RouteLink id="rl_0000_5">
        <From>
          <StopPointRef>2800S22001B</StopPointRef>
        </From>
        <To>
          <StopPointRef>2800S21093B</StopPointRef>
        </To>
      </RouteLink>
      <RouteLink id="rl_0000_6">
        <From>
          <StopPointRef>2800S21093B</StopPointRef>
        </From>
        <To>
          <StopPointRef>2800S21054B</StopPointRef>
        </To>
      </RouteLink>
      <RouteLink id="rl_0000_7">
        <From>
          <StopPointRef>2800S21054B</StopPointRef>
        </From>
        <To>
          <StopPointRef>2800S21053A</StopPointRef>
        </To>
      </RouteLink>
      <RouteLink id="rl_0000_8">
        <From>
          <StopPointRef>2800S21053A</StopPointRef>
        </From>
        <To>
          <StopPointRef>2800S21064A</StopPointRef>
        </To>
      </RouteLink>
      <RouteLink id="rl_0000_9">
        <From>
          <StopPointRef>2800S21064A</StopPointRef>
        </From>
        <To>
          <StopPointRef>2800S21065C</StopPointRef>
        </To>
      </RouteLink>
      <RouteLink id="rl_0000_10">
        <From>
          <StopPointRef>2800S21065C</StopPointRef>
        </From>
        <To>
          <StopPointRef>2800S21066B</StopPointRef>
        </To>
      </RouteLink>
      <RouteLink id="rl_0000_11">
        <From>
          <StopPointRef>2800S21066B</StopPointRef>
        </From>
        <To>
          <StopPointRef>2800S21067B</StopPointRef>
        </To>
      </RouteLink>
      <RouteLink id="rl_0000_12">
        <From>
          <StopPointRef>2800S21067B</StopPointRef>
        </From>
        <To>
          <StopPointRef>2800S25048A</StopPointRef>
        </To>
      </RouteLink>
      <RouteLink id="rl_0000_13">
        <From>
          <StopPointRef>2800S25048A</StopPointRef>
        </From>
        <To>
          <StopPointRef>2800S25123A</StopPointRef>
        </To>
      </RouteLink>
      <RouteLink id="rl_0000_14">
        <From>
          <StopPointRef>2800S25123A</StopPointRef>
        </From>
        <To>
          <StopPointRef>2800S25070B</StopPointRef>
        </To>
      </RouteLink>
      <RouteLink id="rl_0000_15">
        <From>
          <StopPointRef>2800S25070B</StopPointRef>
        </From>
        <To>
          <StopPointRef>2800S25071A</StopPointRef>
        </To>
      </RouteLink>
      <RouteLink id="rl_0000_16">
        <From>
          <StopPointRef>2800S25071A</StopPointRef>
        </From>
        <To>
          <StopPointRef>2800S25072A</StopPointRef>
        </To>
      </RouteLink>
      <RouteLink id="rl_0000_17">
        <From>
          <StopPointRef>2800S25072A</StopPointRef>
        </From>
        <To>
          <StopPointRef>2800S25073B</StopPointRef>
        </To>
      </RouteLink>
      <RouteLink id="rl_0000_18">
        <From>
          <StopPointRef>2800S25073B</StopPointRef>
        </From>
        <To>
          <StopPointRef>2800S25074B</StopPointRef>
        </To>
      </RouteLink>
      <RouteLink id="rl_0000_19">
        <From>
          <StopPointRef>2800S25074B</StopPointRef>
        </From>
        <To>
          <StopPointRef>2800S25088B</StopPointRef>
        </To>
      </RouteLink>
      <RouteLink id="rl_0000_20">
        <From>
          <StopPointRef>2800S25088B</StopPointRef>
        </From>
        <To>
          <StopPointRef>2800S25075B</StopPointRef>
        </To>
      </RouteLink>
      <RouteLink id="rl_0000_21">
        <From>
          <StopPointRef>2800S25075B</StopPointRef>
        </From>
        <To>
          <StopPointRef>2800S25076B</StopPointRef>
        </To>
      </RouteLink>
      <RouteLink id="rl_0000_22">
        <From>
          <StopPointRef>2800S25076B</StopPointRef>
        </From>
        <To>
          <StopPointRef>2800S25077B</StopPointRef>
        </To>
      </RouteLink>
      <RouteLink id="rl_0000_23">
        <From>
          <StopPointRef>2800S25077B</StopPointRef>
        </From>
        <To>
          <StopPointRef>2800S25061B</StopPointRef>
        </To>
      </RouteLink>
      <RouteLink id="rl_0000_24">
        <From>
          <StopPointRef>2800S25061B</StopPointRef>
        </From>
        <To>
          <StopPointRef>2800S25060B</StopPointRef>
        </To>
      </RouteLink>
      <RouteLink id="rl_0000_25">
        <From>
          <StopPointRef>2800S25060B</StopPointRef>
        </From>
        <To>
          <StopPointRef>2800S25059B</StopPointRef>
        </To>
      </RouteLink>
      <RouteLink id="rl_0000_26">
        <From>
          <StopPointRef>2800S25059B</StopPointRef>
        </From>
        <To>
          <StopPointRef>2800S25004B</StopPointRef>
        </To>
      </RouteLink>
      <RouteLink id="rl_0000_27">
        <From>
          <StopPointRef>2800S25004B</StopPointRef>
        </From>
        <To>
          <StopPointRef>2800S25004C</StopPointRef>
        </To>
      </RouteLink>
      <RouteLink id="rl_0000_28">
        <From>
          <StopPointRef>2800S25004C</StopPointRef>
        </From>
        <To>
          <StopPointRef>2800S25003A</StopPointRef>
        </To>
      </RouteLink>
      <RouteLink id="rl_0000_29">
        <From>
          <StopPointRef>2800S25003A</StopPointRef>
        </From>
        <To>
          <StopPointRef>2800S25002A</StopPointRef>
        </To>
      </RouteLink>
      <RouteLink id="rl_0000_30">
        <From>
          <StopPointRef>2800S25002A</StopPointRef>
        </From>
        <To>
          <StopPointRef>2800S25001B</StopPointRef>
        </To>
      </RouteLink>
      <RouteLink id="rl_0000_31">
        <From>
          <StopPointRef>2800S25001B</StopPointRef>
        </From>
        <To>
          <StopPointRef>2800S26008B</StopPointRef>
        </To>
      </RouteLink>
      <RouteLink id="rl_0000_32">
        <From>
          <StopPointRef>2800S26008B</StopPointRef>
        </From>
        <To>
          <StopPointRef>2800S26042A</StopPointRef>
        </To>
      </RouteLink>
      <RouteLink id="rl_0000_33">
        <From>
          <StopPointRef>2800S26042A</StopPointRef>
        </From>
        <To>
          <StopPointRef>2800S26007A</StopPointRef>
        </To>
      </RouteLink>
      <RouteLink id="rl_0000_34">
        <From>
          <StopPointRef>2800S26007A</StopPointRef>
        </From>
        <To>
          <StopPointRef>2800S26006A</StopPointRef>
        </To>
      </RouteLink>
      <RouteLink id="rl_0000_35">
        <From>
          <StopPointRef>2800S26006A</StopPointRef>
        </From>
        <To>
          <StopPointRef>2800S26004A</StopPointRef>
        </To>
      </RouteLink>
      <RouteLink id="rl_0000_36">
        <From>
          <StopPointRef>2800S26004A</StopPointRef>
        </From>
        <To>
          <StopPointRef>2800S26003A</StopPointRef>
        </To>
      </RouteLink>
      <RouteLink id="rl_0000_37">
        <From>
          <StopPointRef>2800S26003A</StopPointRef>
        </From>
        <To>
          <StopPointRef>2800S26009B</StopPointRef>
        </To>
      </RouteLink>
      <RouteLink id="rl_0000_38">
        <From>
          <StopPointRef>2800S26009B</StopPointRef>
        </From>
        <To>
          <StopPointRef>2800S26010B</StopPointRef>
        </To>
      </RouteLink>
      <RouteLink id="rl_0000_39">
        <From>
          <StopPointRef>2800S26010B</StopPointRef>
        </From>
        <To>
          <StopPointRef>2800S26011A</StopPointRef>
        </To>
      </RouteLink>
      <RouteLink id="rl_0000_40">
        <From>
          <StopPointRef>2800S26011A</StopPointRef>
        </From>
        <To>
          <StopPointRef>2800S26012B</StopPointRef>
        </To>
      </RouteLink>
      <RouteLink id="rl_0000_41">
        <From>
          <StopPointRef>2800S26012B</StopPointRef>
        </From>
        <To>
          <StopPointRef>2800S20039A</StopPointRef>
        </To>
      </RouteLink>
      <RouteLink id="rl_0000_42">
        <From>
          <StopPointRef>2800S20039A</StopPointRef>
        </From>
        <To>
          <StopPointRef>2800S20038A</StopPointRef>
        </To>
      </RouteLink>
      <RouteLink id="rl_0000_43">
        <From>
          <StopPointRef>2800S20038A</StopPointRef>
        </From>
        <To>
          <StopPointRef>2800S20024A</StopPointRef>
        </To>
      </RouteLink>
      <RouteLink id="rl_0000_44">
        <From>
          <StopPointRef>2800S20024A</StopPointRef>
        </From>
        <To>
          <StopPointRef>2800S20029B</StopPointRef>
        </To>
      </RouteLink>
      <RouteLink id="rl_0000_45">
        <From>
          <StopPointRef>2800S20029B</StopPointRef>
        </From>
        <To>
          <StopPointRef>2800S20030C</StopPointRef>
        </To>
      </RouteLink>
      <RouteLink id="rl_0000_46">
        <From>
          <StopPointRef>2800S20030C</StopPointRef>
        </From>
        <To>
          <StopPointRef>2800S20031A</StopPointRef>
        </To>
      </RouteLink>
      <RouteLink id="rl_0000_47">
        <From>
          <StopPointRef>2800S20031A</StopPointRef>
        </From>
        <To>
          <StopPointRef>2800S20028C</StopPointRef>
        </To>
      </RouteLink>
      <RouteLink id="rl_0000_48">
        <From>
          <StopPointRef>2800S20028C</StopPointRef>
        </From>
        <To>
          <StopPointRef>2800S20040A</StopPointRef>
        </To>
      </RouteLink>
      <RouteLink id="rl_0000_49">
        <From>
          <StopPointRef>2800S20040A</StopPointRef>
        </From>
        <To>
          <StopPointRef>2800S20041B</StopPointRef>
        </To>
      </RouteLink>
      <RouteLink id="rl_0000_50">
        <From>
          <StopPointRef>2800S20041B</StopPointRef>
        </From>
        <To>
          <StopPointRef>2800S20013B</StopPointRef>
        </To>
      </RouteLink>
      <RouteLink id="rl_0000_51">
        <From>
          <StopPointRef>2800S20013B</StopPointRef>
        </From>
        <To>
          <StopPointRef>2800S20014B</StopPointRef>
        </To>
      </RouteLink>
      <RouteLink id="rl_0000_52">
        <From>
          <StopPointRef>2800S20014B</StopPointRef>
        </From>
        <To>
          <StopPointRef>2800S20015A</StopPointRef>
        </To>
      </RouteLink>
      <RouteLink id="rl_0000_53">
        <From>
          <StopPointRef>2800S20015A</StopPointRef>
        </From>
        <To>
          <StopPointRef>2800S20016B</StopPointRef>
        </To>
      </RouteLink>
      <RouteLink id="rl_0000_54">
        <From>
          <StopPointRef>2800S20016B</StopPointRef>
        </From>
        <To>
          <StopPointRef>2800S20017B</StopPointRef>
        </To>
      </RouteLink>
      <RouteLink id="rl_0000_55">
        <From>
          <StopPointRef>2800S20017B</StopPointRef>
        </From>
        <To>
          <StopPointRef>2800S20018A</StopPointRef>
        </To>
      </RouteLink>
      <RouteLink id="rl_0000_56">
        <From>
          <StopPointRef>2800S20018A</StopPointRef>
        </From>
        <To>
          <StopPointRef>2800S20019B</StopPointRef>
        </To>
      </RouteLink>
      <RouteLink id="rl_0000_57">
        <From>
          <StopPointRef>2800S20019B</StopPointRef>
        </From>
        <To>
          <StopPointRef>2800S27022A</StopPointRef>
        </To>
      </RouteLink>
      <RouteLink id="rl_0000_58">
        <From>
          <StopPointRef>2800S27022A</StopPointRef>
        </From>
        <To>
          <StopPointRef>2800S27023C</StopPointRef>
        </To>
      </RouteLink>
      <RouteLink id="rl_0000_59">
        <From>
          <StopPointRef>2800S27023C</StopPointRef>
        </From>
        <To>
          <StopPointRef>2800S27030B</StopPointRef>
        </To>
      </RouteLink>
      <RouteLink id="rl_0000_60">
        <From>
          <StopPointRef>2800S27030B</StopPointRef>
        </From>
        <To>
          <StopPointRef>2800S27024B</StopPointRef>
        </To>
      </RouteLink>
      <RouteLink id="rl_0000_61">
        <From>
          <StopPointRef>2800S27024B</StopPointRef>
        </From>
        <To>
          <StopPointRef>2800S27025B</StopPointRef>
        </To>
      </RouteLink>
      <RouteLink id="rl_0000_62">
        <From>
          <StopPointRef>2800S27025B</StopPointRef>
        </From>
        <To>
          <StopPointRef>2800S27026A</StopPointRef>
        </To>
      </RouteLink>
    </RouteSection>
  </RouteSections>
  <Routes>
    <Route id="rt_0000">
      <Description>No route description available</Description>
      <RouteSectionRef>rsf_0000</RouteSectionRef>
    </Route>
  </Routes>
  <JourneyPatternSections>
    <JourneyPatternSection id="js_1">
      <JourneyPatternTimingLink id="jptl_1">
        <From SequenceNumber="1">
          <Activity>pickUp</Activity>
          <StopPointRef>2800S22043B</StopPointRef>
          <TimingStatus>principalTimingPoint</TimingStatus>
        </From>
        <To SequenceNumber="2">
          <StopPointRef>2800S22026B</StopPointRef>
          <TimingStatus>otherPoint</TimingStatus>
        </To>
        <RouteLinkRef>rl_0000_1</RouteLinkRef>
        <RunTime>PT1M</RunTime>
      </JourneyPatternTimingLink>
      <JourneyPatternTimingLink id="jptl_2">
        <From SequenceNumber="2">
          <StopPointRef>2800S22026B</StopPointRef>
          <TimingStatus>otherPoint</TimingStatus>
        </From>
        <To SequenceNumber="3">
          <StopPointRef>2800S22007A</StopPointRef>
          <TimingStatus>otherPoint</TimingStatus>
        </To>
        <RouteLinkRef>rl_0000_2</RouteLinkRef>
        <RunTime>PT0S</RunTime>
      </JourneyPatternTimingLink>
      <JourneyPatternTimingLink id="jptl_3">
        <From SequenceNumber="3">
          <StopPointRef>2800S22007A</StopPointRef>
          <TimingStatus>otherPoint</TimingStatus>
        </From>
        <To SequenceNumber="4">
          <StopPointRef>2800S22002B</StopPointRef>
          <TimingStatus>otherPoint</TimingStatus>
        </To>
        <RouteLinkRef>rl_0000_3</RouteLinkRef>
        <RunTime>PT1M</RunTime>
      </JourneyPatternTimingLink>
      <JourneyPatternTimingLink id="jptl_4">
        <From SequenceNumber="4">
          <StopPointRef>2800S22002B</StopPointRef>
          <TimingStatus>otherPoint</TimingStatus>
        </From>
        <To SequenceNumber="5">
          <StopPointRef>2800S22001B</StopPointRef>
          <TimingStatus>otherPoint</TimingStatus>
        </To>
        <RouteLinkRef>rl_0000_4</RouteLinkRef>
        <RunTime>PT1M</RunTime>
      </JourneyPatternTimingLink>
      <JourneyPatternTimingLink id="jptl_5">
        <From SequenceNumber="5">
          <StopPointRef>2800S22001B</StopPointRef>
          <TimingStatus>otherPoint</TimingStatus>
        </From>
        <To SequenceNumber="6">
          <StopPointRef>2800S21093B</StopPointRef>
          <TimingStatus>otherPoint</TimingStatus>
        </To>
        <RouteLinkRef>rl_0000_5</RouteLinkRef>
        <RunTime>PT0S</RunTime>
      </JourneyPatternTimingLink>
      <JourneyPatternTimingLink id="jptl_6">
        <From SequenceNumber="6">
          <StopPointRef>2800S21093B</StopPointRef>
          <TimingStatus>otherPoint</TimingStatus>
        </From>
        <To SequenceNumber="7">
          <StopPointRef>2800S21054B</StopPointRef>
          <TimingStatus>otherPoint</TimingStatus>
        </To>
        <RouteLinkRef>rl_0000_6</RouteLinkRef>
        <RunTime>PT1M</RunTime>
      </JourneyPatternTimingLink>
      <JourneyPatternTimingLink id="jptl_7">
        <From SequenceNumber="7">
          <StopPointRef>2800S21054B</StopPointRef>
          <TimingStatus>otherPoint</TimingStatus>
        </From>
        <To SequenceNumber="8">
          <StopPointRef>2800S21053A</StopPointRef>
          <TimingStatus>principalTimingPoint</TimingStatus>
        </To>
        <RouteLinkRef>rl_0000_7</RouteLinkRef>
        <RunTime>PT1M</RunTime>
      </JourneyPatternTimingLink>
      <JourneyPatternTimingLink id="jptl_8">
        <From SequenceNumber="8">
          <StopPointRef>2800S21053A</StopPointRef>
          <TimingStatus>principalTimingPoint</TimingStatus>
        </From>
        <To SequenceNumber="9">
          <StopPointRef>2800S21064A</StopPointRef>
          <TimingStatus>otherPoint</TimingStatus>
        </To>
        <RouteLinkRef>rl_0000_8</RouteLinkRef>
        <RunTime>PT0S</RunTime>
      </JourneyPatternTimingLink>
      <JourneyPatternTimingLink id="jptl_9">
        <From SequenceNumber="9">
          <StopPointRef>2800S21064A</StopPointRef>
          <TimingStatus>otherPoint</TimingStatus>
        </From>
        <To SequenceNumber="10">
          <StopPointRef>2800S21065C</StopPointRef>
          <TimingStatus>otherPoint</TimingStatus>
        </To>
        <RouteLinkRef>rl_0000_9</RouteLinkRef>
        <RunTime>PT1M</RunTime>
      </JourneyPatternTimingLink>
      <JourneyPatternTimingLink id="jptl_10">
        <From SequenceNumber="10">
          <StopPointRef>2800S21065C</StopPointRef>
          <TimingStatus>otherPoint</TimingStatus>
        </From>
        <To SequenceNumber="11">
          <StopPointRef>2800S21066B</StopPointRef>
          <TimingStatus>otherPoint</TimingStatus>
        </To>
        <RouteLinkRef>rl_0000_10</RouteLinkRef>
        <RunTime>PT2M</RunTime>
      </JourneyPatternTimingLink>
      <JourneyPatternTimingLink id="jptl_11">
        <From SequenceNumber="11">
          <StopPointRef>2800S21066B</StopPointRef>
          <TimingStatus>otherPoint</TimingStatus>
        </From>
        <To SequenceNumber="12">
          <StopPointRef>2800S21067B</StopPointRef>
          <TimingStatus>otherPoint</TimingStatus>
        </To>
        <RouteLinkRef>rl_0000_11</RouteLinkRef>
        <RunTime>PT0S</RunTime>
      </JourneyPatternTimingLink>
      <JourneyPatternTimingLink id="jptl_12">
        <From SequenceNumber="12">
          <StopPointRef>2800S21067B</StopPointRef>
          <TimingStatus>otherPoint</TimingStatus>
        </From>
        <To SequenceNumber="13">
          <StopPointRef>2800S25048A</StopPointRef>
          <TimingStatus>otherPoint</TimingStatus>
        </To>
        <RouteLinkRef>rl_0000_12</RouteLinkRef>
        <RunTime>PT1M</RunTime>
      </JourneyPatternTimingLink>
      <JourneyPatternTimingLink id="jptl_13">
        <From SequenceNumber="13">
          <StopPointRef>2800S25048A</StopPointRef>
          <TimingStatus>otherPoint</TimingStatus>
        </From>
        <To SequenceNumber="14">
          <StopPointRef>2800S25123A</StopPointRef>
          <TimingStatus>otherPoint</TimingStatus>
        </To>
        <RouteLinkRef>rl_0000_13</RouteLinkRef>
        <RunTime>PT0S</RunTime>
      </JourneyPatternTimingLink>
      <JourneyPatternTimingLink id="jptl_14">
        <From SequenceNumber="14">
          <StopPointRef>2800S25123A</StopPointRef>
          <TimingStatus>otherPoint</TimingStatus>
        </From>
        <To SequenceNumber="15">
          <StopPointRef>2800S25070B</StopPointRef>
          <TimingStatus>otherPoint</TimingStatus>
        </To>
        <RouteLinkRef>rl_0000_14</RouteLinkRef>
        <RunTime>PT2M</RunTime>
      </JourneyPatternTimingLink>
      <JourneyPatternTimingLink id="jptl_15">
        <From SequenceNumber="15">
          <StopPointRef>2800S25070B</StopPointRef>
          <TimingStatus>otherPoint</TimingStatus>
        </From>
        <To SequenceNumber="16">
          <StopPointRef>2800S25071A</StopPointRef>
          <TimingStatus>otherPoint</TimingStatus>
        </To>
        <RouteLinkRef>rl_0000_15</RouteLinkRef>
        <RunTime>PT0S</RunTime>
      </JourneyPatternTimingLink>
      <JourneyPatternTimingLink id="jptl_16">
        <From SequenceNumber="16">
          <StopPointRef>2800S25071A</StopPointRef>
          <TimingStatus>otherPoint</TimingStatus>
        </From>
        <To SequenceNumber="17">
          <StopPointRef>2800S25072A</StopPointRef>
          <TimingStatus>otherPoint</TimingStatus>
        </To>
        <RouteLinkRef>rl_0000_16</RouteLinkRef>
        <RunTime>PT0S</RunTime>
      </JourneyPatternTimingLink>
      <JourneyPatternTimingLink id="jptl_17">
        <From SequenceNumber="17">
          <StopPointRef>2800S25072A</StopPointRef>
          <TimingStatus>otherPoint</TimingStatus>
        </From>
        <To SequenceNumber="18">
          <StopPointRef>2800S25073B</StopPointRef>
          <TimingStatus>otherPoint</TimingStatus>
        </To>
        <RouteLinkRef>rl_0000_17</RouteLinkRef>
        <RunTime>PT1M</RunTime>
      </JourneyPatternTimingLink>
      <JourneyPatternTimingLink id="jptl_18">
        <From SequenceNumber="18">
          <StopPointRef>2800S25073B</StopPointRef>
          <TimingStatus>otherPoint</TimingStatus>
        </From>
        <To SequenceNumber="19">
          <StopPointRef>2800S25074B</StopPointRef>
          <TimingStatus>otherPoint</TimingStatus>
        </To>
        <RouteLinkRef>rl_0000_18</RouteLinkRef>
        <RunTime>PT1M</RunTime>
      </JourneyPatternTimingLink>
      <JourneyPatternTimingLink id="jptl_19">
        <From SequenceNumber="19">
          <StopPointRef>2800S25074B</StopPointRef>
          <TimingStatus>otherPoint</TimingStatus>
        </From>
        <To SequenceNumber="20">
          <StopPointRef>2800S25088B</StopPointRef>
          <TimingStatus>otherPoint</TimingStatus>
        </To>
        <RouteLinkRef>rl_0000_19</RouteLinkRef>
        <RunTime>PT1M</RunTime>
      </JourneyPatternTimingLink>
      <JourneyPatternTimingLink id="jptl_20">
        <From SequenceNumber="20">
          <StopPointRef>2800S25088B</StopPointRef>
          <TimingStatus>otherPoint</TimingStatus>
        </From>
        <To SequenceNumber="21">
          <StopPointRef>2800S25075B</StopPointRef>
          <TimingStatus>otherPoint</TimingStatus>
        </To>
        <RouteLinkRef>rl_0000_20</RouteLinkRef>
        <RunTime>PT0S</RunTime>
      </JourneyPatternTimingLink>
      <JourneyPatternTimingLink id="jptl_21">
        <From SequenceNumber="21">
          <StopPointRef>2800S25075B</StopPointRef>
          <TimingStatus>otherPoint</TimingStatus>
        </From>
        <To SequenceNumber="22">
          <StopPointRef>2800S25076B</StopPointRef>
          <TimingStatus>otherPoint</TimingStatus>
        </To>
        <RouteLinkRef>rl_0000_21</RouteLinkRef>
        <RunTime>PT1M</RunTime>
      </JourneyPatternTimingLink>
      <JourneyPatternTimingLink id="jptl_22">
        <From SequenceNumber="22">
          <StopPointRef>2800S25076B</StopPointRef>
          <TimingStatus>otherPoint</TimingStatus>
        </From>
        <To SequenceNumber="23">
          <StopPointRef>2800S25077B</StopPointRef>
          <TimingStatus>principalTimingPoint</TimingStatus>
        </To>
        <RouteLinkRef>rl_0000_22</RouteLinkRef>
        <RunTime>PT1M</RunTime>
      </JourneyPatternTimingLink>
      <JourneyPatternTimingLink id="jptl_23">
        <From SequenceNumber="23">
          <StopPointRef>2800S25077B</StopPointRef>
          <TimingStatus>principalTimingPoint</TimingStatus>
        </From>
        <To SequenceNumber="24">
          <StopPointRef>2800S25061B</StopPointRef>
          <TimingStatus>otherPoint</TimingStatus>
        </To>
        <RouteLinkRef>rl_0000_23</RouteLinkRef>
        <RunTime>PT1M</RunTime>
      </JourneyPatternTimingLink>
      <JourneyPatternTimingLink id="jptl_24">
        <From SequenceNumber="24">
          <StopPointRef>2800S25061B</StopPointRef>
          <TimingStatus>otherPoint</TimingStatus>
        </From>
        <To SequenceNumber="25">
          <StopPointRef>2800S25060B</StopPointRef>
          <TimingStatus>otherPoint</TimingStatus>
        </To>
        <RouteLinkRef>rl_0000_24</RouteLinkRef>
        <RunTime>PT1M</RunTime>
      </JourneyPatternTimingLink>
      <JourneyPatternTimingLink id="jptl_25">
        <From SequenceNumber="25">
          <StopPointRef>2800S25060B</StopPointRef>
          <TimingStatus>otherPoint</TimingStatus>
        </From>
        <To SequenceNumber="26">
          <StopPointRef>2800S25059B</StopPointRef>
          <TimingStatus>otherPoint</TimingStatus>
        </To>
        <RouteLinkRef>rl_0000_25</RouteLinkRef>
        <RunTime>PT1M</RunTime>
      </JourneyPatternTimingLink>
      <JourneyPatternTimingLink id="jptl_26">
        <From SequenceNumber="26">
          <StopPointRef>2800S25059B</StopPointRef>
          <TimingStatus>otherPoint</TimingStatus>
        </From>
        <To SequenceNumber="27">
          <StopPointRef>2800S25004B</StopPointRef>
          <TimingStatus>otherPoint</TimingStatus>
        </To>
        <RouteLinkRef>rl_0000_26</RouteLinkRef>
        <RunTime>PT1M</RunTime>
      </JourneyPatternTimingLink>
      <JourneyPatternTimingLink id="jptl_27">
        <From SequenceNumber="27">
          <StopPointRef>2800S25004B</StopPointRef>
          <TimingStatus>otherPoint</TimingStatus>
        </From>
        <To SequenceNumber="28">
          <StopPointRef>2800S25004C</StopPointRef>
          <TimingStatus>otherPoint</TimingStatus>
        </To>
        <RouteLinkRef>rl_0000_27</RouteLinkRef>
        <RunTime>PT1M</RunTime>
      </JourneyPatternTimingLink>
      <JourneyPatternTimingLink id="jptl_28">
        <From SequenceNumber="28">
          <StopPointRef>2800S25004C</StopPointRef>
          <TimingStatus>otherPoint</TimingStatus>
        </From>
        <To SequenceNumber="29">
          <StopPointRef>2800S25003A</StopPointRef>
          <TimingStatus>otherPoint</TimingStatus>
        </To>
        <RouteLinkRef>rl_0000_28</RouteLinkRef>
        <RunTime>PT1M</RunTime>
      </JourneyPatternTimingLink>
      <JourneyPatternTimingLink id="jptl_29">
        <From SequenceNumber="29">
          <StopPointRef>2800S25003A</StopPointRef>
          <TimingStatus>otherPoint</TimingStatus>
        </From>
        <To SequenceNumber="30">
          <StopPointRef>2800S25002A</StopPointRef>
          <TimingStatus>otherPoint</TimingStatus>
        </To>
        <RouteLinkRef>rl_0000_29</RouteLinkRef>
        <RunTime>PT1M</RunTime>
      </JourneyPatternTimingLink>
      <JourneyPatternTimingLink id="jptl_30">
        <From SequenceNumber="30">
          <StopPointRef>2800S25002A</StopPointRef>
          <TimingStatus>otherPoint</TimingStatus>
        </From>
        <To SequenceNumber="31">
          <StopPointRef>2800S25001B</StopPointRef>
          <TimingStatus>otherPoint</TimingStatus>
        </To>
        <RouteLinkRef>rl_0000_30</RouteLinkRef>
        <RunTime>PT1M</RunTime>
      </JourneyPatternTimingLink>
      <JourneyPatternTimingLink id="jptl_31">
        <From SequenceNumber="31">
          <StopPointRef>2800S25001B</StopPointRef>
          <TimingStatus>otherPoint</TimingStatus>
        </From>
        <To SequenceNumber="32">
          <StopPointRef>2800S26008B</StopPointRef>
          <TimingStatus>otherPoint</TimingStatus>
        </To>
        <RouteLinkRef>rl_0000_31</RouteLinkRef>
        <RunTime>PT1M</RunTime>
      </JourneyPatternTimingLink>
      <JourneyPatternTimingLink id="jptl_32">
        <From SequenceNumber="32">
          <StopPointRef>2800S26008B</StopPointRef>
          <TimingStatus>otherPoint</TimingStatus>
        </From>
        <To SequenceNumber="33">
          <StopPointRef>2800S26042A</StopPointRef>
          <TimingStatus>principalTimingPoint</TimingStatus>
        </To>
        <RouteLinkRef>rl_0000_32</RouteLinkRef>
        <RunTime>PT1M</RunTime>
      </JourneyPatternTimingLink>
      <JourneyPatternTimingLink id="jptl_33">
        <From SequenceNumber="33">
          <StopPointRef>2800S26042A</StopPointRef>
          <TimingStatus>principalTimingPoint</TimingStatus>
        </From>
        <To SequenceNumber="34">
          <StopPointRef>2800S26007A</StopPointRef>
          <TimingStatus>otherPoint</TimingStatus>
        </To>
        <RouteLinkRef>rl_0000_33</RouteLinkRef>
        <RunTime>PT2M</RunTime>
      </JourneyPatternTimingLink>
      <JourneyPatternTimingLink id="jptl_34">
        <From SequenceNumber="34">
          <StopPointRef>2800S26007A</StopPointRef>
          <TimingStatus>otherPoint</TimingStatus>
        </From>
        <To SequenceNumber="35">
          <StopPointRef>2800S26006A</StopPointRef>
          <TimingStatus>otherPoint</TimingStatus>
        </To>
        <RouteLinkRef>rl_0000_34</RouteLinkRef>
        <RunTime>PT1M</RunTime>
      </JourneyPatternTimingLink>
      <JourneyPatternTimingLink id="jptl_35">
        <From SequenceNumber="35">
          <StopPointRef>2800S26006A</StopPointRef>
          <TimingStatus>otherPoint</TimingStatus>
        </From>
        <To SequenceNumber="36">
          <StopPointRef>2800S26004A</StopPointRef>
          <TimingStatus>otherPoint</TimingStatus>
        </To>
        <RouteLinkRef>rl_0000_35</RouteLinkRef>
        <RunTime>PT2M</RunTime>
      </JourneyPatternTimingLink>
      <JourneyPatternTimingLink id="jptl_36">
        <From SequenceNumber="36">
          <StopPointRef>2800S26004A</StopPointRef>
          <TimingStatus>otherPoint</TimingStatus>
        </From>
        <To SequenceNumber="37">
          <StopPointRef>2800S26003A</StopPointRef>
          <TimingStatus>otherPoint</TimingStatus>
        </To>
        <RouteLinkRef>rl_0000_36</RouteLinkRef>
        <RunTime>PT1M</RunTime>
      </JourneyPatternTimingLink>
      <JourneyPatternTimingLink id="jptl_37">
        <From SequenceNumber="37">
          <StopPointRef>2800S26003A</StopPointRef>
          <TimingStatus>otherPoint</TimingStatus>
        </From>
        <To SequenceNumber="38">
          <StopPointRef>2800S26009B</StopPointRef>
          <TimingStatus>otherPoint</TimingStatus>
        </To>
        <RouteLinkRef>rl_0000_37</RouteLinkRef>
        <RunTime>PT1M</RunTime>
      </JourneyPatternTimingLink>
      <JourneyPatternTimingLink id="jptl_38">
        <From SequenceNumber="38">
          <StopPointRef>2800S26009B</StopPointRef>
          <TimingStatus>otherPoint</TimingStatus>
        </From>
        <To SequenceNumber="39">
          <StopPointRef>2800S26010B</StopPointRef>
          <TimingStatus>otherPoint</TimingStatus>
        </To>
        <RouteLinkRef>rl_0000_38</RouteLinkRef>
        <RunTime>PT0S</RunTime>
      </JourneyPatternTimingLink>
      <JourneyPatternTimingLink id="jptl_39">
        <From SequenceNumber="39">
          <StopPointRef>2800S26010B</StopPointRef>
          <TimingStatus>otherPoint</TimingStatus>
        </From>
        <To SequenceNumber="40">
          <StopPointRef>2800S26011A</StopPointRef>
          <TimingStatus>otherPoint</TimingStatus>
        </To>
        <RouteLinkRef>rl_0000_39</RouteLinkRef>
        <RunTime>PT1M</RunTime>
      </JourneyPatternTimingLink>
      <JourneyPatternTimingLink id="jptl_40">
        <From SequenceNumber="40">
          <StopPointRef>2800S26011A</StopPointRef>
          <TimingStatus>otherPoint</TimingStatus>
        </From>
        <To SequenceNumber="41">
          <StopPointRef>2800S26012B</StopPointRef>
          <TimingStatus>principalTimingPoint</TimingStatus>
        </To>
        <RouteLinkRef>rl_0000_40</RouteLinkRef>
        <RunTime>PT1M</RunTime>
      </JourneyPatternTimingLink>
      <JourneyPatternTimingLink id="jptl_41">
        <From SequenceNumber="41">
          <StopPointRef>2800S26012B</StopPointRef>
          <TimingStatus>principalTimingPoint</TimingStatus>
        </From>
        <To SequenceNumber="42">
          <StopPointRef>2800S20039A</StopPointRef>
          <TimingStatus>otherPoint</TimingStatus>
        </To>
        <RouteLinkRef>rl_0000_41</RouteLinkRef>
        <RunTime>PT1M</RunTime>
      </JourneyPatternTimingLink>
      <JourneyPatternTimingLink id="jptl_42">
        <From SequenceNumber="42">
          <StopPointRef>2800S20039A</StopPointRef>
          <TimingStatus>otherPoint</TimingStatus>
        </From>
        <To SequenceNumber="43">
          <StopPointRef>2800S20038A</StopPointRef>
          <TimingStatus>otherPoint</TimingStatus>
        </To>
        <RouteLinkRef>rl_0000_42</RouteLinkRef>
        <RunTime>PT0S</RunTime>
      </JourneyPatternTimingLink>
      <JourneyPatternTimingLink id="jptl_43">
        <From SequenceNumber="43">
          <StopPointRef>2800S20038A</StopPointRef>
          <TimingStatus>otherPoint</TimingStatus>
        </From>
        <To SequenceNumber="44">
          <StopPointRef>2800S20024A</StopPointRef>
          <TimingStatus>otherPoint</TimingStatus>
        </To>
        <RouteLinkRef>rl_0000_43</RouteLinkRef>
        <RunTime>PT1M</RunTime>
      </JourneyPatternTimingLink>
      <JourneyPatternTimingLink id="jptl_44">
        <From SequenceNumber="44">
          <StopPointRef>2800S20024A</StopPointRef>
          <TimingStatus>otherPoint</TimingStatus>
        </From>
        <To SequenceNumber="45">
          <StopPointRef>2800S20029B</StopPointRef>
          <TimingStatus>otherPoint</TimingStatus>
        </To>
        <RouteLinkRef>rl_0000_44</RouteLinkRef>
        <RunTime>PT1M</RunTime>
      </JourneyPatternTimingLink>
      <JourneyPatternTimingLink id="jptl_45">
        <From SequenceNumber="45">
          <StopPointRef>2800S20029B</StopPointRef>
          <TimingStatus>otherPoint</TimingStatus>
        </From>
        <To SequenceNumber="46">
          <StopPointRef>2800S20030C</StopPointRef>
          <TimingStatus>otherPoint</TimingStatus>
        </To>
        <RouteLinkRef>rl_0000_45</RouteLinkRef>
        <RunTime>PT0S</RunTime>
      </JourneyPatternTimingLink>
      <JourneyPatternTimingLink id="jptl_46">
        <From SequenceNumber="46">
          <StopPointRef>2800S20030C</StopPointRef>
          <TimingStatus>otherPoint</TimingStatus>
        </From>
        <To SequenceNumber="47">
          <StopPointRef>2800S20031A</StopPointRef>
          <TimingStatus>otherPoint</TimingStatus>
        </To>
        <RouteLinkRef>rl_0000_46</RouteLinkRef>
        <RunTime>PT1M</RunTime>
      </JourneyPatternTimingLink>
      <JourneyPatternTimingLink id="jptl_47">
        <From SequenceNumber="47">
          <StopPointRef>2800S20031A</StopPointRef>
          <TimingStatus>otherPoint</TimingStatus>
        </From>
        <To SequenceNumber="48">
          <StopPointRef>2800S20028C</StopPointRef>
          <TimingStatus>otherPoint</TimingStatus>
        </To>
        <RouteLinkRef>rl_0000_47</RouteLinkRef>
        <RunTime>PT0S</RunTime>
      </JourneyPatternTimingLink>
      <JourneyPatternTimingLink id="jptl_48">
        <From SequenceNumber="48">
          <StopPointRef>2800S20028C</StopPointRef>
          <TimingStatus>otherPoint</TimingStatus>
        </From>
        <To SequenceNumber="49">
          <StopPointRef>2800S20040A</StopPointRef>
          <TimingStatus>otherPoint</TimingStatus>
        </To>
        <RouteLinkRef>rl_0000_48</RouteLinkRef>
        <RunTime>PT1M</RunTime>
      </JourneyPatternTimingLink>
      <JourneyPatternTimingLink id="jptl_49">
        <From SequenceNumber="49">
          <StopPointRef>2800S20040A</StopPointRef>
          <TimingStatus>otherPoint</TimingStatus>
        </From>
        <To SequenceNumber="50">
          <StopPointRef>2800S20041B</StopPointRef>
          <TimingStatus>otherPoint</TimingStatus>
        </To>
        <RouteLinkRef>rl_0000_49</RouteLinkRef>
        <RunTime>PT2M</RunTime>
      </JourneyPatternTimingLink>
      <JourneyPatternTimingLink id="jptl_50">
        <From SequenceNumber="50">
          <StopPointRef>2800S20041B</StopPointRef>
          <TimingStatus>otherPoint</TimingStatus>
        </From>
        <To SequenceNumber="51">
          <StopPointRef>2800S20013B</StopPointRef>
          <TimingStatus>otherPoint</TimingStatus>
        </To>
        <RouteLinkRef>rl_0000_50</RouteLinkRef>
        <RunTime>PT1M</RunTime>
      </JourneyPatternTimingLink>
      <JourneyPatternTimingLink id="jptl_51">
        <From SequenceNumber="51">
          <StopPointRef>2800S20013B</StopPointRef>
          <TimingStatus>otherPoint</TimingStatus>
        </From>
        <To SequenceNumber="52">
          <StopPointRef>2800S20014B</StopPointRef>
          <TimingStatus>otherPoint</TimingStatus>
        </To>
        <RouteLinkRef>rl_0000_51</RouteLinkRef>
        <RunTime>PT0S</RunTime>
      </JourneyPatternTimingLink>
      <JourneyPatternTimingLink id="jptl_52">
        <From SequenceNumber="52">
          <StopPointRef>2800S20014B</StopPointRef>
          <TimingStatus>otherPoint</TimingStatus>
        </From>
        <To SequenceNumber="53">
          <StopPointRef>2800S20015A</StopPointRef>
          <TimingStatus>otherPoint</TimingStatus>
        </To>
        <RouteLinkRef>rl_0000_52</RouteLinkRef>
        <RunTime>PT1M</RunTime>
      </JourneyPatternTimingLink>
      <JourneyPatternTimingLink id="jptl_53">
        <From SequenceNumber="53">
          <StopPointRef>2800S20015A</StopPointRef>
          <TimingStatus>otherPoint</TimingStatus>
        </From>
        <To SequenceNumber="54">
          <StopPointRef>2800S20016B</StopPointRef>
          <TimingStatus>otherPoint</TimingStatus>
        </To>
        <RouteLinkRef>rl_0000_53</RouteLinkRef>
        <RunTime>PT0S</RunTime>
      </JourneyPatternTimingLink>
      <JourneyPatternTimingLink id="jptl_54">
        <From SequenceNumber="54">
          <StopPointRef>2800S20016B</StopPointRef>
          <TimingStatus>otherPoint</TimingStatus>
        </From>
        <To SequenceNumber="55">
          <StopPointRef>2800S20017B</StopPointRef>
          <TimingStatus>otherPoint</TimingStatus>
        </To>
        <RouteLinkRef>rl_0000_54</RouteLinkRef>
        <RunTime>PT1M</RunTime>
      </JourneyPatternTimingLink>
      <JourneyPatternTimingLink id="jptl_55">
        <From SequenceNumber="55">
          <StopPointRef>2800S20017B</StopPointRef>
          <TimingStatus>otherPoint</TimingStatus>
        </From>
        <To SequenceNumber="56">
          <StopPointRef>2800S20018A</StopPointRef>
          <TimingStatus>otherPoint</TimingStatus>
        </To>
        <RouteLinkRef>rl_0000_55</RouteLinkRef>
        <RunTime>PT1M</RunTime>
      </JourneyPatternTimingLink>
      <JourneyPatternTimingLink id="jptl_56">
        <From SequenceNumber="56">
          <StopPointRef>2800S20018A</StopPointRef>
          <TimingStatus>otherPoint</TimingStatus>
        </From>
        <To SequenceNumber="57">
          <StopPointRef>2800S20019B</StopPointRef>
          <TimingStatus>principalTimingPoint</TimingStatus>
        </To>
        <RouteLinkRef>rl_0000_56</RouteLinkRef>
        <RunTime>PT1M</RunTime>
      </JourneyPatternTimingLink>
      <JourneyPatternTimingLink id="jptl_57">
        <From SequenceNumber="57">
          <StopPointRef>2800S20019B</StopPointRef>
          <TimingStatus>principalTimingPoint</TimingStatus>
        </From>
        <To SequenceNumber="58">
          <StopPointRef>2800S27022A</StopPointRef>
          <TimingStatus>otherPoint</TimingStatus>
        </To>
        <RouteLinkRef>rl_0000_57</RouteLinkRef>
        <RunTime>PT1M</RunTime>
      </JourneyPatternTimingLink>
      <JourneyPatternTimingLink id="jptl_58">
        <From SequenceNumber="58">
          <StopPointRef>2800S27022A</StopPointRef>
          <TimingStatus>otherPoint</TimingStatus>
        </From>
        <To SequenceNumber="59">
          <StopPointRef>2800S27023C</StopPointRef>
          <TimingStatus>otherPoint</TimingStatus>
        </To>
        <RouteLinkRef>rl_0000_58</RouteLinkRef>
        <RunTime>PT1M</RunTime>
      </JourneyPatternTimingLink>
      <JourneyPatternTimingLink id="jptl_59">
        <From SequenceNumber="59">
          <StopPointRef>2800S27023C</StopPointRef>
          <TimingStatus>otherPoint</TimingStatus>
        </From>
        <To SequenceNumber="60">
          <StopPointRef>2800S27030B</StopPointRef>
          <TimingStatus>otherPoint</TimingStatus>
        </To>
        <RouteLinkRef>rl_0000_59</RouteLinkRef>
        <RunTime>PT2M</RunTime>
      </JourneyPatternTimingLink>
      <JourneyPatternTimingLink id="jptl_60">
        <From SequenceNumber="60">
          <StopPointRef>2800S27030B</StopPointRef>
          <TimingStatus>otherPoint</TimingStatus>
        </From>
        <To SequenceNumber="61">
          <StopPointRef>2800S27024B</StopPointRef>
          <TimingStatus>otherPoint</TimingStatus>
        </To>
        <RouteLinkRef>rl_0000_60</RouteLinkRef>
        <RunTime>PT0S</RunTime>
      </JourneyPatternTimingLink>
      <JourneyPatternTimingLink id="jptl_61">
        <From SequenceNumber="61">
          <StopPointRef>2800S27024B</StopPointRef>
          <TimingStatus>otherPoint</TimingStatus>
        </From>
        <To SequenceNumber="62">
          <StopPointRef>2800S27025B</StopPointRef>
          <TimingStatus>otherPoint</TimingStatus>
        </To>
        <RouteLinkRef>rl_0000_61</RouteLinkRef>
        <RunTime>PT1M</RunTime>
      </JourneyPatternTimingLink>
      <JourneyPatternTimingLink id="jptl_62">
        <From SequenceNumber="62">
          <StopPointRef>2800S27025B</StopPointRef>
          <TimingStatus>otherPoint</TimingStatus>
        </From>
        <To SequenceNumber="63">
          <Activity>setDown</Activity>
          <StopPointRef>2800S27026A</StopPointRef>
          <TimingStatus>principalTimingPoint</TimingStatus>
        </To>
        <RouteLinkRef>rl_0000_62</RouteLinkRef>
        <RunTime>PT1M</RunTime>
      </JourneyPatternTimingLink>
    </JourneyPatternSection>
  </JourneyPatternSections>
  <Operators>
    <Operator id="tkt_oid">
      <NationalOperatorCode>AMSY</NationalOperatorCode>
      <OperatorCode>ANW</OperatorCode>
      <OperatorShortName>Arriva Merseyside</OperatorShortName>
      <LicenceNumber>PC0001141</LicenceNumber>
    </Operator>
  </Operators>
  <Services>
    <Service>
      <ServiceCode>PC0001141:2</ServiceCode>
      <Lines>
        <Line id="AMSY:PC0001141:2:418">
          <LineName>418</LineName>
          <OutboundDescription>
            <Description>New Ferry to Birkenhead</Description>
          </OutboundDescription>
          <InboundDescription>
            <Description>Birkenhead to New Ferry</Description>
          </InboundDescription>
        </Line>
      </Lines>
      <OperatingPeriod>
        <StartDate>2024-07-21</StartDate>
      </OperatingPeriod>
      <OperatingProfile>
        <RegularDayType>
          <DaysOfWeek>
            <Monday />
            <Tuesday />
            <Wednesday />
            <Thursday />
            <Friday />
          </DaysOfWeek>
        </RegularDayType>
        <BankHolidayOperation>
          <DaysOfNonOperation>
            <ChristmasDay />
            <BoxingDay />
            <GoodFriday />
            <NewYearsDay />
            <LateSummerBankHolidayNotScotland />
            <MayDay />
            <EasterMonday />
            <SpringBank />
            <ChristmasDayHoliday />
            <BoxingDayHoliday />
            <NewYearsDayHoliday />
            <OtherPublicHoliday>
              <Description>CoronationOfKingCharlesIII</Description>
              <Date>2023-05-08</Date>
            </OtherPublicHoliday>
            <ChristmasEve />
            <NewYearsEve />
          </DaysOfNonOperation>
        </BankHolidayOperation>
      </OperatingProfile>
      <RegisteredOperatorRef>tkt_oid</RegisteredOperatorRef>
      <PublicUse>true</PublicUse>
      <StandardService>
        <Origin>New Ferry</Origin>
        <Destination>Birkenhead</Destination>
        <JourneyPattern id="jp_1">
          <DestinationDisplay>Pollitt Square</DestinationDisplay>
          <OperatorRef>tkt_oid</OperatorRef>
          <Direction>outbound</Direction>
          <RouteRef>rt_0000</RouteRef>
          <JourneyPatternSectionRefs>js_1</JourneyPatternSectionRefs>
        </JourneyPattern>
      </StandardService>
    </Service>
  </Services>
  <VehicleJourneys>
    <VehicleJourney>
      <OperatorRef>tkt_oid</OperatorRef>
      <Operational>
        <TicketMachine>
          <JourneyCode>1001</JourneyCode>
        </TicketMachine>
      </Operational>
      <VehicleJourneyCode>vj_1</VehicleJourneyCode>
      <ServiceRef>PC0001141:2</ServiceRef>
      <LineRef>AMSY:PC0001141:2:418</LineRef>
      <JourneyPatternRef>jp_1</JourneyPatternRef>
      <DepartureTime>06:13:00</DepartureTime>
    </VehicleJourney>
  </VehicleJourneys>
</TransXChange>