<?xml version="1.0" encoding="utf-8"?>
<TransXChange xmlns:xsi="http://www.w3.org/2001/XMLSchema-instance" SchemaVersion="2.4" CreationDateTime="2024-07-15T08:53:39" ModificationDateTime="2024-07-25T10:49:20" Modification="revise" RevisionNumber="2" FileName="AMSY_35E_AMSYPC00011411735_20240102_-_1762203.xml" xmlns="http://www.transxchange.org.uk/">
  <StopPoints>
    <AnnotatedStopPointRef>
      <StopPointRef>2800S15052B</StopPointRef>
      <CommonName>Millwood Avenue</CommonName>
      <Location>
        <Longitude>-2.784750</Longitude>
        <Latitude>53.452732</Latitude>
      </Location>
    </AnnotatedStopPointRef>
    <AnnotatedStopPointRef>
      <StopPointRef>2800S15051D</StopPointRef>
      <CommonName>Burrows Lane</CommonName>
      <Location>
        <Longitude>-2.783296</Longitude>
        <Latitude>53.451465</Latitude>
      </Location>
    </AnnotatedStopPointRef>
    <AnnotatedStopPointRef>
      <StopPointRef>2800S15012A</StopPointRef>
      <CommonName>The Avenue</CommonName>
      <Location>
        <Longitude>-2.777199</Longitude>
        <Latitude>53.452386</Latitude>
      </Location>
    </AnnotatedStopPointRef>
    <AnnotatedStopPointRef>
      <StopPointRef>2800S15051C</StopPointRef>
      <CommonName>Seddon Close</CommonName>
      <Location>
        <Longitude>-2.783615</Longitude>
        <Latitude>53.451589</Latitude>
      </Location>
    </AnnotatedStopPointRef>
    <AnnotatedStopPointRef>
      <StopPointRef>2800S15015B</StopPointRef>
      <CommonName>Bobbys Lane</CommonName>
      <Location>
        <Longitude>-2.779771</Longitude>
        <Latitude>53.452199</Latitude>
      </Location>
    </AnnotatedStopPointRef>
    <AnnotatedStopPointRef>
      <StopPointRef>2800S15005A</StopPointRef>
      <CommonName>Alder Hey Road</CommonName>
      <Location>
        <Longitude>-2.767190</Longitude>
        <Latitude>53.452631</Latitude>
      </Location>
    </AnnotatedStopPointRef>
    <AnnotatedStopPointRef>
      <StopPointRef>2800S15033A</StopPointRef>
      <CommonName>Mcfarlane Avenue</CommonName>
      <Location>
        <Longitude>-2.763993</Longitude>
        <Latitude>53.454098</Latitude>
      </Location>
    </AnnotatedStopPointRef>
    <AnnotatedStopPointRef>
      <StopPointRef>2800S15012C</StopPointRef>
      <CommonName>The Avenue</CommonName>
      <Location>
        <Longitude>-2.777031</Longitude>
        <Latitude>53.452243</Latitude>
      </Location>
    </AnnotatedStopPointRef>
    <AnnotatedStopPointRef>
      <StopPointRef>2800S15032B</StopPointRef>
      <CommonName>Chisnall Avenue</CommonName>
      <Location>
        <Longitude>-2.764258</Longitude>
        <Latitude>53.455418</Latitude>
      </Location>
    </AnnotatedStopPointRef>
    <AnnotatedStopPointRef>
      <StopPointRef>2800S15031A</StopPointRef>
      <CommonName>Ellison Drive</CommonName>
      <Location>
        <Longitude>-2.763433</Longitude>
        <Latitude>53.457275</Latitude>
      </Location>
    </AnnotatedStopPointRef>
    <AnnotatedStopPointRef>
      <StopPointRef>2800S15005B</StopPointRef>
      <CommonName>Holme Road</CommonName>
      <Location>
        <Longitude>-2.767956</Longitude>
        <Latitude>53.452554</Latitude>
      </Location>
    </AnnotatedStopPointRef>
    <AnnotatedStopPointRef>
      <StopPointRef>2800S15134A</StopPointRef>
      <CommonName>Mulberry Avenue</CommonName>
      <Location>
        <Longitude>-2.763402</Longitude>
        <Latitude>53.453050</Latitude>
      </Location>
    </AnnotatedStopPointRef>
    <AnnotatedStopPointRef>
      <StopPointRef>2800S15033B</StopPointRef>
      <CommonName>Hewitt Avenue</CommonName>
      <Location>
        <Longitude>-2.764035</Longitude>
        <Latitude>53.454709</Latitude>
      </Location>
    </AnnotatedStopPointRef>
    <AnnotatedStopPointRef>
      <StopPointRef>2800S15131B</StopPointRef>
      <CommonName>Morrisey Close</CommonName>
      <Location>
        <Longitude>-2.759338</Longitude>
        <Latitude>53.456483</Latitude>
      </Location>
    </AnnotatedStopPointRef>
    <AnnotatedStopPointRef>
      <StopPointRef>2800S15131A</StopPointRef>
      <CommonName>Caraway Grove</CommonName>
      <Location>
        <Longitude>-2.759204</Longitude>
        <Latitude>53.456592</Latitude>
      </Location>
    </AnnotatedStopPointRef>
    <AnnotatedStopPointRef>
      <StopPointRef>2800S15132A</StopPointRef>
      <CommonName>Grafton Street</CommonName>
      <Location>
        <Longitude>-2.756957</Longitude>
        <Latitude>53.453010</Latitude>
      </Location>
    </AnnotatedStopPointRef>
    <AnnotatedStopPointRef>
      <StopPointRef>2800S15002A</StopPointRef>
      <CommonName>Cambridge Road</CommonName>
      <Location>
        <Longitude>-2.753439</Longitude>
        <Latitude>53.452511</Latitude>
      </Location>
    </AnnotatedStopPointRef>
    <AnnotatedStopPointRef>
      <StopPointRef>2800S15124A</StopPointRef>
      <CommonName>Hewitt Avenue</CommonName>
      <Location>
        <Longitude>-2.756288</Longitude>
        <Latitude>53.454345</Latitude>
      </Location>
    </AnnotatedStopPointRef>
    <AnnotatedStopPointRef>
      <StopPointRef>2800S15132B</StopPointRef>
      <CommonName>Grafton Street</CommonName>
      <Location>
        <Longitude>-2.757183</Longitude>
        <Latitude>53.453045</Latitude>
      </Location>
    </AnnotatedStopPointRef>
    <AnnotatedStopPointRef>
      <StopPointRef>2800S16040A</StopPointRef>
      <CommonName>Napier Street</CommonName>
      <Location>
        <Longitude>-2.749230</Longitude>
        <Latitude>53.452061</Latitude>
      </Location>
    </AnnotatedStopPointRef>
    <AnnotatedStopPointRef>
      <StopPointRef>2800S15003B</StopPointRef>
      <CommonName>Rivington Road</CommonName>
      <Location>
        <Longitude>-2.757144</Longitude>
        <Latitude>53.452569</Latitude>
      </Location>
    </AnnotatedStopPointRef>
    <AnnotatedStopPointRef>
      <StopPointRef>2800S15002B</StopPointRef>
      <CommonName>Elliot Street</CommonName>
      <Location>
        <Longitude>-2.754008</Longitude>
        <Latitude>53.452355</Latitude>
      </Location>
    </AnnotatedStopPointRef>
    <AnnotatedStopPointRef>
      <StopPointRef>2800S16040B</StopPointRef>
      <CommonName>Lawrenson Street</CommonName>
      <Location>
        <Longitude>-2.749832</Longitude>
        <Latitude>53.452067</Latitude>
      </Location>
    </AnnotatedStopPointRef>
    <AnnotatedStopPointRef>
      <StopPointRef>2800S16016A</StopPointRef>
      <CommonName>Linkway West</CommonName>
      <Location>
        <Longitude>-2.744572</Longitude>
        <Latitude>53.451794</Latitude>
      </Location>
    </AnnotatedStopPointRef>
    <AnnotatedStopPointRef>
      <StopPointRef>2800S16016B</StopPointRef>
      <CommonName>Eccleston Street</CommonName>
      <Location>
        <Longitude>-2.745802</Longitude>
        <Latitude>53.451535</Latitude>
      </Location>
    </AnnotatedStopPointRef>
    <AnnotatedStopPointRef>
      <StopPointRef>2800S16023A</StopPointRef>
      <CommonName>Rigby Street South</CommonName>
      <Location>
        <Longitude>-2.740009</Longitude>
        <Latitude>53.453521</Latitude>
      </Location>
    </AnnotatedStopPointRef>
    <AnnotatedStopPointRef>
      <StopPointRef>2800S16007G</StopPointRef>
      <CommonName>Claughton Street</CommonName>
      <Location>
        <Longitude>-2.736629</Longitude>
        <Latitude>53.454000</Latitude>
      </Location>
    </AnnotatedStopPointRef>
    <AnnotatedStopPointRef>
      <StopPointRef>2800S16025E</StopPointRef>
      <CommonName>Church Street</CommonName>
      <Location>
        <Longitude>-2.737923</Longitude>
        <Latitude>53.452186</Latitude>
      </Location>
    </AnnotatedStopPointRef>
    <AnnotatedStopPointRef>
      <StopPointRef>2800S16007H</StopPointRef>
      <CommonName>Claughton Street</CommonName>
      <Location>
        <Longitude>-2.737318</Longitude>
        <Latitude>53.453798</Latitude>
      </Location>
    </AnnotatedStopPointRef>
    <AnnotatedStopPointRef>
      <StopPointRef>2800S16001I</StopPointRef>
      <CommonName>St Helens Bus Station</CommonName>
      <Location>
        <Longitude>-2.733200</Longitude>
        <Latitude>53.453356</Latitude>
      </Location>
    </AnnotatedStopPointRef>
    <AnnotatedStopPointRef>
      <StopPointRef>2800S16001S</StopPointRef>
      <CommonName>St Helens Bus Station</CommonName>
      <Location>
        <Longitude>-2.733200</Longitude>
        <Latitude>53.453356</Latitude>
      </Location>
    </AnnotatedStopPointRef>
  </StopPoints>
  <RouteSections>
    <RouteSection id="rsf_0000">
      <RouteLink id="rl_0000_1">
        <From>
          <StopPointRef>2800S16001S</StopPointRef>
        </From>
        <To>
          <StopPointRef>2800S16007H</StopPointRef>
        </To>
      </RouteLink>
      <RouteLink id="rl_0000_2">
        <From>
          <StopPointRef>2800S16007H</StopPointRef>
        </From>
        <To>
          <StopPointRef>2800S16025E</StopPointRef>
        </To>
      </RouteLink>
      <RouteLink id="rl_0000_3">
        <From>
          <StopPointRef>2800S16025E</StopPointRef>
        </From>
        <To>
          <StopPointRef>2800S16016A</StopPointRef>
        </To>
      </RouteLink>
      <RouteLink id="rl_0000_4">
        <From>
          <StopPointRef>2800S16016A</StopPointRef>
        </From>
        <To>
          <StopPointRef>2800S16040B</StopPointRef>
        </To>
      </RouteLink>
      <RouteLink id="rl_0000_5">
        <From>
          <StopPointRef>2800S16040B</StopPointRef>
        </From>
        <To>
          <StopPointRef>2800S15002B</StopPointRef>
        </To>
      </RouteLink>
      <RouteLink id="rl_0000_6">
        <From>
          <StopPointRef>2800S15002B</StopPointRef>
        </From>
        <To>
          <StopPointRef>2800S15003B</StopPointRef>
        </To>
      </RouteLink>
      <RouteLink id="rl_0000_7">
        <From>
          <StopPointRef>2800S15003B</StopPointRef>
        </From>
        <To>
          <StopPointRef>2800S15132B</StopPointRef>
        </To>
      </RouteLink>
      <RouteLink id="rl_0000_8">
        <From>
          <StopPointRef>2800S15132B</StopPointRef>
        </From>
        <To>
          <StopPointRef>2800S15124A</StopPointRef>
        </To>
      </RouteLink>
      <RouteLink id="rl_0000_9">
        <From>
          <StopPointRef>2800S15124A</StopPointRef>
        </From>
        <To>
          <StopPointRef>2800S15131B</StopPointRef>
        </To>
      </RouteLink>
      <RouteLink id="rl_0000_10">
        <From>
          <StopPointRef>2800S15131B</StopPointRef>
        </From>
        <To>
          <StopPointRef>2800S15033B</StopPointRef>
        </To>
      </RouteLink>
      <RouteLink id="rl_0000_11">
        <From>
          <StopPointRef>2800S15033B</StopPointRef>
        </From>
        <To>
          <StopPointRef>2800S15134A</StopPointRef>
        </To>
      </RouteLink>
      <RouteLink id="rl_0000_12">
        <From>
          <StopPointRef>2800S15134A</StopPointRef>
        </From>
        <To>
          <StopPointRef>2800S15005B</StopPointRef>
        </To>
      </RouteLink>
      <RouteLink id="rl_0000_13">
        <From>
          <StopPointRef>2800S15005B</StopPointRef>
        </From>
        <To>
          <StopPointRef>2800S15012C</StopPointRef>
        </To>
      </RouteLink>
      <RouteLink id="rl_0000_14">
        <From>
          <StopPointRef>2800S15012C</StopPointRef>
        </From>
        <To>
          <StopPointRef>2800S15015B</StopPointRef>
        </To>
      </RouteLink>
      <RouteLink id="rl_0000_15">
        <From>
          <StopPointRef>2800S15015B</StopPointRef>
        </From>
        <To>
          <StopPointRef>2800S15051C</StopPointRef>
        </To>
      </RouteLink>
      <RouteLink id="rl_0000_16">
        <From>
          <StopPointRef>2800S15051C</StopPointRef>
        </From>
        <To>
          <StopPointRef>2800S15052B</StopPointRef>
        </To>
      </RouteLink>
    </RouteSection>
  </RouteSections>
  <Routes>
    <Route id="rt_0000">
      <Description>No route description available</Description>
      <RouteSectionRef>rsf_0000</RouteSectionRef>
    </Route>
  </Routes>
  <JourneyPatternSections>
    <JourneyPatternSection id="js_1">
      <JourneyPatternTimingLink id="jptl_1">
        <From SequenceNumber="1">
          <Activity>pickUp</Activity>
          <StopPointRef>2800S16001S</StopPointRef>
          <TimingStatus>principalTimingPoint</TimingStatus>
        </From>
        <To SequenceNumber="2">
          <StopPointRef>2800S16007H</StopPointRef>
          <TimingStatus>otherPoint</TimingStatus>
        </To>
        <RouteLinkRef>rl_0000_1</RouteLinkRef>
        <RunTime>PT1M</RunTime>
      </JourneyPatternTimingLink>
      <JourneyPatternTimingLink id="jptl_2">
        <From SequenceNumber="2">
          <StopPointRef>2800S16007H</StopPointRef>
          <TimingStatus>otherPoint</TimingStatus>
        </From>
        <To SequenceNumber="3">
          <StopPointRef>2800S16025E</StopPointRef>
          <TimingStatus>otherPoint</TimingStatus>
        </To>
        <RouteLinkRef>rl_0000_2</RouteLinkRef>
        <RunTime>PT1M</RunTime>
      </JourneyPatternTimingLink>
      <JourneyPatternTimingLink id="jptl_3">
        <From SequenceNumber="3">
          <StopPointRef>2800S16025E</StopPointRef>
          <TimingStatus>otherPoint</TimingStatus>
        </From>
        <To SequenceNumber="4">
          <StopPointRef>2800S16016A</StopPointRef>
          <TimingStatus>otherPoint</TimingStatus>
        </To>
        <RouteLinkRef>rl_0000_3</RouteLinkRef>
        <RunTime>PT2M</RunTime>
      </JourneyPatternTimingLink>
      <JourneyPatternTimingLink id="jptl_4">
        <From SequenceNumber="4">
          <StopPointRef>2800S16016A</StopPointRef>
          <TimingStatus>otherPoint</TimingStatus>
        </From>
        <To SequenceNumber="5">
          <StopPointRef>2800S16040B</StopPointRef>
          <TimingStatus>otherPoint</TimingStatus>
        </To>
        <RouteLinkRef>rl_0000_4</RouteLinkRef>
        <RunTime>PT2M</RunTime>
      </JourneyPatternTimingLink>
      <JourneyPatternTimingLink id="jptl_5">
        <From SequenceNumber="5">
          <StopPointRef>2800S16040B</StopPointRef>
          <TimingStatus>otherPoint</TimingStatus>
        </From>
        <To SequenceNumber="6">
          <StopPointRef>2800S15002B</StopPointRef>
          <TimingStatus>otherPoint</TimingStatus>
        </To>
        <RouteLinkRef>rl_0000_5</RouteLinkRef>
        <RunTime>PT1M</RunTime>
      </JourneyPatternTimingLink>
      <JourneyPatternTimingLink id="jptl_6">
        <From SequenceNumber="6">
          <StopPointRef>2800S15002B</StopPointRef>
          <TimingStatus>otherPoint</TimingStatus>
        </From>
        <To SequenceNumber="7">
          <StopPointRef>2800S15003B</StopPointRef>
          <TimingStatus>otherPoint</TimingStatus>
        </To>
        <RouteLinkRef>rl_0000_6</RouteLinkRef>
        <RunTime>PT1M</RunTime>
      </JourneyPatternTimingLink>
      <JourneyPatternTimingLink id="jptl_7">
        <From SequenceNumber="7">
          <StopPointRef>2800S15003B</StopPointRef>
          <TimingStatus>otherPoint</TimingStatus>
        </From>
        <To SequenceNumber="8">
          <StopPointRef>2800S15132B</StopPointRef>
          <TimingStatus>otherPoint</TimingStatus>
        </To>
        <RouteLinkRef>rl_0000_7</RouteLinkRef>
        <RunTime>PT0S</RunTime>
      </JourneyPatternTimingLink>
      <JourneyPatternTimingLink id="jptl_8">
        <From SequenceNumber="8">
          <StopPointRef>2800S15132B</StopPointRef>
          <TimingStatus>otherPoint</TimingStatus>
        </From>
        <To SequenceNumber="9">
          <StopPointRef>2800S15124A</StopPointRef>
          <TimingStatus>otherPoint</TimingStatus>
        </To>
        <RouteLinkRef>rl_0000_8</RouteLinkRef>
        <RunTime>PT0S</RunTime>
      </JourneyPatternTimingLink>
      <JourneyPatternTimingLink id="jptl_9">
        <From SequenceNumber="9">
          <StopPointRef>2800S15124A</StopPointRef>
          <TimingStatus>otherPoint</TimingStatus>
        </From>
        <To SequenceNumber="10">
          <StopPointRef>2800S15131B</StopPointRef>
          <TimingStatus>principalTimingPoint</TimingStatus>
        </To>
        <RouteLinkRef>rl_0000_9</RouteLinkRef>
        <RunTime>PT2M</RunTime>
      </JourneyPatternTimingLink>
      <JourneyPatternTimingLink id="jptl_10">
        <From SequenceNumber="10">
          <StopPointRef>2800S15131B</StopPointRef>
          <TimingStatus>principalTimingPoint</TimingStatus>
        </From>
        <To SequenceNumber="11">
          <StopPointRef>2800S15033B</StopPointRef>
          <TimingStatus>otherPoint</TimingStatus>
        </To>
        <RouteLinkRef>rl_0000_10</RouteLinkRef>
        <RunTime>PT1M</RunTime>
      </JourneyPatternTimingLink>
      <JourneyPatternTimingLink id="jptl_11">
        <From SequenceNumber="11">
          <StopPointRef>2800S15033B</StopPointRef>
          <TimingStatus>otherPoint</TimingStatus>
        </From>
        <To SequenceNumber="12">
          <StopPointRef>2800S15134A</StopPointRef>
          <TimingStatus>otherPoint</TimingStatus>
        </To>
        <RouteLinkRef>rl_0000_11</RouteLinkRef>
        <RunTime>PT1M</RunTime>
      </JourneyPatternTimingLink>
      <JourneyPatternTimingLink id="jptl_12">
        <From SequenceNumber="12">
          <StopPointRef>2800S15134A</StopPointRef>
          <TimingStatus>otherPoint</TimingStatus>
        </From>
        <To SequenceNumber="13">
          <StopPointRef>2800S15005B</StopPointRef>
          <TimingStatus>otherPoint</TimingStatus>
        </To>
        <RouteLinkRef>rl_0000_12</RouteLinkRef>
        <RunTime>PT1M</RunTime>
      </JourneyPatternTimingLink>
      <JourneyPatternTimingLink id="jptl_13">
        <From SequenceNumber="13">
          <StopPointRef>2800S15005B</StopPointRef>
          <TimingStatus>otherPoint</TimingStatus>
        </From>
        <To SequenceNumber="14">
          <StopPointRef>2800S15012C</StopPointRef>
          <TimingStatus>otherPoint</TimingStatus>
        </To>
        <RouteLinkRef>rl_0000_13</RouteLinkRef>
        <RunTime>PT1M</RunTime>
      </JourneyPatternTimingLink>
      <JourneyPatternTimingLink id="jptl_14">
        <From SequenceNumber="14">
          <StopPointRef>2800S15012C</StopPointRef>
          <TimingStatus>otherPoint</TimingStatus>
        </From>
        <To SequenceNumber="15">
          <StopPointRef>2800S15015B</StopPointRef>
          <TimingStatus>otherPoint</TimingStatus>
        </To>
        <RouteLinkRef>rl_0000_14</RouteLinkRef>
        <RunTime>PT1M</RunTime>
      </JourneyPatternTimingLink>
      <JourneyPatternTimingLink id="jptl_15">
        <From SequenceNumber="15">
          <StopPointRef>2800S15015B</StopPointRef>
          <TimingStatus>otherPoint</TimingStatus>
        </From>
        <To SequenceNumber="16">
          <StopPointRef>2800S15051C</StopPointRef>
          <TimingStatus>otherPoint</TimingStatus>
        </To>
        <RouteLinkRef>rl_0000_15</RouteLinkRef>
        <RunTime>PT1M</RunTime>
      </JourneyPatternTimingLink>
      <JourneyPatternTimingLink id="jptl_16">
        <From SequenceNumber="16">
          <StopPointRef>2800S15051C</StopPointRef>
          <TimingStatus>otherPoint</TimingStatus>
        </From>
        <To SequenceNumber="17">
          <Activity>setDown</Activity>
          <StopPointRef>2800S15052B</StopPointRef>
          <TimingStatus>principalTimingPoint</TimingStatus>
        </To>
        <RouteLinkRef>rl_0000_16</RouteLinkRef>
        <RunTime>PT0S</RunTime>
      </JourneyPatternTimingLink>
    </JourneyPatternSection>
  </JourneyPatternSections>
  <Operators>
    <Operator id="tkt_oid">
      <NationalOperatorCode>AMSY</NationalOperatorCode>
      <OperatorCode>ANW</OperatorCode>
      <OperatorShortName>Arriva Merseyside</OperatorShortName>
      <LicenceNumber>PC0001141</LicenceNumber>
    </Operator>
  </Operators>
  <Services>
    <Service>
      <ServiceCode>PC0001141:17</ServiceCode>
      <Lines>
        <Line id="AMSY:PC0001141:17:35">
          <LineName>35</LineName>
          <OutboundDescription>
            <Description>Eccleston to St Helens Junction</Description>
          </OutboundDescription>
          <InboundDescription>
            <Description>St Helens Junction to Eccleston</Description>
          </InboundDescription>
        </Line>
      </Lines>
      <OperatingPeriod>
        <StartDate>2024-01-02</StartDate>
      </OperatingPeriod>
      <OperatingProfile>
        <RegularDayType>
          <DaysOfWeek>
            <Monday />
            <Tuesday />
            <Wednesday />
            <Thursday />
            <Friday />
          </DaysOfWeek>
        </RegularDayType>
        <BankHolidayOperation>
          <DaysOfNonOperation>
            <ChristmasDay />
            <BoxingDay />
            <GoodFriday />
            <NewYearsDay />
            <LateSummerBankHolidayNotScotland />
            <MayDay />
            <EasterMonday />
            <SpringBank />
            <ChristmasDayHoliday />
            <BoxingDayHoliday />
            <NewYearsDayHoliday />
            <OtherPublicHoliday>
              <Description>CoronationOfKingCharlesIII</Description>
              <Date>2023-05-08</Date>
            </OtherPublicHoliday>
            <ChristmasEve />
            <NewYearsEve />
          </DaysOfNonOperation>
        </BankHolidayOperation>
      </OperatingProfile>
      <RegisteredOperatorRef>tkt_oid</RegisteredOperatorRef>
      <PublicUse>true</PublicUse>
      <StandardService>
        <Origin>Eccleston</Origin>
        <Destination>St Helens Junction</Destination>
        <JourneyPattern id="jp_1">
          <DestinationDisplay>Millwood Avenue</DestinationDisplay>
          <OperatorRef>tkt_oid</OperatorRef>
          <Direction>inbound</Direction>
          <RouteRef>rt_0000</RouteRef>
          <JourneyPatternSectionRefs>js_1</JourneyPatternSectionRefs>
        </JourneyPattern>
      </StandardService>
    </Service>
  </Services>
  <VehicleJourneys>
    <VehicleJourney>
      <OperatorRef>tkt_oid</OperatorRef>
      <Operational>
        <TicketMachine>
          <JourneyCode>1049</JourneyCode>
        </TicketMachine>
      </Operational>
      <VehicleJourneyCode>vj_1</VehicleJourneyCode>
      <ServiceRef>PC0001141:17</ServiceRef>
      <LineRef>AMSY:PC0001141:17:35</LineRef>
      <JourneyPatternRef>jp_1</JourneyPatternRef>
      <DepartureTime>18:13:00</DepartureTime>
    </VehicleJourney>
  </VehicleJourneys>
</TransXChange>