<?xml version="1.0" encoding="utf-8"?>
<TransXChange xmlns:xsi="http://www.w3.org/2001/XMLSchema-instance" SchemaVersion="2.4" CreationDateTime="2024-07-15T08:53:39" ModificationDateTime="2024-07-25T10:49:20" Modification="revise" RevisionNumber="2" FileName="AMSY_46B_AMSYPC00011411146B_20240121_-_1801713.xml" xmlns="http://www.transxchange.org.uk/">
  <StopPoints>
    <AnnotatedStopPointRef>
      <StopPointRef>2800S60056B</StopPointRef>
      <CommonName>Cobden Road</CommonName>
      <Location>
        <Longitude>-2.963020</Longitude>
        <Latitude>53.644955</Latitude>
      </Location>
    </AnnotatedStopPointRef>
    <AnnotatedStopPointRef>
      <StopPointRef>2800S60055A</StopPointRef>
      <CommonName>Crowland Close</CommonName>
      <Location>
        <Longitude>-2.963562</Longitude>
        <Latitude>53.642146</Latitude>
      </Location>
    </AnnotatedStopPointRef>
    <AnnotatedStopPointRef>
      <StopPointRef>2800S60054A</StopPointRef>
      <CommonName>Crowland Street</CommonName>
      <Location>
        <Longitude>-2.966632</Longitude>
        <Latitude>53.642130</Latitude>
      </Location>
    </AnnotatedStopPointRef>
    <AnnotatedStopPointRef>
      <StopPointRef>2800S60052B</StopPointRef>
      <CommonName>Milton Street</CommonName>
      <Location>
        <Longitude>-2.968765</Longitude>
        <Latitude>53.646086</Latitude>
      </Location>
    </AnnotatedStopPointRef>
    <AnnotatedStopPointRef>
      <StopPointRef>2800S60041A</StopPointRef>
      <CommonName>Wennington Road</CommonName>
      <Location>
        <Longitude>-2.971433</Longitude>
        <Latitude>53.647664</Latitude>
      </Location>
    </AnnotatedStopPointRef>
    <AnnotatedStopPointRef>
      <StopPointRef>2800S60042C</StopPointRef>
      <CommonName>Meols Cop Station</CommonName>
      <Location>
        <Longitude>-2.975467</Longitude>
        <Latitude>53.646786</Latitude>
      </Location>
    </AnnotatedStopPointRef>
    <AnnotatedStopPointRef>
      <StopPointRef>2800S60096A</StopPointRef>
      <CommonName>Meols Cop Station</CommonName>
      <Location>
        <Longitude>-2.976085</Longitude>
        <Latitude>53.645388</Latitude>
      </Location>
    </AnnotatedStopPointRef>
    <AnnotatedStopPointRef>
      <StopPointRef>2800S60058B</StopPointRef>
      <CommonName>Fir Street</CommonName>
      <Location>
        <Longitude>-2.976794</Longitude>
        <Latitude>53.642668</Latitude>
      </Location>
    </AnnotatedStopPointRef>
    <AnnotatedStopPointRef>
      <StopPointRef>2800S60059B</StopPointRef>
      <CommonName>Oak Street</CommonName>
      <Location>
        <Longitude>-2.979550</Longitude>
        <Latitude>53.643445</Latitude>
      </Location>
    </AnnotatedStopPointRef>
    <AnnotatedStopPointRef>
      <StopPointRef>2800S60051B</StopPointRef>
      <CommonName>Tithebarn Road</CommonName>
      <Location>
        <Longitude>-2.983690</Longitude>
        <Latitude>53.644535</Latitude>
      </Location>
    </AnnotatedStopPointRef>
    <AnnotatedStopPointRef>
      <StopPointRef>2800S60050B</StopPointRef>
      <CommonName>St Lukes Road</CommonName>
      <Location>
        <Longitude>-2.986931</Longitude>
        <Latitude>53.645353</Latitude>
      </Location>
    </AnnotatedStopPointRef>
    <AnnotatedStopPointRef>
      <StopPointRef>2800S60049B</StopPointRef>
      <CommonName>Zetland Street</CommonName>
      <Location>
        <Longitude>-2.990417</Longitude>
        <Latitude>53.646286</Latitude>
      </Location>
    </AnnotatedStopPointRef>
    <AnnotatedStopPointRef>
      <StopPointRef>2800S60048B</StopPointRef>
      <CommonName>Ashley Road</CommonName>
      <Location>
        <Longitude>-2.993554</Longitude>
        <Latitude>53.647159</Latitude>
      </Location>
    </AnnotatedStopPointRef>
    <AnnotatedStopPointRef>
      <StopPointRef>2800S60093B</StopPointRef>
      <CommonName>London Street</CommonName>
      <Location>
        <Longitude>-2.998025</Longitude>
        <Latitude>53.646205</Latitude>
      </Location>
    </AnnotatedStopPointRef>
    <AnnotatedStopPointRef>
      <StopPointRef>2800S63903A</StopPointRef>
      <CommonName>Southport Station</CommonName>
      <Location>
        <Longitude>-3.001461</Longitude>
        <Latitude>53.646958</Latitude>
      </Location>
    </AnnotatedStopPointRef>
    <AnnotatedStopPointRef>
      <StopPointRef>2800S63002M</StopPointRef>
      <CommonName>Nevill Street</CommonName>
      <Location>
        <Longitude>-3.006521</Longitude>
        <Latitude>53.647887</Latitude>
      </Location>
    </AnnotatedStopPointRef>
    <AnnotatedStopPointRef>
      <StopPointRef>2800S63004A</StopPointRef>
      <CommonName>Princes Street</CommonName>
      <Location>
        <Longitude>-3.005440</Longitude>
        <Latitude>53.645684</Latitude>
      </Location>
    </AnnotatedStopPointRef>
    <AnnotatedStopPointRef>
      <StopPointRef>2800S61034A</StopPointRef>
      <CommonName>Yellowhouse Lane</CommonName>
      <Location>
        <Longitude>-3.003278</Longitude>
        <Latitude>53.643833</Latitude>
      </Location>
    </AnnotatedStopPointRef>
    <AnnotatedStopPointRef>
      <StopPointRef>2800S61035D</StopPointRef>
      <CommonName>Linaker Street</CommonName>
      <Location>
        <Longitude>-2.999898</Longitude>
        <Latitude>53.641641</Latitude>
      </Location>
    </AnnotatedStopPointRef>
    <AnnotatedStopPointRef>
      <StopPointRef>2800S61052A</StopPointRef>
      <CommonName>Hampton Road</CommonName>
      <Location>
        <Longitude>-2.996214</Longitude>
        <Latitude>53.640620</Latitude>
      </Location>
    </AnnotatedStopPointRef>
    <AnnotatedStopPointRef>
      <StopPointRef>2800S61051A</StopPointRef>
      <CommonName>Ash Street</CommonName>
      <Location>
        <Longitude>-2.993823</Longitude>
        <Latitude>53.639948</Latitude>
      </Location>
    </AnnotatedStopPointRef>
    <AnnotatedStopPointRef>
      <StopPointRef>2800S61053A</StopPointRef>
      <CommonName>Cumberland Road</CommonName>
      <Location>
        <Longitude>-2.990565</Longitude>
        <Latitude>53.639022</Latitude>
      </Location>
    </AnnotatedStopPointRef>
    <AnnotatedStopPointRef>
      <StopPointRef>2800S61054A</StopPointRef>
      <CommonName>Falkland Road</CommonName>
      <Location>
        <Longitude>-2.986987</Longitude>
        <Latitude>53.638018</Latitude>
      </Location>
    </AnnotatedStopPointRef>
    <AnnotatedStopPointRef>
      <StopPointRef>2800S61055A</StopPointRef>
      <CommonName>Everard Road</CommonName>
      <Location>
        <Longitude>-2.983804</Longitude>
        <Latitude>53.637109</Latitude>
      </Location>
    </AnnotatedStopPointRef>
    <AnnotatedStopPointRef>
      <StopPointRef>2800S61056A</StopPointRef>
      <CommonName>Ashdown Close</CommonName>
      <Location>
        <Longitude>-2.979266</Longitude>
        <Latitude>53.635780</Latitude>
      </Location>
    </AnnotatedStopPointRef>
    <AnnotatedStopPointRef>
      <StopPointRef>2800S61057A</StopPointRef>
      <CommonName>No. 220</CommonName>
      <Location>
        <Longitude>-2.974594</Longitude>
        <Latitude>53.634506</Latitude>
      </Location>
    </AnnotatedStopPointRef>
    <AnnotatedStopPointRef>
      <StopPointRef>2800S61058A</StopPointRef>
      <CommonName>Town Lane Kew</CommonName>
      <Location>
        <Longitude>-2.971412</Longitude>
        <Latitude>53.633570</Latitude>
      </Location>
    </AnnotatedStopPointRef>
    <AnnotatedStopPointRef>
      <StopPointRef>2800S61059B</StopPointRef>
      <CommonName>Folkestone Road</CommonName>
      <Location>
        <Longitude>-2.973640</Longitude>
        <Latitude>53.633139</Latitude>
      </Location>
    </AnnotatedStopPointRef>
    <AnnotatedStopPointRef>
      <StopPointRef>2800S61060B</StopPointRef>
      <CommonName>Southport Hospital</CommonName>
      <Location>
        <Longitude>-2.978286</Longitude>
        <Latitude>53.632642</Latitude>
      </Location>
    </AnnotatedStopPointRef>
    <AnnotatedStopPointRef>
      <StopPointRef>2800S61061A</StopPointRef>
      <CommonName>Althorpe Drive</CommonName>
      <Location>
        <Longitude>-2.981685</Longitude>
        <Latitude>53.631806</Latitude>
      </Location>
    </AnnotatedStopPointRef>
    <AnnotatedStopPointRef>
      <StopPointRef>2800S61062C</StopPointRef>
      <CommonName>Town Lane</CommonName>
      <Location>
        <Longitude>-2.983956</Longitude>
        <Latitude>53.631257</Latitude>
      </Location>
    </AnnotatedStopPointRef>
    <AnnotatedStopPointRef>
      <StopPointRef>2800S61092B</StopPointRef>
      <CommonName>Loxley Road</CommonName>
      <Location>
        <Longitude>-2.986620</Longitude>
        <Latitude>53.633967</Latitude>
      </Location>
    </AnnotatedStopPointRef>
    <AnnotatedStopPointRef>
      <StopPointRef>2800S61069B</StopPointRef>
      <CommonName>Falkland Road</CommonName>
      <Location>
        <Longitude>-2.989276</Longitude>
        <Latitude>53.635671</Latitude>
      </Location>
    </AnnotatedStopPointRef>
    <AnnotatedStopPointRef>
      <StopPointRef>2800S61050B</StopPointRef>
      <CommonName>Portland Street</CommonName>
      <Location>
        <Longitude>-2.996518</Longitude>
        <Latitude>53.637508</Latitude>
      </Location>
    </AnnotatedStopPointRef>
    <AnnotatedStopPointRef>
      <StopPointRef>2800S61038A</StopPointRef>
      <CommonName>Boundary Street</CommonName>
      <Location>
        <Longitude>-3.001487</Longitude>
        <Latitude>53.634653</Latitude>
      </Location>
    </AnnotatedStopPointRef>
    <AnnotatedStopPointRef>
      <StopPointRef>2800S61039A</StopPointRef>
      <CommonName>Upper Aughton Road</CommonName>
      <Location>
        <Longitude>-3.003261</Longitude>
        <Latitude>53.633559</Latitude>
      </Location>
    </AnnotatedStopPointRef>
    <AnnotatedStopPointRef>
      <StopPointRef>2800S61040B</StopPointRef>
      <CommonName>Vaughan Road</CommonName>
      <Location>
        <Longitude>-3.006010</Longitude>
        <Latitude>53.632152</Latitude>
      </Location>
    </AnnotatedStopPointRef>
    <AnnotatedStopPointRef>
      <StopPointRef>2800S61041A</StopPointRef>
      <CommonName>Brighton Road</CommonName>
      <Location>
        <Longitude>-3.007828</Longitude>
        <Latitude>53.629746</Latitude>
      </Location>
    </AnnotatedStopPointRef>
    <AnnotatedStopPointRef>
      <StopPointRef>2800S61042A</StopPointRef>
      <CommonName>Bedford Road</CommonName>
      <Location>
        <Longitude>-3.005468</Longitude>
        <Latitude>53.626529</Latitude>
      </Location>
    </AnnotatedStopPointRef>
    <AnnotatedStopPointRef>
      <StopPointRef>2800S61043B</StopPointRef>
      <CommonName>Guildford Road</CommonName>
      <Location>
        <Longitude>-3.002319</Longitude>
        <Latitude>53.624417</Latitude>
      </Location>
    </AnnotatedStopPointRef>
    <AnnotatedStopPointRef>
      <StopPointRef>2800S61044A</StopPointRef>
      <CommonName>Shaws Avenue</CommonName>
      <Location>
        <Longitude>-3.004690</Longitude>
        <Latitude>53.622392</Latitude>
      </Location>
    </AnnotatedStopPointRef>
    <AnnotatedStopPointRef>
      <StopPointRef>2800S61045A</StopPointRef>
      <CommonName>Grantham Road</CommonName>
      <Location>
        <Longitude>-3.006647</Longitude>
        <Latitude>53.620147</Latitude>
      </Location>
    </AnnotatedStopPointRef>
    <AnnotatedStopPointRef>
      <StopPointRef>2800S61046A</StopPointRef>
      <CommonName>No. 164</CommonName>
      <Location>
        <Longitude>-3.007867</Longitude>
        <Latitude>53.618033</Latitude>
      </Location>
    </AnnotatedStopPointRef>
    <AnnotatedStopPointRef>
      <StopPointRef>2800S61047A</StopPointRef>
      <CommonName>Halsall Road</CommonName>
      <Location>
        <Longitude>-3.010810</Longitude>
        <Latitude>53.615959</Latitude>
      </Location>
    </AnnotatedStopPointRef>
    <AnnotatedStopPointRef>
      <StopPointRef>2800S61048A</StopPointRef>
      <CommonName>Central Avenue</CommonName>
      <Location>
        <Longitude>-3.012557</Longitude>
        <Latitude>53.614407</Latitude>
      </Location>
    </AnnotatedStopPointRef>
    <AnnotatedStopPointRef>
      <StopPointRef>2800S61049A</StopPointRef>
      <CommonName>Carr Lane</CommonName>
      <Location>
        <Longitude>-3.014270</Longitude>
        <Latitude>53.612100</Latitude>
      </Location>
    </AnnotatedStopPointRef>
    <AnnotatedStopPointRef>
      <StopPointRef>2800S62001B</StopPointRef>
      <CommonName>Nixons Lane</CommonName>
      <Location>
        <Longitude>-3.020479</Longitude>
        <Latitude>53.609414</Latitude>
      </Location>
    </AnnotatedStopPointRef>
    <AnnotatedStopPointRef>
      <StopPointRef>2800S62002A</StopPointRef>
      <CommonName>Mary Avenue</CommonName>
      <Location>
        <Longitude>-3.025310</Longitude>
        <Latitude>53.606092</Latitude>
      </Location>
    </AnnotatedStopPointRef>
    <AnnotatedStopPointRef>
      <StopPointRef>2800S62003A</StopPointRef>
      <CommonName>Oakwood Avenue</CommonName>
      <Location>
        <Longitude>-3.028135</Longitude>
        <Latitude>53.604782</Latitude>
      </Location>
    </AnnotatedStopPointRef>
    <AnnotatedStopPointRef>
      <StopPointRef>2800S62035B</StopPointRef>
      <CommonName>Liverpool Road</CommonName>
      <Location>
        <Longitude>-3.031893</Longitude>
        <Latitude>53.603321</Latitude>
      </Location>
    </AnnotatedStopPointRef>
    <AnnotatedStopPointRef>
      <StopPointRef>2800S62023A</StopPointRef>
      <CommonName>Leamington Road</CommonName>
      <Location>
        <Longitude>-3.034086</Longitude>
        <Latitude>53.599697</Latitude>
      </Location>
    </AnnotatedStopPointRef>
    <AnnotatedStopPointRef>
      <StopPointRef>2800S62024A</StopPointRef>
      <CommonName>Kenilworth Road</CommonName>
      <Location>
        <Longitude>-3.035904</Longitude>
        <Latitude>53.597416</Latitude>
      </Location>
    </AnnotatedStopPointRef>
    <AnnotatedStopPointRef>
      <StopPointRef>2800S62032A</StopPointRef>
      <CommonName>Ainsdale Sports Club</CommonName>
      <Location>
        <Longitude>-3.038089</Longitude>
        <Latitude>53.595321</Latitude>
      </Location>
    </AnnotatedStopPointRef>
    <AnnotatedStopPointRef>
      <StopPointRef>2800S62015C</StopPointRef>
      <CommonName>Pinfold Lane</CommonName>
      <Location>
        <Longitude>-3.039177</Longitude>
        <Latitude>53.592228</Latitude>
      </Location>
    </AnnotatedStopPointRef>
    <AnnotatedStopPointRef>
      <StopPointRef>2800S62017B</StopPointRef>
      <CommonName>Woodvale Road</CommonName>
      <Location>
        <Longitude>-3.040030</Longitude>
        <Latitude>53.589443</Latitude>
      </Location>
    </AnnotatedStopPointRef>
    <AnnotatedStopPointRef>
      <StopPointRef>2800S64002A</StopPointRef>
      <CommonName>Deansgate Lane North</CommonName>
      <Location>
        <Longitude>-3.050133</Longitude>
        <Latitude>53.567962</Latitude>
      </Location>
    </AnnotatedStopPointRef>
    <AnnotatedStopPointRef>
      <StopPointRef>2800S64003A</StopPointRef>
      <CommonName>Paradise Lane</CommonName>
      <Location>
        <Longitude>-3.053924</Longitude>
        <Latitude>53.566778</Latitude>
      </Location>
    </AnnotatedStopPointRef>
    <AnnotatedStopPointRef>
      <StopPointRef>2800S64004A</StopPointRef>
      <CommonName>Green Lane</CommonName>
      <Location>
        <Longitude>-3.057275</Longitude>
        <Latitude>53.564906</Latitude>
      </Location>
    </AnnotatedStopPointRef>
    <AnnotatedStopPointRef>
      <StopPointRef>2800S64005A</StopPointRef>
      <CommonName>Formby Gardens</CommonName>
      <Location>
        <Longitude>-3.057934</Longitude>
        <Latitude>53.561682</Latitude>
      </Location>
    </AnnotatedStopPointRef>
    <AnnotatedStopPointRef>
      <StopPointRef>2800S64006A</StopPointRef>
      <CommonName>School Lane</CommonName>
      <Location>
        <Longitude>-3.056739</Longitude>
        <Latitude>53.557944</Latitude>
      </Location>
    </AnnotatedStopPointRef>
    <AnnotatedStopPointRef>
      <StopPointRef>2800S64007A</StopPointRef>
      <CommonName>Three Tuns Lane</CommonName>
      <Location>
        <Longitude>-3.057243</Longitude>
        <Latitude>53.554560</Latitude>
      </Location>
    </AnnotatedStopPointRef>
    <AnnotatedStopPointRef>
      <StopPointRef>2800S64008A</StopPointRef>
      <CommonName>Birkey Lane</CommonName>
      <Location>
        <Longitude>-3.056727</Longitude>
        <Latitude>53.552039</Latitude>
      </Location>
    </AnnotatedStopPointRef>
    <AnnotatedStopPointRef>
      <StopPointRef>2800S64009A</StopPointRef>
      <CommonName>Kent Road</CommonName>
      <Location>
        <Longitude>-3.055091</Longitude>
        <Latitude>53.549357</Latitude>
      </Location>
    </AnnotatedStopPointRef>
    <AnnotatedStopPointRef>
      <StopPointRef>2800S64010A</StopPointRef>
      <CommonName>Lighthouse Lane</CommonName>
      <Location>
        <Longitude>-3.054916</Longitude>
        <Latitude>53.547192</Latitude>
      </Location>
    </AnnotatedStopPointRef>
  </StopPoints>
  <RouteSections>
    <RouteSection id="rsf_0000">
      <RouteLink id="rl_0000_1">
        <From>
          <StopPointRef>2800S64010A</StopPointRef>
        </From>
        <To>
          <StopPointRef>2800S64009A</StopPointRef>
        </To>
      </RouteLink>
      <RouteLink id="rl_0000_2">
        <From>
          <StopPointRef>2800S64009A</StopPointRef>
        </From>
        <To>
          <StopPointRef>2800S64008A</StopPointRef>
        </To>
      </RouteLink>
      <RouteLink id="rl_0000_3">
        <From>
          <StopPointRef>2800S64008A</StopPointRef>
        </From>
        <To>
          <StopPointRef>2800S64007A</StopPointRef>
        </To>
      </RouteLink>
      <RouteLink id="rl_0000_4">
        <From>
          <StopPointRef>2800S64007A</StopPointRef>
        </From>
        <To>
          <StopPointRef>2800S64006A</StopPointRef>
        </To>
      </RouteLink>
      <RouteLink id="rl_0000_5">
        <From>
          <StopPointRef>2800S64006A</StopPointRef>
        </From>
        <To>
          <StopPointRef>2800S64005A</StopPointRef>
        </To>
      </RouteLink>
      <RouteLink id="rl_0000_6">
        <From>
          <StopPointRef>2800S64005A</StopPointRef>
        </From>
        <To>
          <StopPointRef>2800S64004A</StopPointRef>
        </To>
      </RouteLink>
      <RouteLink id="rl_0000_7">
        <From>
          <StopPointRef>2800S64004A</StopPointRef>
        </From>
        <To>
          <StopPointRef>2800S64003A</StopPointRef>
        </To>
      </RouteLink>
      <RouteLink id="rl_0000_8">
        <From>
          <StopPointRef>2800S64003A</StopPointRef>
        </From>
        <To>
          <StopPointRef>2800S64002A</StopPointRef>
        </To>
      </RouteLink>
      <RouteLink id="rl_0000_9">
        <From>
          <StopPointRef>2800S64002A</StopPointRef>
        </From>
        <To>
          <StopPointRef>2800S62017B</StopPointRef>
        </To>
      </RouteLink>
      <RouteLink id="rl_0000_10">
        <From>
          <StopPointRef>2800S62017B</StopPointRef>
        </From>
        <To>
          <StopPointRef>2800S62015C</StopPointRef>
        </To>
      </RouteLink>
      <RouteLink id="rl_0000_11">
        <From>
          <StopPointRef>2800S62015C</StopPointRef>
        </From>
        <To>
          <StopPointRef>2800S62032A</StopPointRef>
        </To>
      </RouteLink>
      <RouteLink id="rl_0000_12">
        <From>
          <StopPointRef>2800S62032A</StopPointRef>
        </From>
        <To>
          <StopPointRef>2800S62024A</StopPointRef>
        </To>
      </RouteLink>
      <RouteLink id="rl_0000_13">
        <From>
          <StopPointRef>2800S62024A</StopPointRef>
        </From>
        <To>
          <StopPointRef>2800S62023A</StopPointRef>
        </To>
      </RouteLink>
      <RouteLink id="rl_0000_14">
        <From>
          <StopPointRef>2800S62023A</StopPointRef>
        </From>
        <To>
          <StopPointRef>2800S62035B</StopPointRef>
        </To>
      </RouteLink>
      <RouteLink id="rl_0000_15">
        <From>
          <StopPointRef>2800S62035B</StopPointRef>
        </From>
        <To>
          <StopPointRef>2800S62003A</StopPointRef>
        </To>
      </RouteLink>
      <RouteLink id="rl_0000_16">
        <From>
          <StopPointRef>2800S62003A</StopPointRef>
        </From>
        <To>
          <StopPointRef>2800S62002A</StopPointRef>
        </To>
      </RouteLink>
      <RouteLink id="rl_0000_17">
        <From>
          <StopPointRef>2800S62002A</StopPointRef>
        </From>
        <To>
          <StopPointRef>2800S62001B</StopPointRef>
        </To>
      </RouteLink>
      <RouteLink id="rl_0000_18">
        <From>
          <StopPointRef>2800S62001B</StopPointRef>
        </From>
        <To>
          <StopPointRef>2800S61049A</StopPointRef>
        </To>
      </RouteLink>
      <RouteLink id="rl_0000_19">
        <From>
          <StopPointRef>2800S61049A</StopPointRef>
        </From>
        <To>
          <StopPointRef>2800S61048A</StopPointRef>
        </To>
      </RouteLink>
      <RouteLink id="rl_0000_20">
        <From>
          <StopPointRef>2800S61048A</StopPointRef>
        </From>
        <To>
          <StopPointRef>2800S61047A</StopPointRef>
        </To>
      </RouteLink>
      <RouteLink id="rl_0000_21">
        <From>
          <StopPointRef>2800S61047A</StopPointRef>
        </From>
        <To>
          <StopPointRef>2800S61046A</StopPointRef>
        </To>
      </RouteLink>
      <RouteLink id="rl_0000_22">
        <From>
          <StopPointRef>2800S61046A</StopPointRef>
        </From>
        <To>
          <StopPointRef>2800S61045A</StopPointRef>
        </To>
      </RouteLink>
      <RouteLink id="rl_0000_23">
        <From>
          <StopPointRef>2800S61045A</StopPointRef>
        </From>
        <To>
          <StopPointRef>2800S61044A</StopPointRef>
        </To>
      </RouteLink>
      <RouteLink id="rl_0000_24">
        <From>
          <StopPointRef>2800S61044A</StopPointRef>
        </From>
        <To>
          <StopPointRef>2800S61043B</StopPointRef>
        </To>
      </RouteLink>
      <RouteLink id="rl_0000_25">
        <From>
          <StopPointRef>2800S61043B</StopPointRef>
        </From>
        <To>
          <StopPointRef>2800S61042A</StopPointRef>
        </To>
      </RouteLink>
      <RouteLink id="rl_0000_26">
        <From>
          <StopPointRef>2800S61042A</StopPointRef>
        </From>
        <To>
          <StopPointRef>2800S61041A</StopPointRef>
        </To>
      </RouteLink>
      <RouteLink id="rl_0000_27">
        <From>
          <StopPointRef>2800S61041A</StopPointRef>
        </From>
        <To>
          <StopPointRef>2800S61040B</StopPointRef>
        </To>
      </RouteLink>
      <RouteLink id="rl_0000_28">
        <From>
          <StopPointRef>2800S61040B</StopPointRef>
        </From>
        <To>
          <StopPointRef>2800S61039A</StopPointRef>
        </To>
      </RouteLink>
      <RouteLink id="rl_0000_29">
        <From>
          <StopPointRef>2800S61039A</StopPointRef>
        </From>
        <To>
          <StopPointRef>2800S61038A</StopPointRef>
        </To>
      </RouteLink>
      <RouteLink id="rl_0000_30">
        <From>
          <StopPointRef>2800S61038A</StopPointRef>
        </From>
        <To>
          <StopPointRef>2800S61050B</StopPointRef>
        </To>
      </RouteLink>
      <RouteLink id="rl_0000_31">
        <From>
          <StopPointRef>2800S61050B</StopPointRef>
        </From>
        <To>
          <StopPointRef>2800S61069B</StopPointRef>
        </To>
      </RouteLink>
      <RouteLink id="rl_0000_32">
        <From>
          <StopPointRef>2800S61069B</StopPointRef>
        </From>
        <To>
          <StopPointRef>2800S61092B</StopPointRef>
        </To>
      </RouteLink>
      <RouteLink id="rl_0000_33">
        <From>
          <StopPointRef>2800S61092B</StopPointRef>
        </From>
        <To>
          <StopPointRef>2800S61062C</StopPointRef>
        </To>
      </RouteLink>
      <RouteLink id="rl_0000_34">
        <From>
          <StopPointRef>2800S61062C</StopPointRef>
        </From>
        <To>
          <StopPointRef>2800S61061A</StopPointRef>
        </To>
      </RouteLink>
      <RouteLink id="rl_0000_35">
        <From>
          <StopPointRef>2800S61061A</StopPointRef>
        </From>
        <To>
          <StopPointRef>2800S61060B</StopPointRef>
        </To>
      </RouteLink>
      <RouteLink id="rl_0000_36">
        <From>
          <StopPointRef>2800S61060B</StopPointRef>
        </From>
        <To>
          <StopPointRef>2800S61059B</StopPointRef>
        </To>
      </RouteLink>
      <RouteLink id="rl_0000_37">
        <From>
          <StopPointRef>2800S61059B</StopPointRef>
        </From>
        <To>
          <StopPointRef>2800S61058A</StopPointRef>
        </To>
      </RouteLink>
      <RouteLink id="rl_0000_38">
        <From>
          <StopPointRef>2800S61058A</StopPointRef>
        </From>
        <To>
          <StopPointRef>2800S61057A</StopPointRef>
        </To>
      </RouteLink>
      <RouteLink id="rl_0000_39">
        <From>
          <StopPointRef>2800S61057A</StopPointRef>
        </From>
        <To>
          <StopPointRef>2800S61056A</StopPointRef>
        </To>
      </RouteLink>
      <RouteLink id="rl_0000_40">
        <From>
          <StopPointRef>2800S61056A</StopPointRef>
        </From>
        <To>
          <StopPointRef>2800S61055A</StopPointRef>
        </To>
      </RouteLink>
      <RouteLink id="rl_0000_41">
        <From>
          <StopPointRef>2800S61055A</StopPointRef>
        </From>
        <To>
          <StopPointRef>2800S61054A</StopPointRef>
        </To>
      </RouteLink>
      <RouteLink id="rl_0000_42">
        <From>
          <StopPointRef>2800S61054A</StopPointRef>
        </From>
        <To>
          <StopPointRef>2800S61053A</StopPointRef>
        </To>
      </RouteLink>
      <RouteLink id="rl_0000_43">
        <From>
          <StopPointRef>2800S61053A</StopPointRef>
        </From>
        <To>
          <StopPointRef>2800S61051A</StopPointRef>
        </To>
      </RouteLink>
      <RouteLink id="rl_0000_44">
        <From>
          <StopPointRef>2800S61051A</StopPointRef>
        </From>
        <To>
          <StopPointRef>2800S61052A</StopPointRef>
        </To>
      </RouteLink>
      <RouteLink id="rl_0000_45">
        <From>
          <StopPointRef>2800S61052A</StopPointRef>
        </From>
        <To>
          <StopPointRef>2800S61035D</StopPointRef>
        </To>
      </RouteLink>
      <RouteLink id="rl_0000_46">
        <From>
          <StopPointRef>2800S61035D</StopPointRef>
        </From>
        <To>
          <StopPointRef>2800S61034A</StopPointRef>
        </To>
      </RouteLink>
      <RouteLink id="rl_0000_47">
        <From>
          <StopPointRef>2800S61034A</StopPointRef>
        </From>
        <To>
          <StopPointRef>2800S63004A</StopPointRef>
        </To>
      </RouteLink>
      <RouteLink id="rl_0000_48">
        <From>
          <StopPointRef>2800S63004A</StopPointRef>
        </From>
        <To>
          <StopPointRef>2800S63002M</StopPointRef>
        </To>
      </RouteLink>
      <RouteLink id="rl_0000_49">
        <From>
          <StopPointRef>2800S63002M</StopPointRef>
        </From>
        <To>
          <StopPointRef>2800S63903A</StopPointRef>
        </To>
      </RouteLink>
      <RouteLink id="rl_0000_50">
        <From>
          <StopPointRef>2800S63903A</StopPointRef>
        </From>
        <To>
          <StopPointRef>2800S60093B</StopPointRef>
        </To>
      </RouteLink>
      <RouteLink id="rl_0000_51">
        <From>
          <StopPointRef>2800S60093B</StopPointRef>
        </From>
        <To>
          <StopPointRef>2800S60048B</StopPointRef>
        </To>
      </RouteLink>
      <RouteLink id="rl_0000_52">
        <From>
          <StopPointRef>2800S60048B</StopPointRef>
        </From>
        <To>
          <StopPointRef>2800S60049B</StopPointRef>
        </To>
      </RouteLink>
      <RouteLink id="rl_0000_53">
        <From>
          <StopPointRef>2800S60049B</StopPointRef>
        </From>
        <To>
          <StopPointRef>2800S60050B</StopPointRef>
        </To>
      </RouteLink>
      <RouteLink id="rl_0000_54">
        <From>
          <StopPointRef>2800S60050B</StopPointRef>
        </From>
        <To>
          <StopPointRef>2800S60051B</StopPointRef>
        </To>
      </RouteLink>
      <RouteLink id="rl_0000_55">
        <From>
          <StopPointRef>2800S60051B</StopPointRef>
        </From>
        <To>
          <StopPointRef>2800S60059B</StopPointRef>
        </To>
      </RouteLink>
      <RouteLink id="rl_0000_56">
        <From>
          <StopPointRef>2800S60059B</StopPointRef>
        </From>
        <To>
          <StopPointRef>2800S60058B</StopPointRef>
        </To>
      </RouteLink>
      <RouteLink id="rl_0000_57">
        <From>
          <StopPointRef>2800S60058B</StopPointRef>
        </From>
        <To>
          <StopPointRef>2800S60096A</StopPointRef>
        </To>
      </RouteLink>
      <RouteLink id="rl_0000_58">
        <From>
          <StopPointRef>2800S60096A</StopPointRef>
        </From>
        <To>
          <StopPointRef>2800S60042C</StopPointRef>
        </To>
      </RouteLink>
      <RouteLink id="rl_0000_59">
        <From>
          <StopPointRef>2800S60042C</StopPointRef>
        </From>
        <To>
          <StopPointRef>2800S60041A</StopPointRef>
        </To>
      </RouteLink>
      <RouteLink id="rl_0000_60">
        <From>
          <StopPointRef>2800S60041A</StopPointRef>
        </From>
        <To>
          <StopPointRef>2800S60052B</StopPointRef>
        </To>
      </RouteLink>
      <RouteLink id="rl_0000_61">
        <From>
          <StopPointRef>2800S60052B</StopPointRef>
        </From>
        <To>
          <StopPointRef>2800S60054A</StopPointRef>
        </To>
      </RouteLink>
      <RouteLink id="rl_0000_62">
        <From>
          <StopPointRef>2800S60054A</StopPointRef>
        </From>
        <To>
          <StopPointRef>2800S60055A</StopPointRef>
        </To>
      </RouteLink>
      <RouteLink id="rl_0000_63">
        <From>
          <StopPointRef>2800S60055A</StopPointRef>
        </From>
        <To>
          <StopPointRef>2800S60056B</StopPointRef>
        </To>
      </RouteLink>
    </RouteSection>
  </RouteSections>
  <Routes>
    <Route id="rt_0000">
      <Description>No route description available</Description>
      <RouteSectionRef>rsf_0000</RouteSectionRef>
    </Route>
  </Routes>
  <JourneyPatternSections>
    <JourneyPatternSection id="js_1">
      <JourneyPatternTimingLink id="jptl_1">
        <From SequenceNumber="1">
          <Activity>pickUp</Activity>
          <StopPointRef>2800S64010A</StopPointRef>
          <TimingStatus>principalTimingPoint</TimingStatus>
        </From>
        <To SequenceNumber="2">
          <StopPointRef>2800S64009A</StopPointRef>
          <TimingStatus>otherPoint</TimingStatus>
        </To>
        <RouteLinkRef>rl_0000_1</RouteLinkRef>
        <RunTime>PT0S</RunTime>
      </JourneyPatternTimingLink>
      <JourneyPatternTimingLink id="jptl_2">
        <From SequenceNumber="2">
          <StopPointRef>2800S64009A</StopPointRef>
          <TimingStatus>otherPoint</TimingStatus>
        </From>
        <To SequenceNumber="3">
          <StopPointRef>2800S64008A</StopPointRef>
          <TimingStatus>otherPoint</TimingStatus>
        </To>
        <RouteLinkRef>rl_0000_2</RouteLinkRef>
        <RunTime>PT1M</RunTime>
      </JourneyPatternTimingLink>
      <JourneyPatternTimingLink id="jptl_3">
        <From SequenceNumber="3">
          <StopPointRef>2800S64008A</StopPointRef>
          <TimingStatus>otherPoint</TimingStatus>
        </From>
        <To SequenceNumber="4">
          <StopPointRef>2800S64007A</StopPointRef>
          <TimingStatus>otherPoint</TimingStatus>
        </To>
        <RouteLinkRef>rl_0000_3</RouteLinkRef>
        <RunTime>PT0S</RunTime>
      </JourneyPatternTimingLink>
      <JourneyPatternTimingLink id="jptl_4">
        <From SequenceNumber="4">
          <StopPointRef>2800S64007A</StopPointRef>
          <TimingStatus>otherPoint</TimingStatus>
        </From>
        <To SequenceNumber="5">
          <StopPointRef>2800S64006A</StopPointRef>
          <TimingStatus>otherPoint</TimingStatus>
        </To>
        <RouteLinkRef>rl_0000_4</RouteLinkRef>
        <RunTime>PT1M</RunTime>
      </JourneyPatternTimingLink>
      <JourneyPatternTimingLink id="jptl_5">
        <From SequenceNumber="5">
          <StopPointRef>2800S64006A</StopPointRef>
          <TimingStatus>otherPoint</TimingStatus>
        </From>
        <To SequenceNumber="6">
          <StopPointRef>2800S64005A</StopPointRef>
          <TimingStatus>otherPoint</TimingStatus>
        </To>
        <RouteLinkRef>rl_0000_5</RouteLinkRef>
        <RunTime>PT0S</RunTime>
      </JourneyPatternTimingLink>
      <JourneyPatternTimingLink id="jptl_6">
        <From SequenceNumber="6">
          <StopPointRef>2800S64005A</StopPointRef>
          <TimingStatus>otherPoint</TimingStatus>
        </From>
        <To SequenceNumber="7">
          <StopPointRef>2800S64004A</StopPointRef>
          <TimingStatus>otherPoint</TimingStatus>
        </To>
        <RouteLinkRef>rl_0000_6</RouteLinkRef>
        <RunTime>PT1M</RunTime>
      </JourneyPatternTimingLink>
      <JourneyPatternTimingLink id="jptl_7">
        <From SequenceNumber="7">
          <StopPointRef>2800S64004A</StopPointRef>
          <TimingStatus>otherPoint</TimingStatus>
        </From>
        <To SequenceNumber="8">
          <StopPointRef>2800S64003A</StopPointRef>
          <TimingStatus>otherPoint</TimingStatus>
        </To>
        <RouteLinkRef>rl_0000_7</RouteLinkRef>
        <RunTime>PT0S</RunTime>
      </JourneyPatternTimingLink>
      <JourneyPatternTimingLink id="jptl_8">
        <From SequenceNumber="8">
          <StopPointRef>2800S64003A</StopPointRef>
          <TimingStatus>otherPoint</TimingStatus>
        </From>
        <To SequenceNumber="9">
          <StopPointRef>2800S64002A</StopPointRef>
          <TimingStatus>otherPoint</TimingStatus>
        </To>
        <RouteLinkRef>rl_0000_8</RouteLinkRef>
        <RunTime>PT1M</RunTime>
      </JourneyPatternTimingLink>
      <JourneyPatternTimingLink id="jptl_9">
        <From SequenceNumber="9">
          <StopPointRef>2800S64002A</StopPointRef>
          <TimingStatus>otherPoint</TimingStatus>
        </From>
        <To SequenceNumber="10">
          <StopPointRef>2800S62017B</StopPointRef>
          <TimingStatus>otherPoint</TimingStatus>
        </To>
        <RouteLinkRef>rl_0000_9</RouteLinkRef>
        <RunTime>PT4M</RunTime>
      </JourneyPatternTimingLink>
      <JourneyPatternTimingLink id="jptl_10">
        <From SequenceNumber="10">
          <StopPointRef>2800S62017B</StopPointRef>
          <TimingStatus>otherPoint</TimingStatus>
        </From>
        <To SequenceNumber="11">
          <StopPointRef>2800S62015C</StopPointRef>
          <TimingStatus>principalTimingPoint</TimingStatus>
        </To>
        <RouteLinkRef>rl_0000_10</RouteLinkRef>
        <RunTime>PT0S</RunTime>
      </JourneyPatternTimingLink>
      <JourneyPatternTimingLink id="jptl_11">
        <From SequenceNumber="11">
          <StopPointRef>2800S62015C</StopPointRef>
          <TimingStatus>principalTimingPoint</TimingStatus>
        </From>
        <To SequenceNumber="12">
          <StopPointRef>2800S62032A</StopPointRef>
          <TimingStatus>otherPoint</TimingStatus>
        </To>
        <RouteLinkRef>rl_0000_11</RouteLinkRef>
        <RunTime>PT1M</RunTime>
      </JourneyPatternTimingLink>
      <JourneyPatternTimingLink id="jptl_12">
        <From SequenceNumber="12">
          <StopPointRef>2800S62032A</StopPointRef>
          <TimingStatus>otherPoint</TimingStatus>
        </From>
        <To SequenceNumber="13">
          <StopPointRef>2800S62024A</StopPointRef>
          <TimingStatus>otherPoint</TimingStatus>
        </To>
        <RouteLinkRef>rl_0000_12</RouteLinkRef>
        <RunTime>PT0S</RunTime>
      </JourneyPatternTimingLink>
      <JourneyPatternTimingLink id="jptl_13">
        <From SequenceNumber="13">
          <StopPointRef>2800S62024A</StopPointRef>
          <TimingStatus>otherPoint</TimingStatus>
        </From>
        <To SequenceNumber="14">
          <StopPointRef>2800S62023A</StopPointRef>
          <TimingStatus>otherPoint</TimingStatus>
        </To>
        <RouteLinkRef>rl_0000_13</RouteLinkRef>
        <RunTime>PT1M</RunTime>
      </JourneyPatternTimingLink>
      <JourneyPatternTimingLink id="jptl_14">
        <From SequenceNumber="14">
          <StopPointRef>2800S62023A</StopPointRef>
          <TimingStatus>otherPoint</TimingStatus>
        </From>
        <To SequenceNumber="15">
          <StopPointRef>2800S62035B</StopPointRef>
          <TimingStatus>otherPoint</TimingStatus>
        </To>
        <RouteLinkRef>rl_0000_14</RouteLinkRef>
        <RunTime>PT1M</RunTime>
      </JourneyPatternTimingLink>
      <JourneyPatternTimingLink id="jptl_15">
        <From SequenceNumber="15">
          <StopPointRef>2800S62035B</StopPointRef>
          <TimingStatus>otherPoint</TimingStatus>
        </From>
        <To SequenceNumber="16">
          <StopPointRef>2800S62003A</StopPointRef>
          <TimingStatus>otherPoint</TimingStatus>
        </To>
        <RouteLinkRef>rl_0000_15</RouteLinkRef>
        <RunTime>PT0S</RunTime>
      </JourneyPatternTimingLink>
      <JourneyPatternTimingLink id="jptl_16">
        <From SequenceNumber="16">
          <StopPointRef>2800S62003A</StopPointRef>
          <TimingStatus>otherPoint</TimingStatus>
        </From>
        <To SequenceNumber="17">
          <StopPointRef>2800S62002A</StopPointRef>
          <TimingStatus>otherPoint</TimingStatus>
        </To>
        <RouteLinkRef>rl_0000_16</RouteLinkRef>
        <RunTime>PT1M</RunTime>
      </JourneyPatternTimingLink>
      <JourneyPatternTimingLink id="jptl_17">
        <From SequenceNumber="17">
          <StopPointRef>2800S62002A</StopPointRef>
          <TimingStatus>otherPoint</TimingStatus>
        </From>
        <To SequenceNumber="18">
          <StopPointRef>2800S62001B</StopPointRef>
          <TimingStatus>otherPoint</TimingStatus>
        </To>
        <RouteLinkRef>rl_0000_17</RouteLinkRef>
        <RunTime>PT1M</RunTime>
      </JourneyPatternTimingLink>
      <JourneyPatternTimingLink id="jptl_18">
        <From SequenceNumber="18">
          <StopPointRef>2800S62001B</StopPointRef>
          <TimingStatus>otherPoint</TimingStatus>
        </From>
        <To SequenceNumber="19">
          <StopPointRef>2800S61049A</StopPointRef>
          <TimingStatus>otherPoint</TimingStatus>
        </To>
        <RouteLinkRef>rl_0000_18</RouteLinkRef>
        <RunTime>PT1M</RunTime>
      </JourneyPatternTimingLink>
      <JourneyPatternTimingLink id="jptl_19">
        <From SequenceNumber="19">
          <StopPointRef>2800S61049A</StopPointRef>
          <TimingStatus>otherPoint</TimingStatus>
        </From>
        <To SequenceNumber="20">
          <StopPointRef>2800S61048A</StopPointRef>
          <TimingStatus>otherPoint</TimingStatus>
        </To>
        <RouteLinkRef>rl_0000_19</RouteLinkRef>
        <RunTime>PT0S</RunTime>
      </JourneyPatternTimingLink>
      <JourneyPatternTimingLink id="jptl_20">
        <From SequenceNumber="20">
          <StopPointRef>2800S61048A</StopPointRef>
          <TimingStatus>otherPoint</TimingStatus>
        </From>
        <To SequenceNumber="21">
          <StopPointRef>2800S61047A</StopPointRef>
          <TimingStatus>otherPoint</TimingStatus>
        </To>
        <RouteLinkRef>rl_0000_20</RouteLinkRef>
        <RunTime>PT1M</RunTime>
      </JourneyPatternTimingLink>
      <JourneyPatternTimingLink id="jptl_21">
        <From SequenceNumber="21">
          <StopPointRef>2800S61047A</StopPointRef>
          <TimingStatus>otherPoint</TimingStatus>
        </From>
        <To SequenceNumber="22">
          <StopPointRef>2800S61046A</StopPointRef>
          <TimingStatus>otherPoint</TimingStatus>
        </To>
        <RouteLinkRef>rl_0000_21</RouteLinkRef>
        <RunTime>PT0S</RunTime>
      </JourneyPatternTimingLink>
      <JourneyPatternTimingLink id="jptl_22">
        <From SequenceNumber="22">
          <StopPointRef>2800S61046A</StopPointRef>
          <TimingStatus>otherPoint</TimingStatus>
        </From>
        <To SequenceNumber="23">
          <StopPointRef>2800S61045A</StopPointRef>
          <TimingStatus>otherPoint</TimingStatus>
        </To>
        <RouteLinkRef>rl_0000_22</RouteLinkRef>
        <RunTime>PT1M</RunTime>
      </JourneyPatternTimingLink>
      <JourneyPatternTimingLink id="jptl_23">
        <From SequenceNumber="23">
          <StopPointRef>2800S61045A</StopPointRef>
          <TimingStatus>otherPoint</TimingStatus>
        </From>
        <To SequenceNumber="24">
          <StopPointRef>2800S61044A</StopPointRef>
          <TimingStatus>otherPoint</TimingStatus>
        </To>
        <RouteLinkRef>rl_0000_23</RouteLinkRef>
        <RunTime>PT0S</RunTime>
      </JourneyPatternTimingLink>
      <JourneyPatternTimingLink id="jptl_24">
        <From SequenceNumber="24">
          <StopPointRef>2800S61044A</StopPointRef>
          <TimingStatus>otherPoint</TimingStatus>
        </From>
        <To SequenceNumber="25">
          <StopPointRef>2800S61043B</StopPointRef>
          <TimingStatus>otherPoint</TimingStatus>
        </To>
        <RouteLinkRef>rl_0000_24</RouteLinkRef>
        <RunTime>PT1M</RunTime>
      </JourneyPatternTimingLink>
      <JourneyPatternTimingLink id="jptl_25">
        <From SequenceNumber="25">
          <StopPointRef>2800S61043B</StopPointRef>
          <TimingStatus>otherPoint</TimingStatus>
        </From>
        <To SequenceNumber="26">
          <StopPointRef>2800S61042A</StopPointRef>
          <TimingStatus>otherPoint</TimingStatus>
        </To>
        <RouteLinkRef>rl_0000_25</RouteLinkRef>
        <RunTime>PT0S</RunTime>
      </JourneyPatternTimingLink>
      <JourneyPatternTimingLink id="jptl_26">
        <From SequenceNumber="26">
          <StopPointRef>2800S61042A</StopPointRef>
          <TimingStatus>otherPoint</TimingStatus>
        </From>
        <To SequenceNumber="27">
          <StopPointRef>2800S61041A</StopPointRef>
          <TimingStatus>otherPoint</TimingStatus>
        </To>
        <RouteLinkRef>rl_0000_26</RouteLinkRef>
        <RunTime>PT1M</RunTime>
      </JourneyPatternTimingLink>
      <JourneyPatternTimingLink id="jptl_27">
        <From SequenceNumber="27">
          <StopPointRef>2800S61041A</StopPointRef>
          <TimingStatus>otherPoint</TimingStatus>
        </From>
        <To SequenceNumber="28">
          <StopPointRef>2800S61040B</StopPointRef>
          <TimingStatus>principalTimingPoint</TimingStatus>
        </To>
        <RouteLinkRef>rl_0000_27</RouteLinkRef>
        <RunTime>PT1M</RunTime>
      </JourneyPatternTimingLink>
      <JourneyPatternTimingLink id="jptl_28">
        <From SequenceNumber="28">
          <StopPointRef>2800S61040B</StopPointRef>
          <TimingStatus>principalTimingPoint</TimingStatus>
        </From>
        <To SequenceNumber="29">
          <StopPointRef>2800S61039A</StopPointRef>
          <TimingStatus>otherPoint</TimingStatus>
        </To>
        <RouteLinkRef>rl_0000_28</RouteLinkRef>
        <RunTime>PT0S</RunTime>
      </JourneyPatternTimingLink>
      <JourneyPatternTimingLink id="jptl_29">
        <From SequenceNumber="29">
          <StopPointRef>2800S61039A</StopPointRef>
          <TimingStatus>otherPoint</TimingStatus>
        </From>
        <To SequenceNumber="30">
          <StopPointRef>2800S61038A</StopPointRef>
          <TimingStatus>otherPoint</TimingStatus>
        </To>
        <RouteLinkRef>rl_0000_29</RouteLinkRef>
        <RunTime>PT1M</RunTime>
      </JourneyPatternTimingLink>
      <JourneyPatternTimingLink id="jptl_30">
        <From SequenceNumber="30">
          <StopPointRef>2800S61038A</StopPointRef>
          <TimingStatus>otherPoint</TimingStatus>
        </From>
        <To SequenceNumber="31">
          <StopPointRef>2800S61050B</StopPointRef>
          <TimingStatus>otherPoint</TimingStatus>
        </To>
        <RouteLinkRef>rl_0000_30</RouteLinkRef>
        <RunTime>PT0S</RunTime>
      </JourneyPatternTimingLink>
      <JourneyPatternTimingLink id="jptl_31">
        <From SequenceNumber="31">
          <StopPointRef>2800S61050B</StopPointRef>
          <TimingStatus>otherPoint</TimingStatus>
        </From>
        <To SequenceNumber="32">
          <StopPointRef>2800S61069B</StopPointRef>
          <TimingStatus>otherPoint</TimingStatus>
        </To>
        <RouteLinkRef>rl_0000_31</RouteLinkRef>
        <RunTime>PT1M</RunTime>
      </JourneyPatternTimingLink>
      <JourneyPatternTimingLink id="jptl_32">
        <From SequenceNumber="32">
          <StopPointRef>2800S61069B</StopPointRef>
          <TimingStatus>otherPoint</TimingStatus>
        </From>
        <To SequenceNumber="33">
          <StopPointRef>2800S61092B</StopPointRef>
          <TimingStatus>otherPoint</TimingStatus>
        </To>
        <RouteLinkRef>rl_0000_32</RouteLinkRef>
        <RunTime>PT1M</RunTime>
      </JourneyPatternTimingLink>
      <JourneyPatternTimingLink id="jptl_33">
        <From SequenceNumber="33">
          <StopPointRef>2800S61092B</StopPointRef>
          <TimingStatus>otherPoint</TimingStatus>
        </From>
        <To SequenceNumber="34">
          <StopPointRef>2800S61062C</StopPointRef>
          <TimingStatus>otherPoint</TimingStatus>
        </To>
        <RouteLinkRef>rl_0000_33</RouteLinkRef>
        <RunTime>PT0S</RunTime>
      </JourneyPatternTimingLink>
      <JourneyPatternTimingLink id="jptl_34">
        <From SequenceNumber="34">
          <StopPointRef>2800S61062C</StopPointRef>
          <TimingStatus>otherPoint</TimingStatus>
        </From>
        <To SequenceNumber="35">
          <StopPointRef>2800S61061A</StopPointRef>
          <TimingStatus>otherPoint</TimingStatus>
        </To>
        <RouteLinkRef>rl_0000_34</RouteLinkRef>
        <RunTime>PT1M</RunTime>
      </JourneyPatternTimingLink>
      <JourneyPatternTimingLink id="jptl_35">
        <From SequenceNumber="35">
          <StopPointRef>2800S61061A</StopPointRef>
          <TimingStatus>otherPoint</TimingStatus>
        </From>
        <To SequenceNumber="36">
          <StopPointRef>2800S61060B</StopPointRef>
          <TimingStatus>otherPoint</TimingStatus>
        </To>
        <RouteLinkRef>rl_0000_35</RouteLinkRef>
        <RunTime>PT0S</RunTime>
      </JourneyPatternTimingLink>
      <JourneyPatternTimingLink id="jptl_36">
        <From SequenceNumber="36">
          <StopPointRef>2800S61060B</StopPointRef>
          <TimingStatus>otherPoint</TimingStatus>
        </From>
        <To SequenceNumber="37">
          <StopPointRef>2800S61059B</StopPointRef>
          <TimingStatus>otherPoint</TimingStatus>
        </To>
        <RouteLinkRef>rl_0000_36</RouteLinkRef>
        <RunTime>PT0S</RunTime>
      </JourneyPatternTimingLink>
      <JourneyPatternTimingLink id="jptl_37">
        <From SequenceNumber="37">
          <StopPointRef>2800S61059B</StopPointRef>
          <TimingStatus>otherPoint</TimingStatus>
        </From>
        <To SequenceNumber="38">
          <StopPointRef>2800S61058A</StopPointRef>
          <TimingStatus>otherPoint</TimingStatus>
        </To>
        <RouteLinkRef>rl_0000_37</RouteLinkRef>
        <RunTime>PT1M</RunTime>
      </JourneyPatternTimingLink>
      <JourneyPatternTimingLink id="jptl_38">
        <From SequenceNumber="38">
          <StopPointRef>2800S61058A</StopPointRef>
          <TimingStatus>otherPoint</TimingStatus>
        </From>
        <To SequenceNumber="39">
          <StopPointRef>2800S61057A</StopPointRef>
          <TimingStatus>otherPoint</TimingStatus>
        </To>
        <RouteLinkRef>rl_0000_38</RouteLinkRef>
        <RunTime>PT0S</RunTime>
      </JourneyPatternTimingLink>
      <JourneyPatternTimingLink id="jptl_39">
        <From SequenceNumber="39">
          <StopPointRef>2800S61057A</StopPointRef>
          <TimingStatus>otherPoint</TimingStatus>
        </From>
        <To SequenceNumber="40">
          <StopPointRef>2800S61056A</StopPointRef>
          <TimingStatus>otherPoint</TimingStatus>
        </To>
        <RouteLinkRef>rl_0000_39</RouteLinkRef>
        <RunTime>PT1M</RunTime>
      </JourneyPatternTimingLink>
      <JourneyPatternTimingLink id="jptl_40">
        <From SequenceNumber="40">
          <StopPointRef>2800S61056A</StopPointRef>
          <TimingStatus>otherPoint</TimingStatus>
        </From>
        <To SequenceNumber="41">
          <StopPointRef>2800S61055A</StopPointRef>
          <TimingStatus>otherPoint</TimingStatus>
        </To>
        <RouteLinkRef>rl_0000_40</RouteLinkRef>
        <RunTime>PT0S</RunTime>
      </JourneyPatternTimingLink>
      <JourneyPatternTimingLink id="jptl_41">
        <From SequenceNumber="41">
          <StopPointRef>2800S61055A</StopPointRef>
          <TimingStatus>otherPoint</TimingStatus>
        </From>
        <To SequenceNumber="42">
          <StopPointRef>2800S61054A</StopPointRef>
          <TimingStatus>otherPoint</TimingStatus>
        </To>
        <RouteLinkRef>rl_0000_41</RouteLinkRef>
        <RunTime>PT1M</RunTime>
      </JourneyPatternTimingLink>
      <JourneyPatternTimingLink id="jptl_42">
        <From SequenceNumber="42">
          <StopPointRef>2800S61054A</StopPointRef>
          <TimingStatus>otherPoint</TimingStatus>
        </From>
        <To SequenceNumber="43">
          <StopPointRef>2800S61053A</StopPointRef>
          <TimingStatus>otherPoint</TimingStatus>
        </To>
        <RouteLinkRef>rl_0000_42</RouteLinkRef>
        <RunTime>PT0S</RunTime>
      </JourneyPatternTimingLink>
      <JourneyPatternTimingLink id="jptl_43">
        <From SequenceNumber="43">
          <StopPointRef>2800S61053A</StopPointRef>
          <TimingStatus>otherPoint</TimingStatus>
        </From>
        <To SequenceNumber="44">
          <StopPointRef>2800S61051A</StopPointRef>
          <TimingStatus>otherPoint</TimingStatus>
        </To>
        <RouteLinkRef>rl_0000_43</RouteLinkRef>
        <RunTime>PT0S</RunTime>
      </JourneyPatternTimingLink>
      <JourneyPatternTimingLink id="jptl_44">
        <From SequenceNumber="44">
          <StopPointRef>2800S61051A</StopPointRef>
          <TimingStatus>otherPoint</TimingStatus>
        </From>
        <To SequenceNumber="45">
          <StopPointRef>2800S61052A</StopPointRef>
          <TimingStatus>otherPoint</TimingStatus>
        </To>
        <RouteLinkRef>rl_0000_44</RouteLinkRef>
        <RunTime>PT1M</RunTime>
      </JourneyPatternTimingLink>
      <JourneyPatternTimingLink id="jptl_45">
        <From SequenceNumber="45">
          <StopPointRef>2800S61052A</StopPointRef>
          <TimingStatus>otherPoint</TimingStatus>
        </From>
        <To SequenceNumber="46">
          <StopPointRef>2800S61035D</StopPointRef>
          <TimingStatus>otherPoint</TimingStatus>
        </To>
        <RouteLinkRef>rl_0000_45</RouteLinkRef>
        <RunTime>PT0S</RunTime>
      </JourneyPatternTimingLink>
      <JourneyPatternTimingLink id="jptl_46">
        <From SequenceNumber="46">
          <StopPointRef>2800S61035D</StopPointRef>
          <TimingStatus>otherPoint</TimingStatus>
        </From>
        <To SequenceNumber="47">
          <StopPointRef>2800S61034A</StopPointRef>
          <TimingStatus>otherPoint</TimingStatus>
        </To>
        <RouteLinkRef>rl_0000_46</RouteLinkRef>
        <RunTime>PT0S</RunTime>
      </JourneyPatternTimingLink>
      <JourneyPatternTimingLink id="jptl_47">
        <From SequenceNumber="47">
          <StopPointRef>2800S61034A</StopPointRef>
          <TimingStatus>otherPoint</TimingStatus>
        </From>
        <To SequenceNumber="48">
          <StopPointRef>2800S63004A</StopPointRef>
          <TimingStatus>principalTimingPoint</TimingStatus>
        </To>
        <RouteLinkRef>rl_0000_47</RouteLinkRef>
        <RunTime>PT1M</RunTime>
      </JourneyPatternTimingLink>
      <JourneyPatternTimingLink id="jptl_48">
        <From SequenceNumber="48">
          <StopPointRef>2800S63004A</StopPointRef>
          <TimingStatus>principalTimingPoint</TimingStatus>
        </From>
        <To SequenceNumber="49">
          <StopPointRef>2800S63002M</StopPointRef>
          <TimingStatus>otherPoint</TimingStatus>
        </To>
        <RouteLinkRef>rl_0000_48</RouteLinkRef>
        <RunTime>PT1M</RunTime>
      </JourneyPatternTimingLink>
      <JourneyPatternTimingLink id="jptl_49">
        <From SequenceNumber="49">
          <StopPointRef>2800S63002M</StopPointRef>
          <TimingStatus>otherPoint</TimingStatus>
        </From>
        <To SequenceNumber="50">
          <StopPointRef>2800S63903A</StopPointRef>
          <TimingStatus>otherPoint</TimingStatus>
        </To>
        <RouteLinkRef>rl_0000_49</RouteLinkRef>
        <RunTime>PT1M</RunTime>
      </JourneyPatternTimingLink>
      <JourneyPatternTimingLink id="jptl_50">
        <From SequenceNumber="50">
          <StopPointRef>2800S63903A</StopPointRef>
          <TimingStatus>otherPoint</TimingStatus>
        </From>
        <To SequenceNumber="51">
          <StopPointRef>2800S60093B</StopPointRef>
          <TimingStatus>principalTimingPoint</TimingStatus>
        </To>
        <RouteLinkRef>rl_0000_50</RouteLinkRef>
        <RunTime>PT1M</RunTime>
      </JourneyPatternTimingLink>
      <JourneyPatternTimingLink id="jptl_51">
        <From SequenceNumber="51">
          <StopPointRef>2800S60093B</StopPointRef>
          <TimingStatus>principalTimingPoint</TimingStatus>
        </From>
        <To SequenceNumber="52">
          <StopPointRef>2800S60048B</StopPointRef>
          <TimingStatus>otherPoint</TimingStatus>
        </To>
        <RouteLinkRef>rl_0000_51</RouteLinkRef>
        <RunTime>PT1M</RunTime>
      </JourneyPatternTimingLink>
      <JourneyPatternTimingLink id="jptl_52">
        <From SequenceNumber="52">
          <StopPointRef>2800S60048B</StopPointRef>
          <TimingStatus>otherPoint</TimingStatus>
        </From>
        <To SequenceNumber="53">
          <StopPointRef>2800S60049B</StopPointRef>
          <TimingStatus>otherPoint</TimingStatus>
        </To>
        <RouteLinkRef>rl_0000_52</RouteLinkRef>
        <RunTime>PT1M</RunTime>
      </JourneyPatternTimingLink>
      <JourneyPatternTimingLink id="jptl_53">
        <From SequenceNumber="53">
          <StopPointRef>2800S60049B</StopPointRef>
          <TimingStatus>otherPoint</TimingStatus>
        </From>
        <To SequenceNumber="54">
          <StopPointRef>2800S60050B</StopPointRef>
          <TimingStatus>otherPoint</TimingStatus>
        </To>
        <RouteLinkRef>rl_0000_53</RouteLinkRef>
        <RunTime>PT1M</RunTime>
      </JourneyPatternTimingLink>
      <JourneyPatternTimingLink id="jptl_54">
        <From SequenceNumber="54">
          <StopPointRef>2800S60050B</StopPointRef>
          <TimingStatus>otherPoint</TimingStatus>
        </From>
        <To SequenceNumber="55">
          <StopPointRef>2800S60051B</StopPointRef>
          <TimingStatus>otherPoint</TimingStatus>
        </To>
        <RouteLinkRef>rl_0000_54</RouteLinkRef>
        <RunTime>PT1M</RunTime>
      </JourneyPatternTimingLink>
      <JourneyPatternTimingLink id="jptl_55">
        <From SequenceNumber="55">
          <StopPointRef>2800S60051B</StopPointRef>
          <TimingStatus>otherPoint</TimingStatus>
        </From>
        <To SequenceNumber="56">
          <StopPointRef>2800S60059B</StopPointRef>
          <TimingStatus>otherPoint</TimingStatus>
        </To>
        <RouteLinkRef>rl_0000_55</RouteLinkRef>
        <RunTime>PT1M</RunTime>
      </JourneyPatternTimingLink>
      <JourneyPatternTimingLink id="jptl_56">
        <From SequenceNumber="56">
          <StopPointRef>2800S60059B</StopPointRef>
          <TimingStatus>otherPoint</TimingStatus>
        </From>
        <To SequenceNumber="57">
          <StopPointRef>2800S60058B</StopPointRef>
          <TimingStatus>otherPoint</TimingStatus>
        </To>
        <RouteLinkRef>rl_0000_56</RouteLinkRef>
        <RunTime>PT0S</RunTime>
      </JourneyPatternTimingLink>
      <JourneyPatternTimingLink id="jptl_57">
        <From SequenceNumber="57">
          <StopPointRef>2800S60058B</StopPointRef>
          <TimingStatus>otherPoint</TimingStatus>
        </From>
        <To SequenceNumber="58">
          <StopPointRef>2800S60096A</StopPointRef>
          <TimingStatus>otherPoint</TimingStatus>
        </To>
        <RouteLinkRef>rl_0000_57</RouteLinkRef>
        <RunTime>PT2M</RunTime>
      </JourneyPatternTimingLink>
      <JourneyPatternTimingLink id="jptl_58">
        <From SequenceNumber="58">
          <StopPointRef>2800S60096A</StopPointRef>
          <TimingStatus>otherPoint</TimingStatus>
        </From>
        <To SequenceNumber="59">
          <StopPointRef>2800S60042C</StopPointRef>
          <TimingStatus>otherPoint</TimingStatus>
        </To>
        <RouteLinkRef>rl_0000_58</RouteLinkRef>
        <RunTime>PT1M</RunTime>
      </JourneyPatternTimingLink>
      <JourneyPatternTimingLink id="jptl_59">
        <From SequenceNumber="59">
          <StopPointRef>2800S60042C</StopPointRef>
          <TimingStatus>otherPoint</TimingStatus>
        </From>
        <To SequenceNumber="60">
          <StopPointRef>2800S60041A</StopPointRef>
          <TimingStatus>otherPoint</TimingStatus>
        </To>
        <RouteLinkRef>rl_0000_59</RouteLinkRef>
        <RunTime>PT1M</RunTime>
      </JourneyPatternTimingLink>
      <JourneyPatternTimingLink id="jptl_60">
        <From SequenceNumber="60">
          <StopPointRef>2800S60041A</StopPointRef>
          <TimingStatus>otherPoint</TimingStatus>
        </From>
        <To SequenceNumber="61">
          <StopPointRef>2800S60052B</StopPointRef>
          <TimingStatus>otherPoint</TimingStatus>
        </To>
        <RouteLinkRef>rl_0000_60</RouteLinkRef>
        <RunTime>PT1M</RunTime>
      </JourneyPatternTimingLink>
      <JourneyPatternTimingLink id="jptl_61">
        <From SequenceNumber="61">
          <StopPointRef>2800S60052B</StopPointRef>
          <TimingStatus>otherPoint</TimingStatus>
        </From>
        <To SequenceNumber="62">
          <StopPointRef>2800S60054A</StopPointRef>
          <TimingStatus>otherPoint</TimingStatus>
        </To>
        <RouteLinkRef>rl_0000_61</RouteLinkRef>
        <RunTime>PT2M</RunTime>
      </JourneyPatternTimingLink>
      <JourneyPatternTimingLink id="jptl_62">
        <From SequenceNumber="62">
          <StopPointRef>2800S60054A</StopPointRef>
          <TimingStatus>otherPoint</TimingStatus>
        </From>
        <To SequenceNumber="63">
          <StopPointRef>2800S60055A</StopPointRef>
          <TimingStatus>otherPoint</TimingStatus>
        </To>
        <RouteLinkRef>rl_0000_62</RouteLinkRef>
        <RunTime>PT0S</RunTime>
      </JourneyPatternTimingLink>
      <JourneyPatternTimingLink id="jptl_63">
        <From SequenceNumber="63">
          <StopPointRef>2800S60055A</StopPointRef>
          <TimingStatus>otherPoint</TimingStatus>
        </From>
        <To SequenceNumber="64">
          <Activity>setDown</Activity>
          <StopPointRef>2800S60056B</StopPointRef>
          <TimingStatus>principalTimingPoint</TimingStatus>
        </To>
        <RouteLinkRef>rl_0000_63</RouteLinkRef>
        <RunTime>PT2M</RunTime>
      </JourneyPatternTimingLink>
    </JourneyPatternSection>
  </JourneyPatternSections>
  <Operators>
    <Operator id="tkt_oid">
      <NationalOperatorCode>AMSY</NationalOperatorCode>
      <OperatorCode>ANW</OperatorCode>
      <OperatorShortName>Arriva Merseyside</OperatorShortName>
      <LicenceNumber>PC0001141</LicenceNumber>
    </Operator>
  </Operators>
  <Services>
    <Service>
      <ServiceCode>PC0001141:11</ServiceCode>
      <Lines>
        <Line id="AMSY:PC0001141:11:46B">
          <LineName>46B</LineName>
          <OutboundDescription>
            <Description>Russell Road to Carr Lane</Description>
          </OutboundDescription>
          <InboundDescription>
            <Description>Carr Lane to Russell Road</Description>
          </InboundDescription>
        </Line>
      </Lines>
      <OperatingPeriod>
        <StartDate>2024-01-21</StartDate>
      </OperatingPeriod>
      <OperatingProfile>
        <RegularDayType>
          <DaysOfWeek>
            <Monday />
            <Tuesday />
            <Wednesday />
            <Thursday />
            <Friday />
          </DaysOfWeek>
        </RegularDayType>
        <BankHolidayOperation>
          <DaysOfNonOperation>
            <ChristmasDay />
            <BoxingDay />
            <GoodFriday />
            <NewYearsDay />
            <LateSummerBankHolidayNotScotland />
            <MayDay />
            <EasterMonday />
            <SpringBank />
            <ChristmasDayHoliday />
            <BoxingDayHoliday />
            <NewYearsDayHoliday />
            <OtherPublicHoliday>
              <Description>CoronationOfKingCharlesIII</Description>
              <Date>2023-05-08</Date>
            </OtherPublicHoliday>
            <ChristmasEve />
            <NewYearsEve />
          </DaysOfNonOperation>
        </BankHolidayOperation>
      </OperatingProfile>
      <RegisteredOperatorRef>tkt_oid</RegisteredOperatorRef>
      <PublicUse>true</PublicUse>
      <StandardService>
        <Origin>Russell Road</Origin>
        <Destination>Carr Lane</Destination>
        <JourneyPattern id="jp_1">
          <DestinationDisplay>Cobden Road</DestinationDisplay>
          <OperatorRef>tkt_oid</OperatorRef>
          <Direction>inbound</Direction>
          <RouteRef>rt_0000</RouteRef>
          <JourneyPatternSectionRefs>js_1</JourneyPatternSectionRefs>
        </JourneyPattern>
      </StandardService>
    </Service>
  </Services>
  <VehicleJourneys>
    <VehicleJourney>
      <OperatorRef>tkt_oid</OperatorRef>
      <Operational>
        <TicketMachine>
          <JourneyCode>1002</JourneyCode>
        </TicketMachine>
      </Operational>
      <VehicleJourneyCode>vj_1</VehicleJourneyCode>
      <ServiceRef>PC0001141:11</ServiceRef>
      <LineRef>AMSY:PC0001141:11:46B</LineRef>
      <JourneyPatternRef>jp_1</JourneyPatternRef>
      <DepartureTime>05:36:00</DepartureTime>
    </VehicleJourney>
    <VehicleJourney>
      <OperatorRef>tkt_oid</OperatorRef>
      <Operational>
        <TicketMachine>
          <JourneyCode>1004</JourneyCode>
        </TicketMachine>
      </Operational>
      <VehicleJourneyCode>vj_2</VehicleJourneyCode>
      <ServiceRef>PC0001141:11</ServiceRef>
      <LineRef>AMSY:PC0001141:11:46B</LineRef>
      <JourneyPatternRef>jp_1</JourneyPatternRef>
      <DepartureTime>06:06:00</DepartureTime>
    </VehicleJourney>
  </VehicleJourneys>
</TransXChange>