{
    "2800S41031C": {
        "common_name": "Bolan Street",
        "coordinates": [
            -2.920164,
            53.416718
        ]
    },
    "2800S41032B": {
        "common_name": "Ashton Street",
        "coordinates": [
            -2.917599,
            53.415012
        ]
    },
    "2800S41032D": {
        "common_name": "Greenfield Road",
        "coordinates": [
            -2.91625,
            53.414555
        ]
    },
    "2800S41033C": {
        "common_name": "Fitzgerald Road",
        "coordinates": [
            -2.912275,
            53.413669
        ]
    },
    "2800S44001B": {
        "common_name": "Black Horse Lane",
        "coordinates": [
            -2.907847,
            53.41488
        ]
    },
    "2800S44002A": {
        "common_name": "Chatterton Road",
        "coordinates": [
            -2.901386,
            53.416709
        ]
    },
    "2800S44197A": {
        "common_name": "Alder Hey Hospital",
        "coordinates": [
            -2.895407,
            53.417886
        ]
    },
    "2800S44003B": {
        "common_name": "Eaton Road",
        "coordinates": [
            -2.892023,
            53.418649
        ]
    },
    "2800S44004D": {
        "common_name": "Gala Close",
        "coordinates": [
            -2.885536,
            53.419308
        ]
    },
    "2800S44005B": {
        "common_name": "Ackers Hall Avenue",
        "coordinates": [
            -2.880267,
            53.419886
        ]
    },
    "2800S44006C": {
        "common_name": "Finch Lane",
        "coordinates": [
            -2.876347,
            53.420284
        ]
    },
    "2800S44143A": {
        "common_name": "Taurus Road",
        "coordinates": [
            -2.871853,
            53.420532
        ]
    },
    "2800S44007A": {
        "common_name": "Lordens Road",
        "coordinates": [
            -2.866462,
            53.421039
        ]
    },
    "2800S44123C": {
        "common_name": "Princess Drive",
        "coordinates": [
            -2.862039,
            53.421871
        ]
    },
    "2800S44008D": {
        "common_name": "Terminus Road",
        "coordinates": [
            -2.858954,
            53.42183
        ]
    },
    "2800S44016B": {
        "common_name": "Lincombe Road",
        "coordinates": [
            -2.855928,
            53.421043
        ]
    },
    "2800S44017B": {
        "common_name": "Kingsway",
        "coordinates": [
            -2.851612,
            53.420418
        ]
    },
    "2800S44018B": {
        "common_name": "Seth Powell Way",
        "coordinates": [
            -2.846192,
            53.421032
        ]
    },
    "2800S44193A": {
        "common_name": "Wavell Road",
        "coordinates": [
            -2.842409,
            53.419935
        ]
    },
    "2800S44078A": {
        "common_name": "Salerno Drive",
        "coordinates": [
            -2.841521,
            53.417649
        ]
    },
    "2800S44108A": {
        "common_name": "Alt Road",
        "coordinates": [
            -2.840538,
            53.415094
        ]
    },
    "2800S44040A": {
        "common_name": "Huyton Town Centre",
        "coordinates": [
            -2.841549,
            53.412211
        ]
    },
    "2800S44049A": {
        "common_name": "Westmorland Road",
        "coordinates": [
            -2.841163,
            53.410173
        ]
    },
    "2800S44188D": {
        "common_name": "Huyton Bus Station",
        "coordinates": [
            -2.838233,
            53.409997
        ]
    },
    "2800S51029B": {
        "common_name": "Hall Lane",
        "coordinates": [
            -2.828972,
            53.408379
        ]
    },
    "2800S51036B": {
        "common_name": "Wilson Road",
        "coordinates": [
            -2.826496,
            53.406365
        ]
    },
    "2800S51037B": {
        "common_name": "Edinburgh Drive",
        "coordinates": [
            -2.828564,
            53.404418
        ]
    },
    "2800S51038B": {
        "common_name": "Gray Grove",
        "coordinates": [
            -2.828674,
            53.403105
        ]
    },
    "2800S51039B": {
        "common_name": "Tennyson Road",
        "coordinates": [
            -2.824949,
            53.401783
        ]
    },
    "2800S51040A": {
        "common_name": "Elizabeth Road",
        "coordinates": [
            -2.823191,
            53.401138
        ]
    }
}