{
    "2800S51066D": {
        "common_name": "Prescot Bus Station",
        "coordinates": [
            -2.80642,
            53.428902
        ]
    },
    "2800S51015A": {
        "common_name": "Atherton Street",
        "coordinates": [
            -2.803526,
            53.430297
        ]
    },
    "2800S51045A": {
        "common_name": "Evans Street",
        "coordinates": [
            -2.801219,
            53.43167
        ]
    },
    "2800S14013B": {
        "common_name": "Burrows Lane",
        "coordinates": [
            -2.792249,
            53.434112
        ]
    },
    "2800S14014B": {
        "common_name": "New Road",
        "coordinates": [
            -2.790507,
            53.43433
        ]
    },
    "2800S14015B": {
        "common_name": "Central Avenue",
        "coordinates": [
            -2.786407,
            53.434834
        ]
    },
    "2800S14016A": {
        "common_name": "Valencia Grove",
        "coordinates": [
            -2.782076,
            53.435033
        ]
    },
    "2800S14017A": {
        "common_name": "Portico Lane",
        "coordinates": [
            -2.778415,
            53.435722
        ]
    },
    "2800S14018B": {
        "common_name": "Hill School Road",
        "coordinates": [
            -2.776328,
            53.43765
        ]
    },
    "2800S14019A": {
        "common_name": "Seddon Road",
        "coordinates": [
            -2.774407,
            53.438786
        ]
    },
    "2800S14020B": {
        "common_name": "Freckleton Road",
        "coordinates": [
            -2.771459,
            53.441403
        ]
    },
    "2800S14021A": {
        "common_name": "No. 324",
        "coordinates": [
            -2.768732,
            53.442149
        ]
    },
    "2800S14022A": {
        "common_name": "Margery Road",
        "coordinates": [
            -2.765843,
            53.442257
        ]
    },
    "2800S14001A": {
        "common_name": "Regents Road",
        "coordinates": [
            -2.762112,
            53.443216
        ]
    },
    "2800S16019A": {
        "common_name": "Grosvenor Road",
        "coordinates": [
            -2.759844,
            53.446035
        ]
    },
    "2800S16018A": {
        "common_name": "Underhill Road",
        "coordinates": [
            -2.754872,
            53.448403
        ]
    },
    "2800S16017A": {
        "common_name": "Bank Street",
        "coordinates": [
            -2.750493,
            53.449429
        ]
    },
    "2800S16016B": {
        "common_name": "Eccleston Street",
        "coordinates": [
            -2.745802,
            53.451535
        ]
    },
    "2800S16023A": {
        "common_name": "Rigby Street South",
        "coordinates": [
            -2.740009,
            53.453521
        ]
    },
    "2800S16007G": {
        "common_name": "Claughton Street",
        "coordinates": [
            -2.736629,
            53.454
        ]
    },
    "2800S16001J": {
        "common_name": "Hall Street",
        "coordinates": [
            -2.732316,
            53.453614
        ]
    }
}