{
    "2800S42098F": {
        "common_name": "Liverpool ONE Bus Station",
        "coordinates": [
            -2.987482,
            53.401896
        ]
    },
    "2800S42098D": {
        "common_name": "Liverpool ONE Bus Station",
        "coordinates": [
            -2.988097,
            53.401968
        ]
    },
    "2800S42098E": {
        "common_name": "Liverpool ONE Bus Station",
        "coordinates": [
            -2.988026,
            53.40205
        ]
    },
    "2800S42004C": {
        "common_name": "Mann Island",
        "coordinates": [
            -2.993597,
            53.404759
        ]
    },
    "2800S42021G": {
        "common_name": "James Street Station",
        "coordinates": [
            -2.99176,
            53.404693
        ]
    },
    "2800S42022E": {
        "common_name": "Derby Square",
        "coordinates": [
            -2.98944,
            53.405189
        ]
    },
    "2800S42021B": {
        "common_name": "James Street Station",
        "coordinates": [
            -2.991899,
            53.404845
        ]
    },
    "2800S42022B": {
        "common_name": "North John Street",
        "coordinates": [
            -2.988783,
            53.405383
        ]
    },
    "2800S42011B": {
        "common_name": "Old Hall Street",
        "coordinates": [
            -2.99289,
            53.407992
        ]
    },
    "2800S42012A": {
        "common_name": "Bixteth Street",
        "coordinates": [
            -2.990839,
            53.40906
        ]
    },
    "2800S42012D": {
        "common_name": "Smithfield Street",
        "coordinates": [
            -2.988972,
            53.410307
        ]
    },
    "2800S42013B": {
        "common_name": "Johnson Street",
        "coordinates": [
            -2.986194,
            53.411193
        ]
    },
    "2800S42020A": {
        "common_name": "Fenwick Street",
        "coordinates": [
            -2.992614,
            53.406493
        ]
    },
    "2800S42069A": {
        "common_name": "Moorefields",
        "coordinates": [
            -2.988571,
            53.407929
        ]
    },
    "2800S42018B": {
        "common_name": "Cumberland Street",
        "coordinates": [
            -2.987333,
            53.408388
        ]
    },
    "2800S42023A": {
        "common_name": "Queen Square Bus Station",
        "coordinates": [
            -2.982547,
            53.407697
        ]
    },
    "2800S42023Z": {
        "common_name": "Queen Square Bus Station",
        "coordinates": [
            -2.982613,
            53.407223
        ]
    },
    "2800S42023I": {
        "common_name": "Queen Square Bus Station",
        "coordinates": [
            -2.982547,
            53.407697
        ]
    },
    "2800S42023K": {
        "common_name": "Queen Square Bus Station",
        "coordinates": [
            -2.983004,
            53.407255
        ]
    },
    "2800S42023J": {
        "common_name": "Queen Square Bus Station",
        "coordinates": [
            -2.982476,
            53.407584
        ]
    },
    "2800S42057C": {
        "common_name": "Fraser Street",
        "coordinates": [
            -2.976675,
            53.409402
        ]
    },
    "2800S42015E": {
        "common_name": "Pembroke Place",
        "coordinates": [
            -2.972849,
            53.40919
        ]
    },
    "2800S42024A": {
        "common_name": "Lord Nelson Street",
        "coordinates": [
            -2.978909,
            53.408386
        ]
    },
    "2800S42015C": {
        "common_name": "Greek Street",
        "coordinates": [
            -2.972875,
            53.40901
        ]
    },
    "2800S42016A": {
        "common_name": "Epworth Street",
        "coordinates": [
            -2.966484,
            53.410438
        ]
    },
    "2800S42016B": {
        "common_name": "Epworth Street",
        "coordinates": [
            -2.966188,
            53.410629
        ]
    },
    "2800S41225A": {
        "common_name": "Low Hill",
        "coordinates": [
            -2.96443,
            53.4108
        ]
    },
    "2800S41023A": {
        "common_name": "Low Hill",
        "coordinates": [
            -2.963436,
            53.410687
        ]
    },
    "2800S41023B": {
        "common_name": "Low Hill",
        "coordinates": [
            -2.960392,
            53.411152
        ]
    },
    "2800S41023C": {
        "common_name": "Guelph Place",
        "coordinates": [
            -2.959778,
            53.411065
        ]
    },
    "2800S41024B": {
        "common_name": "Leopold Road",
        "coordinates": [
            -2.955113,
            53.411886
        ]
    },
    "2800S41025B": {
        "common_name": "Grantham Street",
        "coordinates": [
            -2.949162,
            53.412195
        ]
    },
    "2800S41026D": {
        "common_name": "Romer Road",
        "coordinates": [
            -2.945658,
            53.41224
        ]
    },
    "2800S41024A": {
        "common_name": "Gwenfron Road",
        "coordinates": [
            -2.952839,
            53.41177
        ]
    },
    "2800S41025A": {
        "common_name": "Hawkins Street",
        "coordinates": [
            -2.948827,
            53.412008
        ]
    },
    "2800S41027B": {
        "common_name": "Onslow Road",
        "coordinates": [
            -2.941326,
            53.412958
        ]
    },
    "2800S41026B": {
        "common_name": "Kelso Road",
        "coordinates": [
            -2.943554,
            53.412329
        ]
    },
    "2800S41027A": {
        "common_name": "Lilley Road",
        "coordinates": [
            -2.939133,
            53.413101
        ]
    },
    "2800S41028B": {
        "common_name": "Holland Street",
        "coordinates": [
            -2.935271,
            53.414021
        ]
    },
    "2800S41029A": {
        "common_name": "Prescot Drive",
        "coordinates": [
            -2.931639,
            53.414418
        ]
    },
    "2800S41028A": {
        "common_name": "Holland Street",
        "coordinates": [
            -2.935027,
            53.413852
        ]
    },
    "2800S41030B": {
        "common_name": "Newton Road",
        "coordinates": [
            -2.927676,
            53.414835
        ]
    },
    "2800S41142A": {
        "common_name": "Cheadle Avenue",
        "coordinates": [
            -2.922902,
            53.415313
        ]
    },
    "2800S41031E": {
        "common_name": "Swan Street",
        "coordinates": [
            -2.920512,
            53.415412
        ]
    },
    "2800S41029B": {
        "common_name": "Prescot Drive",
        "coordinates": [
            -2.93111,
            53.414287
        ]
    },
    "2800S41030A": {
        "common_name": "Endsleigh Road",
        "coordinates": [
            -2.927731,
            53.41461
        ]
    },
    "2800S41032B": {
        "common_name": "Ashton Street",
        "coordinates": [
            -2.917599,
            53.415012
        ]
    },
    "2800S41033C": {
        "common_name": "Fitzgerald Road",
        "coordinates": [
            -2.912275,
            53.413669
        ]
    },
    "2800S41142B": {
        "common_name": "Barrymore Road",
        "coordinates": [
            -2.925768,
            53.41494
        ]
    },
    "2800S41031A": {
        "common_name": "Herrick Street",
        "coordinates": [
            -2.921019,
            53.415193
        ]
    },
    "2800S41032A": {
        "common_name": "Bell Street",
        "coordinates": [
            -2.916746,
            53.414488
        ]
    },
    "2800S41033B": {
        "common_name": "Belfast Road",
        "coordinates": [
            -2.910532,
            53.41379
        ]
    },
    "2800S44001C": {
        "common_name": "Queens Drive",
        "coordinates": [
            -2.904552,
            53.415579
        ]
    },
    "2800S44001B": {
        "common_name": "Black Horse Lane",
        "coordinates": [
            -2.907847,
            53.41488
        ]
    },
    "2800S44002A": {
        "common_name": "Chatterton Road",
        "coordinates": [
            -2.901386,
            53.416709
        ]
    },
    "2800S44197A": {
        "common_name": "Alder Hey Hospital",
        "coordinates": [
            -2.895407,
            53.417886
        ]
    },
    "2800S44003B": {
        "common_name": "Eaton Road",
        "coordinates": [
            -2.892023,
            53.418649
        ]
    },
    "2800S44004D": {
        "common_name": "Gala Close",
        "coordinates": [
            -2.885536,
            53.419308
        ]
    },
    "2800S44005B": {
        "common_name": "Ackers Hall Avenue",
        "coordinates": [
            -2.880267,
            53.419886
        ]
    },
    "2800S44006C": {
        "common_name": "Finch Lane",
        "coordinates": [
            -2.876347,
            53.420284
        ]
    },
    "2800S44143A": {
        "common_name": "Taurus Road",
        "coordinates": [
            -2.871853,
            53.420532
        ]
    },
    "2800S44007A": {
        "common_name": "Lordens Road",
        "coordinates": [
            -2.866462,
            53.421039
        ]
    },
    "2800S44002B": {
        "common_name": "Rudyard Road",
        "coordinates": [
            -2.898816,
            53.416845
        ]
    },
    "2800S44003A": {
        "common_name": "Thomas Lane",
        "coordinates": [
            -2.894033,
            53.417663
        ]
    },
    "2800S44004C": {
        "common_name": "Pilch Bank Road",
        "coordinates": [
            -2.887032,
            53.418884
        ]
    },
    "2800S44005A": {
        "common_name": "Churchdown Grove",
        "coordinates": [
            -2.882482,
            53.419349
        ]
    },
    "2800S44006B": {
        "common_name": "Dovecot Avenue",
        "coordinates": [
            -2.877979,
            53.419885
        ]
    },
    "2800S44143B": {
        "common_name": "Somerford Road",
        "coordinates": [
            -2.874404,
            53.420145
        ]
    },
    "2800S44007B": {
        "common_name": "Ashover Avenue",
        "coordinates": [
            -2.868945,
            53.420329
        ]
    },
    "2800S44123B": {
        "common_name": "Page Moss Avenue",
        "coordinates": [
            -2.862885,
            53.421281
        ]
    },
    "2800S44123C": {
        "common_name": "Princess Drive",
        "coordinates": [
            -2.862039,
            53.421871
        ]
    },
    "2800S44008D": {
        "common_name": "Terminus Road",
        "coordinates": [
            -2.858954,
            53.42183
        ]
    },
    "2800S44016B": {
        "common_name": "Lincombe Road",
        "coordinates": [
            -2.855928,
            53.421043
        ]
    },
    "2800S44017B": {
        "common_name": "Kingsway",
        "coordinates": [
            -2.851612,
            53.420418
        ]
    },
    "2800S44018B": {
        "common_name": "Seth Powell Way",
        "coordinates": [
            -2.846192,
            53.421032
        ]
    },
    "2800S44016A": {
        "common_name": "Lincombe Road",
        "coordinates": [
            -2.855709,
            53.420613
        ]
    },
    "2800S44017A": {
        "common_name": "Cuper Crescent",
        "coordinates": [
            -2.850944,
            53.420117
        ]
    },
    "2800S44019C": {
        "common_name": "Primrose Drive",
        "coordinates": [
            -2.841875,
            53.42188
        ]
    },
    "2800S44018A": {
        "common_name": "Seth Powell Way",
        "coordinates": [
            -2.846456,
            53.42067
        ]
    },
    "2800S44020B": {
        "common_name": "Hillside Road",
        "coordinates": [
            -2.834953,
            53.423403
        ]
    },
    "2800S51011B": {
        "common_name": "Lyme Cross Road",
        "coordinates": [
            -2.829695,
            53.425417
        ]
    },
    "2800S44019B": {
        "common_name": "Bluebell Lane",
        "coordinates": [
            -2.843082,
            53.421278
        ]
    },
    "2800S44020A": {
        "common_name": "Longview Lane",
        "coordinates": [
            -2.83637,
            53.422737
        ]
    },
    "2800S51011A": {
        "common_name": "Lyme Cross Road",
        "coordinates": [
            -2.831197,
            53.42449
        ]
    },
    "2800S51012A": {
        "common_name": "Blenheim Drive",
        "coordinates": [
            -2.828103,
            53.425581
        ]
    },
    "2800S51028A": {
        "common_name": "Huyton Lane",
        "coordinates": [
            -2.817015,
            53.428075
        ]
    },
    "2800S51028B": {
        "common_name": "Manchester Road",
        "coordinates": [
            -2.816313,
            53.428386
        ]
    },
    "2800S51013B": {
        "common_name": "Mitchell Road",
        "coordinates": [
            -2.813208,
            53.428946
        ]
    },
    "2800S51148B": {
        "common_name": "Knowsley Park Lane",
        "coordinates": [
            -2.810375,
            53.429505
        ]
    },
    "2800S51014A": {
        "common_name": "Stanley Crescent",
        "coordinates": [
            -2.808195,
            53.429637
        ]
    },
    "2800S51015A": {
        "common_name": "Atherton Street",
        "coordinates": [
            -2.803526,
            53.430297
        ]
    },
    "2800S51013A": {
        "common_name": "Mitchell Road",
        "coordinates": [
            -2.812499,
            53.428816
        ]
    },
    "2800S51148A": {
        "common_name": "Knowsley Park Lane",
        "coordinates": [
            -2.809741,
            53.429419
        ]
    },
    "2800S51126A": {
        "common_name": "Church Street",
        "coordinates": [
            -2.806143,
            53.429372
        ]
    },
    "2800S51016D": {
        "common_name": "Houghton Street",
        "coordinates": [
            -2.799902,
            53.429647
        ]
    },
    "2800S51016B": {
        "common_name": "Wycherley Street",
        "coordinates": [
            -2.800542,
            53.430057
        ]
    },
    "2800S51017A": {
        "common_name": "Derby Square",
        "coordinates": [
            -2.797915,
            53.428016
        ]
    },
    "2800S51044A": {
        "common_name": "Bridge Road",
        "coordinates": [
            -2.795302,
            53.425894
        ]
    },
    "2800S51043A": {
        "common_name": "Broadlands",
        "coordinates": [
            -2.793284,
            53.424999
        ]
    },
    "2800S51017B": {
        "common_name": "Kelly Street",
        "coordinates": [
            -2.798237,
            53.428319
        ]
    },
    "2800S51044B": {
        "common_name": "Bridge Road",
        "coordinates": [
            -2.795313,
            53.425705
        ]
    },
    "2800S51042A": {
        "common_name": "Sinclair Avenue",
        "coordinates": [
            -2.789782,
            53.423647
        ]
    },
    "2800S51043C": {
        "common_name": "Ash Grove",
        "coordinates": [
            -2.793037,
            53.424696
        ]
    },
    "2800S51042B": {
        "common_name": "Sinclair Avenue",
        "coordinates": [
            -2.790717,
            53.423758
        ]
    },
    "2800S14012A": {
        "common_name": "Delph Lane",
        "coordinates": [
            -2.785796,
            53.422137
        ]
    },
    "2800S14012B": {
        "common_name": "Dragon Lane",
        "coordinates": [
            -2.785822,
            53.421876
        ]
    },
    "2800S14011B": {
        "common_name": "Longview Road",
        "coordinates": [
            -2.782481,
            53.421035
        ]
    },
    "2800S14011A": {
        "common_name": "Longview Road",
        "coordinates": [
            -2.782983,
            53.421337
        ]
    },
    "2800S14010A": {
        "common_name": "Martin Close",
        "coordinates": [
            -2.77747,
            53.419378
        ]
    },
    "2800S14010B": {
        "common_name": "Kendal Drive",
        "coordinates": [
            -2.776601,
            53.418745
        ]
    },
    "2800S14009A": {
        "common_name": "Ivy Farm Road",
        "coordinates": [
            -2.77234,
            53.417793
        ]
    },
    "2800S14008A": {
        "common_name": "Brandreth Close",
        "coordinates": [
            -2.767778,
            53.417625
        ]
    },
    "2800S14007A": {
        "common_name": "St Ann Place",
        "coordinates": [
            -2.765567,
            53.419338
        ]
    },
    "2800S14009B": {
        "common_name": "Old Lane",
        "coordinates": [
            -2.771432,
            53.417493
        ]
    },
    "2800S14006A": {
        "common_name": "Stapleton Road",
        "coordinates": [
            -2.765504,
            53.422565
        ]
    },
    "2800S14005A": {
        "common_name": "Elton Head Road",
        "coordinates": [
            -2.765518,
            53.42501
        ]
    },
    "2800S14008B": {
        "common_name": "Warrington Road",
        "coordinates": [
            -2.766984,
            53.41781
        ]
    },
    "2800S14006B": {
        "common_name": "Elderswood Road",
        "coordinates": [
            -2.765351,
            53.421568
        ]
    },
    "2800S14005B": {
        "common_name": "Elton Head Road",
        "coordinates": [
            -2.765237,
            53.424436
        ]
    },
    "2800S14023A": {
        "common_name": "Wedgewood Gardens",
        "coordinates": [
            -2.765843,
            53.428819
        ]
    },
    "2800S14004A": {
        "common_name": "Foxwood",
        "coordinates": [
            -2.762782,
            53.430223
        ]
    },
    "2800S14004B": {
        "common_name": "Bexhill Gardens",
        "coordinates": [
            -2.763735,
            53.429624
        ]
    },
    "2800S14003A": {
        "common_name": "Edge Street",
        "coordinates": [
            -2.760733,
            53.431755
        ]
    },
    "2800S14003B": {
        "common_name": "Samuel Street",
        "coordinates": [
            -2.760693,
            53.43207
        ]
    },
    "2800S14002A": {
        "common_name": "Nutgrove Hall Drive",
        "coordinates": [
            -2.758807,
            53.433484
        ]
    },
    "2800S13025B": {
        "common_name": "Elephant Lane",
        "coordinates": [
            -2.758795,
            53.436208
        ]
    },
    "2800S13025C": {
        "common_name": "Scholes Lane",
        "coordinates": [
            -2.758888,
            53.435479
        ]
    },
    "2800S16052A": {
        "common_name": "Thatto Heath Station",
        "coordinates": [
            -2.759067,
            53.437087
        ]
    },
    "2800S16021A": {
        "common_name": "Lacey Street",
        "coordinates": [
            -2.759207,
            53.438219
        ]
    },
    "2800S16020A": {
        "common_name": "Leslie Road",
        "coordinates": [
            -2.760865,
            53.440824
        ]
    },
    "2800S14001A": {
        "common_name": "Regents Road",
        "coordinates": [
            -2.762112,
            53.443216
        ]
    },
    "2800S16021B": {
        "common_name": "Lacey Street",
        "coordinates": [
            -2.758994,
            53.438049
        ]
    },
    "2800S16020B": {
        "common_name": "Whittle Street",
        "coordinates": [
            -2.759723,
            53.440103
        ]
    },
    "2800S14001C": {
        "common_name": "Roby Street",
        "coordinates": [
            -2.761927,
            53.442992
        ]
    },
    "2800S16019B": {
        "common_name": "Dunriding Lane",
        "coordinates": [
            -2.757888,
            53.446955
        ]
    },
    "2800S16019A": {
        "common_name": "Grosvenor Road",
        "coordinates": [
            -2.759844,
            53.446035
        ]
    },
    "2800S16018A": {
        "common_name": "Underhill Road",
        "coordinates": [
            -2.754872,
            53.448403
        ]
    },
    "2800S16017A": {
        "common_name": "Bank Street",
        "coordinates": [
            -2.750493,
            53.449429
        ]
    },
    "2800S16016B": {
        "common_name": "Eccleston Street",
        "coordinates": [
            -2.745802,
            53.451535
        ]
    },
    "2800S16007A": {
        "common_name": "Baldwin Street",
        "coordinates": [
            -2.738329,
            53.453918
        ]
    },
    "2800S16007G": {
        "common_name": "Claughton Street",
        "coordinates": [
            -2.736629,
            53.454
        ]
    },
    "2800S16018B": {
        "common_name": "Prescot Road",
        "coordinates": [
            -2.752863,
            53.448048
        ]
    },
    "2800S16017B": {
        "common_name": "The Shires",
        "coordinates": [
            -2.74905,
            53.448683
        ]
    },
    "2800S16016A": {
        "common_name": "Linkway West",
        "coordinates": [
            -2.744572,
            53.451794
        ]
    },
    "2800S16001J": {
        "common_name": "Hall Street",
        "coordinates": [
            -2.732316,
            53.453614
        ]
    },
    "2800S16025B": {
        "common_name": "Exchange Street",
        "coordinates": [
            -2.738608,
            53.451732
        ]
    },
    "2800S16001F": {
        "common_name": "St Helens Bus Station",
        "coordinates": [
            -2.7332,
            53.453356
        ]
    }
}