{
    "2800S42022A": {
        "common_name": "Castle Street",
        "coordinates": [
            -2.989353,
            53.405351
        ]
    },
    "2800S42023H": {
        "common_name": "Queen Square Bus Station",
        "coordinates": [
            -2.982547,
            53.407697
        ]
    },
    "2800S42057D": {
        "common_name": "Wilde Street",
        "coordinates": [
            -2.975893,
            53.409399
        ]
    },
    "2800S42015F": {
        "common_name": "Pembroke Place",
        "coordinates": [
            -2.972578,
            53.409157
        ]
    },
    "2800S42016E": {
        "common_name": "Falkland Street",
        "coordinates": [
            -2.969156,
            53.410155
        ]
    },
    "2800S42027C": {
        "common_name": "Shaw Street",
        "coordinates": [
            -2.966871,
            53.412241
        ]
    },
    "2800S40020B": {
        "common_name": "Caird Street",
        "coordinates": [
            -2.959325,
            53.415214
        ]
    },
    "2800S40021C": {
        "common_name": "Hygeia Street",
        "coordinates": [
            -2.955924,
            53.416509
        ]
    },
    "2800S40022C": {
        "common_name": "Conwy Drive",
        "coordinates": [
            -2.951682,
            53.418557
        ]
    },
    "2800S40023B": {
        "common_name": "Ellel Grove",
        "coordinates": [
            -2.946292,
            53.421835
        ]
    },
    "2800S40024E": {
        "common_name": "Grange Street",
        "coordinates": [
            -2.941237,
            53.422532
        ]
    },
    "2800S40025E": {
        "common_name": "Windsor Road",
        "coordinates": [
            -2.935427,
            53.424368
        ]
    },
    "2800S40026E": {
        "common_name": "Victoria Road",
        "coordinates": [
            -2.931071,
            53.4254
        ]
    },
    "2800S41040B": {
        "common_name": "Delmain Road",
        "coordinates": [
            -2.925494,
            53.426574
        ]
    },
    "2800S41041B": {
        "common_name": "Queens Drive",
        "coordinates": [
            -2.916605,
            53.426849
        ]
    },
    "2800S44050A": {
        "common_name": "Trefula Park",
        "coordinates": [
            -2.912911,
            53.428648
        ]
    },
    "2800S44051A": {
        "common_name": "Eaton Road North",
        "coordinates": [
            -2.91096,
            53.431009
        ]
    },
    "2800S44052D": {
        "common_name": "West Derby Village",
        "coordinates": [
            -2.909844,
            53.432294
        ]
    },
    "2800S44053D": {
        "common_name": "South Parkside Drive",
        "coordinates": [
            -2.903589,
            53.431209
        ]
    },
    "2800S44054B": {
        "common_name": "Crown Road",
        "coordinates": [
            -2.9008,
            53.432417
        ]
    },
    "2800S44055B": {
        "common_name": "Allerford Road",
        "coordinates": [
            -2.896591,
            53.434084
        ]
    },
    "2800S44056B": {
        "common_name": "Deysbrook Way",
        "coordinates": [
            -2.891214,
            53.434646
        ]
    },
    "2800S44163A": {
        "common_name": "Larchtree Mews",
        "coordinates": [
            -2.887653,
            53.435679
        ]
    },
    "2800S44057C": {
        "common_name": "Croxteth Hall Lane",
        "coordinates": [
            -2.885353,
            53.436577
        ]
    },
    "2800S44065B": {
        "common_name": "Waterpark Drive",
        "coordinates": [
            -2.879767,
            53.436493
        ]
    },
    "2800S44066B": {
        "common_name": "Haswell Drive",
        "coordinates": [
            -2.874739,
            53.437222
        ]
    },
    "2800S44046B": {
        "common_name": "Nevitte Close",
        "coordinates": [
            -2.870296,
            53.439312
        ]
    },
    "2800S44045B": {
        "common_name": "Custley Hey",
        "coordinates": [
            -2.865481,
            53.439428
        ]
    },
    "2800S44044B": {
        "common_name": "Juniper Close",
        "coordinates": [
            -2.860608,
            53.43594
        ]
    },
    "2800S44043B": {
        "common_name": "Little Moss Hey",
        "coordinates": [
            -2.861939,
            53.433288
        ]
    },
    "2800S44067A": {
        "common_name": "The Spinney",
        "coordinates": [
            -2.865902,
            53.433484
        ]
    },
    "2800S44047A": {
        "common_name": "Waterpark Drive",
        "coordinates": [
            -2.867709,
            53.434999
        ]
    },
    "2800S44067B": {
        "common_name": "Brandearth Hey",
        "coordinates": [
            -2.86498,
            53.433302
        ]
    },
    "2800S44042B": {
        "common_name": "Terret Croft",
        "coordinates": [
            -2.860656,
            53.431589
        ]
    },
    "2800S44127B": {
        "common_name": "Waterpark Drive",
        "coordinates": [
            -2.85675,
            53.428992
        ]
    },
    "2800S44011A": {
        "common_name": "Fairclough Road",
        "coordinates": [
            -2.857105,
            53.427165
        ]
    },
    "2800S44010A": {
        "common_name": "Barkbeth Road",
        "coordinates": [
            -2.858743,
            53.425544
        ]
    },
    "2800S44125A": {
        "common_name": "Heath Road",
        "coordinates": [
            -2.859041,
            53.423196
        ]
    },
    "2800S44124A": {
        "common_name": "Liverpool Road",
        "coordinates": [
            -2.861781,
            53.422466
        ]
    },
    "2800S44061A": {
        "common_name": "Lordens Road",
        "coordinates": [
            -2.866335,
            53.425193
        ]
    },
    "2800S44060A": {
        "common_name": "Burtree Road",
        "coordinates": [
            -2.8697,
            53.427101
        ]
    },
    "2800S44032B": {
        "common_name": "Finch Road",
        "coordinates": [
            -2.873202,
            53.429071
        ]
    },
    "2800S44030A": {
        "common_name": "Yew Tree Lane",
        "coordinates": [
            -2.878,
            53.431121
        ]
    },
    "2800S44059B": {
        "common_name": "Yew Tree Lane",
        "coordinates": [
            -2.881052,
            53.432402
        ]
    },
    "2800S44058A": {
        "common_name": "Aspes Road",
        "coordinates": [
            -2.883023,
            53.433808
        ]
    },
    "2800S44057A": {
        "common_name": "Larchtree Mews",
        "coordinates": [
            -2.888068,
            53.43537
        ]
    },
    "2800S44056A": {
        "common_name": "Deysbrook Lane",
        "coordinates": [
            -2.893519,
            53.434026
        ]
    },
    "2800S44055A": {
        "common_name": "Allerford Road",
        "coordinates": [
            -2.897142,
            53.433828
        ]
    },
    "2800S44054A": {
        "common_name": "Crown Road",
        "coordinates": [
            -2.900126,
            53.432539
        ]
    },
    "2800S44053A": {
        "common_name": "South Parkside Drive",
        "coordinates": [
            -2.904361,
            53.430673
        ]
    },
    "2800S44052C": {
        "common_name": "Town Row",
        "coordinates": [
            -2.909837,
            53.431989
        ]
    },
    "2800S44050B": {
        "common_name": "Trefula Park",
        "coordinates": [
            -2.912536,
            53.428705
        ]
    },
    "2800S41041C": {
        "common_name": "Queens Drive",
        "coordinates": [
            -2.919012,
            53.426813
        ]
    },
    "2800S41040A": {
        "common_name": "Bankfield Road",
        "coordinates": [
            -2.924784,
            53.426462
        ]
    },
    "2800S40026G": {
        "common_name": "Green Lane",
        "coordinates": [
            -2.930077,
            53.424728
        ]
    },
    "2800S40025B": {
        "common_name": "New Road",
        "coordinates": [
            -2.934683,
            53.423974
        ]
    },
    "2800S40024C": {
        "common_name": "Belmont Drive",
        "coordinates": [
            -2.941711,
            53.422195
        ]
    },
    "2800S40023A": {
        "common_name": "Sheil Road",
        "coordinates": [
            -2.948552,
            53.420568
        ]
    },
    "2800S40022A": {
        "common_name": "Boundary Lane",
        "coordinates": [
            -2.951213,
            53.41847
        ]
    },
    "2800S40021B": {
        "common_name": "Farnworth Street",
        "coordinates": [
            -2.95529,
            53.416406
        ]
    },
    "2800S40020A": {
        "common_name": "Nevin Street",
        "coordinates": [
            -2.961233,
            53.414399
        ]
    },
    "2800S41023A": {
        "common_name": "Low Hill",
        "coordinates": [
            -2.963436,
            53.410687
        ]
    },
    "2800S42016A": {
        "common_name": "Epworth Street",
        "coordinates": [
            -2.966484,
            53.410438
        ]
    },
    "2800S42015C": {
        "common_name": "Greek Street",
        "coordinates": [
            -2.972875,
            53.40901
        ]
    },
    "2800S42024A": {
        "common_name": "Lord Nelson Street",
        "coordinates": [
            -2.978909,
            53.408386
        ]
    },
    "2800S42023J": {
        "common_name": "Queen Square Bus Station",
        "coordinates": [
            -2.982476,
            53.407584
        ]
    }
}