{
    "2800S47175A": {
        "common_name": "Bootle Bus Station",
        "coordinates": [
            -2.99309,
            53.4527
        ]
    },
    "2800S47027F": {
        "common_name": "Washington Parade",
        "coordinates": [
            -2.991554,
            53.448848
        ]
    },
    "2800S47028C": {
        "common_name": "Bootle Strand Shopping Centre",
        "coordinates": [
            -2.990716,
            53.45166
        ]
    },
    "2800S47087A": {
        "common_name": "Stanley Road",
        "coordinates": [
            -2.993179,
            53.453949
        ]
    },
    "2800S47186A": {
        "common_name": "St James Drive",
        "coordinates": [
            -3.00052,
            53.45347
        ]
    },
    "2800S47085A": {
        "common_name": "Tennyson Street",
        "coordinates": [
            -3.002145,
            53.455484
        ]
    },
    "2800S47003D": {
        "common_name": "Chaucer Street",
        "coordinates": [
            -3.004498,
            53.455617
        ]
    },
    "2800S47002B": {
        "common_name": "Peel Road",
        "coordinates": [
            -3.00933,
            53.45857
        ]
    },
    "2800S47108B": {
        "common_name": "Seaforth Road",
        "coordinates": [
            -3.011453,
            53.459971
        ]
    },
    "2800S47026A": {
        "common_name": "Elm Drive",
        "coordinates": [
            -3.015564,
            53.463703
        ]
    },
    "2800S47025A": {
        "common_name": "Caradoc Road",
        "coordinates": [
            -3.01083,
            53.46304
        ]
    },
    "2800S47023B": {
        "common_name": "Hawarden Grove",
        "coordinates": [
            -3.007728,
            53.46421
        ]
    },
    "2800S47022A": {
        "common_name": "Seaforth Station",
        "coordinates": [
            -3.00644,
            53.466414
        ]
    },
    "2800S47021B": {
        "common_name": "Ash Road",
        "coordinates": [
            -3.002943,
            53.468241
        ]
    },
    "2800S47019B": {
        "common_name": "Marina Avenue",
        "coordinates": [
            -2.999574,
            53.470418
        ]
    },
    "2800S47183B": {
        "common_name": "Moss Bank Park",
        "coordinates": [
            -3.00424,
            53.47146
        ]
    },
    "2800S47182B": {
        "common_name": "Highfield Road",
        "coordinates": [
            -3.00707,
            53.47316
        ]
    },
    "2800S47080A": {
        "common_name": "Appleton Road",
        "coordinates": [
            -3.00633,
            53.47512
        ]
    },
    "2800S47079A": {
        "common_name": "Watling Avenue",
        "coordinates": [
            -3.00483,
            53.4778
        ]
    },
    "2800S47078A": {
        "common_name": "Alwyn Avenue",
        "coordinates": [
            -3.00326,
            53.47995
        ]
    },
    "2800S47077A": {
        "common_name": "Green Lane",
        "coordinates": [
            -3.0009,
            53.48249
        ]
    },
    "2800S47181B": {
        "common_name": "Ford View",
        "coordinates": [
            -3.00021,
            53.4847
        ]
    },
    "2800S47180B": {
        "common_name": "Bridge Croft",
        "coordinates": [
            -2.99615,
            53.4852
        ]
    },
    "2800S47185A": {
        "common_name": "Bowland Drive",
        "coordinates": [
            -2.99362,
            53.48812
        ]
    },
    "2800S47184A": {
        "common_name": "No. 129",
        "coordinates": [
            -2.99306,
            53.49
        ]
    },
    "2800S47178A": {
        "common_name": "Pendle Drive",
        "coordinates": [
            -2.99165,
            53.48855
        ]
    },
    "2800S47180A": {
        "common_name": "Lonsdale Road",
        "coordinates": [
            -2.99575,
            53.48479
        ]
    },
    "2800S47181A": {
        "common_name": "Ford View",
        "coordinates": [
            -3.00009,
            53.48452
        ]
    },
    "2800S47187A": {
        "common_name": "Farm View",
        "coordinates": [
            -3.00052,
            53.4812
        ]
    },
    "2800S47078B": {
        "common_name": "Kirkstone Road West",
        "coordinates": [
            -3.00274,
            53.48028
        ]
    },
    "2800S47079B": {
        "common_name": "Sonning Avenue",
        "coordinates": [
            -3.00499,
            53.47693
        ]
    },
    "2800S47188A": {
        "common_name": "Hatton Hill Road",
        "coordinates": [
            -3.00688,
            53.47474
        ]
    },
    "2800S47182A": {
        "common_name": "Highfield Road",
        "coordinates": [
            -3.00634,
            53.47288
        ]
    },
    "2800S47183A": {
        "common_name": "Moss Bank Park",
        "coordinates": [
            -3.00372,
            53.47132
        ]
    },
    "2800S47019A": {
        "common_name": "Marina Avenue",
        "coordinates": [
            -2.999412,
            53.470554
        ]
    },
    "2800S47020A": {
        "common_name": "Hawthorne Road",
        "coordinates": [
            -2.998618,
            53.469455
        ]
    },
    "2800S47021A": {
        "common_name": "Bridge Road",
        "coordinates": [
            -3.002771,
            53.467982
        ]
    },
    "2800S47022B": {
        "common_name": "Seaforth Station",
        "coordinates": [
            -3.006241,
            53.466281
        ]
    },
    "2800S47023A": {
        "common_name": "Lime Grove",
        "coordinates": [
            -3.007659,
            53.463851
        ]
    },
    "2800S47024A": {
        "common_name": "Muspratt Road",
        "coordinates": [
            -3.00962,
            53.45999
        ]
    },
    "2800S47002A": {
        "common_name": "Peel Road",
        "coordinates": [
            -3.008114,
            53.458247
        ]
    },
    "2800S47003B": {
        "common_name": "Rimrose Road",
        "coordinates": [
            -3.005327,
            53.455646
        ]
    },
    "2800S47085B": {
        "common_name": "Tennyson Street",
        "coordinates": [
            -3.001953,
            53.455638
        ]
    },
    "2800S47186B": {
        "common_name": "Marsh Lane",
        "coordinates": [
            -3.00021,
            53.45383
        ]
    },
    "2800S47193A": {
        "common_name": "Irlam Road",
        "coordinates": [
            -2.99764,
            53.45104
        ]
    },
    "2800S47067U": {
        "common_name": "Bootle New Strand Station",
        "coordinates": [
            -2.992871,
            53.453044
        ]
    }
}