{
    "2800S42009A": {
        "common_name": "Georges Pier Head",
        "coordinates": [
            -2.994508,
            53.403834
        ]
    },
    "2800S42009F": {
        "common_name": "Goree",
        "coordinates": [
            -2.993646,
            53.404282
        ]
    },
    "2800S42021G": {
        "common_name": "James Street Station",
        "coordinates": [
            -2.99176,
            53.404693
        ]
    },
    "2800S42021B": {
        "common_name": "James Street Station",
        "coordinates": [
            -2.991899,
            53.404845
        ]
    },
    "2800S42079C": {
        "common_name": "Temple Street",
        "coordinates": [
            -2.987602,
            53.407002
        ]
    },
    "2800S42022E": {
        "common_name": "Derby Square",
        "coordinates": [
            -2.98944,
            53.405189
        ]
    },
    "2800S42022A": {
        "common_name": "Castle Street",
        "coordinates": [
            -2.989353,
            53.405351
        ]
    },
    "2800S42019A": {
        "common_name": "North John Street",
        "coordinates": [
            -2.989974,
            53.407467
        ]
    },
    "2800S42069A": {
        "common_name": "Moorefields",
        "coordinates": [
            -2.988571,
            53.407929
        ]
    },
    "2800S42018B": {
        "common_name": "Cumberland Street",
        "coordinates": [
            -2.987333,
            53.408388
        ]
    },
    "2800S42023J": {
        "common_name": "Queen Square Bus Station",
        "coordinates": [
            -2.982476,
            53.407584
        ]
    },
    "2800S42023C": {
        "common_name": "Queen Square Bus Station",
        "coordinates": [
            -2.982547,
            53.407697
        ]
    },
    "2800S42023F": {
        "common_name": "Queen Square Bus Station",
        "coordinates": [
            -2.982547,
            53.407697
        ]
    },
    "2800S42015G": {
        "common_name": "Greek Street",
        "coordinates": [
            -2.973015,
            53.409189
        ]
    },
    "2800S42024A": {
        "common_name": "Lord Nelson Street",
        "coordinates": [
            -2.978909,
            53.408386
        ]
    },
    "2800S42015C": {
        "common_name": "Greek Street",
        "coordinates": [
            -2.972875,
            53.40901
        ]
    },
    "2800S42016F": {
        "common_name": "Gildart Street",
        "coordinates": [
            -2.970474,
            53.409911
        ]
    },
    "2800S42027D": {
        "common_name": "Shaw Street",
        "coordinates": [
            -2.967244,
            53.412094
        ]
    },
    "2800S42016A": {
        "common_name": "Epworth Street",
        "coordinates": [
            -2.966484,
            53.410438
        ]
    },
    "2800S41023A": {
        "common_name": "Low Hill",
        "coordinates": [
            -2.963436,
            53.410687
        ]
    },
    "2800S40020D": {
        "common_name": "West Derby Road",
        "coordinates": [
            -2.963129,
            53.415094
        ]
    },
    "2800S40020E": {
        "common_name": "Brunswick Road",
        "coordinates": [
            -2.962892,
            53.414601
        ]
    },
    "2800S40027B": {
        "common_name": "Plumpton Street",
        "coordinates": [
            -2.965648,
            53.41671
        ]
    },
    "2800S40028C": {
        "common_name": "Lloyd Close",
        "coordinates": [
            -2.967576,
            53.418752
        ]
    },
    "2800S40029B": {
        "common_name": "Lance Close",
        "coordinates": [
            -2.964343,
            53.420846
        ]
    },
    "2800S40030B": {
        "common_name": "Faraday Street",
        "coordinates": [
            -2.959735,
            53.422726
        ]
    },
    "2800S40027A": {
        "common_name": "Plumpton Street",
        "coordinates": [
            -2.964966,
            53.416472
        ]
    },
    "2800S40028D": {
        "common_name": "Everton Road",
        "coordinates": [
            -2.967037,
            53.419566
        ]
    },
    "2800S40029A": {
        "common_name": "Dobson Street",
        "coordinates": [
            -2.964589,
            53.420413
        ]
    },
    "2800S40031D": {
        "common_name": "Grasmere Street",
        "coordinates": [
            -2.95532,
            53.424451
        ]
    },
    "2800S40032C": {
        "common_name": "St Andrew Road",
        "coordinates": [
            -2.952407,
            53.426083
        ]
    },
    "2800S40030A": {
        "common_name": "Queens Road",
        "coordinates": [
            -2.961059,
            53.422023
        ]
    },
    "2800S40031B": {
        "common_name": "Belmont Road",
        "coordinates": [
            -2.955659,
            53.424125
        ]
    },
    "2800S40032B": {
        "common_name": "Sedley Street",
        "coordinates": [
            -2.952388,
            53.425904
        ]
    },
    "2800S40033F": {
        "common_name": "Abbey Road",
        "coordinates": [
            -2.949329,
            53.428436
        ]
    },
    "2800S40034B": {
        "common_name": "Vicar Road",
        "coordinates": [
            -2.944566,
            53.430155
        ]
    },
    "2800S40033C": {
        "common_name": "Lower Breck Road",
        "coordinates": [
            -2.95011,
            53.427702
        ]
    },
    "2800S40034A": {
        "common_name": "Vicar Road",
        "coordinates": [
            -2.94486,
            53.429838
        ]
    },
    "2800S40035B": {
        "common_name": "Pinehurst Avenue",
        "coordinates": [
            -2.941252,
            53.432105
        ]
    },
    "2800S40035A": {
        "common_name": "Pinehurst Avenue",
        "coordinates": [
            -2.940619,
            53.432065
        ]
    },
    "2800S40168A": {
        "common_name": "Richard Kelly Drive",
        "coordinates": [
            -2.938843,
            53.433427
        ]
    },
    "2800S40036B": {
        "common_name": "Cherry Lane",
        "coordinates": [
            -2.935023,
            53.434922
        ]
    },
    "2800S40036A": {
        "common_name": "Maiden Lane",
        "coordinates": [
            -2.936164,
            53.434095
        ]
    },
    "2800S40037E": {
        "common_name": "Queens Drive",
        "coordinates": [
            -2.932469,
            53.437207
        ]
    },
    "2800S40037C": {
        "common_name": "Sandyville Road",
        "coordinates": [
            -2.932752,
            53.437762
        ]
    },
    "2800S46001A": {
        "common_name": "Broad Lane",
        "coordinates": [
            -2.932723,
            53.44125
        ]
    },
    "2800S46001B": {
        "common_name": "Utting Avenue East",
        "coordinates": [
            -2.932201,
            53.44147
        ]
    },
    "2800S46001C": {
        "common_name": "Back Broadway",
        "coordinates": [
            -2.930821,
            53.442398
        ]
    },
    "2800S46013E": {
        "common_name": "Townsend Avenue",
        "coordinates": [
            -2.931441,
            53.442519
        ]
    },
    "2800S46002B": {
        "common_name": "Parthenon Drive",
        "coordinates": [
            -2.927822,
            53.443661
        ]
    },
    "2800S46003B": {
        "common_name": "Sedgemoor Road",
        "coordinates": [
            -2.922782,
            53.44522
        ]
    },
    "2800S46004B": {
        "common_name": "Scargreen Avenue",
        "coordinates": [
            -2.918664,
            53.446932
        ]
    },
    "2800S46002A": {
        "common_name": "Lorenzo Drive",
        "coordinates": [
            -2.928339,
            53.44319
        ]
    },
    "2800S46003A": {
        "common_name": "Lewisham Road",
        "coordinates": [
            -2.923389,
            53.444748
        ]
    },
    "2800S46004A": {
        "common_name": "Stalisfield Avenue",
        "coordinates": [
            -2.919075,
            53.446444
        ]
    },
    "2800S46005B": {
        "common_name": "Carsington Road",
        "coordinates": [
            -2.91384,
            53.448785
        ]
    },
    "2800S46005A": {
        "common_name": "Cottesbrook Road",
        "coordinates": [
            -2.914236,
            53.448971
        ]
    },
    "2800S46006B": {
        "common_name": "Oakgate Close",
        "coordinates": [
            -2.909908,
            53.450793
        ]
    },
    "2800S46007D": {
        "common_name": "Waterstone Close",
        "coordinates": [
            -2.90646,
            53.45223
        ]
    },
    "2800S46006A": {
        "common_name": "Worrow Road",
        "coordinates": [
            -2.908785,
            53.451089
        ]
    },
    "2800S46007B": {
        "common_name": "Stonebridge Lane",
        "coordinates": [
            -2.904515,
            53.45282
        ]
    },
    "2800S46007C": {
        "common_name": "Standard Road",
        "coordinates": [
            -2.903121,
            53.453145
        ]
    },
    "2800S46008B": {
        "common_name": "Unicorn Road",
        "coordinates": [
            -2.899502,
            53.454332
        ]
    },
    "2800S46009B": {
        "common_name": "Cubert Road",
        "coordinates": [
            -2.898637,
            53.455453
        ]
    },
    "2800S46008A": {
        "common_name": "Sceptre Road",
        "coordinates": [
            -2.899777,
            53.453818
        ]
    },
    "2800S46009A": {
        "common_name": "Cubert Road",
        "coordinates": [
            -2.898133,
            53.455826
        ]
    },
    "2800S46010B": {
        "common_name": "Mullion Road",
        "coordinates": [
            -2.896315,
            53.457457
        ]
    },
    "2800S46011B": {
        "common_name": "Newlyn Road",
        "coordinates": [
            -2.894809,
            53.459608
        ]
    },
    "2800S46012A": {
        "common_name": "Petherick Road",
        "coordinates": [
            -2.895207,
            53.462059
        ]
    },
    "2800S46010A": {
        "common_name": "Trispen Road",
        "coordinates": [
            -2.896527,
            53.456808
        ]
    },
    "2800S46011A": {
        "common_name": "Tintagel Road",
        "coordinates": [
            -2.89489,
            53.45914
        ]
    },
    "2800S46012B": {
        "common_name": "Willow Way",
        "coordinates": [
            -2.895869,
            53.462009
        ]
    }
}