{
    "2800S42009A": {
        "common_name": "Georges Pier Head",
        "coordinates": [
            -2.994508,
            53.403834
        ]
    },
    "2800S42021G": {
        "common_name": "James Street Station",
        "coordinates": [
            -2.99176,
            53.404693
        ]
    },
    "2800S42022A": {
        "common_name": "Castle Street",
        "coordinates": [
            -2.989353,
            53.405351
        ]
    },
    "2800S42022E": {
        "common_name": "Derby Square",
        "coordinates": [
            -2.98944,
            53.405189
        ]
    },
    "2800S42019A": {
        "common_name": "North John Street",
        "coordinates": [
            -2.989974,
            53.407467
        ]
    },
    "2800S42069A": {
        "common_name": "Moorefields",
        "coordinates": [
            -2.988571,
            53.407929
        ]
    },
    "2800S42018B": {
        "common_name": "Cumberland Street",
        "coordinates": [
            -2.987333,
            53.408388
        ]
    },
    "2800S42023J": {
        "common_name": "Queen Square Bus Station",
        "coordinates": [
            -2.982476,
            53.407584
        ]
    },
    "2800S42024A": {
        "common_name": "Lord Nelson Street",
        "coordinates": [
            -2.978909,
            53.408386
        ]
    },
    "2800S42015C": {
        "common_name": "Greek Street",
        "coordinates": [
            -2.972875,
            53.40901
        ]
    },
    "2800S42016A": {
        "common_name": "Epworth Street",
        "coordinates": [
            -2.966484,
            53.410438
        ]
    },
    "2800S41023A": {
        "common_name": "Low Hill",
        "coordinates": [
            -2.963436,
            53.410687
        ]
    },
    "2800S40020D": {
        "common_name": "West Derby Road",
        "coordinates": [
            -2.963129,
            53.415094
        ]
    },
    "2800S40027A": {
        "common_name": "Plumpton Street",
        "coordinates": [
            -2.964966,
            53.416472
        ]
    },
    "2800S40028D": {
        "common_name": "Everton Road",
        "coordinates": [
            -2.967037,
            53.419566
        ]
    },
    "2800S40029A": {
        "common_name": "Dobson Street",
        "coordinates": [
            -2.964589,
            53.420413
        ]
    },
    "2800S40030A": {
        "common_name": "Queens Road",
        "coordinates": [
            -2.961059,
            53.422023
        ]
    },
    "2800S40031B": {
        "common_name": "Belmont Road",
        "coordinates": [
            -2.955659,
            53.424125
        ]
    },
    "2800S40032B": {
        "common_name": "Sedley Street",
        "coordinates": [
            -2.952388,
            53.425904
        ]
    },
    "2800S40033C": {
        "common_name": "Lower Breck Road",
        "coordinates": [
            -2.95011,
            53.427702
        ]
    },
    "2800S40034A": {
        "common_name": "Vicar Road",
        "coordinates": [
            -2.94486,
            53.429838
        ]
    },
    "2800S40035A": {
        "common_name": "Pinehurst Avenue",
        "coordinates": [
            -2.940619,
            53.432065
        ]
    },
    "2800S40036A": {
        "common_name": "Maiden Lane",
        "coordinates": [
            -2.936164,
            53.434095
        ]
    },
    "2800S40037E": {
        "common_name": "Queens Drive",
        "coordinates": [
            -2.932469,
            53.437207
        ]
    },
    "2800S46001B": {
        "common_name": "Utting Avenue East",
        "coordinates": [
            -2.932201,
            53.44147
        ]
    },
    "2800S46001C": {
        "common_name": "Back Broadway",
        "coordinates": [
            -2.930821,
            53.442398
        ]
    },
    "2800S46002A": {
        "common_name": "Lorenzo Drive",
        "coordinates": [
            -2.928339,
            53.44319
        ]
    },
    "2800S46003A": {
        "common_name": "Lewisham Road",
        "coordinates": [
            -2.923389,
            53.444748
        ]
    },
    "2800S46004A": {
        "common_name": "Stalisfield Avenue",
        "coordinates": [
            -2.919075,
            53.446444
        ]
    },
    "2800S46005B": {
        "common_name": "Carsington Road",
        "coordinates": [
            -2.91384,
            53.448785
        ]
    },
    "2800S46006A": {
        "common_name": "Worrow Road",
        "coordinates": [
            -2.908785,
            53.451089
        ]
    },
    "2800S46007B": {
        "common_name": "Stonebridge Lane",
        "coordinates": [
            -2.904515,
            53.45282
        ]
    },
    "2800S46008A": {
        "common_name": "Sceptre Road",
        "coordinates": [
            -2.899777,
            53.453818
        ]
    },
    "2800S46009A": {
        "common_name": "Cubert Road",
        "coordinates": [
            -2.898133,
            53.455826
        ]
    },
    "2800S46010A": {
        "common_name": "Trispen Road",
        "coordinates": [
            -2.896527,
            53.456808
        ]
    },
    "2800S46011A": {
        "common_name": "Tintagel Road",
        "coordinates": [
            -2.89489,
            53.45914
        ]
    },
    "2800S46012B": {
        "common_name": "Willow Way",
        "coordinates": [
            -2.895869,
            53.462009
        ]
    },
    "2800S52035A": {
        "common_name": "M57",
        "coordinates": [
            -2.880156,
            53.46404
        ]
    },
    "2800S52040A": {
        "common_name": "Old Farm Road",
        "coordinates": [
            -2.875371,
            53.466466
        ]
    },
    "2800S52042A": {
        "common_name": "Peatwood Avenue",
        "coordinates": [
            -2.87693,
            53.469035
        ]
    },
    "2800S52014D": {
        "common_name": "Broad Lane",
        "coordinates": [
            -2.881519,
            53.470197
        ]
    },
    "2800S52014A": {
        "common_name": "Bewley Drive",
        "coordinates": [
            -2.881667,
            53.470807
        ]
    },
    "2800S52015A": {
        "common_name": "Gaywood Green",
        "coordinates": [
            -2.878754,
            53.472725
        ]
    },
    "2800S52016A": {
        "common_name": "Broad Lane",
        "coordinates": [
            -2.877066,
            53.474903
        ]
    },
    "2800S52017B": {
        "common_name": "Hadleigh Road",
        "coordinates": [
            -2.876007,
            53.477626
        ]
    },
    "2800S52043B": {
        "common_name": "Simonswood Lane",
        "coordinates": [
            -2.873818,
            53.479637
        ]
    },
    "2800S52044A": {
        "common_name": "Westhead Avenue",
        "coordinates": [
            -2.876165,
            53.480879
        ]
    },
    "2800S52070A": {
        "common_name": "Wyllin Road",
        "coordinates": [
            -2.874696,
            53.482732
        ]
    },
    "2800S52064B": {
        "common_name": "Minstead Avenue",
        "coordinates": [
            -2.875149,
            53.484239
        ]
    },
    "2800S52063B": {
        "common_name": "Briery Hey Avenue",
        "coordinates": [
            -2.879565,
            53.484269
        ]
    },
    "2800S52008A": {
        "common_name": "County Road",
        "coordinates": [
            -2.886828,
            53.484225
        ]
    },
    "2800S52009A": {
        "common_name": "Old Hall Lane",
        "coordinates": [
            -2.890877,
            53.483269
        ]
    },
    "2800S52010B": {
        "common_name": "Kirkby Bus Station",
        "coordinates": [
            -2.889306,
            53.481689
        ]
    },
    "2800S52047A": {
        "common_name": "James Holt Avenue",
        "coordinates": [
            -2.894108,
            53.483595
        ]
    },
    "2800S52048A": {
        "common_name": "Whitefield Drive",
        "coordinates": [
            -2.900431,
            53.485408
        ]
    },
    "2800S52050B": {
        "common_name": "Deerbolt Crescent",
        "coordinates": [
            -2.900217,
            53.488808
        ]
    },
    "2800S52052B": {
        "common_name": "Bassenthwaite Avenue",
        "coordinates": [
            -2.891398,
            53.490141
        ]
    },
    "2800S52053A": {
        "common_name": "Conway Close",
        "coordinates": [
            -2.891435,
            53.493386
        ]
    },
    "2800S52054B": {
        "common_name": "St Paul's Close",
        "coordinates": [
            -2.893364,
            53.49552
        ]
    },
    "2800S52055B": {
        "common_name": "Ebony Way",
        "coordinates": [
            -2.889704,
            53.496374
        ]
    },
    "2800S52002B": {
        "common_name": "Highfield",
        "coordinates": [
            -2.884965,
            53.49827
        ]
    },
    "2800S52003A": {
        "common_name": "Moorfield",
        "coordinates": [
            -2.88062,
            53.498841
        ]
    },
    "2800S52056A": {
        "common_name": "Greenham Avenue",
        "coordinates": [
            -2.878838,
            53.497965
        ]
    }
}