{
    "2800S42021B": {
        "common_name": "James Street Station",
        "coordinates": [
            -2.991899,
            53.404845
        ]
    },
    "2800S42022A": {
        "common_name": "Castle Street",
        "coordinates": [
            -2.989353,
            53.405351
        ]
    },
    "2800S42079C": {
        "common_name": "Temple Street",
        "coordinates": [
            -2.987602,
            53.407002
        ]
    },
    "2800S42023C": {
        "common_name": "Queen Square Bus Station",
        "coordinates": [
            -2.982547,
            53.407697
        ]
    },
    "2800S42023F": {
        "common_name": "Queen Square Bus Station",
        "coordinates": [
            -2.982547,
            53.407697
        ]
    },
    "2800S42015G": {
        "common_name": "Greek Street",
        "coordinates": [
            -2.973015,
            53.409189
        ]
    },
    "2800S42016F": {
        "common_name": "Gildart Street",
        "coordinates": [
            -2.970474,
            53.409911
        ]
    },
    "2800S42027D": {
        "common_name": "Shaw Street",
        "coordinates": [
            -2.967244,
            53.412094
        ]
    },
    "2800S40020E": {
        "common_name": "Brunswick Road",
        "coordinates": [
            -2.962892,
            53.414601
        ]
    },
    "2800S40027B": {
        "common_name": "Plumpton Street",
        "coordinates": [
            -2.965648,
            53.41671
        ]
    },
    "2800S40028C": {
        "common_name": "Lloyd Close",
        "coordinates": [
            -2.967576,
            53.418752
        ]
    },
    "2800S40029B": {
        "common_name": "Lance Close",
        "coordinates": [
            -2.964343,
            53.420846
        ]
    },
    "2800S40030B": {
        "common_name": "Faraday Street",
        "coordinates": [
            -2.959735,
            53.422726
        ]
    },
    "2800S40031D": {
        "common_name": "Grasmere Street",
        "coordinates": [
            -2.95532,
            53.424451
        ]
    },
    "2800S40032C": {
        "common_name": "St Andrew Road",
        "coordinates": [
            -2.952407,
            53.426083
        ]
    },
    "2800S40033F": {
        "common_name": "Abbey Road",
        "coordinates": [
            -2.949329,
            53.428436
        ]
    },
    "2800S40034B": {
        "common_name": "Vicar Road",
        "coordinates": [
            -2.944566,
            53.430155
        ]
    },
    "2800S40035B": {
        "common_name": "Pinehurst Avenue",
        "coordinates": [
            -2.941252,
            53.432105
        ]
    },
    "2800S40168A": {
        "common_name": "Richard Kelly Drive",
        "coordinates": [
            -2.938843,
            53.433427
        ]
    },
    "2800S40036B": {
        "common_name": "Cherry Lane",
        "coordinates": [
            -2.935023,
            53.434922
        ]
    },
    "2800S40037C": {
        "common_name": "Sandyville Road",
        "coordinates": [
            -2.932752,
            53.437762
        ]
    },
    "2800S46001A": {
        "common_name": "Broad Lane",
        "coordinates": [
            -2.932723,
            53.44125
        ]
    },
    "2800S46013E": {
        "common_name": "Townsend Avenue",
        "coordinates": [
            -2.931441,
            53.442519
        ]
    },
    "2800S46002B": {
        "common_name": "Parthenon Drive",
        "coordinates": [
            -2.927822,
            53.443661
        ]
    },
    "2800S46003B": {
        "common_name": "Sedgemoor Road",
        "coordinates": [
            -2.922782,
            53.44522
        ]
    },
    "2800S46004B": {
        "common_name": "Scargreen Avenue",
        "coordinates": [
            -2.918664,
            53.446932
        ]
    },
    "2800S46005A": {
        "common_name": "Cottesbrook Road",
        "coordinates": [
            -2.914236,
            53.448971
        ]
    },
    "2800S46006B": {
        "common_name": "Oakgate Close",
        "coordinates": [
            -2.909908,
            53.450793
        ]
    },
    "2800S46007D": {
        "common_name": "Waterstone Close",
        "coordinates": [
            -2.90646,
            53.45223
        ]
    },
    "2800S46007C": {
        "common_name": "Standard Road",
        "coordinates": [
            -2.903121,
            53.453145
        ]
    },
    "2800S46008B": {
        "common_name": "Unicorn Road",
        "coordinates": [
            -2.899502,
            53.454332
        ]
    },
    "2800S46009B": {
        "common_name": "Cubert Road",
        "coordinates": [
            -2.898637,
            53.455453
        ]
    },
    "2800S46010B": {
        "common_name": "Mullion Road",
        "coordinates": [
            -2.896315,
            53.457457
        ]
    },
    "2800S46011B": {
        "common_name": "Newlyn Road",
        "coordinates": [
            -2.894809,
            53.459608
        ]
    },
    "2800S46012A": {
        "common_name": "Petherick Road",
        "coordinates": [
            -2.895207,
            53.462059
        ]
    },
    "2800S52034A": {
        "common_name": "M57",
        "coordinates": [
            -2.885516,
            53.463938
        ]
    },
    "2800S52040B": {
        "common_name": "Old Farm Road",
        "coordinates": [
            -2.875512,
            53.466744
        ]
    },
    "2800S52041A": {
        "common_name": "Moorgate Road",
        "coordinates": [
            -2.874273,
            53.468048
        ]
    },
    "2800S52042B": {
        "common_name": "Shirdley Avenue",
        "coordinates": [
            -2.879056,
            53.469127
        ]
    },
    "2800S52014C": {
        "common_name": "Broad Lane",
        "coordinates": [
            -2.881712,
            53.47006
        ]
    },
    "2800S52014B": {
        "common_name": "Bewley Drive",
        "coordinates": [
            -2.881446,
            53.471051
        ]
    },
    "2800S52015B": {
        "common_name": "Gaywood Green",
        "coordinates": [
            -2.878312,
            53.47324
        ]
    },
    "2800S52016B": {
        "common_name": "Lydbury Crescent",
        "coordinates": [
            -2.877695,
            53.475474
        ]
    },
    "2800S52017A": {
        "common_name": "Edgefold Road",
        "coordinates": [
            -2.876041,
            53.477814
        ]
    },
    "2800S52043C": {
        "common_name": "Westhead Walk",
        "coordinates": [
            -2.874499,
            53.479767
        ]
    },
    "2800S52044B": {
        "common_name": "Hargate Road",
        "coordinates": [
            -2.876184,
            53.481067
        ]
    },
    "2800S52070B": {
        "common_name": "Retford Road",
        "coordinates": [
            -2.874875,
            53.483378
        ]
    },
    "2800S52064C": {
        "common_name": "Minstead Avenue",
        "coordinates": [
            -2.875336,
            53.484543
        ]
    },
    "2800S52063A": {
        "common_name": "Briery Hey Avenue",
        "coordinates": [
            -2.880286,
            53.484156
        ]
    },
    "2800S52046A": {
        "common_name": "Cherryfield Drive",
        "coordinates": [
            -2.884463,
            53.480647
        ]
    },
    "2800S52010C": {
        "common_name": "Kirkby Bus Station",
        "coordinates": [
            -2.888989,
            53.481638
        ]
    }
}