{
    "2800S42021B": {
        "common_name": "James Street Station",
        "coordinates": [
            -2.991899,
            53.404845
        ]
    },
    "2800S42022A": {
        "common_name": "Castle Street",
        "coordinates": [
            -2.989353,
            53.405351
        ]
    },
    "2800S42079C": {
        "common_name": "Temple Street",
        "coordinates": [
            -2.987602,
            53.407002
        ]
    },
    "2800S42023C": {
        "common_name": "Queen Square Bus Station",
        "coordinates": [
            -2.982547,
            53.407697
        ]
    },
    "2800S42023F": {
        "common_name": "Queen Square Bus Station",
        "coordinates": [
            -2.982547,
            53.407697
        ]
    },
    "2800S42015G": {
        "common_name": "Greek Street",
        "coordinates": [
            -2.973015,
            53.409189
        ]
    },
    "2800S42016F": {
        "common_name": "Gildart Street",
        "coordinates": [
            -2.970474,
            53.409911
        ]
    },
    "2800S42027D": {
        "common_name": "Shaw Street",
        "coordinates": [
            -2.967244,
            53.412094
        ]
    },
    "2800S40020E": {
        "common_name": "Brunswick Road",
        "coordinates": [
            -2.962892,
            53.414601
        ]
    },
    "2800S40027B": {
        "common_name": "Plumpton Street",
        "coordinates": [
            -2.965648,
            53.41671
        ]
    },
    "2800S40028C": {
        "common_name": "Lloyd Close",
        "coordinates": [
            -2.967576,
            53.418752
        ]
    },
    "2800S40029B": {
        "common_name": "Lance Close",
        "coordinates": [
            -2.964343,
            53.420846
        ]
    },
    "2800S40030B": {
        "common_name": "Faraday Street",
        "coordinates": [
            -2.959735,
            53.422726
        ]
    },
    "2800S40031D": {
        "common_name": "Grasmere Street",
        "coordinates": [
            -2.95532,
            53.424451
        ]
    },
    "2800S40032C": {
        "common_name": "St Andrew Road",
        "coordinates": [
            -2.952407,
            53.426083
        ]
    },
    "2800S40033F": {
        "common_name": "Abbey Road",
        "coordinates": [
            -2.949329,
            53.428436
        ]
    },
    "2800S40034B": {
        "common_name": "Vicar Road",
        "coordinates": [
            -2.944566,
            53.430155
        ]
    },
    "2800S40035B": {
        "common_name": "Pinehurst Avenue",
        "coordinates": [
            -2.941252,
            53.432105
        ]
    },
    "2800S40168A": {
        "common_name": "Richard Kelly Drive",
        "coordinates": [
            -2.938843,
            53.433427
        ]
    },
    "2800S40036B": {
        "common_name": "Cherry Lane",
        "coordinates": [
            -2.935023,
            53.434922
        ]
    },
    "2800S40037C": {
        "common_name": "Sandyville Road",
        "coordinates": [
            -2.932752,
            53.437762
        ]
    },
    "2800S46001A": {
        "common_name": "Broad Lane",
        "coordinates": [
            -2.932723,
            53.44125
        ]
    },
    "2800S46013E": {
        "common_name": "Townsend Avenue",
        "coordinates": [
            -2.931441,
            53.442519
        ]
    },
    "2800S46002B": {
        "common_name": "Parthenon Drive",
        "coordinates": [
            -2.927822,
            53.443661
        ]
    },
    "2800S46003B": {
        "common_name": "Sedgemoor Road",
        "coordinates": [
            -2.922782,
            53.44522
        ]
    },
    "2800S46004B": {
        "common_name": "Scargreen Avenue",
        "coordinates": [
            -2.918664,
            53.446932
        ]
    },
    "2800S46005A": {
        "common_name": "Cottesbrook Road",
        "coordinates": [
            -2.914236,
            53.448971
        ]
    },
    "2800S46006B": {
        "common_name": "Oakgate Close",
        "coordinates": [
            -2.909908,
            53.450793
        ]
    },
    "2800S46007D": {
        "common_name": "Waterstone Close",
        "coordinates": [
            -2.90646,
            53.45223
        ]
    },
    "2800S46007C": {
        "common_name": "Standard Road",
        "coordinates": [
            -2.903121,
            53.453145
        ]
    },
    "2800S46008B": {
        "common_name": "Unicorn Road",
        "coordinates": [
            -2.899502,
            53.454332
        ]
    },
    "2800S46009B": {
        "common_name": "Cubert Road",
        "coordinates": [
            -2.898637,
            53.455453
        ]
    },
    "2800S46010B": {
        "common_name": "Mullion Road",
        "coordinates": [
            -2.896315,
            53.457457
        ]
    },
    "2800S46011B": {
        "common_name": "Newlyn Road",
        "coordinates": [
            -2.894809,
            53.459608
        ]
    },
    "2800S46012A": {
        "common_name": "Petherick Road",
        "coordinates": [
            -2.895207,
            53.462059
        ]
    },
    "2800S52034A": {
        "common_name": "M57",
        "coordinates": [
            -2.885516,
            53.463938
        ]
    },
    "2800S52040B": {
        "common_name": "Old Farm Road",
        "coordinates": [
            -2.875512,
            53.466744
        ]
    },
    "2800S52041B": {
        "common_name": "Bewley Drive",
        "coordinates": [
            -2.872568,
            53.468635
        ]
    },
    "2800S52057B": {
        "common_name": "Britonside Avenue",
        "coordinates": [
            -2.870885,
            53.470337
        ]
    },
    "2800S52172A": {
        "common_name": "Lindby Close",
        "coordinates": [
            -2.869046,
            53.473191
        ]
    },
    "2800S52019A": {
        "common_name": "Lees Road",
        "coordinates": [
            -2.864468,
            53.474807
        ]
    },
    "2800S52020B": {
        "common_name": "Kirkby Industrial Park",
        "coordinates": [
            -2.85851,
            53.473717
        ]
    },
    "2800S52019B": {
        "common_name": "Hornhouse Lane",
        "coordinates": [
            -2.864553,
            53.474554
        ]
    },
    "2800S52018A": {
        "common_name": "County Road",
        "coordinates": [
            -2.866449,
            53.475943
        ]
    },
    "2800S52023A": {
        "common_name": "Lees Road",
        "coordinates": [
            -2.862446,
            53.478336
        ]
    },
    "2800S52024B": {
        "common_name": "Charleywood Road",
        "coordinates": [
            -2.860931,
            53.478679
        ]
    },
    "2800S52027A": {
        "common_name": "Newsett Road",
        "coordinates": [
            -2.855811,
            53.4841
        ]
    },
    "2800S52028B": {
        "common_name": "Ashcroft Road",
        "coordinates": [
            -2.854412,
            53.486474
        ]
    },
    "2800S52101A": {
        "common_name": "Moss End Way",
        "coordinates": [
            -2.848064,
            53.487832
        ]
    },
    "2800S52030A": {
        "common_name": "Ashcroft Road",
        "coordinates": [
            -2.848961,
            53.485183
        ]
    },
    "2800S52031A": {
        "common_name": "Acornfield Road",
        "coordinates": [
            -2.849843,
            53.48257
        ]
    },
    "2800S52032A": {
        "common_name": "Kirkby Bank Road",
        "coordinates": [
            -2.850511,
            53.480561
        ]
    },
    "2800S52033A": {
        "common_name": "Charleywood Road",
        "coordinates": [
            -2.851848,
            53.476605
        ]
    },
    "2800S52100A": {
        "common_name": "Admin Road",
        "coordinates": [
            -2.856464,
            53.473858
        ]
    },
    "2800S52020D": {
        "common_name": "Admin Road",
        "coordinates": [
            -2.85852,
            53.473483
        ]
    }
}