{
    "2800S42018A": {
        "common_name": "Crosshall Street",
        "coordinates": [
            -2.986214,
            53.408802
        ]
    },
    "2800S42029D": {
        "common_name": "Victoria Street",
        "coordinates": [
            -2.985688,
            53.407494
        ]
    },
    "2800S42023F": {
        "common_name": "Queen Square Bus Station",
        "coordinates": [
            -2.982547,
            53.407697
        ]
    },
    "2800S42023J": {
        "common_name": "Queen Square Bus Station",
        "coordinates": [
            -2.982476,
            53.407584
        ]
    },
    "2800S42023A": {
        "common_name": "Queen Square Bus Station",
        "coordinates": [
            -2.982547,
            53.407697
        ]
    },
    "2800S42057D": {
        "common_name": "Wilde Street",
        "coordinates": [
            -2.975893,
            53.409399
        ]
    },
    "2800S42024A": {
        "common_name": "Lord Nelson Street",
        "coordinates": [
            -2.978909,
            53.408386
        ]
    },
    "2800S42015F": {
        "common_name": "Pembroke Place",
        "coordinates": [
            -2.972578,
            53.409157
        ]
    },
    "2800S42016E": {
        "common_name": "Falkland Street",
        "coordinates": [
            -2.969156,
            53.410155
        ]
    },
    "2800S42015C": {
        "common_name": "Greek Street",
        "coordinates": [
            -2.972875,
            53.40901
        ]
    },
    "2800S42027C": {
        "common_name": "Shaw Street",
        "coordinates": [
            -2.966871,
            53.412241
        ]
    },
    "2800S42016A": {
        "common_name": "Epworth Street",
        "coordinates": [
            -2.966484,
            53.410438
        ]
    },
    "2800S41023A": {
        "common_name": "Low Hill",
        "coordinates": [
            -2.963436,
            53.410687
        ]
    },
    "2800S40020A": {
        "common_name": "Nevin Street",
        "coordinates": [
            -2.961233,
            53.414399
        ]
    },
    "2800S40020B": {
        "common_name": "Caird Street",
        "coordinates": [
            -2.959325,
            53.415214
        ]
    },
    "2800S40021B": {
        "common_name": "Farnworth Street",
        "coordinates": [
            -2.95529,
            53.416406
        ]
    },
    "2800S40021C": {
        "common_name": "Hygeia Street",
        "coordinates": [
            -2.955924,
            53.416509
        ]
    },
    "2800S40022C": {
        "common_name": "Conwy Drive",
        "coordinates": [
            -2.951682,
            53.418557
        ]
    },
    "2800S40023B": {
        "common_name": "Ellel Grove",
        "coordinates": [
            -2.946292,
            53.421835
        ]
    },
    "2800S40022A": {
        "common_name": "Boundary Lane",
        "coordinates": [
            -2.951213,
            53.41847
        ]
    },
    "2800S40023A": {
        "common_name": "Sheil Road",
        "coordinates": [
            -2.948552,
            53.420568
        ]
    },
    "2800S40024C": {
        "common_name": "Belmont Drive",
        "coordinates": [
            -2.941711,
            53.422195
        ]
    },
    "2800S40024E": {
        "common_name": "Grange Street",
        "coordinates": [
            -2.941237,
            53.422532
        ]
    },
    "2800S40025E": {
        "common_name": "Windsor Road",
        "coordinates": [
            -2.935427,
            53.424368
        ]
    },
    "2800S40025B": {
        "common_name": "New Road",
        "coordinates": [
            -2.934683,
            53.423974
        ]
    },
    "2800S40026G": {
        "common_name": "Green Lane",
        "coordinates": [
            -2.930077,
            53.424728
        ]
    },
    "2800S40026E": {
        "common_name": "Victoria Road",
        "coordinates": [
            -2.931071,
            53.4254
        ]
    },
    "2800S41040B": {
        "common_name": "Delmain Road",
        "coordinates": [
            -2.925494,
            53.426574
        ]
    },
    "2800S41040A": {
        "common_name": "Bankfield Road",
        "coordinates": [
            -2.924784,
            53.426462
        ]
    },
    "2800S41041B": {
        "common_name": "Queens Drive",
        "coordinates": [
            -2.916605,
            53.426849
        ]
    },
    "2800S44050A": {
        "common_name": "Trefula Park",
        "coordinates": [
            -2.912911,
            53.428648
        ]
    },
    "2800S41041C": {
        "common_name": "Queens Drive",
        "coordinates": [
            -2.919012,
            53.426813
        ]
    },
    "2800S44050B": {
        "common_name": "Trefula Park",
        "coordinates": [
            -2.912536,
            53.428705
        ]
    },
    "2800S44079B": {
        "common_name": "Eaton Road",
        "coordinates": [
            -2.909192,
            53.429989
        ]
    },
    "2800S44079A": {
        "common_name": "Eaton Road",
        "coordinates": [
            -2.909736,
            53.430057
        ]
    },
    "2800S44080B": {
        "common_name": "Norris Green Road",
        "coordinates": [
            -2.906151,
            53.428511
        ]
    },
    "2800S44081B": {
        "common_name": "Aysgarth Avenue",
        "coordinates": [
            -2.903514,
            53.426257
        ]
    },
    "2800S44082B": {
        "common_name": "Alvanley Road",
        "coordinates": [
            -2.901654,
            53.424392
        ]
    },
    "2800S44080A": {
        "common_name": "Sandforth Road",
        "coordinates": [
            -2.907247,
            53.429078
        ]
    },
    "2800S44081A": {
        "common_name": "North Drive",
        "coordinates": [
            -2.904414,
            53.426816
        ]
    },
    "2800S44083B": {
        "common_name": "Queenscourt Road",
        "coordinates": [
            -2.899805,
            53.423058
        ]
    },
    "2800S44190A": {
        "common_name": "Honeys Green Lane",
        "coordinates": [
            -2.896059,
            53.420956
        ]
    },
    "2800S44082A": {
        "common_name": "Central Drive",
        "coordinates": [
            -2.90185,
            53.424427
        ]
    },
    "2800S44003B": {
        "common_name": "Eaton Road",
        "coordinates": [
            -2.892023,
            53.418649
        ]
    },
    "2800S44083A": {
        "common_name": "Queenscourt Road",
        "coordinates": [
            -2.900242,
            53.423108
        ]
    },
    "2800S44025B": {
        "common_name": "Alder Road",
        "coordinates": [
            -2.897334,
            53.421494
        ]
    },
    "2800S44107A": {
        "common_name": "East Prescot Road",
        "coordinates": [
            -2.893943,
            53.419084
        ]
    },
    "2800S44004A": {
        "common_name": "Newenham Cresent",
        "coordinates": [
            -2.887833,
            53.418174
        ]
    },
    "2800S44004B": {
        "common_name": "Newenham Crescent",
        "coordinates": [
            -2.887535,
            53.41811
        ]
    },
    "2800S44084B": {
        "common_name": "Dovecot Avenue",
        "coordinates": [
            -2.882214,
            53.416564
        ]
    },
    "2800S44084A": {
        "common_name": "Swanside Road",
        "coordinates": [
            -2.881151,
            53.416069
        ]
    },
    "2800S44085B": {
        "common_name": "Adcote Road",
        "coordinates": [
            -2.876287,
            53.414406
        ]
    },
    "2800S44085A": {
        "common_name": "Adcote Close",
        "coordinates": [
            -2.87786,
            53.414826
        ]
    },
    "2800S44086A": {
        "common_name": "Pilch Lane East",
        "coordinates": [
            -2.870701,
            53.412757
        ]
    },
    "2800S44086B": {
        "common_name": "Page Moss Lane",
        "coordinates": [
            -2.871618,
            53.412687
        ]
    },
    "2800S44087B": {
        "common_name": "Ancroft Road",
        "coordinates": [
            -2.86935,
            53.415086
        ]
    },
    "2800S44087A": {
        "common_name": "Easton Road",
        "coordinates": [
            -2.868092,
            53.415391
        ]
    },
    "2800S44088A": {
        "common_name": "Westwick Place",
        "coordinates": [
            -2.863277,
            53.414617
        ]
    },
    "2800S44088B": {
        "common_name": "Windsor Road",
        "coordinates": [
            -2.865165,
            53.415008
        ]
    },
    "2800S44089B": {
        "common_name": "Beechburn Crescent",
        "coordinates": [
            -2.861096,
            53.414642
        ]
    },
    "2800S44089A": {
        "common_name": "Ashbourne Crescent",
        "coordinates": [
            -2.860309,
            53.414405
        ]
    },
    "2800S44090B": {
        "common_name": "Woodlands Road",
        "coordinates": [
            -2.857615,
            53.414397
        ]
    },
    "2800S44091B": {
        "common_name": "Sergrim Road",
        "coordinates": [
            -2.852203,
            53.413825
        ]
    },
    "2800S44090A": {
        "common_name": "Forest Drive",
        "coordinates": [
            -2.855699,
            53.414106
        ]
    },
    "2800S44091A": {
        "common_name": "Sergrim Road",
        "coordinates": [
            -2.851188,
            53.413509
        ]
    },
    "2800S44038B": {
        "common_name": "Kingsway",
        "coordinates": [
            -2.84719,
            53.412944
        ]
    },
    "2800S44038A": {
        "common_name": "Kingsway",
        "coordinates": [
            -2.847374,
            53.413131
        ]
    },
    "2800S44039B": {
        "common_name": "Stanley Road",
        "coordinates": [
            -2.843477,
            53.412341
        ]
    },
    "2800S44049A": {
        "common_name": "Westmorland Road",
        "coordinates": [
            -2.841163,
            53.410173
        ]
    },
    "2800S44040D": {
        "common_name": "Huyton Town Centre",
        "coordinates": [
            -2.841117,
            53.41242
        ]
    },
    "2800S44041D": {
        "common_name": "Archway Road",
        "coordinates": [
            -2.838315,
            53.413015
        ]
    },
    "2800S44188A": {
        "common_name": "Huyton Bus Station",
        "coordinates": [
            -2.838962,
            53.409998
        ]
    },
    "2800S44188F": {
        "common_name": "Huyton Bus Station",
        "coordinates": [
            -2.838361,
            53.410004
        ]
    }
}