{
    "2800S42018A": {
        "common_name": "Crosshall Street",
        "coordinates": [
            -2.986214,
            53.408802
        ]
    },
    "2800S42023J": {
        "common_name": "Queen Square Bus Station",
        "coordinates": [
            -2.982476,
            53.407584
        ]
    },
    "2800S42024A": {
        "common_name": "Lord Nelson Street",
        "coordinates": [
            -2.978909,
            53.408386
        ]
    },
    "2800S42015C": {
        "common_name": "Greek Street",
        "coordinates": [
            -2.972875,
            53.40901
        ]
    },
    "2800S42016A": {
        "common_name": "Epworth Street",
        "coordinates": [
            -2.966484,
            53.410438
        ]
    },
    "2800S41023A": {
        "common_name": "Low Hill",
        "coordinates": [
            -2.963436,
            53.410687
        ]
    },
    "2800S40020A": {
        "common_name": "Nevin Street",
        "coordinates": [
            -2.961233,
            53.414399
        ]
    },
    "2800S40021B": {
        "common_name": "Farnworth Street",
        "coordinates": [
            -2.95529,
            53.416406
        ]
    },
    "2800S40022A": {
        "common_name": "Boundary Lane",
        "coordinates": [
            -2.951213,
            53.41847
        ]
    },
    "2800S40023A": {
        "common_name": "Sheil Road",
        "coordinates": [
            -2.948552,
            53.420568
        ]
    },
    "2800S40024C": {
        "common_name": "Belmont Drive",
        "coordinates": [
            -2.941711,
            53.422195
        ]
    },
    "2800S40025B": {
        "common_name": "New Road",
        "coordinates": [
            -2.934683,
            53.423974
        ]
    },
    "2800S40026G": {
        "common_name": "Green Lane",
        "coordinates": [
            -2.930077,
            53.424728
        ]
    },
    "2800S40026D": {
        "common_name": "Santon Avenue",
        "coordinates": [
            -2.929274,
            53.424621
        ]
    },
    "2800S41040A": {
        "common_name": "Bankfield Road",
        "coordinates": [
            -2.924784,
            53.426462
        ]
    },
    "2800S41041C": {
        "common_name": "Queens Drive",
        "coordinates": [
            -2.919012,
            53.426813
        ]
    },
    "2800S44050B": {
        "common_name": "Trefula Park",
        "coordinates": [
            -2.912536,
            53.428705
        ]
    },
    "2800S44079B": {
        "common_name": "Eaton Road",
        "coordinates": [
            -2.909192,
            53.429989
        ]
    },
    "2800S44080A": {
        "common_name": "Sandforth Road",
        "coordinates": [
            -2.907247,
            53.429078
        ]
    },
    "2800S44081A": {
        "common_name": "North Drive",
        "coordinates": [
            -2.904414,
            53.426816
        ]
    },
    "2800S44082A": {
        "common_name": "Central Drive",
        "coordinates": [
            -2.90185,
            53.424427
        ]
    },
    "2800S44083A": {
        "common_name": "Queenscourt Road",
        "coordinates": [
            -2.900242,
            53.423108
        ]
    },
    "2800S44025B": {
        "common_name": "Alder Road",
        "coordinates": [
            -2.897334,
            53.421494
        ]
    },
    "2800S44107A": {
        "common_name": "East Prescot Road",
        "coordinates": [
            -2.893943,
            53.419084
        ]
    },
    "2800S44004A": {
        "common_name": "Newenham Cresent",
        "coordinates": [
            -2.887833,
            53.418174
        ]
    },
    "2800S44084A": {
        "common_name": "Swanside Road",
        "coordinates": [
            -2.881151,
            53.416069
        ]
    },
    "2800S44085A": {
        "common_name": "Adcote Close",
        "coordinates": [
            -2.87786,
            53.414826
        ]
    },
    "2800S44086A": {
        "common_name": "Pilch Lane East",
        "coordinates": [
            -2.870701,
            53.412757
        ]
    },
    "2800S44087A": {
        "common_name": "Easton Road",
        "coordinates": [
            -2.868092,
            53.415391
        ]
    },
    "2800S44088A": {
        "common_name": "Westwick Place",
        "coordinates": [
            -2.863277,
            53.414617
        ]
    },
    "2800S44089A": {
        "common_name": "Ashbourne Crescent",
        "coordinates": [
            -2.860309,
            53.414405
        ]
    },
    "2800S44090A": {
        "common_name": "Forest Drive",
        "coordinates": [
            -2.855699,
            53.414106
        ]
    },
    "2800S44091A": {
        "common_name": "Sergrim Road",
        "coordinates": [
            -2.851188,
            53.413509
        ]
    },
    "2800S44038B": {
        "common_name": "Kingsway",
        "coordinates": [
            -2.84719,
            53.412944
        ]
    },
    "2800S44040D": {
        "common_name": "Huyton Town Centre",
        "coordinates": [
            -2.841117,
            53.41242
        ]
    },
    "2800S44041D": {
        "common_name": "Archway Road",
        "coordinates": [
            -2.838315,
            53.413015
        ]
    },
    "2800S44188F": {
        "common_name": "Huyton Bus Station",
        "coordinates": [
            -2.838361,
            53.410004
        ]
    }
}