{
    "2800S42098D": {
        "common_name": "Liverpool ONE Bus Station",
        "coordinates": [
            -2.987977,
            53.401987
        ]
    },
    "2800S42098E": {
        "common_name": "Liverpool ONE Bus Station",
        "coordinates": [
            -2.988026,
            53.40205
        ]
    },
    "2800S42021C": {
        "common_name": "James Street Station",
        "coordinates": [
            -2.991735,
            53.404918
        ]
    },
    "2800S42022B": {
        "common_name": "North John Street",
        "coordinates": [
            -2.988783,
            53.405383
        ]
    },
    "2800S42004C": {
        "common_name": "Mann Island",
        "coordinates": [
            -2.993597,
            53.404759
        ]
    },
    "2800S42011B": {
        "common_name": "Old Hall Street",
        "coordinates": [
            -2.99289,
            53.407992
        ]
    },
    "2800S42012A": {
        "common_name": "Bixteth Street",
        "coordinates": [
            -2.990839,
            53.40906
        ]
    },
    "2800S42012D": {
        "common_name": "Smithfield Street",
        "coordinates": [
            -2.988972,
            53.410307
        ]
    },
    "2800S42013B": {
        "common_name": "Johnson Street",
        "coordinates": [
            -2.986194,
            53.411193
        ]
    },
    "2800S42023F": {
        "common_name": "Queen Square Bus Station",
        "coordinates": [
            -2.982547,
            53.407697
        ]
    },
    "2800S42023A": {
        "common_name": "Queen Square Bus Station",
        "coordinates": [
            -2.982547,
            53.407697
        ]
    },
    "2800S42057D": {
        "common_name": "Wilde Street",
        "coordinates": [
            -2.975893,
            53.409399
        ]
    },
    "2800S42015F": {
        "common_name": "Pembroke Place",
        "coordinates": [
            -2.972578,
            53.409157
        ]
    },
    "2800S42016E": {
        "common_name": "Falkland Street",
        "coordinates": [
            -2.969156,
            53.410155
        ]
    },
    "2800S42027C": {
        "common_name": "Shaw Street",
        "coordinates": [
            -2.966871,
            53.412241
        ]
    },
    "2800S40020B": {
        "common_name": "Caird Street",
        "coordinates": [
            -2.959325,
            53.415214
        ]
    },
    "2800S40021C": {
        "common_name": "Hygeia Street",
        "coordinates": [
            -2.955924,
            53.416509
        ]
    },
    "2800S40022C": {
        "common_name": "Conwy Drive",
        "coordinates": [
            -2.951682,
            53.418557
        ]
    },
    "2800S40023B": {
        "common_name": "Ellel Grove",
        "coordinates": [
            -2.946292,
            53.421835
        ]
    },
    "2800S40024E": {
        "common_name": "Grange Street",
        "coordinates": [
            -2.941237,
            53.422532
        ]
    },
    "2800S40025E": {
        "common_name": "Windsor Road",
        "coordinates": [
            -2.935427,
            53.424368
        ]
    },
    "2800S40026A": {
        "common_name": "Lisburn Lane",
        "coordinates": [
            -2.92886,
            53.426377
        ]
    },
    "2800S40067A": {
        "common_name": "Delamain Road",
        "coordinates": [
            -2.927166,
            53.428736
        ]
    },
    "2800S40068A": {
        "common_name": "Adshead Road",
        "coordinates": [
            -2.924926,
            53.430938
        ]
    },
    "2800S40068C": {
        "common_name": "Queens Drive",
        "coordinates": [
            -2.923964,
            53.432365
        ]
    },
    "2800S46033B": {
        "common_name": "Altham Road",
        "coordinates": [
            -2.921751,
            53.434459
        ]
    },
    "2800S46034D": {
        "common_name": "Lorenzo Drive",
        "coordinates": [
            -2.918004,
            53.436582
        ]
    },
    "2800S46035B": {
        "common_name": "Lewisham Road",
        "coordinates": [
            -2.913488,
            53.438693
        ]
    },
    "2800S46036B": {
        "common_name": "Stalisfield Avenue",
        "coordinates": [
            -2.910332,
            53.440371
        ]
    },
    "2800S46037B": {
        "common_name": "Wingrave Way",
        "coordinates": [
            -2.906833,
            53.44216
        ]
    },
    "2800S46085B": {
        "common_name": "Marshgate Road",
        "coordinates": [
            -2.90303,
            53.443887
        ]
    },
    "2800S46095A": {
        "common_name": "Croxteth Hall Lane",
        "coordinates": [
            -2.898725,
            53.446751
        ]
    },
    "2800S46086B": {
        "common_name": "Abbeyfield Drive",
        "coordinates": [
            -2.895686,
            53.448302
        ]
    },
    "2800S46096B": {
        "common_name": "Grayling Drive",
        "coordinates": [
            -2.88947,
            53.449149
        ]
    },
    "2800S46097B": {
        "common_name": "Crompton Drive",
        "coordinates": [
            -2.886407,
            53.449594
        ]
    },
    "2800S46098B": {
        "common_name": "Langley Close",
        "coordinates": [
            -2.880336,
            53.449441
        ]
    },
    "2800S46157A": {
        "common_name": "Mullwood Close",
        "coordinates": [
            -2.876707,
            53.448713
        ]
    },
    "2800S46152B": {
        "common_name": "Verwood Drive",
        "coordinates": [
            -2.871653,
            53.451896
        ]
    },
    "2800S46149B": {
        "common_name": "Nightingale Road",
        "coordinates": [
            -2.87535,
            53.453748
        ]
    },
    "2800S46148A": {
        "common_name": "Woodvale Road",
        "coordinates": [
            -2.878925,
            53.453335
        ]
    },
    "2800S46173A": {
        "common_name": "Measham Way",
        "coordinates": [
            -2.884419,
            53.453204
        ]
    },
    "2800S46147B": {
        "common_name": "Veronica Close",
        "coordinates": [
            -2.888128,
            53.451981
        ]
    },
    "2800S46146B": {
        "common_name": "Crucian Way",
        "coordinates": [
            -2.891121,
            53.451087
        ]
    },
    "2800S46086A": {
        "common_name": "Fir Tree Drive South",
        "coordinates": [
            -2.895426,
            53.448107
        ]
    },
    "2800S46095B": {
        "common_name": "Croxteth Hall Lane",
        "coordinates": [
            -2.89842,
            53.446601
        ]
    },
    "2800S46085A": {
        "common_name": "Kents Bank",
        "coordinates": [
            -2.902535,
            53.443936
        ]
    },
    "2800S46037A": {
        "common_name": "Kerman Close",
        "coordinates": [
            -2.907346,
            53.441509
        ]
    },
    "2800S46036A": {
        "common_name": "Meadow Lane",
        "coordinates": [
            -2.909667,
            53.440242
        ]
    },
    "2800S46035A": {
        "common_name": "Marldon Road",
        "coordinates": [
            -2.912913,
            53.438545
        ]
    },
    "2800S46034A": {
        "common_name": "Almonds Green",
        "coordinates": [
            -2.916993,
            53.436464
        ]
    },
    "2800S46033A": {
        "common_name": "Liddell Road",
        "coordinates": [
            -2.921558,
            53.433858
        ]
    },
    "2800S40068E": {
        "common_name": "Culme Road",
        "coordinates": [
            -2.92325,
            53.432083
        ]
    },
    "2800S40067B": {
        "common_name": "Delamain Road",
        "coordinates": [
            -2.927098,
            53.427685
        ]
    },
    "2800S40026D": {
        "common_name": "Santon Avenue",
        "coordinates": [
            -2.929274,
            53.424621
        ]
    },
    "2800S40026G": {
        "common_name": "Green Lane",
        "coordinates": [
            -2.930077,
            53.424728
        ]
    },
    "2800S40025B": {
        "common_name": "New Road",
        "coordinates": [
            -2.934427,
            53.423785
        ]
    },
    "2800S40024C": {
        "common_name": "Belmont Drive",
        "coordinates": [
            -2.941711,
            53.422195
        ]
    },
    "2800S40023A": {
        "common_name": "Sheil Road",
        "coordinates": [
            -2.948552,
            53.420568
        ]
    },
    "2800S40022A": {
        "common_name": "Boundary Lane",
        "coordinates": [
            -2.951213,
            53.41847
        ]
    },
    "2800S40021B": {
        "common_name": "Farnworth Street",
        "coordinates": [
            -2.95529,
            53.416406
        ]
    },
    "2800S40020A": {
        "common_name": "Nevin Street",
        "coordinates": [
            -2.961233,
            53.414399
        ]
    },
    "2800S41023A": {
        "common_name": "Low Hill",
        "coordinates": [
            -2.963436,
            53.410687
        ]
    },
    "2800S42016A": {
        "common_name": "Epworth Street",
        "coordinates": [
            -2.966484,
            53.410438
        ]
    },
    "2800S42015C": {
        "common_name": "Greek Street",
        "coordinates": [
            -2.972875,
            53.40901
        ]
    },
    "2800S42024A": {
        "common_name": "Lord Nelson Street",
        "coordinates": [
            -2.978909,
            53.408386
        ]
    },
    "2800S42023J": {
        "common_name": "Queen Square Bus Station",
        "coordinates": [
            -2.982476,
            53.407584
        ]
    },
    "2800S42055A": {
        "common_name": "Dale Street",
        "coordinates": [
            -2.985745,
            53.408662
        ]
    },
    "2800S42069A": {
        "common_name": "Moorefields",
        "coordinates": [
            -2.988571,
            53.407929
        ]
    },
    "2800S42020A": {
        "common_name": "Fenwick Street",
        "coordinates": [
            -2.992614,
            53.406493
        ]
    },
    "2800S42098F": {
        "common_name": "Liverpool ONE Bus Station",
        "coordinates": [
            -2.987482,
            53.401896
        ]
    }
}