{
    "2800S48190C": {
        "common_name": "Morrisons",
        "coordinates": [
            -2.838523,
            53.345543
        ]
    },
    "2800S48190A": {
        "common_name": "Morrisons",
        "coordinates": [
            -2.837937,
            53.345566
        ]
    },
    "2800S48191A": {
        "common_name": "All Hallows Drive",
        "coordinates": [
            -2.833414,
            53.345462
        ]
    },
    "2800S48012E": {
        "common_name": "East Mill Wood Road",
        "coordinates": [
            -2.828996,
            53.345349
        ]
    },
    "2800S48011B": {
        "common_name": "Alder Wood Avenue",
        "coordinates": [
            -2.829246,
            53.342795
        ]
    },
    "2800S48009B": {
        "common_name": "Heath Gate Avenue",
        "coordinates": [
            -2.829438,
            53.341032
        ]
    },
    "2800S48191B": {
        "common_name": "Oldbridge Road",
        "coordinates": [
            -2.833125,
            53.345276
        ]
    },
    "2800S48078A": {
        "common_name": "Eastern Avenue",
        "coordinates": [
            -2.829585,
            53.345543
        ]
    },
    "2800S48009A": {
        "common_name": "Eastern Avenue",
        "coordinates": [
            -2.830226,
            53.340649
        ]
    },
    "2800S48052A": {
        "common_name": "Oldbridge Road",
        "coordinates": [
            -2.83403,
            53.340874
        ]
    },
    "2800S48011A": {
        "common_name": "Alder Wood Avenue",
        "coordinates": [
            -2.829488,
            53.342865
        ]
    },
    "2800S48009C": {
        "common_name": "Central Way",
        "coordinates": [
            -2.829635,
            53.341156
        ]
    },
    "2800S48008A": {
        "common_name": "Little Heath Road",
        "coordinates": [
            -2.83636,
            53.340965
        ]
    },
    "2800S48007A": {
        "common_name": "Parade Crescent",
        "coordinates": [
            -2.840563,
            53.340837
        ]
    },
    "2800S48052B": {
        "common_name": "Oldbridge Road",
        "coordinates": [
            -2.832081,
            53.341013
        ]
    },
    "2800S48008B": {
        "common_name": "Little Heath Road",
        "coordinates": [
            -2.835688,
            53.341132
        ]
    },
    "2800S48006A": {
        "common_name": "Harefield Road",
        "coordinates": [
            -2.844257,
            53.34153
        ]
    },
    "2800S48054A": {
        "common_name": "Lovel Road",
        "coordinates": [
            -2.848229,
            53.341897
        ]
    },
    "2800S48193A": {
        "common_name": "Parade Crescent",
        "coordinates": [
            -2.839948,
            53.340895
        ]
    },
    "2800S48090A": {
        "common_name": "Conleach Road",
        "coordinates": [
            -2.843916,
            53.341784
        ]
    },
    "2800S48005A": {
        "common_name": "Tewit Hall Road",
        "coordinates": [
            -2.851341,
            53.34281
        ]
    },
    "2800S48004A": {
        "common_name": "Blackrod Avenue",
        "coordinates": [
            -2.850652,
            53.345143
        ]
    },
    "2800S48054B": {
        "common_name": "Lovel Road",
        "coordinates": [
            -2.847798,
            53.342107
        ]
    },
    "2800S48005B": {
        "common_name": "Central Avenue",
        "coordinates": [
            -2.850977,
            53.342642
        ]
    },
    "2800S48004B": {
        "common_name": "Stapleton Avenue",
        "coordinates": [
            -2.850442,
            53.344425
        ]
    },
    "2800S48025A": {
        "common_name": "Bray Road",
        "coordinates": [
            -2.850175,
            53.346863
        ]
    },
    "2800S48003D": {
        "common_name": "Western Avenue",
        "coordinates": [
            -2.852129,
            53.34844
        ]
    },
    "2800S48025B": {
        "common_name": "Tarbock Road",
        "coordinates": [
            -2.84971,
            53.346885
        ]
    },
    "2800S48002A": {
        "common_name": "Woodend Lane",
        "coordinates": [
            -2.85538,
            53.348732
        ]
    },
    "2800S48022A": {
        "common_name": "Longman Drive",
        "coordinates": [
            -2.858646,
            53.349023
        ]
    },
    "2800S48001A": {
        "common_name": "Speke Hall Avenue",
        "coordinates": [
            -2.866997,
            53.349718
        ]
    },
    "2800S48045A": {
        "common_name": "Estuary Boulevard",
        "coordinates": [
            -2.875367,
            53.349072
        ]
    },
    "2800S48003B": {
        "common_name": "Woodend Avenue",
        "coordinates": [
            -2.851623,
            53.348642
        ]
    },
    "2800S48002B": {
        "common_name": "Woodend Lane",
        "coordinates": [
            -2.854272,
            53.348892
        ]
    },
    "2800S43021A": {
        "common_name": "New Mersey Shopping Park",
        "coordinates": [
            -2.879173,
            53.348604
        ]
    },
    "2800S43071A": {
        "common_name": "Banks Road",
        "coordinates": [
            -2.881864,
            53.349456
        ]
    },
    "2800S48022B": {
        "common_name": "Evans Road",
        "coordinates": [
            -2.858515,
            53.349249
        ]
    },
    "2800S48001B": {
        "common_name": "Speke Hall Road",
        "coordinates": [
            -2.867395,
            53.350074
        ]
    },
    "2800S43199A": {
        "common_name": "Skyhawk Avenue",
        "coordinates": [
            -2.885744,
            53.348915
        ]
    },
    "2800S48045B": {
        "common_name": "New Mersey Retail Park",
        "coordinates": [
            -2.875387,
            53.349333
        ]
    },
    "2800S43021B": {
        "common_name": "New Mersey Shopping Park",
        "coordinates": [
            -2.879029,
            53.348919
        ]
    },
    "2800S43015A": {
        "common_name": "Banks Lane",
        "coordinates": [
            -2.890727,
            53.348006
        ]
    },
    "2800S43014A": {
        "common_name": "Aston Street",
        "coordinates": [
            -2.89464,
            53.349774
        ]
    },
    "2800S43071B": {
        "common_name": "Blackburne Street",
        "coordinates": [
            -2.882454,
            53.350359
        ]
    },
    "2800S43199B": {
        "common_name": "Logfield Drive",
        "coordinates": [
            -2.88649,
            53.348693
        ]
    },
    "2800S43013A": {
        "common_name": "Harbour Drive",
        "coordinates": [
            -2.896978,
            53.350952
        ]
    },
    "2800S43015C": {
        "common_name": "Vesuvian Drive",
        "coordinates": [
            -2.890199,
            53.347911
        ]
    },
    "2800S43014B": {
        "common_name": "Aston Street",
        "coordinates": [
            -2.894795,
            53.350007
        ]
    },
    "2800S43063A": {
        "common_name": "St Marys Road",
        "coordinates": [
            -2.897051,
            53.352992
        ]
    },
    "2800S43160B": {
        "common_name": "Sidwell Street",
        "coordinates": [
            -2.896932,
            53.354494
        ]
    },
    "2800S43013B": {
        "common_name": "Harbour Drive",
        "coordinates": [
            -2.896283,
            53.350769
        ]
    },
    "2800S43063B": {
        "common_name": "Speke Road",
        "coordinates": [
            -2.897012,
            53.352588
        ]
    },
    "2800S43191A": {
        "common_name": "Shrewsbury Road",
        "coordinates": [
            -2.89595,
            53.35567
        ]
    },
    "2800S43065C": {
        "common_name": "Island Road",
        "coordinates": [
            -2.89356,
            53.357018
        ]
    },
    "2800S43160A": {
        "common_name": "Woolton Road",
        "coordinates": [
            -2.896754,
            53.354576
        ]
    },
    "2800S43065B": {
        "common_name": "Horrocks Avenue",
        "coordinates": [
            -2.893362,
            53.35693
        ]
    },
    "2800S43201D": {
        "common_name": "Liverpool South Parkway",
        "coordinates": [
            -2.890154,
            53.358006
        ]
    },
    "2800S43201C": {
        "common_name": "Liverpool South Parkway",
        "coordinates": [
            -2.889945,
            53.35807
        ]
    },
    "2800S43066C": {
        "common_name": "Liverpool South Parkway",
        "coordinates": [
            -2.891535,
            53.357914
        ]
    },
    "2800S43066B": {
        "common_name": "Cardwell Road",
        "coordinates": [
            -2.894537,
            53.358503
        ]
    },
    "2800S43127A": {
        "common_name": "Dinesan Road",
        "coordinates": [
            -2.896704,
            53.360078
        ]
    },
    "2800S43126A": {
        "common_name": "Whitehedge Road",
        "coordinates": [
            -2.90121,
            53.362858
        ]
    },
    "2800S43202A": {
        "common_name": "Garfourth Road",
        "coordinates": [
            -2.893054,
            53.358011
        ]
    },
    "2800S43127B": {
        "common_name": "Dinesen Road",
        "coordinates": [
            -2.896378,
            53.360296
        ]
    },
    "2800S43125A": {
        "common_name": "Ravenstone Road",
        "coordinates": [
            -2.904622,
            53.365025
        ]
    },
    "2800S43126B": {
        "common_name": "Shirley Road",
        "coordinates": [
            -2.901219,
            53.363262
        ]
    },
    "2800S43125B": {
        "common_name": "Stairhaven Road",
        "coordinates": [
            -2.904098,
            53.365092
        ]
    },
    "2800S43124A": {
        "common_name": "West Allerton Station",
        "coordinates": [
            -2.910717,
            53.369635
        ]
    },
    "2800S43123A": {
        "common_name": "Brynmor Road",
        "coordinates": [
            -2.912852,
            53.371767
        ]
    },
    "2800S43124B": {
        "common_name": "West Allerton Station",
        "coordinates": [
            -2.909394,
            53.36889
        ]
    },
    "2800S43123B": {
        "common_name": "Lismore Road",
        "coordinates": [
            -2.912525,
            53.371949
        ]
    },
    "2800S43122A": {
        "common_name": "Cooper Avenue North",
        "coordinates": [
            -2.914817,
            53.374386
        ]
    },
    "2800S43047D": {
        "common_name": "Mossley Hill Station",
        "coordinates": [
            -2.916772,
            53.378658
        ]
    },
    "2800S43122B": {
        "common_name": "Benmore Road",
        "coordinates": [
            -2.91443,
            53.374568
        ]
    },
    "2800S43047A": {
        "common_name": "Rose Lane",
        "coordinates": [
            -2.916376,
            53.3777
        ]
    },
    "2800S43046C": {
        "common_name": "Ribbledale Road",
        "coordinates": [
            -2.913232,
            53.380402
        ]
    },
    "2800S43045D": {
        "common_name": "Rose Lane",
        "coordinates": [
            -2.912255,
            53.381812
        ]
    },
    "2800S43046B": {
        "common_name": "Mossley Hill Station",
        "coordinates": [
            -2.91412,
            53.379775
        ]
    },
    "2800S43045C": {
        "common_name": "Rose Lane",
        "coordinates": [
            -2.911888,
            53.381536
        ]
    },
    "2800S43076A": {
        "common_name": "Gorsedale Road",
        "coordinates": [
            -2.914628,
            53.383808
        ]
    },
    "2800S43121B": {
        "common_name": "Elm Hall Drive",
        "coordinates": [
            -2.912405,
            53.386737
        ]
    },
    "2800S43076B": {
        "common_name": "Meredale Road",
        "coordinates": [
            -2.914814,
            53.384076
        ]
    },
    "2800S43121A": {
        "common_name": "Elm Hall Drive",
        "coordinates": [
            -2.913666,
            53.385927
        ]
    },
    "2800S43017D": {
        "common_name": "Devondale Road",
        "coordinates": [
            -2.913393,
            53.388626
        ]
    },
    "2800S43037A": {
        "common_name": "Calton Avenue",
        "coordinates": [
            -2.917159,
            53.388975
        ]
    },
    "2800S43017F": {
        "common_name": "Plattsville Road",
        "coordinates": [
            -2.913654,
            53.388885
        ]
    },
    "2800S43036B": {
        "common_name": "Crawford Avenue",
        "coordinates": [
            -2.922743,
            53.389893
        ]
    },
    "2800S43038B": {
        "common_name": "Greenbank Road",
        "coordinates": [
            -2.925447,
            53.389792
        ]
    },
    "2800S41086B": {
        "common_name": "Hawarden Avenue",
        "coordinates": [
            -2.930833,
            53.390613
        ]
    },
    "2800S43036C": {
        "common_name": "Deepfield Road",
        "coordinates": [
            -2.9224,
            53.390058
        ]
    },
    "2800S41086D": {
        "common_name": "Borrowdale Road",
        "coordinates": [
            -2.928882,
            53.390098
        ]
    },
    "2800S41085B": {
        "common_name": "Arundel Avenue",
        "coordinates": [
            -2.932893,
            53.391954
        ]
    },
    "2800S41085A": {
        "common_name": "Wellington Avenue",
        "coordinates": [
            -2.935013,
            53.393322
        ]
    },
    "2800S41083A": {
        "common_name": "Granville Road",
        "coordinates": [
            -2.93863,
            53.395046
        ]
    },
    "2800S41085C": {
        "common_name": "Blantyre Road",
        "coordinates": [
            -2.93302,
            53.392303
        ]
    },
    "2800S41084A": {
        "common_name": "Portman Road",
        "coordinates": [
            -2.937088,
            53.394672
        ]
    },
    "2800S41082A": {
        "common_name": "Garrick Street",
        "coordinates": [
            -2.94261,
            53.396201
        ]
    },
    "2800S41083B": {
        "common_name": "Salisbury Road",
        "coordinates": [
            -2.939845,
            53.395621
        ]
    },
    "2800S41082C": {
        "common_name": "Wendell Street",
        "coordinates": [
            -2.945037,
            53.397108
        ]
    },
    "2800S41081B": {
        "common_name": "Magdala Street",
        "coordinates": [
            -2.948153,
            53.397919
        ]
    },
    "2800S41080A": {
        "common_name": "Lorton Street",
        "coordinates": [
            -2.952014,
            53.39841
        ]
    },
    "2800S41081A": {
        "common_name": "Yanwath Street",
        "coordinates": [
            -2.948294,
            53.398179
        ]
    },
    "2800S41080B": {
        "common_name": "Commerce Way",
        "coordinates": [
            -2.952482,
            53.398505
        ]
    },
    "2800S41079B": {
        "common_name": "Crown Street",
        "coordinates": [
            -2.956079,
            53.397928
        ]
    },
    "2800S41079A": {
        "common_name": "Kingsley Road",
        "coordinates": [
            -2.957692,
            53.397439
        ]
    },
    "2800S41053A": {
        "common_name": "Mulgrave Street",
        "coordinates": [
            -2.960451,
            53.397057
        ]
    },
    "2800S41053B": {
        "common_name": "Crown Street",
        "coordinates": [
            -2.959016,
            53.397437
        ]
    },
    "2800S41053C": {
        "common_name": "Lowther Street",
        "coordinates": [
            -2.961675,
            53.397326
        ]
    },
    "2800S41053D": {
        "common_name": "Falkner Square",
        "coordinates": [
            -2.962055,
            53.398824
        ]
    },
    "2800S41052A": {
        "common_name": "Myrtle Street",
        "coordinates": [
            -2.962491,
            53.400151
        ]
    },
    "2800S41078A": {
        "common_name": "Cambridge Street",
        "coordinates": [
            -2.962234,
            53.402103
        ]
    },
    "2800S41052B": {
        "common_name": "Myrtle Street",
        "coordinates": [
            -2.962047,
            53.401152
        ]
    },
    "2800S41078B": {
        "common_name": "Oxford Street",
        "coordinates": [
            -2.961888,
            53.40278
        ]
    },
    "2800S42041B": {
        "common_name": "Smithdown Lane",
        "coordinates": [
            -2.961554,
            53.4053
        ]
    },
    "2800S42041A": {
        "common_name": "Brownlow Hill",
        "coordinates": [
            -2.961799,
            53.405505
        ]
    },
    "2800S42039A": {
        "common_name": "West Derby Street",
        "coordinates": [
            -2.96424,
            53.407669
        ]
    },
    "2800S41023A": {
        "common_name": "Low Hill",
        "coordinates": [
            -2.963436,
            53.410687
        ]
    },
    "2800S42039C": {
        "common_name": "Crown Street",
        "coordinates": [
            -2.96457,
            53.40835
        ]
    },
    "2800S42028C": {
        "common_name": "Daulby Street",
        "coordinates": [
            -2.966971,
            53.408708
        ]
    },
    "2800S42016A": {
        "common_name": "Epworth Street",
        "coordinates": [
            -2.966484,
            53.410438
        ]
    }
}