{
    "2800S16001B": {
        "common_name": "St Helens Bus Station",
        "coordinates": [
            -2.7332,
            53.453356
        ]
    },
    "2800S16002A": {
        "common_name": "St Helens Central Station",
        "coordinates": [
            -2.730837,
            53.453444
        ]
    },
    "2800S16002B": {
        "common_name": "St Helens Central Station",
        "coordinates": [
            -2.72981,
            53.453296
        ]
    },
    "2800S16003A": {
        "common_name": "Phoenix Brow",
        "coordinates": [
            -2.726569,
            53.453109
        ]
    },
    "2800S13001B": {
        "common_name": "Traverse Street",
        "coordinates": [
            -2.721947,
            53.453128
        ]
    },
    "2800S16003B": {
        "common_name": "Phoenix Brow",
        "coordinates": [
            -2.726522,
            53.452966
        ]
    },
    "2800S13001A": {
        "common_name": "Langtree Street",
        "coordinates": [
            -2.72143,
            53.452844
        ]
    },
    "2800S13002A": {
        "common_name": "Johnson Street",
        "coordinates": [
            -2.718709,
            53.45491
        ]
    },
    "2800S13002B": {
        "common_name": "Pocket Nook Street",
        "coordinates": [
            -2.71986,
            53.45439
        ]
    },
    "2800S13003B": {
        "common_name": "Merton Bank Road",
        "coordinates": [
            -2.717457,
            53.45569
        ]
    },
    "2800S13004B": {
        "common_name": "Mulcrow Close",
        "coordinates": [
            -2.712303,
            53.457249
        ]
    },
    "2800S13005B": {
        "common_name": "Blackbrook Road",
        "coordinates": [
            -2.709218,
            53.458283
        ]
    },
    "2800S13003A": {
        "common_name": "Blackhorse Street",
        "coordinates": [
            -2.716511,
            53.45584
        ]
    },
    "2800S13004A": {
        "common_name": "Mulcrow Close",
        "coordinates": [
            -2.71248,
            53.457041
        ]
    },
    "2800S13006B": {
        "common_name": "Link Avenue",
        "coordinates": [
            -2.706798,
            53.461327
        ]
    },
    "2800S13007B": {
        "common_name": "Chain Lane",
        "coordinates": [
            -2.705891,
            53.461997
        ]
    },
    "2800S13005A": {
        "common_name": "Boardmans Lane",
        "coordinates": [
            -2.708236,
            53.459017
        ]
    },
    "2800S13006A": {
        "common_name": "O'Sullivan Crescent",
        "coordinates": [
            -2.706674,
            53.46113
        ]
    },
    "2800S13008B": {
        "common_name": "O' Sullivan Crescent",
        "coordinates": [
            -2.703145,
            53.46356
        ]
    },
    "2800S13009A": {
        "common_name": "Waine Street",
        "coordinates": [
            -2.697592,
            53.464806
        ]
    },
    "2800S13007A": {
        "common_name": "MacDonald Avenue",
        "coordinates": [
            -2.70556,
            53.462053
        ]
    },
    "2800S13008A": {
        "common_name": "West End Road",
        "coordinates": [
            -2.702603,
            53.463563
        ]
    },
    "2800S13010A": {
        "common_name": "Old Whint Road",
        "coordinates": [
            -2.694553,
            53.465911
        ]
    },
    "2800S13011B": {
        "common_name": "Sumner Street",
        "coordinates": [
            -2.691991,
            53.466816
        ]
    },
    "2800S13012B": {
        "common_name": "West End Road",
        "coordinates": [
            -2.687495,
            53.468199
        ]
    },
    "2800S13009B": {
        "common_name": "Waine Street",
        "coordinates": [
            -2.698039,
            53.464479
        ]
    },
    "2800S13010B": {
        "common_name": "School Street",
        "coordinates": [
            -2.695344,
            53.465493
        ]
    },
    "2800S13013B": {
        "common_name": "Grosvenor Road",
        "coordinates": [
            -2.68224,
            53.467411
        ]
    },
    "2800S13014B": {
        "common_name": "Squires Close",
        "coordinates": [
            -2.679006,
            53.466782
        ]
    },
    "2800S13011A": {
        "common_name": "Burrows Street",
        "coordinates": [
            -2.692542,
            53.466408
        ]
    },
    "2800S13012A": {
        "common_name": "Clipsley Lane",
        "coordinates": [
            -2.688665,
            53.467913
        ]
    },
    "2800S13014C": {
        "common_name": "O'Connell Close",
        "coordinates": [
            -2.676427,
            53.466617
        ]
    },
    "2800S11001B": {
        "common_name": "Stanton Close",
        "coordinates": [
            -2.67261,
            53.466216
        ]
    },
    "2800S13013A": {
        "common_name": "Whitehouse Close",
        "coordinates": [
            -2.683294,
            53.467387
        ]
    },
    "2800S13014A": {
        "common_name": "Gardiner Avenue",
        "coordinates": [
            -2.67843,
            53.466534
        ]
    },
    "2800S11002A": {
        "common_name": "Grange Valley",
        "coordinates": [
            -2.668549,
            53.465655
        ]
    },
    "2800S11003B": {
        "common_name": "Halton Street",
        "coordinates": [
            -2.66449,
            53.466136
        ]
    },
    "2800S11001A": {
        "common_name": "Ireland Road",
        "coordinates": [
            -2.673408,
            53.466212
        ]
    },
    "2800S11002B": {
        "common_name": "Grange Valley",
        "coordinates": [
            -2.66927,
            53.465543
        ]
    },
    "2800S11004A": {
        "common_name": "North Street",
        "coordinates": [
            -2.662024,
            53.467408
        ]
    },
    "2800S11005B": {
        "common_name": "Johns Avenue",
        "coordinates": [
            -2.657183,
            53.468999
        ]
    },
    "2800S11003A": {
        "common_name": "Bellerophon Way",
        "coordinates": [
            -2.665819,
            53.4654
        ]
    },
    "2800S11004B": {
        "common_name": "North Street",
        "coordinates": [
            -2.662096,
            53.467192
        ]
    },
    "2800S11006B": {
        "common_name": "Arrowsmith Road",
        "coordinates": [
            -2.655415,
            53.469629
        ]
    },
    "2800S11007A": {
        "common_name": "Kenyons Lane",
        "coordinates": [
            -2.651576,
            53.470773
        ]
    },
    "2800S11005A": {
        "common_name": "Homestead Avenue",
        "coordinates": [
            -2.6585,
            53.468461
        ]
    },
    "2800S11006A": {
        "common_name": "Balharry Avenue",
        "coordinates": [
            -2.655442,
            53.469413
        ]
    },
    "2800S11007B": {
        "common_name": "Kenyons Lane",
        "coordinates": [
            -2.652533,
            53.470337
        ]
    },
    "2800S11008A": {
        "common_name": "Vista Road",
        "coordinates": [
            -2.649291,
            53.471091
        ]
    },
    "2800S11008B": {
        "common_name": "Manor Road",
        "coordinates": [
            -2.648616,
            53.471302
        ]
    },
    "2800S11030B": {
        "common_name": "Queens Road",
        "coordinates": [
            -2.647129,
            53.468631
        ]
    },
    "2800S11030A": {
        "common_name": "Queens Road",
        "coordinates": [
            -2.647526,
            53.468989
        ]
    },
    "2800S10052B": {
        "common_name": "McFaul Salvage",
        "coordinates": [
            -2.644924,
            53.466234
        ]
    },
    "2800S10051A": {
        "common_name": "No. 149",
        "coordinates": [
            -2.643348,
            53.463645
        ]
    },
    "2800S10050B": {
        "common_name": "George Street",
        "coordinates": [
            -2.644169,
            53.459173
        ]
    },
    "2800S10049B": {
        "common_name": "Vista Way",
        "coordinates": [
            -2.645094,
            53.457622
        ]
    },
    "2800S10052A": {
        "common_name": "McFaul Salvage",
        "coordinates": [
            -2.646002,
            53.466795
        ]
    },
    "2800S10051B": {
        "common_name": "The Bungalow",
        "coordinates": [
            -2.643772,
            53.463759
        ]
    },
    "2800S10010B": {
        "common_name": "Alpine Street",
        "coordinates": [
            -2.64574,
            53.454526
        ]
    },
    "2800S10050A": {
        "common_name": "George Street",
        "coordinates": [
            -2.644353,
            53.459388
        ]
    },
    "2800S10049A": {
        "common_name": "Crow Lane West",
        "coordinates": [
            -2.645792,
            53.456953
        ]
    },
    "2800S10010A": {
        "common_name": "Crown Street",
        "coordinates": [
            -2.646875,
            53.454871
        ]
    },
    "2800S10106A": {
        "common_name": "Earlestown Bus Station",
        "coordinates": [
            -2.643724,
            53.452677
        ]
    },
    "2800S10048A": {
        "common_name": "Market Street",
        "coordinates": [
            -2.644398,
            53.45341
        ]
    },
    "2800S10106C": {
        "common_name": "Earlestown Bus Station",
        "coordinates": [
            -2.643586,
            53.452489
        ]
    }
}