{
    "2800S22008C": {
        "common_name": "Woodside Bus Station",
        "coordinates": [
            -3.010514,
            53.395025
        ]
    },
    "2800S22009C": {
        "common_name": "Chester Street",
        "coordinates": [
            -3.012938,
            53.39452
        ]
    },
    "2800S22016B": {
        "common_name": "Argyle Street",
        "coordinates": [
            -3.016979,
            53.393694
        ]
    },
    "2800S22043C": {
        "common_name": "Birkenhead Bus Station",
        "coordinates": [
            -3.022794,
            53.391182
        ]
    },
    "2800S22033E": {
        "common_name": "Catherine Street",
        "coordinates": [
            -3.028152,
            53.39056
        ]
    },
    "2800S22004C": {
        "common_name": "Cole Street",
        "coordinates": [
            -3.034606,
            53.390082
        ]
    },
    "2800S21086B": {
        "common_name": "St Hughs Close",
        "coordinates": [
            -3.04082,
            53.390235
        ]
    },
    "2800S21088B": {
        "common_name": "Park Drive",
        "coordinates": [
            -3.044657,
            53.390309
        ]
    },
    "2800S21044A": {
        "common_name": "St Anselms College",
        "coordinates": [
            -3.048914,
            53.390379
        ]
    },
    "2800S21050E": {
        "common_name": "Forest Road",
        "coordinates": [
            -3.054483,
            53.391823
        ]
    },
    "2800S21094B": {
        "common_name": "Hill Road",
        "coordinates": [
            -3.060602,
            53.391768
        ]
    },
    "2800S21095B": {
        "common_name": "Blaydon Walk",
        "coordinates": [
            -3.061314,
            53.390153
        ]
    },
    "2800S21096B": {
        "common_name": "Howbeck Road",
        "coordinates": [
            -3.059054,
            53.387566
        ]
    },
    "2800S21097B": {
        "common_name": "Birkenhead School",
        "coordinates": [
            -3.057254,
            53.385326
        ]
    },
    "2800S25090B": {
        "common_name": "Wexford Road",
        "coordinates": [
            -3.056569,
            53.384379
        ]
    },
    "2800S25091B": {
        "common_name": "Silverdale Road",
        "coordinates": [
            -3.052725,
            53.382732
        ]
    },
    "2800S25085B": {
        "common_name": "Village Road",
        "coordinates": [
            -3.05082,
            53.380475
        ]
    },
    "2800S25089A": {
        "common_name": "Hillside View",
        "coordinates": [
            -3.050074,
            53.379475
        ]
    },
    "2800S22035B": {
        "common_name": "Mount Olive",
        "coordinates": [
            -3.047042,
            53.378432
        ]
    },
    "2800S20099B": {
        "common_name": "Fairview Road",
        "coordinates": [
            -3.043235,
            53.375211
        ]
    },
    "2800S20004B": {
        "common_name": "Elm Road North",
        "coordinates": [
            -3.04365,
            53.373751
        ]
    },
    "2800S20005B": {
        "common_name": "Cambridge Road",
        "coordinates": [
            -3.04644,
            53.373502
        ]
    },
    "2800S20006B": {
        "common_name": "Osmaston Road",
        "coordinates": [
            -3.049916,
            53.373067
        ]
    },
    "2800S26001B": {
        "common_name": "Dovedale Close",
        "coordinates": [
            -3.054378,
            53.372371
        ]
    },
    "2800S26002B": {
        "common_name": "Grainger Avenue",
        "coordinates": [
            -3.059149,
            53.371412
        ]
    },
    "2800S26003B": {
        "common_name": "Ennerdale Road",
        "coordinates": [
            -3.062954,
            53.370309
        ]
    },
    "2800S26004B": {
        "common_name": "Palmwood Close",
        "coordinates": [
            -3.066364,
            53.370224
        ]
    },
    "2800S26015A": {
        "common_name": "Commonfield Road",
        "coordinates": [
            -3.079205,
            53.371026
        ]
    },
    "2800S26028A": {
        "common_name": "Hoole Road",
        "coordinates": [
            -3.081226,
            53.371879
        ]
    },
    "2800S26027A": {
        "common_name": "Home Farm Road",
        "coordinates": [
            -3.085026,
            53.373544
        ]
    },
    "2800S26026A": {
        "common_name": "Ferny Brow Road",
        "coordinates": [
            -3.088064,
            53.375997
        ]
    },
    "2800S26025B": {
        "common_name": "Whitefield Close",
        "coordinates": [
            -3.090804,
            53.377311
        ]
    },
    "2800S26024A": {
        "common_name": "Hoole Road",
        "coordinates": [
            -3.09098,
            53.378901
        ]
    },
    "2800S26024B": {
        "common_name": "Hoole Road",
        "coordinates": [
            -3.090748,
            53.378642
        ]
    },
    "2800S26025A": {
        "common_name": "Whitefield Close",
        "coordinates": [
            -3.090576,
            53.377206
        ]
    },
    "2800S26008B": {
        "common_name": "Pool Lane",
        "coordinates": [
            -3.094869,
            53.372276
        ]
    },
    "2800S26042A": {
        "common_name": "Internal Grounds",
        "coordinates": [
            -3.094347,
            53.370097
        ]
    },
    "2800S26042B": {
        "common_name": "Arrowe Park Hospital",
        "coordinates": [
            -3.093895,
            53.370631
        ]
    },
    "2800S26008A": {
        "common_name": "Pool Lane",
        "coordinates": [
            -3.095315,
            53.372668
        ]
    },
    "2800S25001C": {
        "common_name": "Arrowe Brook Road",
        "coordinates": [
            -3.096781,
            53.376493
        ]
    },
    "2800S25002B": {
        "common_name": "Leeswood Road",
        "coordinates": [
            -3.097528,
            53.378086
        ]
    },
    "2800S25003B": {
        "common_name": "Grey Stoke Close",
        "coordinates": [
            -3.098937,
            53.382603
        ]
    },
    "2800S25004D": {
        "common_name": "Newton Way",
        "coordinates": [
            -3.099136,
            53.38448
        ]
    },
    "2800S25004A": {
        "common_name": "Tinas Way",
        "coordinates": [
            -3.098005,
            53.38494
        ]
    },
    "2800S25114A": {
        "common_name": "Wroxham Drive",
        "coordinates": [
            -3.091871,
            53.384349
        ]
    },
    "2800S25059C": {
        "common_name": "Ford Drive",
        "coordinates": [
            -3.089391,
            53.384965
        ]
    },
    "2800S25060A": {
        "common_name": "Upton By-Pass",
        "coordinates": [
            -3.087075,
            53.385544
        ]
    },
    "2800S25061C": {
        "common_name": "Warren Drive",
        "coordinates": [
            -3.083128,
            53.387593
        ]
    },
    "2800S25077A": {
        "common_name": "First Avenue",
        "coordinates": [
            -3.082858,
            53.388836
        ]
    },
    "2800S25076A": {
        "common_name": "Second Avenue",
        "coordinates": [
            -3.085481,
            53.389684
        ]
    },
    "2800S25075A": {
        "common_name": "Third Avenue",
        "coordinates": [
            -3.086296,
            53.39214
        ]
    },
    "2800S25088A": {
        "common_name": "Fifth Avenue",
        "coordinates": [
            -3.086001,
            53.394138
        ]
    },
    "2800S25074A": {
        "common_name": "Beechwood Drive",
        "coordinates": [
            -3.084723,
            53.396505
        ]
    },
    "2800S25073A": {
        "common_name": "Bidston Green Drive",
        "coordinates": [
            -3.084638,
            53.400281
        ]
    },
    "2800S25072B": {
        "common_name": "St Oswalds Ave",
        "coordinates": [
            -3.083945,
            53.402597
        ]
    },
    "2800S25071B": {
        "common_name": "Bidston Village Road",
        "coordinates": [
            -3.082414,
            53.403906
        ]
    },
    "2800S25070A": {
        "common_name": "Lennox Lane",
        "coordinates": [
            -3.078973,
            53.404062
        ]
    },
    "2800S25123B": {
        "common_name": "Compton Road",
        "coordinates": [
            -3.072798,
            53.405538
        ]
    },
    "2800S25048B": {
        "common_name": "Hurrell Road",
        "coordinates": [
            -3.069479,
            53.403968
        ]
    },
    "2800S21067A": {
        "common_name": "Gautby Road",
        "coordinates": [
            -3.067564,
            53.403149
        ]
    },
    "2800S21066A": {
        "common_name": "Mercer Road",
        "coordinates": [
            -3.062407,
            53.402054
        ]
    },
    "2800S21065D": {
        "common_name": "Miriam Place",
        "coordinates": [
            -3.056811,
            53.401402
        ]
    },
    "2800S21064B": {
        "common_name": "Connaught Way",
        "coordinates": [
            -3.054068,
            53.400591
        ]
    },
    "2800S21053B": {
        "common_name": "Brassey Street",
        "coordinates": [
            -3.048859,
            53.399162
        ]
    },
    "2800S21054A": {
        "common_name": "Morley Avenue",
        "coordinates": [
            -3.042863,
            53.397516
        ]
    },
    "2800S21093A": {
        "common_name": "Asquith Avenue",
        "coordinates": [
            -3.040062,
            53.396749
        ]
    },
    "2800S22001A": {
        "common_name": "Livingtone Street",
        "coordinates": [
            -3.034746,
            53.39524
        ]
    },
    "2800S22002A": {
        "common_name": "Trinity Street",
        "coordinates": [
            -3.033081,
            53.394769
        ]
    },
    "2800S22007B": {
        "common_name": "Watson Street",
        "coordinates": [
            -3.028463,
            53.393497
        ]
    },
    "2800S22026A": {
        "common_name": "Clwyd Street",
        "coordinates": [
            -3.023922,
            53.39225
        ]
    },
    "2800S22050A": {
        "common_name": "Conway Park Station",
        "coordinates": [
            -3.022148,
            53.393542
        ]
    },
    "2800S22071A": {
        "common_name": "Hamilton Lane",
        "coordinates": [
            -3.017863,
            53.393552
        ]
    },
    "2800S22054A": {
        "common_name": "Hamilton Square Station",
        "coordinates": [
            -3.014007,
            53.394555
        ]
    },
    "2800S22008E": {
        "common_name": "Woodside Interchange",
        "coordinates": [
            -3.010815,
            53.39505
        ]
    }
}