{
    "2800S22008C": {
        "common_name": "Woodside Bus Station",
        "coordinates": [
            -3.010514,
            53.395025
        ]
    },
    "2800S22009C": {
        "common_name": "Chester Street",
        "coordinates": [
            -3.012938,
            53.39452
        ]
    },
    "2800S22016B": {
        "common_name": "Argyle Street",
        "coordinates": [
            -3.016979,
            53.393694
        ]
    },
    "2800S22043B": {
        "common_name": "Birkenhead Bus Station",
        "coordinates": [
            -3.022619,
            53.39121
        ]
    },
    "2800S22026B": {
        "common_name": "Parkfield Avenue",
        "coordinates": [
            -3.026627,
            53.392785
        ]
    },
    "2800S22007A": {
        "common_name": "Exmouth Street",
        "coordinates": [
            -3.028549,
            53.393316
        ]
    },
    "2800S22002B": {
        "common_name": "Park Road East",
        "coordinates": [
            -3.032759,
            53.39452
        ]
    },
    "2800S22001B": {
        "common_name": "Newling Street",
        "coordinates": [
            -3.035892,
            53.395365
        ]
    },
    "2800S21093B": {
        "common_name": "Ashville Road",
        "coordinates": [
            -3.040209,
            53.396604
        ]
    },
    "2800S21054B": {
        "common_name": "Morley Avenue",
        "coordinates": [
            -3.043327,
            53.397422
        ]
    },
    "2800S21053A": {
        "common_name": "Plumer Street",
        "coordinates": [
            -3.050172,
            53.399339
        ]
    },
    "2800S21064A": {
        "common_name": "Dundonald Street",
        "coordinates": [
            -3.052307,
            53.399932
        ]
    },
    "2800S21065C": {
        "common_name": "Arkle Road",
        "coordinates": [
            -3.057244,
            53.4013
        ]
    },
    "2800S21066B": {
        "common_name": "Hablyn Road",
        "coordinates": [
            -3.064318,
            53.402082
        ]
    },
    "2800S21067B": {
        "common_name": "Worcester Road",
        "coordinates": [
            -3.06595,
            53.4024
        ]
    },
    "2800S25048A": {
        "common_name": "Hurrell Road",
        "coordinates": [
            -3.070921,
            53.404468
        ]
    },
    "2800S25123A": {
        "common_name": "Bidston Village Road",
        "coordinates": [
            -3.0727,
            53.405243
        ]
    },
    "2800S25070B": {
        "common_name": "School Lane",
        "coordinates": [
            -3.079137,
            53.40398
        ]
    },
    "2800S25071A": {
        "common_name": "Bidston Village Road",
        "coordinates": [
            -3.082575,
            53.403751
        ]
    },
    "2800S25072A": {
        "common_name": "St Oswalds Ave",
        "coordinates": [
            -3.083985,
            53.401788
        ]
    },
    "2800S25073B": {
        "common_name": "Bidston Green Drive",
        "coordinates": [
            -3.084532,
            53.399652
        ]
    },
    "2800S25074B": {
        "common_name": "Beechwood Drive",
        "coordinates": [
            -3.084899,
            53.395748
        ]
    },
    "2800S25088B": {
        "common_name": "Fifth Avenue",
        "coordinates": [
            -3.085842,
            53.393798
        ]
    },
    "2800S25075B": {
        "common_name": "Third Avenue",
        "coordinates": [
            -3.086039,
            53.391513
        ]
    },
    "2800S25076B": {
        "common_name": "Second Avenue",
        "coordinates": [
            -3.084814,
            53.388863
        ]
    },
    "2800S25077B": {
        "common_name": "First Avenue",
        "coordinates": [
            -3.081835,
            53.389402
        ]
    },
    "2800S25061B": {
        "common_name": "Noctorum Avenue",
        "coordinates": [
            -3.083405,
            53.387258
        ]
    },
    "2800S25060B": {
        "common_name": "Upton By-Pass",
        "coordinates": [
            -3.087729,
            53.385259
        ]
    },
    "2800S25059B": {
        "common_name": "Ford Drive",
        "coordinates": [
            -3.089729,
            53.384656
        ]
    },
    "2800S25004B": {
        "common_name": "Salacre Lane",
        "coordinates": [
            -3.097142,
            53.384696
        ]
    },
    "2800S25004C": {
        "common_name": "Ford Road",
        "coordinates": [
            -3.098929,
            53.384599
        ]
    },
    "2800S25003A": {
        "common_name": "Sulivan Avenue",
        "coordinates": [
            -3.098715,
            53.382129
        ]
    },
    "2800S25002A": {
        "common_name": "Leeswood Road",
        "coordinates": [
            -3.097458,
            53.378266
        ]
    },
    "2800S25001B": {
        "common_name": "Arrowe Brook Road",
        "coordinates": [
            -3.09612,
            53.37533
        ]
    },
    "2800S26008B": {
        "common_name": "Pool Lane",
        "coordinates": [
            -3.094869,
            53.372276
        ]
    },
    "2800S26042A": {
        "common_name": "Internal Grounds",
        "coordinates": [
            -3.094347,
            53.370097
        ]
    },
    "2800S26077A": {
        "common_name": "Greenwood Road",
        "coordinates": [
            -3.090539,
            53.375174
        ]
    },
    "2800S26025B": {
        "common_name": "Whitefield Close",
        "coordinates": [
            -3.090804,
            53.377311
        ]
    },
    "2800S26024A": {
        "common_name": "Hoole Road",
        "coordinates": [
            -3.09098,
            53.378901
        ]
    },
    "2800S26024B": {
        "common_name": "Hoole Road",
        "coordinates": [
            -3.090748,
            53.378642
        ]
    },
    "2800S26025A": {
        "common_name": "Whitefield Close",
        "coordinates": [
            -3.090576,
            53.377206
        ]
    },
    "2800S26026B": {
        "common_name": "The Meadow",
        "coordinates": [
            -3.086721,
            53.375191
        ]
    },
    "2800S26027B": {
        "common_name": "Home Farm Road",
        "coordinates": [
            -3.084613,
            53.373269
        ]
    },
    "2800S26028B": {
        "common_name": "Hoole Road",
        "coordinates": [
            -3.082195,
            53.372185
        ]
    },
    "2800S26015B": {
        "common_name": "Woodchurch Road",
        "coordinates": [
            -3.078858,
            53.370984
        ]
    },
    "2800S26004A": {
        "common_name": "Palmwood Close",
        "coordinates": [
            -3.065331,
            53.370368
        ]
    },
    "2800S26003A": {
        "common_name": "Prenton Dell Road",
        "coordinates": [
            -3.06188,
            53.370624
        ]
    },
    "2800S26002A": {
        "common_name": "Holm Lane",
        "coordinates": [
            -3.0579,
            53.371936
        ]
    },
    "2800S26001A": {
        "common_name": "Dovedale Close",
        "coordinates": [
            -3.053664,
            53.372656
        ]
    },
    "2800S20006A": {
        "common_name": "Osmaston Road",
        "coordinates": [
            -3.048767,
            53.373392
        ]
    },
    "2800S20005A": {
        "common_name": "Curzon Road",
        "coordinates": [
            -3.045319,
            53.373772
        ]
    },
    "2800S20004E": {
        "common_name": "Storeton Road",
        "coordinates": [
            -3.043025,
            53.374026
        ]
    },
    "2800S20099A": {
        "common_name": "Fairview Road",
        "coordinates": [
            -3.043076,
            53.374889
        ]
    },
    "2800S22034A": {
        "common_name": "Storeton Close",
        "coordinates": [
            -3.045214,
            53.37807
        ]
    },
    "2800S22035A": {
        "common_name": "Mount Olive",
        "coordinates": [
            -3.047469,
            53.378086
        ]
    },
    "2800S25089B": {
        "common_name": "Hillside View",
        "coordinates": [
            -3.050159,
            53.379285
        ]
    },
    "2800S25085A": {
        "common_name": "Village Road",
        "coordinates": [
            -3.05114,
            53.380643
        ]
    },
    "2800S25091A": {
        "common_name": "Willow Lea",
        "coordinates": [
            -3.05295,
            53.38273
        ]
    },
    "2800S25090A": {
        "common_name": "Wexford Road",
        "coordinates": [
            -3.056702,
            53.384288
        ]
    },
    "2800S21097A": {
        "common_name": "Budworth Road",
        "coordinates": [
            -3.057712,
            53.385592
        ]
    },
    "2800S21096A": {
        "common_name": "Howbeck Road",
        "coordinates": [
            -3.059173,
            53.387493
        ]
    },
    "2800S21095A": {
        "common_name": "Blaydon Walk",
        "coordinates": [
            -3.060922,
            53.389527
        ]
    },
    "2800S21094A": {
        "common_name": "Hill Road",
        "coordinates": [
            -3.060652,
            53.391948
        ]
    },
    "2800S21050D": {
        "common_name": "Shrewsbury Road",
        "coordinates": [
            -3.05494,
            53.39207
        ]
    },
    "2800S21044C": {
        "common_name": "Manor Hill",
        "coordinates": [
            -3.049987,
            53.390595
        ]
    },
    "2800S21088A": {
        "common_name": "Park Drive",
        "coordinates": [
            -3.045232,
            53.390484
        ]
    },
    "2800S21086A": {
        "common_name": "St Hughs Close",
        "coordinates": [
            -3.041592,
            53.390417
        ]
    },
    "2800S22036A": {
        "common_name": "Francis Avenue",
        "coordinates": [
            -3.039501,
            53.390381
        ]
    },
    "2800S22004D": {
        "common_name": "Paterson Street",
        "coordinates": [
            -3.034881,
            53.390259
        ]
    },
    "2800S22033A": {
        "common_name": "Bentnick Street",
        "coordinates": [
            -3.031752,
            53.390196
        ]
    },
    "2800S22033J": {
        "common_name": "Cardigan Avenue",
        "coordinates": [
            -3.026971,
            53.390867
        ]
    },
    "2800S22006A": {
        "common_name": "Claughton Road",
        "coordinates": [
            -3.025143,
            53.391746
        ]
    },
    "2800S22026A": {
        "common_name": "Clwyd Street",
        "coordinates": [
            -3.023922,
            53.39225
        ]
    },
    "2800S22050A": {
        "common_name": "Conway Park Station",
        "coordinates": [
            -3.022148,
            53.393542
        ]
    },
    "2800S22058A": {
        "common_name": "Hamilton Street",
        "coordinates": [
            -3.013683,
            53.394864
        ]
    }
}