{
    "2800S42098D": {
        "common_name": "Liverpool ONE Bus Station",
        "coordinates": [
            -2.988097,
            53.401968
        ]
    },
    "2800S42021C": {
        "common_name": "James Street Station",
        "coordinates": [
            -2.991735,
            53.404918
        ]
    },
    "2800S42021B": {
        "common_name": "James Street Station",
        "coordinates": [
            -2.991899,
            53.404845
        ]
    },
    "2800S42022A": {
        "common_name": "Castle Street",
        "coordinates": [
            -2.989353,
            53.405351
        ]
    },
    "2800S42022B": {
        "common_name": "North John Street",
        "coordinates": [
            -2.988783,
            53.405383
        ]
    },
    "2800S42079C": {
        "common_name": "Temple Street",
        "coordinates": [
            -2.987602,
            53.407002
        ]
    },
    "2800S42070A": {
        "common_name": "Preston Street",
        "coordinates": [
            -2.984219,
            53.408387
        ]
    },
    "2800S42035B": {
        "common_name": "Great Richmond Street",
        "coordinates": [
            -2.977929,
            53.413535
        ]
    },
    "2800S40132B": {
        "common_name": "Virgil Street",
        "coordinates": [
            -2.978209,
            53.419187
        ]
    },
    "2800S40133A": {
        "common_name": "Wilbraham Street",
        "coordinates": [
            -2.978396,
            53.421433
        ]
    },
    "2800S40134B": {
        "common_name": "Buckingham Street",
        "coordinates": [
            -2.978729,
            53.423498
        ]
    },
    "2800S40135A": {
        "common_name": "Boundary Street East",
        "coordinates": [
            -2.97924,
            53.426738
        ]
    },
    "2800S40065A": {
        "common_name": "Smith Street",
        "coordinates": [
            -2.978269,
            53.429038
        ]
    },
    "2800S40053D": {
        "common_name": "Kirkdale Vale",
        "coordinates": [
            -2.974489,
            53.430894
        ]
    },
    "2800S40054B": {
        "common_name": "Blessington Road",
        "coordinates": [
            -2.967265,
            53.430935
        ]
    },
    "2800S40055B": {
        "common_name": "Liverpool FC",
        "coordinates": [
            -2.961403,
            53.429949
        ]
    },
    "2800S40107A": {
        "common_name": "Houlding Street",
        "coordinates": [
            -2.959056,
            53.428655
        ]
    },
    "2800S40108B": {
        "common_name": "Little Heyes Street",
        "coordinates": [
            -2.956871,
            53.426515
        ]
    },
    "2800S40031E": {
        "common_name": "Breck Road",
        "coordinates": [
            -2.953526,
            53.42434
        ]
    },
    "2800S40109B": {
        "common_name": "Castlewood Road",
        "coordinates": [
            -2.949807,
            53.422895
        ]
    },
    "2800S40110A": {
        "common_name": "Rocky Lane",
        "coordinates": [
            -2.947549,
            53.420837
        ]
    },
    "2800S41093A": {
        "common_name": "Penlinken Drive",
        "coordinates": [
            -2.946511,
            53.418121
        ]
    },
    "2800S41094A": {
        "common_name": "Huntly Road",
        "coordinates": [
            -2.945474,
            53.415451
        ]
    },
    "2800S41026C": {
        "common_name": "Phillmore Road",
        "coordinates": [
            -2.944501,
            53.412996
        ]
    },
    "2800S41025D": {
        "common_name": "Deane Road",
        "coordinates": [
            -2.946601,
            53.412017
        ]
    },
    "2800S41089D": {
        "common_name": "Toft Street",
        "coordinates": [
            -2.948272,
            53.408687
        ]
    },
    "2800S41071D": {
        "common_name": "Crosfield Road",
        "coordinates": [
            -2.948143,
            53.404904
        ]
    },
    "2800S41095B": {
        "common_name": "Edge Hill Station",
        "coordinates": [
            -2.948658,
            53.402383
        ]
    },
    "2800S41096B": {
        "common_name": "Widney Close",
        "coordinates": [
            -2.949288,
            53.399573
        ]
    },
    "2800S41081D": {
        "common_name": "Yanwath Street",
        "coordinates": [
            -2.949582,
            53.397944
        ]
    },
    "2800S41097B": {
        "common_name": "Boswell Street",
        "coordinates": [
            -2.949496,
            53.396084
        ]
    },
    "2800S41098B": {
        "common_name": "Lime Grove",
        "coordinates": [
            -2.949049,
            53.392914
        ]
    },
    "2800S41099A": {
        "common_name": "Croxteth Road",
        "coordinates": [
            -2.949354,
            53.38973
        ]
    },
    "2800S41057C": {
        "common_name": "High Park Street",
        "coordinates": [
            -2.957018,
            53.390855
        ]
    },
    "2800S41056A": {
        "common_name": "North Hill Street",
        "coordinates": [
            -2.960985,
            53.392747
        ]
    },
    "2800S41101C": {
        "common_name": "Luke Street",
        "coordinates": [
            -2.967883,
            53.39119
        ]
    },
    "2800S41102A": {
        "common_name": "Park Road",
        "coordinates": [
            -2.970354,
            53.390765
        ]
    },
    "2800S41042A": {
        "common_name": "Hill Street",
        "coordinates": [
            -2.972492,
            53.392195
        ]
    },
    "2800S41019C": {
        "common_name": "Stanhope Street",
        "coordinates": [
            -2.974792,
            53.393507
        ]
    },
    "2800S41018A": {
        "common_name": "Brick Street",
        "coordinates": [
            -2.979072,
            53.396501
        ]
    },
    "2800S41017A": {
        "common_name": "Sparling Street",
        "coordinates": [
            -2.983311,
            53.399046
        ]
    },
    "2800S41016A": {
        "common_name": "Forrest Street",
        "coordinates": [
            -2.985018,
            53.400021
        ]
    },
    "2800S42098C": {
        "common_name": "Liverpool ONE Bus Station",
        "coordinates": [
            -2.988174,
            53.402052
        ]
    }
}