{
    "2800S42098H": {
        "common_name": "Liverpool ONE Bus Station",
        "coordinates": [
            -2.988069,
            53.401997
        ]
    },
    "2800S42098G": {
        "common_name": "Liverpool One Bus Station",
        "coordinates": [
            -2.988079,
            53.401947
        ]
    },
    "2800S41016C": {
        "common_name": "Forrest Street",
        "coordinates": [
            -2.984871,
            53.400166
        ]
    },
    "2800S41017B": {
        "common_name": "Sparling Street",
        "coordinates": [
            -2.982647,
            53.398917
        ]
    },
    "2800S41018B": {
        "common_name": "Hardy Street",
        "coordinates": [
            -2.979793,
            53.397142
        ]
    },
    "2800S41019A": {
        "common_name": "Dexter Street",
        "coordinates": [
            -2.973899,
            53.393235
        ]
    },
    "2800S41042B": {
        "common_name": "Upper Hill Street",
        "coordinates": [
            -2.971825,
            53.391976
        ]
    },
    "2800S41102B": {
        "common_name": "Acorn Court",
        "coordinates": [
            -2.969954,
            53.39102
        ]
    },
    "2800S41101A": {
        "common_name": "Windsor Street",
        "coordinates": [
            -2.966494,
            53.391615
        ]
    },
    "2800S41100B": {
        "common_name": "Pomfret Street",
        "coordinates": [
            -2.962474,
            53.392744
        ]
    },
    "2800S41056E": {
        "common_name": "Beaconsfield Street",
        "coordinates": [
            -2.958701,
            53.392118
        ]
    },
    "2800S41057A": {
        "common_name": "Kingsley Road",
        "coordinates": [
            -2.955949,
            53.39081
        ]
    },
    "2800S41099C": {
        "common_name": "Sefton Park Road",
        "coordinates": [
            -2.950323,
            53.389335
        ]
    },
    "2800S41099D": {
        "common_name": "Grove Park",
        "coordinates": [
            -2.949599,
            53.3906
        ]
    },
    "2800S41098A": {
        "common_name": "Ritson Street",
        "coordinates": [
            -2.949473,
            53.394376
        ]
    },
    "2800S41081C": {
        "common_name": "Beaumont Street",
        "coordinates": [
            -2.949874,
            53.397519
        ]
    },
    "2800S41096A": {
        "common_name": "Keystone Close",
        "coordinates": [
            -2.949201,
            53.401084
        ]
    },
    "2800S41095A": {
        "common_name": "Edge Hill Station",
        "coordinates": [
            -2.948847,
            53.40275
        ]
    },
    "2800S41071C": {
        "common_name": "Wavertree Road",
        "coordinates": [
            -2.948362,
            53.404623
        ]
    },
    "2800S41089C": {
        "common_name": "Royston Street",
        "coordinates": [
            -2.9486,
            53.407192
        ]
    },
    "2800S41025E": {
        "common_name": "Minto Close",
        "coordinates": [
            -2.94807,
            53.41108
        ]
    },
    "2800S41026D": {
        "common_name": "Romer Road",
        "coordinates": [
            -2.945658,
            53.41224
        ]
    },
    "2800S41026A": {
        "common_name": "Prescot Road",
        "coordinates": [
            -2.944663,
            53.412814
        ]
    },
    "2800S41094B": {
        "common_name": "Molyneux Road",
        "coordinates": [
            -2.945619,
            53.415207
        ]
    },
    "2800S41093B": {
        "common_name": "Penlinken Drive",
        "coordinates": [
            -2.947004,
            53.418716
        ]
    },
    "2800S40110B": {
        "common_name": "Sunlight Street",
        "coordinates": [
            -2.948625,
            53.421844
        ]
    },
    "2800S40109A": {
        "common_name": "Whitefield Road",
        "coordinates": [
            -2.95067,
            53.423104
        ]
    },
    "2800S40031C": {
        "common_name": "Sprucewood Close",
        "coordinates": [
            -2.953842,
            53.424301
        ]
    },
    "2800S40108A": {
        "common_name": "Little Heyes Street",
        "coordinates": [
            -2.957385,
            53.42661
        ]
    },
    "2800S40055A": {
        "common_name": "Liverpool FC",
        "coordinates": [
            -2.961413,
            53.429724
        ]
    },
    "2800S40126A": {
        "common_name": "Venice Street",
        "coordinates": [
            -2.964182,
            53.430358
        ]
    },
    "2800S40054A": {
        "common_name": "Burleigh Road North",
        "coordinates": [
            -2.966569,
            53.43077
        ]
    },
    "2800S40053B": {
        "common_name": "St Domingo Road",
        "coordinates": [
            -2.974047,
            53.430637
        ]
    },
    "2800S40065B": {
        "common_name": "Whittle Street",
        "coordinates": [
            -2.977788,
            53.42906
        ]
    },
    "2800S40135B": {
        "common_name": "Kirkdale Road",
        "coordinates": [
            -2.979043,
            53.427315
        ]
    },
    "2800S40134A": {
        "common_name": "Buckingham Street",
        "coordinates": [
            -2.978455,
            53.423347
        ]
    },
    "2800S40133B": {
        "common_name": "Penrhyn Street",
        "coordinates": [
            -2.978254,
            53.421812
        ]
    },
    "2800S40132A": {
        "common_name": "Virgil Street",
        "coordinates": [
            -2.977774,
            53.419254
        ]
    },
    "2800S40066A": {
        "common_name": "Rose Place",
        "coordinates": [
            -2.978858,
            53.415991
        ]
    },
    "2800S42035A": {
        "common_name": "Mansfield Street",
        "coordinates": [
            -2.977339,
            53.413414
        ]
    },
    "2800S42018B": {
        "common_name": "Cumberland Street",
        "coordinates": [
            -2.987333,
            53.408388
        ]
    },
    "2800S42019A": {
        "common_name": "North John Street",
        "coordinates": [
            -2.989974,
            53.407467
        ]
    },
    "2800S42069A": {
        "common_name": "Moorefields",
        "coordinates": [
            -2.988571,
            53.407929
        ]
    },
    "2800S42020A": {
        "common_name": "Fenwick Street",
        "coordinates": [
            -2.992614,
            53.406493
        ]
    },
    "2800S42022E": {
        "common_name": "Derby Square",
        "coordinates": [
            -2.98944,
            53.405189
        ]
    },
    "2800S42098F": {
        "common_name": "Liverpool ONE Bus Station",
        "coordinates": [
            -2.987482,
            53.401896
        ]
    }
}