{
    "2800S42098H": {
        "common_name": "Liverpool ONE Bus Station",
        "coordinates": [
            -2.988069,
            53.401997
        ]
    },
    "2800S42098G": {
        "common_name": "Liverpool One Bus Station",
        "coordinates": [
            -2.988079,
            53.401947
        ]
    },
    "2800S41016C": {
        "common_name": "Forrest Street",
        "coordinates": [
            -2.984871,
            53.400166
        ]
    },
    "2800S41017B": {
        "common_name": "Sparling Street",
        "coordinates": [
            -2.982647,
            53.398917
        ]
    },
    "2800S41018B": {
        "common_name": "Hardy Street",
        "coordinates": [
            -2.979793,
            53.397142
        ]
    },
    "2800S41019A": {
        "common_name": "Dexter Street",
        "coordinates": [
            -2.973899,
            53.393235
        ]
    },
    "2800S41042B": {
        "common_name": "Upper Hill Street",
        "coordinates": [
            -2.971825,
            53.391976
        ]
    },
    "2800S41102B": {
        "common_name": "Acorn Court",
        "coordinates": [
            -2.969954,
            53.39102
        ]
    },
    "2800S41101A": {
        "common_name": "Windsor Street",
        "coordinates": [
            -2.966494,
            53.391615
        ]
    },
    "2800S41100B": {
        "common_name": "Pomfret Street",
        "coordinates": [
            -2.962474,
            53.392744
        ]
    },
    "2800S41056E": {
        "common_name": "Beaconsfield Street",
        "coordinates": [
            -2.958701,
            53.392118
        ]
    },
    "2800S41057A": {
        "common_name": "Kingsley Road",
        "coordinates": [
            -2.955949,
            53.39081
        ]
    },
    "2800S41099C": {
        "common_name": "Sefton Park Road",
        "coordinates": [
            -2.950323,
            53.389335
        ]
    },
    "2800S41099D": {
        "common_name": "Grove Park",
        "coordinates": [
            -2.949599,
            53.3906
        ]
    },
    "2800S41098A": {
        "common_name": "Ritson Street",
        "coordinates": [
            -2.949473,
            53.394376
        ]
    },
    "2800S41081C": {
        "common_name": "Beaumont Street",
        "coordinates": [
            -2.949874,
            53.397519
        ]
    },
    "2800S41096A": {
        "common_name": "Keystone Close",
        "coordinates": [
            -2.949201,
            53.401084
        ]
    },
    "2800S41095A": {
        "common_name": "Edge Hill Station",
        "coordinates": [
            -2.948847,
            53.40275
        ]
    },
    "2800S41071C": {
        "common_name": "Wavertree Road",
        "coordinates": [
            -2.948362,
            53.404623
        ]
    },
    "2800S41089C": {
        "common_name": "Royston Street",
        "coordinates": [
            -2.9486,
            53.407192
        ]
    },
    "2800S41025E": {
        "common_name": "Minto Close",
        "coordinates": [
            -2.94807,
            53.41108
        ]
    },
    "2800S41026D": {
        "common_name": "Romer Road",
        "coordinates": [
            -2.945658,
            53.41224
        ]
    }
}