{
    "2800S41026A": {
        "common_name": "Prescot Road",
        "coordinates": [
            -2.944663,
            53.412814
        ]
    },
    "2800S41094B": {
        "common_name": "Molyneux Road",
        "coordinates": [
            -2.945619,
            53.415207
        ]
    },
    "2800S41093B": {
        "common_name": "Penlinken Drive",
        "coordinates": [
            -2.947004,
            53.418716
        ]
    },
    "2800S40110B": {
        "common_name": "Sunlight Street",
        "coordinates": [
            -2.948625,
            53.421844
        ]
    },
    "2800S40109A": {
        "common_name": "Whitefield Road",
        "coordinates": [
            -2.95067,
            53.423104
        ]
    },
    "2800S40031C": {
        "common_name": "Sprucewood Close",
        "coordinates": [
            -2.953842,
            53.424301
        ]
    },
    "2800S40108A": {
        "common_name": "Little Heyes Street",
        "coordinates": [
            -2.957385,
            53.42661
        ]
    },
    "2800S40055A": {
        "common_name": "Liverpool FC",
        "coordinates": [
            -2.961413,
            53.429724
        ]
    },
    "2800S40126A": {
        "common_name": "Venice Street",
        "coordinates": [
            -2.964182,
            53.430358
        ]
    },
    "2800S40054A": {
        "common_name": "Burleigh Road North",
        "coordinates": [
            -2.966569,
            53.43077
        ]
    },
    "2800S40053B": {
        "common_name": "St Domingo Road",
        "coordinates": [
            -2.974047,
            53.430637
        ]
    },
    "2800S40065B": {
        "common_name": "Whittle Street",
        "coordinates": [
            -2.977788,
            53.42906
        ]
    },
    "2800S40135B": {
        "common_name": "Kirkdale Road",
        "coordinates": [
            -2.979043,
            53.427315
        ]
    },
    "2800S40134A": {
        "common_name": "Buckingham Street",
        "coordinates": [
            -2.978455,
            53.423347
        ]
    },
    "2800S40133B": {
        "common_name": "Penrhyn Street",
        "coordinates": [
            -2.978254,
            53.421812
        ]
    },
    "2800S40132A": {
        "common_name": "Virgil Street",
        "coordinates": [
            -2.977774,
            53.419254
        ]
    },
    "2800S40066A": {
        "common_name": "Rose Place",
        "coordinates": [
            -2.978858,
            53.415991
        ]
    },
    "2800S42035A": {
        "common_name": "Mansfield Street",
        "coordinates": [
            -2.977339,
            53.413414
        ]
    },
    "2800S42018B": {
        "common_name": "Cumberland Street",
        "coordinates": [
            -2.987333,
            53.408388
        ]
    },
    "2800S42019A": {
        "common_name": "North John Street",
        "coordinates": [
            -2.989974,
            53.407467
        ]
    },
    "2800S42069A": {
        "common_name": "Moorefields",
        "coordinates": [
            -2.988571,
            53.407929
        ]
    },
    "2800S42020A": {
        "common_name": "Fenwick Street",
        "coordinates": [
            -2.992614,
            53.406493
        ]
    },
    "2800S42022E": {
        "common_name": "Derby Square",
        "coordinates": [
            -2.98944,
            53.405189
        ]
    },
    "2800S42098F": {
        "common_name": "Liverpool ONE Bus Station",
        "coordinates": [
            -2.987482,
            53.401896
        ]
    }
}