{
    "2800S60002B": {
        "common_name": "Leicester Street",
        "coordinates": [
            -2.999353,
            53.651848
        ]
    },
    "2800S60002A": {
        "common_name": "Union Street",
        "coordinates": [
            -2.999916,
            53.651331
        ]
    },
    "2800S60001A": {
        "common_name": "Hill Street",
        "coordinates": [
            -3.001558,
            53.650418
        ]
    },
    "2800S63002J": {
        "common_name": "The Monument",
        "coordinates": [
            -3.004889,
            53.648592
        ]
    },
    "2800S60001B": {
        "common_name": "Bold Street",
        "coordinates": [
            -3.001802,
            53.65047
        ]
    },
    "2800S63002N": {
        "common_name": "Nevill Street",
        "coordinates": [
            -3.005745,
            53.648343
        ]
    },
    "2800S63004C": {
        "common_name": "Chapel Street",
        "coordinates": [
            -3.00577,
            53.646221
        ]
    },
    "2800S61034B": {
        "common_name": "Part Street",
        "coordinates": [
            -3.003176,
            53.643996
        ]
    },
    "2800S63004A": {
        "common_name": "Princes Street",
        "coordinates": [
            -3.00544,
            53.645684
        ]
    },
    "2800S61034A": {
        "common_name": "Yellowhouse Lane",
        "coordinates": [
            -3.003278,
            53.643833
        ]
    },
    "2800S61035C": {
        "common_name": "Virginia Street",
        "coordinates": [
            -2.999308,
            53.64161
        ]
    },
    "2800S61052B": {
        "common_name": "Sefton Street",
        "coordinates": [
            -2.995623,
            53.640571
        ]
    },
    "2800S61035D": {
        "common_name": "Linaker Street",
        "coordinates": [
            -2.999898,
            53.641641
        ]
    },
    "2800S61052A": {
        "common_name": "Hampton Road",
        "coordinates": [
            -2.996214,
            53.64062
        ]
    },
    "2800S61051B": {
        "common_name": "Ash Street",
        "coordinates": [
            -2.992471,
            53.63968
        ]
    },
    "2800S61053B": {
        "common_name": "Chambres Road",
        "coordinates": [
            -2.989715,
            53.638894
        ]
    },
    "2800S61051A": {
        "common_name": "Ash Street",
        "coordinates": [
            -2.993823,
            53.639948
        ]
    },
    "2800S61054B": {
        "common_name": "Pilkington Road",
        "coordinates": [
            -2.987248,
            53.638205
        ]
    },
    "2800S61055B": {
        "common_name": "Haig Avenue",
        "coordinates": [
            -2.982315,
            53.636807
        ]
    },
    "2800S61053A": {
        "common_name": "Cumberland Road",
        "coordinates": [
            -2.990565,
            53.639022
        ]
    },
    "2800S61054A": {
        "common_name": "Falkland Road",
        "coordinates": [
            -2.986987,
            53.638018
        ]
    },
    "2800S61056C": {
        "common_name": "King George V College",
        "coordinates": [
            -2.976989,
            53.635376
        ]
    },
    "2800S61057B": {
        "common_name": "No. 226",
        "coordinates": [
            -2.97414,
            53.63451
        ]
    },
    "2800S61055A": {
        "common_name": "Everard Road",
        "coordinates": [
            -2.983804,
            53.637109
        ]
    },
    "2500MEO00002": {
        "common_name": "Meols View Close",
        "coordinates": [
            -2.967197,
            53.630476
        ]
    },
    "2800S61056A": {
        "common_name": "Ashdown Close",
        "coordinates": [
            -2.979266,
            53.63578
        ]
    },
    "2800S61056D": {
        "common_name": "King George V College",
        "coordinates": [
            -2.97732,
            53.63532
        ]
    },
    "2500IMG815": {
        "common_name": "Pool Hey Lane",
        "coordinates": [
            -2.963706,
            53.626603
        ]
    },
    "2500IMG820": {
        "common_name": "Turning Lane",
        "coordinates": [
            -2.96042,
            53.623718
        ]
    },
    "2800S61057A": {
        "common_name": "No. 220",
        "coordinates": [
            -2.974594,
            53.634506
        ]
    },
    "2800S61058A": {
        "common_name": "Town Lane Kew",
        "coordinates": [
            -2.971412,
            53.63357
        ]
    },
    "2500CAR00001": {
        "common_name": "New Hall Drive",
        "coordinates": [
            -2.954892,
            53.620616
        ]
    },
    "2500IMG822": {
        "common_name": "Coe End Farm",
        "coordinates": [
            -2.949908,
            53.618858
        ]
    },
    "2500IMG818": {
        "common_name": "Coe End Farm",
        "coordinates": [
            -2.946765,
            53.618253
        ]
    },
    "2500IMG817": {
        "common_name": "Snape Green",
        "coordinates": [
            -2.94167,
            53.618222
        ]
    },
    "2500IMG832": {
        "common_name": "St Marks CEPS",
        "coordinates": [
            -2.940202,
            53.614063
        ]
    },
    "2500MEO00001": {
        "common_name": "Meols View Close",
        "coordinates": [
            -2.967377,
            53.630421
        ]
    },
    "2500IMG824": {
        "common_name": "Bullens Lane",
        "coordinates": [
            -2.938875,
            53.612158
        ]
    },
    "2500IMG819": {
        "common_name": "Pool Hey Lane",
        "coordinates": [
            -2.964038,
            53.626583
        ]
    },
    "2500IMG823": {
        "common_name": "Crematorium",
        "coordinates": [
            -2.961334,
            53.624025
        ]
    },
    "2500CAR00002": {
        "common_name": "New Hall Drive",
        "coordinates": [
            -2.955131,
            53.620479
        ]
    },
    "2500IMG821": {
        "common_name": "Coe End Farm",
        "coordinates": [
            -2.950684,
            53.619067
        ]
    },
    "2500IMG816": {
        "common_name": "Brook House Farm",
        "coordinates": [
            -2.946036,
            53.618061
        ]
    },
    "2500DCL186": {
        "common_name": "Snape Green",
        "coordinates": [
            -2.940974,
            53.617535
        ]
    },
    "2500DCL187": {
        "common_name": "St Marks CEPS",
        "coordinates": [
            -2.940385,
            53.614807
        ]
    },
    "2500IMG825": {
        "common_name": "Bullens Lane",
        "coordinates": [
            -2.93941,
            53.612415
        ]
    },
    "250010288": {
        "common_name": "Morris Dancers",
        "coordinates": [
            -2.933858,
            53.60951
        ]
    },
    "2500IMG829": {
        "common_name": "Morris Dancers",
        "coordinates": [
            -2.933899,
            53.609276
        ]
    },
    "250011838": {
        "common_name": "Gregory Garage",
        "coordinates": [
            -2.946186,
            53.591014
        ]
    },
    "2500IMG833": {
        "common_name": "War Memorial",
        "coordinates": [
            -2.953099,
            53.585341
        ]
    },
    "250011833": {
        "common_name": "Gregory Garage",
        "coordinates": [
            -2.947243,
            53.590286
        ]
    },
    "2500LAA00010": {
        "common_name": "War Memorial",
        "coordinates": [
            -2.953502,
            53.585131
        ]
    },
    "2500LAA16050": {
        "common_name": "St Cuthberts CEPS",
        "coordinates": [
            -2.956011,
            53.582522
        ]
    },
    "2500LAA16048": {
        "common_name": "Mill House Farm",
        "coordinates": [
            -2.956783,
            53.579909
        ]
    },
    "2500LAA08206": {
        "common_name": "New Street",
        "coordinates": [
            -2.958973,
            53.577222
        ]
    },
    "2500LAA08207": {
        "common_name": "Plex Moss Cottages",
        "coordinates": [
            -2.962495,
            53.574686
        ]
    },
    "2500LAA16049": {
        "common_name": "St Cuthberts CEPS",
        "coordinates": [
            -2.956178,
            53.58253
        ]
    },
    "2500IMG838": {
        "common_name": "Blue Bell",
        "coordinates": [
            -2.965339,
            53.572254
        ]
    },
    "2500LAA16553": {
        "common_name": "The Kings Arms",
        "coordinates": [
            -2.966299,
            53.566017
        ]
    },
    "2500LAA00460": {
        "common_name": "New Street",
        "coordinates": [
            -2.959139,
            53.577239
        ]
    },
    "2500LAA08208": {
        "common_name": "Plex Moss Cottages",
        "coordinates": [
            -2.962826,
            53.574647
        ]
    },
    "25001609": {
        "common_name": "Blue Bell",
        "coordinates": [
            -2.965768,
            53.571855
        ]
    },
    "2500LAA08203": {
        "common_name": "Scarisbrick Arms",
        "coordinates": [
            -2.958904,
            53.553492
        ]
    },
    "2500LAA08201": {
        "common_name": "Mairscough Lane",
        "coordinates": [
            -2.959086,
            53.547514
        ]
    },
    "2500LAA16552": {
        "common_name": "The Kings Arms",
        "coordinates": [
            -2.966437,
            53.566753
        ]
    },
    "2500IMG834": {
        "common_name": "Broad Lane",
        "coordinates": [
            -2.960344,
            53.555746
        ]
    },
    "250011469": {
        "common_name": "Scarisbrick Arms",
        "coordinates": [
            -2.958685,
            53.552496
        ]
    },
    "2500LAA08202": {
        "common_name": "Mairscough Lane",
        "coordinates": [
            -2.960034,
            53.546751
        ]
    },
    "2800S55035B": {
        "common_name": "Church Lane",
        "coordinates": [
            -2.961659,
            53.543861
        ]
    },
    "2800S55035A": {
        "common_name": "Church Lane",
        "coordinates": [
            -2.96116,
            53.543146
        ]
    },
    "2800S55034A": {
        "common_name": "Hall Lane",
        "coordinates": [
            -2.960582,
            53.539609
        ]
    },
    "2800S55034B": {
        "common_name": "Hall Lane",
        "coordinates": [
            -2.960318,
            53.53927
        ]
    },
    "2800S55033B": {
        "common_name": "Station Road",
        "coordinates": [
            -2.9595,
            53.536454
        ]
    },
    "2800S55032A": {
        "common_name": "Sandhurst Way",
        "coordinates": [
            -2.957465,
            53.533891
        ]
    },
    "2800S55031A": {
        "common_name": "Pilling Lane",
        "coordinates": [
            -2.954573,
            53.529383
        ]
    },
    "2800S55033A": {
        "common_name": "Station Road",
        "coordinates": [
            -2.959675,
            53.536192
        ]
    },
    "2800S55032B": {
        "common_name": "Sandhurst Way",
        "coordinates": [
            -2.957952,
            53.534049
        ]
    },
    "2800S55030A": {
        "common_name": "Lambshear Lane",
        "coordinates": [
            -2.952025,
            53.526761
        ]
    },
    "2800S55085B": {
        "common_name": "Bells Lane",
        "coordinates": [
            -2.950379,
            53.52468
        ]
    },
    "2800S55031B": {
        "common_name": "Pilling Lane",
        "coordinates": [
            -2.955068,
            53.529955
        ]
    },
    "2800S55030B": {
        "common_name": "Mallory Avenue",
        "coordinates": [
            -2.953672,
            53.52824
        ]
    },
    "2800S55029A": {
        "common_name": "Nedens Lane",
        "coordinates": [
            -2.948121,
            53.522873
        ]
    },
    "2800S55017A": {
        "common_name": "Gordon Avenue",
        "coordinates": [
            -2.946848,
            53.51989
        ]
    },
    "2800S55085A": {
        "common_name": "Seafore Close",
        "coordinates": [
            -2.951116,
            53.525267
        ]
    },
    "2800S55029B": {
        "common_name": "Nedens Lane",
        "coordinates": [
            -2.949093,
            53.523162
        ]
    },
    "2800S55016A": {
        "common_name": "Dodds Lane",
        "coordinates": [
            -2.945991,
            53.517991
        ]
    },
    "2800S55028B": {
        "common_name": "Stafford Moreton Way",
        "coordinates": [
            -2.944979,
            53.513873
        ]
    },
    "2800S55017B": {
        "common_name": "Green Lane",
        "coordinates": [
            -2.9471,
            53.519708
        ]
    },
    "2800S55016B": {
        "common_name": "Dodds Lane",
        "coordinates": [
            -2.946045,
            53.517694
        ]
    },
    "2800S55027C": {
        "common_name": "Balmoral Road",
        "coordinates": [
            -2.948602,
            53.512002
        ]
    },
    "2800S55026B": {
        "common_name": "Sandringham Road",
        "coordinates": [
            -2.948402,
            53.509136
        ]
    },
    "2800S55028A": {
        "common_name": "Stafford Moreton Way",
        "coordinates": [
            -2.945337,
            53.514338
        ]
    },
    "2800S55027A": {
        "common_name": "Balmoral Road",
        "coordinates": [
            -2.948095,
            53.512249
        ]
    },
    "2800S55025B": {
        "common_name": "Ormonde Avenue",
        "coordinates": [
            -2.946857,
            53.506775
        ]
    },
    "2800S55024A": {
        "common_name": "Larchwood Avenue",
        "coordinates": [
            -2.947986,
            53.502649
        ]
    },
    "2800S55026A": {
        "common_name": "Rosslyn Avenue",
        "coordinates": [
            -2.949134,
            53.509481
        ]
    },
    "2800S55025A": {
        "common_name": "Ormonde Avenue",
        "coordinates": [
            -2.946819,
            53.506443
        ]
    },
    "2800S55024B": {
        "common_name": "The Cresent",
        "coordinates": [
            -2.948508,
            53.503077
        ]
    },
    "2800S55001B": {
        "common_name": "Dover Road",
        "coordinates": [
            -2.946598,
            53.499901
        ]
    },
    "2800S55001C": {
        "common_name": "Northway",
        "coordinates": [
            -2.947031,
            53.501048
        ]
    },
    "2800S53039A": {
        "common_name": "Asda",
        "coordinates": [
            -2.950837,
            53.490582
        ]
    },
    "2800S53037A": {
        "common_name": "Old Roan Station",
        "coordinates": [
            -2.950093,
            53.485626
        ]
    },
    "2800S53039B": {
        "common_name": "Asda",
        "coordinates": [
            -2.951054,
            53.490167
        ]
    },
    "2800S53037B": {
        "common_name": "Old Roan Station",
        "coordinates": [
            -2.950033,
            53.486975
        ]
    },
    "2800S53007B": {
        "common_name": "Aintree Retail Park",
        "coordinates": [
            -2.95227,
            53.482543
        ]
    },
    "2800S53007A": {
        "common_name": "Aintree Retail Park",
        "coordinates": [
            -2.952354,
            53.48159
        ]
    },
    "2800S53019A": {
        "common_name": "Brenka Avenue",
        "coordinates": [
            -2.954351,
            53.476594
        ]
    },
    "2800S46061A": {
        "common_name": "Aintree Station",
        "coordinates": [
            -2.955261,
            53.472155
        ]
    },
    "2800S46059A": {
        "common_name": "Eastbourne Road",
        "coordinates": [
            -2.955664,
            53.467963
        ]
    },
    "2800S53019B": {
        "common_name": "Brenka Avenue",
        "coordinates": [
            -2.954605,
            53.477158
        ]
    },
    "2800S46087B": {
        "common_name": "Aintree Station",
        "coordinates": [
            -2.955545,
            53.473394
        ]
    },
    "2800S46060A": {
        "common_name": "Church Avenue",
        "coordinates": [
            -2.955788,
            53.469473
        ]
    },
    "2800S46059B": {
        "common_name": "Albany Road",
        "coordinates": [
            -2.956083,
            53.467151
        ]
    },
    "2800S46090A": {
        "common_name": "Sydney Street",
        "coordinates": [
            -2.957496,
            53.465045
        ]
    },
    "2800S46089A": {
        "common_name": "Grace Road",
        "coordinates": [
            -2.959028,
            53.463505
        ]
    },
    "2800S46090C": {
        "common_name": "Warbreck Avenue",
        "coordinates": [
            -2.958608,
            53.464236
        ]
    },
    "2800S46050C": {
        "common_name": "Orrell Park Station",
        "coordinates": [
            -2.960227,
            53.462543
        ]
    },
    "2800S46051B": {
        "common_name": "Rice Lane Station",
        "coordinates": [
            -2.962996,
            53.457774
        ]
    },
    "2800S46078B": {
        "common_name": "Walton Station",
        "coordinates": [
            -2.966041,
            53.457237
        ]
    },
    "2800S46050B": {
        "common_name": "Orrell Park Station",
        "coordinates": [
            -2.961804,
            53.461011
        ]
    },
    "2800S46051C": {
        "common_name": "Rice Lane Station",
        "coordinates": [
            -2.962475,
            53.458704
        ]
    },
    "2800S46079B": {
        "common_name": "Walton Prison",
        "coordinates": [
            -2.971303,
            53.456197
        ]
    },
    "2800S46051A": {
        "common_name": "Rice Lane Station",
        "coordinates": [
            -2.963165,
            53.457944
        ]
    },
    "2800S46078A": {
        "common_name": "Walton Station",
        "coordinates": [
            -2.966721,
            53.457349
        ]
    },
    "2800S46079A": {
        "common_name": "Walton Prison",
        "coordinates": [
            -2.970917,
            53.456425
        ]
    },
    "2800S46065C": {
        "common_name": "Connolly Avenue",
        "coordinates": [
            -2.973651,
            53.456142
        ]
    },
    "2800S47068A": {
        "common_name": "Fernhill Road",
        "coordinates": [
            -2.980369,
            53.45615
        ]
    },
    "2800S46065D": {
        "common_name": "Connolly Avenue",
        "coordinates": [
            -2.973868,
            53.45641
        ]
    },
    "2800S47106A": {
        "common_name": "Worcester Road",
        "coordinates": [
            -2.982642,
            53.45614
        ]
    },
    "2800S47069A": {
        "common_name": "Hawthorne Road",
        "coordinates": [
            -2.984525,
            53.45616
        ]
    },
    "2800S47068B": {
        "common_name": "Fernhill Road",
        "coordinates": [
            -2.980358,
            53.456348
        ]
    },
    "2800S47069B": {
        "common_name": "Gloucester Road",
        "coordinates": [
            -2.983008,
            53.456335
        ]
    },
    "2800S47029A": {
        "common_name": "Marsh Lane",
        "coordinates": [
            -2.991164,
            53.454083
        ]
    },
    "2800S47028A": {
        "common_name": "Bootle Strand Shopping Centre",
        "coordinates": [
            -2.990688,
            53.452406
        ]
    },
    "2800S47029D": {
        "common_name": "Thornton Road",
        "coordinates": [
            -2.990714,
            53.454797
        ]
    },
    "2800S47028C": {
        "common_name": "Bootle Strand Shopping Centre",
        "coordinates": [
            -2.990716,
            53.45166
        ]
    },
    "2800S47027C": {
        "common_name": "Park Street",
        "coordinates": [
            -2.989859,
            53.44915
        ]
    },
    "2800S47189A": {
        "common_name": "Trinity Road",
        "coordinates": [
            -2.989395,
            53.447311
        ]
    },
    "2800S40048E": {
        "common_name": "Balliol Road",
        "coordinates": [
            -2.988788,
            53.445121
        ]
    },
    "2800S47027B": {
        "common_name": "Trinity Road",
        "coordinates": [
            -2.989685,
            53.447497
        ]
    },
    "2800S40048C": {
        "common_name": "Trinity Road",
        "coordinates": [
            -2.989451,
            53.446502
        ]
    },
    "2800S40047B": {
        "common_name": "Beatrice Street",
        "coordinates": [
            -2.988028,
            53.442244
        ]
    },
    "2800S40046A": {
        "common_name": "Celia Street",
        "coordinates": [
            -2.987366,
            53.439687
        ]
    },
    "2800S40045A": {
        "common_name": "Bank Hall Station",
        "coordinates": [
            -2.986286,
            53.436613
        ]
    },
    "2800S40047A": {
        "common_name": "Keble Road",
        "coordinates": [
            -2.988613,
            53.44347
        ]
    },
    "2800S40046B": {
        "common_name": "Wolsey Street",
        "coordinates": [
            -2.987886,
            53.440699
        ]
    },
    "2800S40084B": {
        "common_name": "Briar Street",
        "coordinates": [
            -2.985008,
            53.433433
        ]
    },
    "2800S40045B": {
        "common_name": "Bank Hall Station",
        "coordinates": [
            -2.987006,
            53.437785
        ]
    },
    "2800S40123C": {
        "common_name": "Commercial Road",
        "coordinates": [
            -2.986151,
            53.435311
        ]
    },
    "2800S40083D": {
        "common_name": "Easby Road",
        "coordinates": [
            -2.984095,
            53.431696
        ]
    },
    "2800S40082A": {
        "common_name": "Sterling Way",
        "coordinates": [
            -2.982744,
            53.428588
        ]
    },
    "2800S40084A": {
        "common_name": "Pansy Street",
        "coordinates": [
            -2.984917,
            53.432714
        ]
    },
    "2800S40083A": {
        "common_name": "Latham Street",
        "coordinates": [
            -2.983463,
            53.429724
        ]
    },
    "2800S40082B": {
        "common_name": "Major Street",
        "coordinates": [
            -2.982858,
            53.426987
        ]
    },
    "2800S40063D": {
        "common_name": "Boundary Street",
        "coordinates": [
            -2.982435,
            53.425624
        ]
    },
    "2800S40062A": {
        "common_name": "Newsham Street",
        "coordinates": [
            -2.98178,
            53.422664
        ]
    },
    "2800S40063C": {
        "common_name": "Cranmer Street",
        "coordinates": [
            -2.982668,
            53.425272
        ]
    },
    "2800S40062C": {
        "common_name": "Westmorland Place",
        "coordinates": [
            -2.982216,
            53.422669
        ]
    },
    "2800S42034A": {
        "common_name": "Juvenal Street",
        "coordinates": [
            -2.981921,
            53.415714
        ]
    },
    "2800S42034B": {
        "common_name": "Leeds Street",
        "coordinates": [
            -2.982449,
            53.415152
        ]
    },
    "2800S42023L": {
        "common_name": "Queen Square Bus Station",
        "coordinates": [
            -2.982547,
            53.407697
        ]
    },
    "2800S42023J": {
        "common_name": "Queen Square Bus Station",
        "coordinates": [
            -2.982476,
            53.407584
        ]
    }
}