{
    "2800S55031A": {
        "common_name": "Pilling Lane",
        "coordinates": [
            -2.954573,
            53.529383
        ]
    },
    "2800S55030A": {
        "common_name": "Lambshear Lane",
        "coordinates": [
            -2.952025,
            53.526761
        ]
    },
    "2800S55085B": {
        "common_name": "Bells Lane",
        "coordinates": [
            -2.950379,
            53.52468
        ]
    },
    "2800S55029A": {
        "common_name": "Nedens Lane",
        "coordinates": [
            -2.948121,
            53.522873
        ]
    },
    "2800S55030B": {
        "common_name": "Mallory Avenue",
        "coordinates": [
            -2.953672,
            53.52824
        ]
    },
    "2800S55085A": {
        "common_name": "Seafore Close",
        "coordinates": [
            -2.951116,
            53.525267
        ]
    },
    "2800S55017A": {
        "common_name": "Gordon Avenue",
        "coordinates": [
            -2.946848,
            53.51989
        ]
    },
    "2800S55016A": {
        "common_name": "Dodds Lane",
        "coordinates": [
            -2.945991,
            53.517991
        ]
    },
    "2800S55029B": {
        "common_name": "Nedens Lane",
        "coordinates": [
            -2.949093,
            53.523162
        ]
    },
    "2800S55017B": {
        "common_name": "Green Lane",
        "coordinates": [
            -2.9471,
            53.519708
        ]
    },
    "2800S55028B": {
        "common_name": "Stafford Moreton Way",
        "coordinates": [
            -2.944979,
            53.513873
        ]
    },
    "2800S55027C": {
        "common_name": "Balmoral Road",
        "coordinates": [
            -2.948602,
            53.512002
        ]
    },
    "2800S55016B": {
        "common_name": "Dodds Lane",
        "coordinates": [
            -2.946045,
            53.517694
        ]
    },
    "2800S55026B": {
        "common_name": "Sandringham Road",
        "coordinates": [
            -2.948402,
            53.509136
        ]
    },
    "2800S55025B": {
        "common_name": "Ormonde Avenue",
        "coordinates": [
            -2.946857,
            53.506775
        ]
    },
    "2800S55028A": {
        "common_name": "Stafford Moreton Way",
        "coordinates": [
            -2.945337,
            53.514338
        ]
    },
    "2800S55027A": {
        "common_name": "Balmoral Road",
        "coordinates": [
            -2.948095,
            53.512249
        ]
    },
    "2800S55024A": {
        "common_name": "Larchwood Avenue",
        "coordinates": [
            -2.947986,
            53.502649
        ]
    },
    "2800S55026A": {
        "common_name": "Rosslyn Avenue",
        "coordinates": [
            -2.949134,
            53.509481
        ]
    },
    "2800S55025A": {
        "common_name": "Ormonde Avenue",
        "coordinates": [
            -2.946819,
            53.506443
        ]
    },
    "2800S55024B": {
        "common_name": "The Cresent",
        "coordinates": [
            -2.948508,
            53.503077
        ]
    },
    "2800S55001B": {
        "common_name": "Dover Road",
        "coordinates": [
            -2.946598,
            53.499901
        ]
    },
    "2800S55001C": {
        "common_name": "Northway",
        "coordinates": [
            -2.947031,
            53.501048
        ]
    },
    "2800S53039A": {
        "common_name": "Asda",
        "coordinates": [
            -2.950837,
            53.490582
        ]
    },
    "2800S53037A": {
        "common_name": "Old Roan Station",
        "coordinates": [
            -2.950093,
            53.485626
        ]
    },
    "2800S53039B": {
        "common_name": "Asda",
        "coordinates": [
            -2.951054,
            53.490167
        ]
    },
    "2800S53037B": {
        "common_name": "Old Roan Station",
        "coordinates": [
            -2.950033,
            53.486975
        ]
    },
    "2800S53007B": {
        "common_name": "Aintree Retail Park",
        "coordinates": [
            -2.95227,
            53.482543
        ]
    },
    "2800S53007A": {
        "common_name": "Aintree Retail Park",
        "coordinates": [
            -2.952354,
            53.48159
        ]
    },
    "2800S53019A": {
        "common_name": "Brenka Avenue",
        "coordinates": [
            -2.954351,
            53.476594
        ]
    },
    "2800S53019B": {
        "common_name": "Brenka Avenue",
        "coordinates": [
            -2.954605,
            53.477158
        ]
    },
    "2800S46087B": {
        "common_name": "Aintree Station",
        "coordinates": [
            -2.955545,
            53.473394
        ]
    },
    "2800S46061A": {
        "common_name": "Aintree Station",
        "coordinates": [
            -2.955261,
            53.472155
        ]
    },
    "2800S46059A": {
        "common_name": "Eastbourne Road",
        "coordinates": [
            -2.955664,
            53.467963
        ]
    },
    "2800S46060A": {
        "common_name": "Church Avenue",
        "coordinates": [
            -2.955788,
            53.469473
        ]
    },
    "2800S46059B": {
        "common_name": "Albany Road",
        "coordinates": [
            -2.956083,
            53.467151
        ]
    },
    "2800S46090C": {
        "common_name": "Warbreck Avenue",
        "coordinates": [
            -2.958608,
            53.464236
        ]
    },
    "2800S46090A": {
        "common_name": "Sydney Street",
        "coordinates": [
            -2.957496,
            53.465045
        ]
    },
    "2800S46089A": {
        "common_name": "Grace Road",
        "coordinates": [
            -2.959028,
            53.463505
        ]
    },
    "2800S46050C": {
        "common_name": "Orrell Park Station",
        "coordinates": [
            -2.960227,
            53.462543
        ]
    },
    "2800S46051D": {
        "common_name": "Rice Lane Station",
        "coordinates": [
            -2.962157,
            53.458635
        ]
    },
    "2800S46051B": {
        "common_name": "Rice Lane Station",
        "coordinates": [
            -2.962996,
            53.457774
        ]
    },
    "2800S46050B": {
        "common_name": "Orrell Park Station",
        "coordinates": [
            -2.961804,
            53.461011
        ]
    },
    "2800S46051C": {
        "common_name": "Rice Lane Station",
        "coordinates": [
            -2.962475,
            53.458704
        ]
    },
    "2800S46051A": {
        "common_name": "Rice Lane Station",
        "coordinates": [
            -2.963165,
            53.457944
        ]
    },
    "2800S46078B": {
        "common_name": "Walton Station",
        "coordinates": [
            -2.966041,
            53.457237
        ]
    },
    "2800S46079B": {
        "common_name": "Walton Prison",
        "coordinates": [
            -2.971303,
            53.456197
        ]
    },
    "2800S46078A": {
        "common_name": "Walton Station",
        "coordinates": [
            -2.966721,
            53.457349
        ]
    },
    "2800S46079A": {
        "common_name": "Walton Prison",
        "coordinates": [
            -2.970917,
            53.456425
        ]
    },
    "2800S46065C": {
        "common_name": "Connolly Avenue",
        "coordinates": [
            -2.973651,
            53.456142
        ]
    },
    "2800S47068A": {
        "common_name": "Fernhill Road",
        "coordinates": [
            -2.980369,
            53.45615
        ]
    },
    "2800S46065D": {
        "common_name": "Connolly Avenue",
        "coordinates": [
            -2.973868,
            53.45641
        ]
    },
    "2800S47106A": {
        "common_name": "Worcester Road",
        "coordinates": [
            -2.982642,
            53.45614
        ]
    },
    "2800S47068B": {
        "common_name": "Fernhill Road",
        "coordinates": [
            -2.980358,
            53.456348
        ]
    },
    "2800S47069A": {
        "common_name": "Hawthorne Road",
        "coordinates": [
            -2.984525,
            53.45616
        ]
    },
    "2800S47069B": {
        "common_name": "Gloucester Road",
        "coordinates": [
            -2.983008,
            53.456335
        ]
    },
    "2800S47029A": {
        "common_name": "Marsh Lane",
        "coordinates": [
            -2.991164,
            53.454083
        ]
    },
    "2800S47028A": {
        "common_name": "Bootle Strand Shopping Centre",
        "coordinates": [
            -2.990688,
            53.452406
        ]
    },
    "2800S47029D": {
        "common_name": "Thornton Road",
        "coordinates": [
            -2.990714,
            53.454797
        ]
    },
    "2800S47028C": {
        "common_name": "Bootle Strand Shopping Centre",
        "coordinates": [
            -2.990716,
            53.45166
        ]
    },
    "2800S47027C": {
        "common_name": "Park Street",
        "coordinates": [
            -2.989859,
            53.44915
        ]
    },
    "2800S47189A": {
        "common_name": "Trinity Road",
        "coordinates": [
            -2.989395,
            53.447311
        ]
    },
    "2800S40048E": {
        "common_name": "Balliol Road",
        "coordinates": [
            -2.988788,
            53.445121
        ]
    },
    "2800S47027B": {
        "common_name": "Trinity Road",
        "coordinates": [
            -2.989685,
            53.447497
        ]
    },
    "2800S40048C": {
        "common_name": "Trinity Road",
        "coordinates": [
            -2.989451,
            53.446502
        ]
    },
    "2800S40047B": {
        "common_name": "Beatrice Street",
        "coordinates": [
            -2.988028,
            53.442244
        ]
    },
    "2800S40046A": {
        "common_name": "Celia Street",
        "coordinates": [
            -2.987366,
            53.439687
        ]
    },
    "2800S40045A": {
        "common_name": "Bank Hall Station",
        "coordinates": [
            -2.986286,
            53.436613
        ]
    },
    "2800S40047A": {
        "common_name": "Keble Road",
        "coordinates": [
            -2.988613,
            53.44347
        ]
    },
    "2800S40046B": {
        "common_name": "Wolsey Street",
        "coordinates": [
            -2.987886,
            53.440699
        ]
    },
    "2800S40084B": {
        "common_name": "Briar Street",
        "coordinates": [
            -2.985008,
            53.433433
        ]
    },
    "2800S40045B": {
        "common_name": "Bank Hall Station",
        "coordinates": [
            -2.987006,
            53.437785
        ]
    },
    "2800S40123C": {
        "common_name": "Commercial Road",
        "coordinates": [
            -2.986151,
            53.435311
        ]
    },
    "2800S40083D": {
        "common_name": "Easby Road",
        "coordinates": [
            -2.984095,
            53.431696
        ]
    },
    "2800S40082A": {
        "common_name": "Sterling Way",
        "coordinates": [
            -2.982744,
            53.428588
        ]
    },
    "2800S40084A": {
        "common_name": "Pansy Street",
        "coordinates": [
            -2.984917,
            53.432714
        ]
    },
    "2800S40083A": {
        "common_name": "Latham Street",
        "coordinates": [
            -2.983463,
            53.429724
        ]
    },
    "2800S40082B": {
        "common_name": "Major Street",
        "coordinates": [
            -2.982858,
            53.426987
        ]
    },
    "2800S40063D": {
        "common_name": "Boundary Street",
        "coordinates": [
            -2.982435,
            53.425624
        ]
    },
    "2800S40062A": {
        "common_name": "Newsham Street",
        "coordinates": [
            -2.98178,
            53.422664
        ]
    },
    "2800S40063C": {
        "common_name": "Cranmer Street",
        "coordinates": [
            -2.982668,
            53.425272
        ]
    },
    "2800S42034A": {
        "common_name": "Juvenal Street",
        "coordinates": [
            -2.981921,
            53.415714
        ]
    },
    "2800S40062C": {
        "common_name": "Westmorland Place",
        "coordinates": [
            -2.982216,
            53.422669
        ]
    },
    "2800S42034B": {
        "common_name": "Leeds Street",
        "coordinates": [
            -2.982449,
            53.415152
        ]
    },
    "2800S42023L": {
        "common_name": "Queen Square Bus Station",
        "coordinates": [
            -2.982547,
            53.407697
        ]
    },
    "2800S42023J": {
        "common_name": "Queen Square Bus Station",
        "coordinates": [
            -2.982476,
            53.407584
        ]
    }
}