{
    "2500LA00191": {
        "common_name": "Concourse",
        "coordinates": [
            -2.774332,
            53.550489
        ]
    },
    "2500LA00192": {
        "common_name": "Concourse",
        "coordinates": [
            -2.774362,
            53.550435
        ]
    },
    "2500LA00195": {
        "common_name": "Concourse",
        "coordinates": [
            -2.774358,
            53.550219
        ]
    },
    "2500DCL2223": {
        "common_name": "Southway",
        "coordinates": [
            -2.774268,
            53.546975
        ]
    },
    "2500LA00305": {
        "common_name": "Grimshaw Road",
        "coordinates": [
            -2.780176,
            53.545714
        ]
    },
    "2500DCL2222": {
        "common_name": "Southway",
        "coordinates": [
            -2.775035,
            53.546799
        ]
    },
    "2500LA00304": {
        "common_name": "Railway Road",
        "coordinates": [
            -2.789351,
            53.546445
        ]
    },
    "2500DCL2218": {
        "common_name": "Whitehey Road",
        "coordinates": [
            -2.794461,
            53.546141
        ]
    },
    "2500LA00303": {
        "common_name": "Railway Road",
        "coordinates": [
            -2.789203,
            53.546598
        ]
    },
    "2500DCL2217": {
        "common_name": "Whitehey Road",
        "coordinates": [
            -2.794419,
            53.546312
        ]
    },
    "2500556": {
        "common_name": "Gladden Place",
        "coordinates": [
            -2.801342,
            53.545286
        ]
    },
    "2500DCL2216": {
        "common_name": "Westgate",
        "coordinates": [
            -2.80014,
            53.545573
        ]
    },
    "2500LAA16071": {
        "common_name": "Co-op Bank",
        "coordinates": [
            -2.802077,
            53.547456
        ]
    },
    "25001559": {
        "common_name": "Co-op Bank",
        "coordinates": [
            -2.802846,
            53.547415
        ]
    },
    "2500DCL2215": {
        "common_name": "Village Inn",
        "coordinates": [
            -2.799131,
            53.547278
        ]
    },
    "2500DCL2210": {
        "common_name": "Hawthorn Crescent",
        "coordinates": [
            -2.795943,
            53.547929
        ]
    },
    "2500DCL2214": {
        "common_name": "Village Inn",
        "coordinates": [
            -2.799977,
            53.547327
        ]
    },
    "2500DCL2213": {
        "common_name": "High Street",
        "coordinates": [
            -2.79811,
            53.547546
        ]
    },
    "2500DCL2211": {
        "common_name": "Hawthorn Cres",
        "coordinates": [
            -2.796097,
            53.548045
        ]
    },
    "2500DCL2207": {
        "common_name": "High Street",
        "coordinates": [
            -2.791342,
            53.54884
        ]
    },
    "2500DCL2208": {
        "common_name": "High Street",
        "coordinates": [
            -2.790812,
            53.548718
        ]
    },
    "2500LAA07575": {
        "common_name": "Aspen Way",
        "coordinates": [
            -2.79147,
            53.552444
        ]
    },
    "2500DCL2203": {
        "common_name": "Millbrook Close",
        "coordinates": [
            -2.794074,
            53.553676
        ]
    },
    "2500DCL2204": {
        "common_name": "Apsen Way",
        "coordinates": [
            -2.791258,
            53.552418
        ]
    },
    "2500LAA07574": {
        "common_name": "Mill Lane",
        "coordinates": [
            -2.790798,
            53.553662
        ]
    },
    "2500DCL2200": {
        "common_name": "Tancaster",
        "coordinates": [
            -2.799679,
            53.551517
        ]
    },
    "2500LAA07577": {
        "common_name": "Kingsbury School",
        "coordinates": [
            -2.80273,
            53.551623
        ]
    },
    "2500DCL2202": {
        "common_name": "Millbrook Close",
        "coordinates": [
            -2.794286,
            53.553729
        ]
    },
    "2500DCL2201": {
        "common_name": "Tancaster",
        "coordinates": [
            -2.799049,
            53.551755
        ]
    },
    "2500DCL2198": {
        "common_name": "Brookfield Park PS",
        "coordinates": [
            -2.804981,
            53.552533
        ]
    },
    "2500DCL2195": {
        "common_name": "Neverstitch Road",
        "coordinates": [
            -2.809098,
            53.553953
        ]
    },
    "2500DCL2199": {
        "common_name": "Kingsbury Sch",
        "coordinates": [
            -2.802672,
            53.551758
        ]
    },
    "2500DCL2197": {
        "common_name": "Brookfields CPS",
        "coordinates": [
            -2.804969,
            53.552686
        ]
    },
    "2500DCL2196": {
        "common_name": "Neverstitch Road",
        "coordinates": [
            -2.807944,
            53.554356
        ]
    },
    "25001516": {
        "common_name": "Old Skelmersdale War Memorial",
        "coordinates": [
            -2.808277,
            53.551226
        ]
    },
    "2500DCL2193": {
        "common_name": "Wardens Club",
        "coordinates": [
            -2.814488,
            53.550842
        ]
    },
    "2500DCL2191": {
        "common_name": "Firswood Road",
        "coordinates": [
            -2.818825,
            53.5519
        ]
    },
    "2500DCL2192": {
        "common_name": "Wardens Club",
        "coordinates": [
            -2.815171,
            53.551062
        ]
    },
    "2500DCL2190": {
        "common_name": "Firswood Road",
        "coordinates": [
            -2.81907,
            53.552087
        ]
    },
    "2500DCL2189": {
        "common_name": "Blaguegate Lane",
        "coordinates": [
            -2.823517,
            53.553324
        ]
    },
    "2500IMG1181": {
        "common_name": "Dickets Lane",
        "coordinates": [
            -2.828095,
            53.555099
        ]
    },
    "2500DCL2188": {
        "common_name": "Blaguegate Lane",
        "coordinates": [
            -2.823473,
            53.553414
        ]
    },
    "2500IMG1178": {
        "common_name": "Dickets Lane",
        "coordinates": [
            -2.828829,
            53.55557
        ]
    },
    "2500IMG1179": {
        "common_name": "Lylake Lane",
        "coordinates": [
            -2.833461,
            53.557021
        ]
    },
    "2500IMG1180": {
        "common_name": "Lyelake Lane",
        "coordinates": [
            -2.83417,
            53.557007
        ]
    },
    "2500DCL2183": {
        "common_name": "Plough Lane",
        "coordinates": [
            -2.837007,
            53.560008
        ]
    },
    "2500DCL2181": {
        "common_name": "Prince Albert",
        "coordinates": [
            -2.842855,
            53.562546
        ]
    },
    "2500DCL2182": {
        "common_name": "Plough Lane",
        "coordinates": [
            -2.836124,
            53.559601
        ]
    },
    "25001500": {
        "common_name": "Prince Albert",
        "coordinates": [
            -2.84234,
            53.562442
        ]
    },
    "2500DCL2179": {
        "common_name": "Halton Castle",
        "coordinates": [
            -2.848888,
            53.563735
        ]
    },
    "2500DCL2177": {
        "common_name": "Mawdsleys Farm",
        "coordinates": [
            -2.852872,
            53.563671
        ]
    },
    "2500IMG1011": {
        "common_name": "Crosshall Brow",
        "coordinates": [
            -2.864093,
            53.565298
        ]
    },
    "2500IMG1010": {
        "common_name": "Ormskirk School",
        "coordinates": [
            -2.86875,
            53.565606
        ]
    },
    "25001580": {
        "common_name": "Ormond Avenue",
        "coordinates": [
            -2.846562,
            53.563698
        ]
    },
    "2500IMG1013": {
        "common_name": "Mawsdleys Farm",
        "coordinates": [
            -2.853192,
            53.563786
        ]
    },
    "25001521": {
        "common_name": "Wigan Road",
        "coordinates": [
            -2.876051,
            53.566748
        ]
    },
    "2500IMG1012": {
        "common_name": "Crosshall Brow",
        "coordinates": [
            -2.863294,
            53.565322
        ]
    },
    "250012655": {
        "common_name": "Ormskirk School",
        "coordinates": [
            -2.869131,
            53.565765
        ]
    },
    "250012668": {
        "common_name": "School House Green",
        "coordinates": [
            -2.878121,
            53.566778
        ]
    },
    "25001522": {
        "common_name": "Bus Station",
        "coordinates": [
            -2.883117,
            53.567173
        ]
    },
    "2500IMG1164": {
        "common_name": "Bus Station",
        "coordinates": [
            -2.882641,
            53.567386
        ]
    },
    "2500IMG975": {
        "common_name": "Bus Station",
        "coordinates": [
            -2.882738,
            53.567252
        ]
    },
    "2500IMG979": {
        "common_name": "Bus Station",
        "coordinates": [
            -2.882699,
            53.567353
        ]
    },
    "2500IMG986": {
        "common_name": "Park Road",
        "coordinates": [
            -2.886032,
            53.566037
        ]
    },
    "2500ORM0010": {
        "common_name": "Fire Station",
        "coordinates": [
            -2.892752,
            53.56391
        ]
    },
    "250015679": {
        "common_name": "Aughton Street",
        "coordinates": [
            -2.887648,
            53.566025
        ]
    },
    "250012666": {
        "common_name": "St Annes RC Primary",
        "coordinates": [
            -2.89128,
            53.564272
        ]
    },
    "2500IMG1006": {
        "common_name": "Priory Grove",
        "coordinates": [
            -2.900309,
            53.561418
        ]
    },
    "2500IMG1007": {
        "common_name": "Holborn Hill",
        "coordinates": [
            -2.903474,
            53.559785
        ]
    },
    "250012656": {
        "common_name": "Fire Station",
        "coordinates": [
            -2.892364,
            53.564111
        ]
    },
    "25001599": {
        "common_name": "Christ Church",
        "coordinates": [
            -2.905849,
            53.557879
        ]
    },
    "2500LAA15880": {
        "common_name": "Priory Grove",
        "coordinates": [
            -2.8991,
            53.562101
        ]
    },
    "250010136": {
        "common_name": "Holborn Hill",
        "coordinates": [
            -2.902732,
            53.560366
        ]
    },
    "25001605": {
        "common_name": "Royal Oak",
        "coordinates": [
            -2.910175,
            53.554026
        ]
    },
    "250010128": {
        "common_name": "Christ Church",
        "coordinates": [
            -2.904994,
            53.558811
        ]
    },
    "25001606": {
        "common_name": "Royal Oak",
        "coordinates": [
            -2.910434,
            53.554132
        ]
    },
    "250010148": {
        "common_name": "Noelgate",
        "coordinates": [
            -2.913429,
            53.54744
        ]
    },
    "2500IMG836": {
        "common_name": "Aughton Institute",
        "coordinates": [
            -2.907266,
            53.542264
        ]
    },
    "250010141": {
        "common_name": "Turnpike Road",
        "coordinates": [
            -2.915584,
            53.549369
        ]
    },
    "2500LAA16008": {
        "common_name": "Noelgate",
        "coordinates": [
            -2.913625,
            53.547438
        ]
    },
    "25001572": {
        "common_name": "Aughton Institute",
        "coordinates": [
            -2.906896,
            53.542608
        ]
    },
    "250010137": {
        "common_name": "Bold Lane",
        "coordinates": [
            -2.917391,
            53.538007
        ]
    },
    "250010126": {
        "common_name": "Bold Lane",
        "coordinates": [
            -2.917463,
            53.537854
        ]
    },
    "2500IMG982": {
        "common_name": "Springfield Road",
        "coordinates": [
            -2.923471,
            53.537295
        ]
    },
    "25001601": {
        "common_name": "Smithy Lane",
        "coordinates": [
            -2.9255,
            53.536902
        ]
    },
    "25001602": {
        "common_name": "Butchers Lane",
        "coordinates": [
            -2.926593,
            53.533064
        ]
    },
    "2800S55068C": {
        "common_name": "Kenyons Lane",
        "coordinates": [
            -2.933793,
            53.525008
        ]
    },
    "2800S55094A": {
        "common_name": "Millbank Lane",
        "coordinates": [
            -2.928399,
            53.520457
        ]
    },
    "2800S55068B": {
        "common_name": "Kenyons Lane",
        "coordinates": [
            -2.934527,
            53.524769
        ]
    },
    "2800S55088A": {
        "common_name": "Lathom Drive",
        "coordinates": [
            -2.931186,
            53.522386
        ]
    },
    "2800S55042B": {
        "common_name": "Douglas Drive",
        "coordinates": [
            -2.922468,
            53.518921
        ]
    },
    "2800S55041A": {
        "common_name": "Parkbourn Drive",
        "coordinates": [
            -2.916449,
            53.518176
        ]
    },
    "2800S55089A": {
        "common_name": "Beechway",
        "coordinates": [
            -2.913272,
            53.516295
        ]
    },
    "2800S55099B": {
        "common_name": "Maghull North Station",
        "coordinates": [
            -2.919156,
            53.515693
        ]
    },
    "2800S55061A": {
        "common_name": "Greenheys Drive",
        "coordinates": [
            -2.924464,
            53.515688
        ]
    },
    "2800S55043A": {
        "common_name": "Park Lane",
        "coordinates": [
            -2.930298,
            53.520415
        ]
    },
    "2800S55042A": {
        "common_name": "Wasdale Avenue",
        "coordinates": [
            -2.92645,
            53.519627
        ]
    },
    "2800S55044A": {
        "common_name": "Dodds Lane",
        "coordinates": [
            -2.934453,
            53.519367
        ]
    },
    "2800S55045B": {
        "common_name": "Langdale Drive",
        "coordinates": [
            -2.932869,
            53.518634
        ]
    },
    "2800S55041B": {
        "common_name": "Parkbourn Drive",
        "coordinates": [
            -2.918521,
            53.51843
        ]
    },
    "2800S55089B": {
        "common_name": "School Lane",
        "coordinates": [
            -2.913253,
            53.516142
        ]
    },
    "2800S55046A": {
        "common_name": "Douglas Drive",
        "coordinates": [
            -2.927443,
            53.516752
        ]
    },
    "2800S55099A": {
        "common_name": "Maghull North Station",
        "coordinates": [
            -2.919175,
            53.515881
        ]
    },
    "2800S55061B": {
        "common_name": "Moss Lane",
        "coordinates": [
            -2.925007,
            53.515674
        ]
    },
    "2800S55044B": {
        "common_name": "Moss Lane",
        "coordinates": [
            -2.934071,
            53.519811
        ]
    },
    "2800S55045A": {
        "common_name": "Langdale Drive",
        "coordinates": [
            -2.931938,
            53.518137
        ]
    },
    "2800S55060A": {
        "common_name": "Eastway",
        "coordinates": [
            -2.931985,
            53.515485
        ]
    },
    "2800S55008B": {
        "common_name": "Hunt Road",
        "coordinates": [
            -2.939945,
            53.516025
        ]
    },
    "2800S55046B": {
        "common_name": "Tebay Close",
        "coordinates": [
            -2.92837,
            53.517051
        ]
    },
    "2800S55096A": {
        "common_name": "Deyes Lane",
        "coordinates": [
            -2.926464,
            53.516113
        ]
    },
    "2800S55060B": {
        "common_name": "Kendal Drive",
        "coordinates": [
            -2.931535,
            53.515606
        ]
    },
    "2800S55007A": {
        "common_name": "Central Square",
        "coordinates": [
            -2.944146,
            53.515749
        ]
    },
    "2800S55008A": {
        "common_name": "Ambleside Road",
        "coordinates": [
            -2.938345,
            53.515984
        ]
    },
    "2800S55007B": {
        "common_name": "Central Square",
        "coordinates": [
            -2.943416,
            53.516151
        ]
    },
    "2800S55028B": {
        "common_name": "Stafford Moreton Way",
        "coordinates": [
            -2.944979,
            53.513873
        ]
    },
    "2800S55027C": {
        "common_name": "Balmoral Road",
        "coordinates": [
            -2.948602,
            53.512002
        ]
    },
    "2800S55028A": {
        "common_name": "Stafford Moreton Way",
        "coordinates": [
            -2.945337,
            53.514338
        ]
    },
    "2800S55026B": {
        "common_name": "Sandringham Road",
        "coordinates": [
            -2.948402,
            53.509136
        ]
    },
    "2800S55025B": {
        "common_name": "Ormonde Avenue",
        "coordinates": [
            -2.946857,
            53.506775
        ]
    },
    "2800S55027A": {
        "common_name": "Balmoral Road",
        "coordinates": [
            -2.948095,
            53.512249
        ]
    },
    "2800S55026A": {
        "common_name": "Rosslyn Avenue",
        "coordinates": [
            -2.949134,
            53.509481
        ]
    },
    "2800S55024A": {
        "common_name": "Larchwood Avenue",
        "coordinates": [
            -2.947986,
            53.502649
        ]
    },
    "2800S55025A": {
        "common_name": "Ormonde Avenue",
        "coordinates": [
            -2.946819,
            53.506443
        ]
    },
    "2800S55024B": {
        "common_name": "The Cresent",
        "coordinates": [
            -2.948508,
            53.503077
        ]
    },
    "2800S55001B": {
        "common_name": "Dover Road",
        "coordinates": [
            -2.946598,
            53.499901
        ]
    },
    "2800S55001C": {
        "common_name": "Northway",
        "coordinates": [
            -2.947031,
            53.501048
        ]
    },
    "2800S53039A": {
        "common_name": "Asda",
        "coordinates": [
            -2.950837,
            53.490582
        ]
    },
    "2800S53039B": {
        "common_name": "Asda",
        "coordinates": [
            -2.951054,
            53.490167
        ]
    },
    "2800S53037A": {
        "common_name": "Old Roan Station",
        "coordinates": [
            -2.950093,
            53.485626
        ]
    },
    "2800S53037B": {
        "common_name": "Old Roan Station",
        "coordinates": [
            -2.950033,
            53.486975
        ]
    },
    "2800S53007B": {
        "common_name": "Aintree Retail Park",
        "coordinates": [
            -2.95227,
            53.482543
        ]
    },
    "2800S53007A": {
        "common_name": "Aintree Retail Park",
        "coordinates": [
            -2.952354,
            53.48159
        ]
    },
    "2800S53019A": {
        "common_name": "Brenka Avenue",
        "coordinates": [
            -2.954351,
            53.476594
        ]
    },
    "2800S53019B": {
        "common_name": "Brenka Avenue",
        "coordinates": [
            -2.954605,
            53.477158
        ]
    },
    "2800S46087B": {
        "common_name": "Aintree Station",
        "coordinates": [
            -2.955545,
            53.473394
        ]
    },
    "2800S46061A": {
        "common_name": "Aintree Station",
        "coordinates": [
            -2.955261,
            53.472155
        ]
    },
    "2800S46060A": {
        "common_name": "Church Avenue",
        "coordinates": [
            -2.955788,
            53.469473
        ]
    },
    "2800S46059A": {
        "common_name": "Eastbourne Road",
        "coordinates": [
            -2.955664,
            53.467963
        ]
    },
    "2800S46090A": {
        "common_name": "Sydney Street",
        "coordinates": [
            -2.957496,
            53.465045
        ]
    },
    "2800S46059B": {
        "common_name": "Albany Road",
        "coordinates": [
            -2.956083,
            53.467151
        ]
    },
    "2800S46089A": {
        "common_name": "Grace Road",
        "coordinates": [
            -2.959028,
            53.463505
        ]
    },
    "2800S46090C": {
        "common_name": "Warbreck Avenue",
        "coordinates": [
            -2.958608,
            53.464236
        ]
    },
    "2800S46050C": {
        "common_name": "Orrell Park Station",
        "coordinates": [
            -2.960227,
            53.462543
        ]
    },
    "2800S46051D": {
        "common_name": "Rice Lane Station",
        "coordinates": [
            -2.962157,
            53.458635
        ]
    },
    "2800S46050B": {
        "common_name": "Orrell Park Station",
        "coordinates": [
            -2.961804,
            53.461011
        ]
    },
    "2800S46051C": {
        "common_name": "Rice Lane Station",
        "coordinates": [
            -2.962475,
            53.458704
        ]
    },
    "2800S46052B": {
        "common_name": "Fazakerley Road",
        "coordinates": [
            -2.961602,
            53.454729
        ]
    },
    "2800S46053D": {
        "common_name": "Cavendish Drive",
        "coordinates": [
            -2.964396,
            53.451767
        ]
    },
    "2800S46052C": {
        "common_name": "Rawcliffe Road",
        "coordinates": [
            -2.961994,
            53.454762
        ]
    },
    "2800S46053B": {
        "common_name": "Clock Tower Drive",
        "coordinates": [
            -2.964269,
            53.452173
        ]
    },
    "2800S46054A": {
        "common_name": "York Street",
        "coordinates": [
            -2.966953,
            53.448349
        ]
    },
    "2800S46054B": {
        "common_name": "Denbigh Road",
        "coordinates": [
            -2.966594,
            53.448424
        ]
    },
    "2800S40076A": {
        "common_name": "Church Lane",
        "coordinates": [
            -2.967646,
            53.446357
        ]
    },
    "2800S40076D": {
        "common_name": "Breeze Hill",
        "coordinates": [
            -2.967756,
            53.446572
        ]
    },
    "2800S40167A": {
        "common_name": "Pym Street",
        "coordinates": [
            -2.96964,
            53.444003
        ]
    },
    "2800S40077B": {
        "common_name": "Wilburn Street",
        "coordinates": [
            -2.970613,
            53.441119
        ]
    },
    "2800S40078A": {
        "common_name": "Oxton Street",
        "coordinates": [
            -2.971102,
            53.438778
        ]
    },
    "2800S40077C": {
        "common_name": "Makin Street",
        "coordinates": [
            -2.97031,
            53.443683
        ]
    },
    "2800S40079A": {
        "common_name": "Christopher Street",
        "coordinates": [
            -2.972441,
            53.435459
        ]
    },
    "2800S40080A": {
        "common_name": "Woodhouse Close",
        "coordinates": [
            -2.973153,
            53.433008
        ]
    },
    "2800S40081A": {
        "common_name": "Sandheys Close",
        "coordinates": [
            -2.975578,
            53.431128
        ]
    },
    "2800S40077D": {
        "common_name": "Arundel Street",
        "coordinates": [
            -2.970898,
            53.441719
        ]
    },
    "2800S40078B": {
        "common_name": "Ludlow Street",
        "coordinates": [
            -2.971118,
            53.439515
        ]
    },
    "2800S40065B": {
        "common_name": "Whittle Street",
        "coordinates": [
            -2.977788,
            53.42906
        ]
    },
    "2800S40079B": {
        "common_name": "Bradewell Street",
        "coordinates": [
            -2.972741,
            53.43543
        ]
    },
    "2800S40080B": {
        "common_name": "Fountains Road",
        "coordinates": [
            -2.973438,
            53.432961
        ]
    },
    "2800S40081B": {
        "common_name": "Sandheys Close",
        "coordinates": [
            -2.975093,
            53.431617
        ]
    },
    "2800S40064B": {
        "common_name": "Great Homer Street",
        "coordinates": [
            -2.980001,
            53.427101
        ]
    },
    "2800S40063A": {
        "common_name": "Stanley Road",
        "coordinates": [
            -2.981742,
            53.424938
        ]
    },
    "2800S40065A": {
        "common_name": "Smith Street",
        "coordinates": [
            -2.978269,
            53.429038
        ]
    },
    "2800S40062A": {
        "common_name": "Newsham Street",
        "coordinates": [
            -2.98178,
            53.422664
        ]
    },
    "2800S40064A": {
        "common_name": "Wrexham Street",
        "coordinates": [
            -2.980542,
            53.427087
        ]
    },
    "2800S42034A": {
        "common_name": "Juvenal Street",
        "coordinates": [
            -2.981921,
            53.415714
        ]
    },
    "2800S40063G": {
        "common_name": "Boundary Street",
        "coordinates": [
            -2.981524,
            53.42592
        ]
    },
    "2800S40062C": {
        "common_name": "Westmorland Place",
        "coordinates": [
            -2.982216,
            53.422669
        ]
    },
    "2800S42034B": {
        "common_name": "Leeds Street",
        "coordinates": [
            -2.982449,
            53.415152
        ]
    },
    "2800S42023L": {
        "common_name": "Queen Square Bus Station",
        "coordinates": [
            -2.982547,
            53.407697
        ]
    },
    "2800S42023J": {
        "common_name": "Queen Square Bus Station",
        "coordinates": [
            -2.982476,
            53.407584
        ]
    }
}