{
    "2500LA00193": {
        "common_name": "Concourse",
        "coordinates": [
            -2.77436,
            53.550372
        ]
    },
    "25001557": {
        "common_name": "Northway ASDA",
        "coordinates": [
            -2.776218,
            53.553739
        ]
    },
    "25001616": {
        "common_name": "Inglewhite",
        "coordinates": [
            -2.776778,
            53.556262
        ]
    },
    "2500LAA07570": {
        "common_name": "Irwell",
        "coordinates": [
            -2.777956,
            53.557944
        ]
    },
    "2500LA00253": {
        "common_name": "Fairburn",
        "coordinates": [
            -2.773216,
            53.557166
        ]
    },
    "2500LAA07568": {
        "common_name": "Ferndale",
        "coordinates": [
            -2.769206,
            53.554108
        ]
    },
    "250013145": {
        "common_name": "Harsnips",
        "coordinates": [
            -2.766451,
            53.552877
        ]
    },
    "2500LAA07567": {
        "common_name": "Flimby",
        "coordinates": [
            -2.763518,
            53.553444
        ]
    },
    "2500LA00250": {
        "common_name": "Community Centre",
        "coordinates": [
            -2.763432,
            53.556204
        ]
    },
    "2500LA00249": {
        "common_name": "Forest Drive",
        "coordinates": [
            -2.765695,
            53.559443
        ]
    },
    "2500LA00248": {
        "common_name": "Kingsbury Court",
        "coordinates": [
            -2.768121,
            53.562556
        ]
    },
    "2500LAA00479": {
        "common_name": "Lulworth",
        "coordinates": [
            -2.769719,
            53.562437
        ]
    },
    "2500LAA07576": {
        "common_name": "Lowcroft",
        "coordinates": [
            -2.770343,
            53.561022
        ]
    },
    "2500DCL2206": {
        "common_name": "Leeswood",
        "coordinates": [
            -2.774795,
            53.56093
        ]
    },
    "2500DCL2205": {
        "common_name": "Health Centre",
        "coordinates": [
            -2.777233,
            53.562973
        ]
    },
    "2500LA00242": {
        "common_name": "Rowan Lane",
        "coordinates": [
            -2.776943,
            53.564476
        ]
    },
    "2500DCL2238": {
        "common_name": "Ashurst Gardens",
        "coordinates": [
            -2.779791,
            53.564997
        ]
    },
    "250013317": {
        "common_name": "Merewood",
        "coordinates": [
            -2.782567,
            53.564035
        ]
    },
    "2500LAA15960": {
        "common_name": "Manfield",
        "coordinates": [
            -2.780307,
            53.561829
        ]
    },
    "2500LAA07565": {
        "common_name": "Leeswood",
        "coordinates": [
            -2.774693,
            53.56112
        ]
    },
    "250010120": {
        "common_name": "Lindens",
        "coordinates": [
            -2.770706,
            53.561047
        ]
    },
    "2500LA00245": {
        "common_name": "Lulworth",
        "coordinates": [
            -2.769855,
            53.562419
        ]
    },
    "2500LA00247": {
        "common_name": "Kingsbury Court",
        "coordinates": [
            -2.76751,
            53.562137
        ]
    },
    "2500LAA07566": {
        "common_name": "Forest Drive",
        "coordinates": [
            -2.765393,
            53.559454
        ]
    },
    "2500LA00251": {
        "common_name": "Community Centre",
        "coordinates": [
            -2.763254,
            53.556367
        ]
    },
    "25001615": {
        "common_name": "Flimby",
        "coordinates": [
            -2.76416,
            53.553035
        ]
    },
    "2500LAA16620": {
        "common_name": "Hallcroft",
        "coordinates": [
            -2.767113,
            53.55272
        ]
    },
    "2500LA00252": {
        "common_name": "Ferndale",
        "coordinates": [
            -2.769738,
            53.555992
        ]
    },
    "250013930": {
        "common_name": "Fairburn",
        "coordinates": [
            -2.772125,
            53.55693
        ]
    },
    "250014551": {
        "common_name": "Ivybridge",
        "coordinates": [
            -2.775943,
            53.556024
        ]
    },
    "2500LA00254": {
        "common_name": "Northway Asda",
        "coordinates": [
            -2.77584,
            53.553688
        ]
    },
    "2500LA00192": {
        "common_name": "Concourse",
        "coordinates": [
            -2.774362,
            53.550435
        ]
    }
}