{
    "2800S16001I": {
        "common_name": "St Helens Bus Station",
        "coordinates": [
            -2.7332,
            53.453356
        ]
    },
    "2800S16001A": {
        "common_name": "St Helens Bus Station",
        "coordinates": [
            -2.733281,
            53.453361
        ]
    },
    "2800S16001C": {
        "common_name": "St Helens Bus Station",
        "coordinates": [
            -2.7332,
            53.453356
        ]
    },
    "2800S16002A": {
        "common_name": "St Helens Central Station",
        "coordinates": [
            -2.730837,
            53.453444
        ]
    },
    "2800S16003A": {
        "common_name": "Phoenix Brow",
        "coordinates": [
            -2.726569,
            53.453109
        ]
    },
    "2800S13001B": {
        "common_name": "Traverse Street",
        "coordinates": [
            -2.721947,
            53.453128
        ]
    },
    "2800S16002B": {
        "common_name": "St Helens Central Station",
        "coordinates": [
            -2.72981,
            53.453296
        ]
    },
    "2800S13041B": {
        "common_name": "Parr Stocks Road",
        "coordinates": [
            -2.71706,
            53.451809
        ]
    },
    "2800S16003B": {
        "common_name": "Phoenix Brow",
        "coordinates": [
            -2.726522,
            53.452966
        ]
    },
    "2800S13001A": {
        "common_name": "Langtree Street",
        "coordinates": [
            -2.72143,
            53.452844
        ]
    },
    "2800S13041A": {
        "common_name": "Sorogold Street",
        "coordinates": [
            -2.716859,
            53.451478
        ]
    },
    "2800S13040B": {
        "common_name": "Ramford Street",
        "coordinates": [
            -2.713687,
            53.450877
        ]
    },
    "2800S13103B": {
        "common_name": "Stocks Avenue",
        "coordinates": [
            -2.707177,
            53.449657
        ]
    },
    "2800S13040A": {
        "common_name": "Ramford Street",
        "coordinates": [
            -2.713277,
            53.450664
        ]
    },
    "2800S13102A": {
        "common_name": "Lansbury Avenue",
        "coordinates": [
            -2.703457,
            53.448708
        ]
    },
    "2800S13101A": {
        "common_name": "Ashtons Green Drive",
        "coordinates": [
            -2.698374,
            53.447291
        ]
    },
    "2800S13039A": {
        "common_name": "Gaskell Street",
        "coordinates": [
            -2.711469,
            53.450611
        ]
    },
    "2800S13103A": {
        "common_name": "Breccia Gardens",
        "coordinates": [
            -2.707247,
            53.449396
        ]
    },
    "2800S13102B": {
        "common_name": "Lansbury Avenue",
        "coordinates": [
            -2.70448,
            53.448666
        ]
    },
    "2800S13101B": {
        "common_name": "Bromilow Road",
        "coordinates": [
            -2.699611,
            53.44741
        ]
    },
    "2800S13100B": {
        "common_name": "Moss Lane",
        "coordinates": [
            -2.693413,
            53.445927
        ]
    },
    "2800S13100A": {
        "common_name": "Berrys Lane",
        "coordinates": [
            -2.694531,
            53.446154
        ]
    },
    "2800S13107B": {
        "common_name": "Downway Lane",
        "coordinates": [
            -2.691712,
            53.445901
        ]
    },
    "2800S13029A": {
        "common_name": "Derbyshire Hill Road",
        "coordinates": [
            -2.686664,
            53.446604
        ]
    },
    "2800S13107A": {
        "common_name": "Downway Lane",
        "coordinates": [
            -2.689705,
            53.445634
        ]
    },
    "2800S13031B": {
        "common_name": "Reynolds Ave",
        "coordinates": [
            -2.683906,
            53.448337
        ]
    },
    "2800S13032B": {
        "common_name": "Mount Pleasant Ave",
        "coordinates": [
            -2.6819,
            53.449957
        ]
    },
    "2800S13260A": {
        "common_name": "McMinnis Avenue",
        "coordinates": [
            -2.685625,
            53.451257
        ]
    },
    "2800S13180A": {
        "common_name": "Mount Pleasant Avenue",
        "coordinates": [
            -2.686908,
            53.451438
        ]
    },
    "2800S13259A": {
        "common_name": "Moore Avenue",
        "coordinates": [
            -2.68749,
            53.450231
        ]
    },
    "2800S13173A": {
        "common_name": "Derbyshire Hill Road",
        "coordinates": [
            -2.687989,
            53.448439
        ]
    }
}