{
    "2800S16001O": {
        "common_name": "Bickerstaffe Street",
        "coordinates": [
            -2.732803,
            53.453053
        ]
    },
    "2800S16001B": {
        "common_name": "St Helens Bus Station",
        "coordinates": [
            -2.7332,
            53.453356
        ]
    },
    "2800S16002A": {
        "common_name": "St Helens Central Station",
        "coordinates": [
            -2.730837,
            53.453444
        ]
    },
    "2800S16003A": {
        "common_name": "Phoenix Brow",
        "coordinates": [
            -2.726569,
            53.453109
        ]
    },
    "2800S13001B": {
        "common_name": "Traverse Street",
        "coordinates": [
            -2.721947,
            53.453128
        ]
    },
    "2800S16002B": {
        "common_name": "St Helens Central Station",
        "coordinates": [
            -2.72981,
            53.453296
        ]
    },
    "2800S16003B": {
        "common_name": "Phoenix Brow",
        "coordinates": [
            -2.726522,
            53.452966
        ]
    },
    "2800S13001A": {
        "common_name": "Langtree Street",
        "coordinates": [
            -2.72143,
            53.452844
        ]
    },
    "2800S13002A": {
        "common_name": "Johnson Street",
        "coordinates": [
            -2.718709,
            53.45491
        ]
    },
    "2800S13002B": {
        "common_name": "Pocket Nook Street",
        "coordinates": [
            -2.71986,
            53.45439
        ]
    },
    "2800S13003B": {
        "common_name": "Merton Bank Road",
        "coordinates": [
            -2.717457,
            53.45569
        ]
    },
    "2800S13004B": {
        "common_name": "Mulcrow Close",
        "coordinates": [
            -2.712303,
            53.457249
        ]
    },
    "2800S13005B": {
        "common_name": "Blackbrook Road",
        "coordinates": [
            -2.709218,
            53.458283
        ]
    },
    "2800S13003A": {
        "common_name": "Blackhorse Street",
        "coordinates": [
            -2.716511,
            53.45584
        ]
    },
    "2800S13004A": {
        "common_name": "Mulcrow Close",
        "coordinates": [
            -2.71248,
            53.457041
        ]
    },
    "2800S13006B": {
        "common_name": "Link Avenue",
        "coordinates": [
            -2.706798,
            53.461327
        ]
    },
    "2800S13007B": {
        "common_name": "Chain Lane",
        "coordinates": [
            -2.705891,
            53.461997
        ]
    },
    "2800S13005A": {
        "common_name": "Boardmans Lane",
        "coordinates": [
            -2.708236,
            53.459017
        ]
    },
    "2800S13006A": {
        "common_name": "O'Sullivan Crescent",
        "coordinates": [
            -2.706674,
            53.46113
        ]
    },
    "2800S13008B": {
        "common_name": "O' Sullivan Crescent",
        "coordinates": [
            -2.703145,
            53.46356
        ]
    },
    "2800S13009A": {
        "common_name": "Waine Street",
        "coordinates": [
            -2.697592,
            53.464806
        ]
    },
    "2800S13007A": {
        "common_name": "MacDonald Avenue",
        "coordinates": [
            -2.70556,
            53.462053
        ]
    },
    "2800S13008A": {
        "common_name": "West End Road",
        "coordinates": [
            -2.702603,
            53.463563
        ]
    },
    "2800S13010A": {
        "common_name": "Old Whint Road",
        "coordinates": [
            -2.694553,
            53.465911
        ]
    },
    "2800S13011B": {
        "common_name": "Sumner Street",
        "coordinates": [
            -2.691991,
            53.466816
        ]
    },
    "2800S13012B": {
        "common_name": "West End Road",
        "coordinates": [
            -2.687495,
            53.468199
        ]
    },
    "2800S13009B": {
        "common_name": "Waine Street",
        "coordinates": [
            -2.698039,
            53.464479
        ]
    },
    "2800S13010B": {
        "common_name": "School Street",
        "coordinates": [
            -2.695344,
            53.465493
        ]
    },
    "2800S13013B": {
        "common_name": "Grosvenor Road",
        "coordinates": [
            -2.68224,
            53.467411
        ]
    },
    "2800S13014B": {
        "common_name": "Squires Close",
        "coordinates": [
            -2.679006,
            53.466782
        ]
    },
    "2800S13011A": {
        "common_name": "Burrows Street",
        "coordinates": [
            -2.692542,
            53.466408
        ]
    },
    "2800S13012A": {
        "common_name": "Clipsley Lane",
        "coordinates": [
            -2.688665,
            53.467913
        ]
    },
    "2800S13014C": {
        "common_name": "O'Connell Close",
        "coordinates": [
            -2.676427,
            53.466617
        ]
    },
    "2800S11001B": {
        "common_name": "Stanton Close",
        "coordinates": [
            -2.67261,
            53.466216
        ]
    },
    "2800S13013A": {
        "common_name": "Whitehouse Close",
        "coordinates": [
            -2.683294,
            53.467387
        ]
    },
    "2800S13014A": {
        "common_name": "Gardiner Avenue",
        "coordinates": [
            -2.67843,
            53.466534
        ]
    },
    "2800S11002A": {
        "common_name": "Grange Valley",
        "coordinates": [
            -2.668549,
            53.465655
        ]
    },
    "2800S11003B": {
        "common_name": "Halton Street",
        "coordinates": [
            -2.66449,
            53.466136
        ]
    },
    "2800S11001A": {
        "common_name": "Ireland Road",
        "coordinates": [
            -2.673408,
            53.466212
        ]
    },
    "2800S11002B": {
        "common_name": "Grange Valley",
        "coordinates": [
            -2.66927,
            53.465543
        ]
    },
    "2800S11004A": {
        "common_name": "North Street",
        "coordinates": [
            -2.662024,
            53.467408
        ]
    },
    "2800S11005B": {
        "common_name": "Johns Avenue",
        "coordinates": [
            -2.657183,
            53.468999
        ]
    },
    "2800S11003A": {
        "common_name": "Bellerophon Way",
        "coordinates": [
            -2.665819,
            53.4654
        ]
    },
    "2800S11004B": {
        "common_name": "North Street",
        "coordinates": [
            -2.662096,
            53.467192
        ]
    },
    "2800S11006B": {
        "common_name": "Arrowsmith Road",
        "coordinates": [
            -2.655415,
            53.469629
        ]
    },
    "2800S11005A": {
        "common_name": "Homestead Avenue",
        "coordinates": [
            -2.6585,
            53.468461
        ]
    },
    "2800S11007A": {
        "common_name": "Kenyons Lane",
        "coordinates": [
            -2.651576,
            53.470773
        ]
    },
    "2800S11006A": {
        "common_name": "Balharry Avenue",
        "coordinates": [
            -2.655442,
            53.469413
        ]
    },
    "2800S11007B": {
        "common_name": "Kenyons Lane",
        "coordinates": [
            -2.652533,
            53.470337
        ]
    },
    "2800S11008A": {
        "common_name": "Vista Road",
        "coordinates": [
            -2.649291,
            53.471091
        ]
    },
    "2800S11008B": {
        "common_name": "Manor Road",
        "coordinates": [
            -2.648616,
            53.471302
        ]
    },
    "2800S11009A": {
        "common_name": "Old Boston",
        "coordinates": [
            -2.643978,
            53.471399
        ]
    },
    "2800S11009B": {
        "common_name": "Southward Road",
        "coordinates": [
            -2.644231,
            53.471227
        ]
    },
    "2800S11010B": {
        "common_name": "Wilcock Road",
        "coordinates": [
            -2.641202,
            53.472178
        ]
    },
    "2800S11010A": {
        "common_name": "Wilcock Road",
        "coordinates": [
            -2.640601,
            53.472262
        ]
    },
    "2800S11011A": {
        "common_name": "Penny Lane",
        "coordinates": [
            -2.636974,
            53.476524
        ]
    },
    "2800S11011B": {
        "common_name": "Penny Lane",
        "coordinates": [
            -2.636547,
            53.476229
        ]
    },
    "2800S11012A": {
        "common_name": "Haydock Park Gardens",
        "coordinates": [
            -2.637262,
            53.479704
        ]
    },
    "1800WK08101": {
        "common_name": "St Edmund Arrowsmith",
        "coordinates": [
            -2.638148,
            53.482486
        ]
    },
    "1800WK01851": {
        "common_name": "Haydock Pk",
        "coordinates": [
            -2.637806,
            53.480771
        ]
    },
    "1800WK01861": {
        "common_name": "Bay Horse",
        "coordinates": [
            -2.638345,
            53.482584
        ]
    },
    "1800WK01871": {
        "common_name": "St Thomas Church",
        "coordinates": [
            -2.639173,
            53.485519
        ]
    },
    "1800WK01931": {
        "common_name": "Ashton Town Ctr",
        "coordinates": [
            -2.636952,
            53.487139
        ]
    },
    "1800WK01881": {
        "common_name": "St Thomas Church",
        "coordinates": [
            -2.639433,
            53.485751
        ]
    },
    "1800WK01911": {
        "common_name": "Ashton Town Centre",
        "coordinates": [
            -2.637252,
            53.487039
        ]
    },
    "1800WK01951": {
        "common_name": "Edward Dr",
        "coordinates": [
            -2.633274,
            53.490107
        ]
    },
    "1800WK01971": {
        "common_name": "The Caledonian",
        "coordinates": [
            -2.630943,
            53.491459
        ]
    },
    "1800WK01941": {
        "common_name": "Orchard St",
        "coordinates": [
            -2.632361,
            53.490526
        ]
    },
    "1800WK01961": {
        "common_name": "The Caledonian",
        "coordinates": [
            -2.631508,
            53.490997
        ]
    },
    "1800WK01991": {
        "common_name": "Bryn Rd",
        "coordinates": [
            -2.628521,
            53.492856
        ]
    },
    "1800WK00531": {
        "common_name": "St Wilfred's Church",
        "coordinates": [
            -2.624091,
            53.494946
        ]
    },
    "1800WK01981": {
        "common_name": "Bryn Rd",
        "coordinates": [
            -2.628669,
            53.492621
        ]
    },
    "1800WK00521": {
        "common_name": "Golborne Rd",
        "coordinates": [
            -2.624776,
            53.494386
        ]
    },
    "1800WK00541": {
        "common_name": "Stubshaw Cross",
        "coordinates": [
            -2.62194,
            53.496306
        ]
    },
    "1800WK00551": {
        "common_name": "Stubshaw Cross",
        "coordinates": [
            -2.62148,
            53.49683
        ]
    },
    "1800WK00571": {
        "common_name": "Conway Rd",
        "coordinates": [
            -2.618899,
            53.498677
        ]
    },
    "1800WK00591": {
        "common_name": "Riding Ln",
        "coordinates": [
            -2.617153,
            53.49989
        ]
    },
    "1800WK00561": {
        "common_name": "Conway Rd",
        "coordinates": [
            -2.619181,
            53.498316
        ]
    },
    "1800WK00581": {
        "common_name": "Riding Ln",
        "coordinates": [
            -2.61721,
            53.499665
        ]
    },
    "1800WK00601": {
        "common_name": "Beech Tree Houses",
        "coordinates": [
            -2.613238,
            53.503335
        ]
    },
    "1800WK00611": {
        "common_name": "Beech Tree Houses",
        "coordinates": [
            -2.613277,
            53.503919
        ]
    },
    "1800WK00631": {
        "common_name": "Bryn Hall",
        "coordinates": [
            -2.612361,
            53.506252
        ]
    },
    "1800WK00621": {
        "common_name": "Bryn Hall",
        "coordinates": [
            -2.612401,
            53.505919
        ]
    },
    "1800WK00641": {
        "common_name": "Bryn Gates Primary Sch",
        "coordinates": [
            -2.610073,
            53.507576
        ]
    },
    "1800WK00671": {
        "common_name": "Bamfurlong PO",
        "coordinates": [
            -2.606285,
            53.509501
        ]
    },
    "1800WK00651": {
        "common_name": "Bryn Gates Primary Sch",
        "coordinates": [
            -2.609038,
            53.507986
        ]
    },
    "1800WK00661": {
        "common_name": "Bamfurlong PO",
        "coordinates": [
            -2.606059,
            53.509484
        ]
    },
    "1800WK00681": {
        "common_name": "Canal Bridge",
        "coordinates": [
            -2.603277,
            53.511071
        ]
    },
    "1800WK00721": {
        "common_name": "Abingdon Dr",
        "coordinates": [
            -2.600838,
            53.514535
        ]
    },
    "1800WK00701": {
        "common_name": "Canal Bridge",
        "coordinates": [
            -2.602976,
            53.511126
        ]
    },
    "1800WK00711": {
        "common_name": "Abingdon Dr",
        "coordinates": [
            -2.600759,
            53.514293
        ]
    },
    "1800WK04031": {
        "common_name": "Wigan St",
        "coordinates": [
            -2.599412,
            53.516052
        ]
    },
    "1800WK03861": {
        "common_name": "Millers Ln",
        "coordinates": [
            -2.598254,
            53.51844
        ]
    },
    "1800WK00731": {
        "common_name": "Wigan St",
        "coordinates": [
            -2.598272,
            53.516552
        ]
    },
    "1800WK03871": {
        "common_name": "Millers Ln",
        "coordinates": [
            -2.597953,
            53.518468
        ]
    },
    "1800WK45961": {
        "common_name": "Queens Arms",
        "coordinates": [
            -2.598964,
            53.520674
        ]
    },
    "1800WK45971": {
        "common_name": "Stapleton St",
        "coordinates": [
            -2.601037,
            53.522246
        ]
    },
    "1800WK46001": {
        "common_name": "Coronation St",
        "coordinates": [
            -2.608513,
            53.526064
        ]
    },
    "1800WK45951": {
        "common_name": "Queens Arms",
        "coordinates": [
            -2.598863,
            53.521007
        ]
    },
    "1800WK45981": {
        "common_name": "Neville St",
        "coordinates": [
            -2.601465,
            53.522621
        ]
    },
    "1800WK45991": {
        "common_name": "Coronation St",
        "coordinates": [
            -2.608272,
            53.526065
        ]
    },
    "1800WK46021": {
        "common_name": "Taylors Ln",
        "coordinates": [
            -2.611824,
            53.527638
        ]
    },
    "1800WK46041": {
        "common_name": "Marlborough Ave",
        "coordinates": [
            -2.61424,
            53.529873
        ]
    },
    "1800WK46011": {
        "common_name": "Taylors Ln",
        "coordinates": [
            -2.610808,
            53.527221
        ]
    },
    "1800WK46031": {
        "common_name": "Marlborough Ave",
        "coordinates": [
            -2.613526,
            53.529544
        ]
    },
    "1800WK46061": {
        "common_name": "Cemetery Rd",
        "coordinates": [
            -2.616345,
            53.532505
        ]
    },
    "1800WK46071": {
        "common_name": "Westwood Ln",
        "coordinates": [
            -2.61755,
            53.534458
        ]
    },
    "1800WK46051": {
        "common_name": "Cemetery Rd",
        "coordinates": [
            -2.616272,
            53.532676
        ]
    },
    "1800WK46081": {
        "common_name": "Windleshaw St",
        "coordinates": [
            -2.61859,
            53.536457
        ]
    },
    "1800WK46091": {
        "common_name": "Chorley St",
        "coordinates": [
            -2.619043,
            53.536482
        ]
    },
    "1800WK06901": {
        "common_name": "Frederick St",
        "coordinates": [
            -2.620862,
            53.53809
        ]
    },
    "1800WK06911": {
        "common_name": "Orrell St",
        "coordinates": [
            -2.623995,
            53.541777
        ]
    },
    "1800WK04011": {
        "common_name": "Hardybutts",
        "coordinates": [
            -2.625159,
            53.545016
        ]
    },
    "1800WK06891": {
        "common_name": "Redbrook Rd",
        "coordinates": [
            -2.621118,
            53.539087
        ]
    },
    "1800WK02471": {
        "common_name": "Walmersley St",
        "coordinates": [
            -2.624532,
            53.543437
        ]
    },
    "1800WK02451": {
        "common_name": "Standishgate",
        "coordinates": [
            -2.63,
            53.547804
        ]
    },
    "1800WK02371": {
        "common_name": "Morrisons",
        "coordinates": [
            -2.633113,
            53.5491
        ]
    },
    "1800WK02461": {
        "common_name": "Scholes",
        "coordinates": [
            -2.625118,
            53.545295
        ]
    },
    "1800WK02811": {
        "common_name": "River Way",
        "coordinates": [
            -2.628956,
            53.547648
        ]
    },
    "1800WNBS0M1": {
        "common_name": "Wigan Bus Station",
        "coordinates": [
            -2.633703,
            53.547191
        ]
    },
    "1800WKQ0431": {
        "common_name": "Wigan Bus Station",
        "coordinates": [
            -2.634933,
            53.547706
        ]
    },
    "1800WK02431": {
        "common_name": "Market",
        "coordinates": [
            -2.631081,
            53.548463
        ]
    }
}