{
    "2800S16001O": {
        "common_name": "Bickerstaffe Street",
        "coordinates": [
            -2.732803,
            53.453053
        ]
    },
    "2800S16001B": {
        "common_name": "St Helens Bus Station",
        "coordinates": [
            -2.7332,
            53.453356
        ]
    },
    "2800S16002A": {
        "common_name": "St Helens Central Station",
        "coordinates": [
            -2.730837,
            53.453444
        ]
    },
    "2800S16003A": {
        "common_name": "Phoenix Brow",
        "coordinates": [
            -2.726569,
            53.453109
        ]
    },
    "2800S13001B": {
        "common_name": "Traverse Street",
        "coordinates": [
            -2.721947,
            53.453128
        ]
    },
    "2800S16002B": {
        "common_name": "St Helens Central Station",
        "coordinates": [
            -2.72981,
            53.453296
        ]
    },
    "2800S16003B": {
        "common_name": "Phoenix Brow",
        "coordinates": [
            -2.726522,
            53.452966
        ]
    },
    "2800S13001A": {
        "common_name": "Langtree Street",
        "coordinates": [
            -2.72143,
            53.452844
        ]
    },
    "2800S13002A": {
        "common_name": "Johnson Street",
        "coordinates": [
            -2.718709,
            53.45491
        ]
    },
    "2800S13002B": {
        "common_name": "Pocket Nook Street",
        "coordinates": [
            -2.71986,
            53.45439
        ]
    },
    "2800S13003B": {
        "common_name": "Merton Bank Road",
        "coordinates": [
            -2.717457,
            53.45569
        ]
    },
    "2800S13004B": {
        "common_name": "Mulcrow Close",
        "coordinates": [
            -2.712303,
            53.457249
        ]
    },
    "2800S13005B": {
        "common_name": "Blackbrook Road",
        "coordinates": [
            -2.709218,
            53.458283
        ]
    },
    "2800S13003A": {
        "common_name": "Blackhorse Street",
        "coordinates": [
            -2.716511,
            53.45584
        ]
    },
    "2800S13004A": {
        "common_name": "Mulcrow Close",
        "coordinates": [
            -2.71248,
            53.457041
        ]
    },
    "2800S13006B": {
        "common_name": "Link Avenue",
        "coordinates": [
            -2.706798,
            53.461327
        ]
    },
    "2800S13007B": {
        "common_name": "Chain Lane",
        "coordinates": [
            -2.705891,
            53.461997
        ]
    },
    "2800S13005A": {
        "common_name": "Boardmans Lane",
        "coordinates": [
            -2.708236,
            53.459017
        ]
    },
    "2800S13006A": {
        "common_name": "O'Sullivan Crescent",
        "coordinates": [
            -2.706674,
            53.46113
        ]
    },
    "2800S13008B": {
        "common_name": "O' Sullivan Crescent",
        "coordinates": [
            -2.703145,
            53.46356
        ]
    },
    "2800S13009A": {
        "common_name": "Waine Street",
        "coordinates": [
            -2.697592,
            53.464806
        ]
    },
    "2800S13007A": {
        "common_name": "MacDonald Avenue",
        "coordinates": [
            -2.70556,
            53.462053
        ]
    },
    "2800S13008A": {
        "common_name": "West End Road",
        "coordinates": [
            -2.702603,
            53.463563
        ]
    },
    "2800S13010A": {
        "common_name": "Old Whint Road",
        "coordinates": [
            -2.694553,
            53.465911
        ]
    },
    "2800S13011B": {
        "common_name": "Sumner Street",
        "coordinates": [
            -2.691991,
            53.466816
        ]
    },
    "2800S13012B": {
        "common_name": "West End Road",
        "coordinates": [
            -2.687495,
            53.468199
        ]
    },
    "2800S13009B": {
        "common_name": "Waine Street",
        "coordinates": [
            -2.698039,
            53.464479
        ]
    },
    "2800S13010B": {
        "common_name": "School Street",
        "coordinates": [
            -2.695344,
            53.465493
        ]
    },
    "2800S13013B": {
        "common_name": "Grosvenor Road",
        "coordinates": [
            -2.68224,
            53.467411
        ]
    },
    "2800S13014B": {
        "common_name": "Squires Close",
        "coordinates": [
            -2.679006,
            53.466782
        ]
    },
    "2800S13011A": {
        "common_name": "Burrows Street",
        "coordinates": [
            -2.692542,
            53.466408
        ]
    },
    "2800S13012A": {
        "common_name": "Clipsley Lane",
        "coordinates": [
            -2.688665,
            53.467913
        ]
    },
    "2800S13014C": {
        "common_name": "O'Connell Close",
        "coordinates": [
            -2.676427,
            53.466617
        ]
    },
    "2800S11001B": {
        "common_name": "Stanton Close",
        "coordinates": [
            -2.67261,
            53.466216
        ]
    },
    "2800S13013A": {
        "common_name": "Whitehouse Close",
        "coordinates": [
            -2.683294,
            53.467387
        ]
    },
    "2800S13014A": {
        "common_name": "Gardiner Avenue",
        "coordinates": [
            -2.67843,
            53.466534
        ]
    },
    "2800S11002A": {
        "common_name": "Grange Valley",
        "coordinates": [
            -2.668549,
            53.465655
        ]
    },
    "2800S11003B": {
        "common_name": "Halton Street",
        "coordinates": [
            -2.66449,
            53.466136
        ]
    },
    "2800S11001A": {
        "common_name": "Ireland Road",
        "coordinates": [
            -2.673408,
            53.466212
        ]
    },
    "2800S11002B": {
        "common_name": "Grange Valley",
        "coordinates": [
            -2.66927,
            53.465543
        ]
    },
    "2800S11004A": {
        "common_name": "North Street",
        "coordinates": [
            -2.662024,
            53.467408
        ]
    },
    "2800S11005B": {
        "common_name": "Johns Avenue",
        "coordinates": [
            -2.657183,
            53.468999
        ]
    },
    "2800S11003A": {
        "common_name": "Bellerophon Way",
        "coordinates": [
            -2.665819,
            53.4654
        ]
    },
    "2800S11004B": {
        "common_name": "North Street",
        "coordinates": [
            -2.662096,
            53.467192
        ]
    },
    "2800S11006B": {
        "common_name": "Arrowsmith Road",
        "coordinates": [
            -2.655415,
            53.469629
        ]
    },
    "2800S11007A": {
        "common_name": "Kenyons Lane",
        "coordinates": [
            -2.651576,
            53.470773
        ]
    },
    "2800S11005A": {
        "common_name": "Homestead Avenue",
        "coordinates": [
            -2.6585,
            53.468461
        ]
    },
    "2800S11006A": {
        "common_name": "Balharry Avenue",
        "coordinates": [
            -2.655442,
            53.469413
        ]
    },
    "2800S11007B": {
        "common_name": "Kenyons Lane",
        "coordinates": [
            -2.652533,
            53.470337
        ]
    },
    "2800S11008A": {
        "common_name": "Vista Road",
        "coordinates": [
            -2.649291,
            53.471091
        ]
    },
    "2800S11008B": {
        "common_name": "Manor Road",
        "coordinates": [
            -2.648616,
            53.471302
        ]
    },
    "2800S11009A": {
        "common_name": "Old Boston",
        "coordinates": [
            -2.643978,
            53.471399
        ]
    },
    "2800S11009B": {
        "common_name": "Southward Road",
        "coordinates": [
            -2.644231,
            53.471227
        ]
    },
    "2800S11010B": {
        "common_name": "Wilcock Road",
        "coordinates": [
            -2.641202,
            53.472178
        ]
    },
    "2800S11011A": {
        "common_name": "Penny Lane",
        "coordinates": [
            -2.636974,
            53.476524
        ]
    },
    "2800S11010A": {
        "common_name": "Wilcock Road",
        "coordinates": [
            -2.640601,
            53.472262
        ]
    },
    "2800S11011B": {
        "common_name": "Penny Lane",
        "coordinates": [
            -2.636547,
            53.476229
        ]
    },
    "2800S11012A": {
        "common_name": "Haydock Park Gardens",
        "coordinates": [
            -2.637262,
            53.479704
        ]
    },
    "1800WK08101": {
        "common_name": "St Edmund Arrowsmith",
        "coordinates": [
            -2.638148,
            53.482486
        ]
    },
    "1800WK01851": {
        "common_name": "Haydock Pk",
        "coordinates": [
            -2.637806,
            53.480771
        ]
    },
    "1800WK01861": {
        "common_name": "Bay Horse",
        "coordinates": [
            -2.638345,
            53.482584
        ]
    },
    "1800WK01871": {
        "common_name": "St Thomas Church",
        "coordinates": [
            -2.639173,
            53.485519
        ]
    },
    "1800WK01931": {
        "common_name": "Ashton Town Ctr",
        "coordinates": [
            -2.636952,
            53.487139
        ]
    },
    "1800WK01881": {
        "common_name": "St Thomas Church",
        "coordinates": [
            -2.639433,
            53.485751
        ]
    },
    "1800WK45781": {
        "common_name": "Ashton Town Ctr",
        "coordinates": [
            -2.637863,
            53.488573
        ]
    },
    "1800WK01911": {
        "common_name": "Ashton Town Centre",
        "coordinates": [
            -2.637252,
            53.487039
        ]
    }
}