{
    "2800S16001B": {
        "common_name": "St Helens Bus Station",
        "coordinates": [
            -2.7332,
            53.453356
        ]
    },
    "2800S16002A": {
        "common_name": "St Helens Central Station",
        "coordinates": [
            -2.730837,
            53.453444
        ]
    },
    "2800S16003A": {
        "common_name": "Phoenix Brow",
        "coordinates": [
            -2.726569,
            53.453109
        ]
    },
    "2800S13001B": {
        "common_name": "Traverse Street",
        "coordinates": [
            -2.721947,
            53.453128
        ]
    },
    "2800S13002B": {
        "common_name": "Pocket Nook Street",
        "coordinates": [
            -2.71986,
            53.45439
        ]
    },
    "2800S13003B": {
        "common_name": "Merton Bank Road",
        "coordinates": [
            -2.717457,
            53.45569
        ]
    },
    "2800S13004B": {
        "common_name": "Mulcrow Close",
        "coordinates": [
            -2.712303,
            53.457249
        ]
    },
    "2800S13005B": {
        "common_name": "Blackbrook Road",
        "coordinates": [
            -2.709218,
            53.458283
        ]
    },
    "2800S13006B": {
        "common_name": "Link Avenue",
        "coordinates": [
            -2.706798,
            53.461327
        ]
    },
    "2800S13007B": {
        "common_name": "Chain Lane",
        "coordinates": [
            -2.705891,
            53.461997
        ]
    },
    "2800S13008B": {
        "common_name": "O' Sullivan Crescent",
        "coordinates": [
            -2.703145,
            53.46356
        ]
    },
    "2800S13009A": {
        "common_name": "Waine Street",
        "coordinates": [
            -2.697592,
            53.464806
        ]
    },
    "2800S13010A": {
        "common_name": "Old Whint Road",
        "coordinates": [
            -2.694553,
            53.465911
        ]
    },
    "2800S13011B": {
        "common_name": "Sumner Street",
        "coordinates": [
            -2.691991,
            53.466816
        ]
    },
    "2800S13012C": {
        "common_name": "West End Road",
        "coordinates": [
            -2.68857,
            53.468534
        ]
    },
    "2800S11054B": {
        "common_name": "Liverpool Road",
        "coordinates": [
            -2.691859,
            53.469819
        ]
    },
    "2800S11026A": {
        "common_name": "Andover Road",
        "coordinates": [
            -2.660125,
            53.477998
        ]
    },
    "2800S11025B": {
        "common_name": "Hall Wood Avenue",
        "coordinates": [
            -2.657208,
            53.475515
        ]
    },
    "2800S11024D": {
        "common_name": "Bluebell Avenue",
        "coordinates": [
            -2.663075,
            53.471025
        ]
    },
    "2800S11024A": {
        "common_name": "Birch Road",
        "coordinates": [
            -2.662538,
            53.469454
        ]
    },
    "2800S11005B": {
        "common_name": "Johns Avenue",
        "coordinates": [
            -2.657183,
            53.468999
        ]
    },
    "2800S11006B": {
        "common_name": "Arrowsmith Road",
        "coordinates": [
            -2.655415,
            53.469629
        ]
    },
    "2800S11007A": {
        "common_name": "Kenyons Lane",
        "coordinates": [
            -2.651576,
            53.470773
        ]
    },
    "2800S11008B": {
        "common_name": "Manor Road",
        "coordinates": [
            -2.648616,
            53.471302
        ]
    },
    "2800S11009A": {
        "common_name": "Old Boston",
        "coordinates": [
            -2.643978,
            53.471399
        ]
    },
    "2800S11010B": {
        "common_name": "Wilcock Road",
        "coordinates": [
            -2.641202,
            53.472178
        ]
    },
    "2800S11011A": {
        "common_name": "Penny Lane",
        "coordinates": [
            -2.636974,
            53.476524
        ]
    },
    "1800WK01851": {
        "common_name": "Haydock Pk",
        "coordinates": [
            -2.637806,
            53.480771
        ]
    },
    "1800WK01861": {
        "common_name": "Bay Horse",
        "coordinates": [
            -2.638345,
            53.482584
        ]
    },
    "1800WK01881": {
        "common_name": "St Thomas Church",
        "coordinates": [
            -2.639433,
            53.485751
        ]
    },
    "1800WK45781": {
        "common_name": "Ashton Town Ctr",
        "coordinates": [
            -2.637863,
            53.488573
        ]
    }
}