{
    "2800S16001C": {
        "common_name": "St Helens Bus Station",
        "coordinates": [
            -2.7332,
            53.453356
        ]
    },
    "2800S16002A": {
        "common_name": "St Helens Central Station",
        "coordinates": [
            -2.730837,
            53.453444
        ]
    },
    "2800S16003A": {
        "common_name": "Phoenix Brow",
        "coordinates": [
            -2.726569,
            53.453109
        ]
    },
    "2800S16002B": {
        "common_name": "St Helens Central Station",
        "coordinates": [
            -2.72981,
            53.453296
        ]
    },
    "2800S13001B": {
        "common_name": "Traverse Street",
        "coordinates": [
            -2.721947,
            53.453128
        ]
    },
    "2800S13041B": {
        "common_name": "Parr Stocks Road",
        "coordinates": [
            -2.71706,
            53.451809
        ]
    },
    "2800S16003B": {
        "common_name": "Phoenix Brow",
        "coordinates": [
            -2.726522,
            53.452966
        ]
    },
    "2800S13001A": {
        "common_name": "Langtree Street",
        "coordinates": [
            -2.72143,
            53.452844
        ]
    },
    "2800S13041A": {
        "common_name": "Sorogold Street",
        "coordinates": [
            -2.716859,
            53.451478
        ]
    },
    "2800S13040B": {
        "common_name": "Ramford Street",
        "coordinates": [
            -2.713687,
            53.450877
        ]
    },
    "2800S13039B": {
        "common_name": "Tickle Avenue",
        "coordinates": [
            -2.708696,
            53.451392
        ]
    },
    "2800S13040A": {
        "common_name": "Ramford Street",
        "coordinates": [
            -2.713277,
            53.450664
        ]
    },
    "2800S13039A": {
        "common_name": "Gaskell Street",
        "coordinates": [
            -2.711469,
            53.450611
        ]
    },
    "2800S13038B": {
        "common_name": "Boardmans Lane",
        "coordinates": [
            -2.705278,
            53.453192
        ]
    },
    "2800S13038A": {
        "common_name": "Hargreaves Street",
        "coordinates": [
            -2.703645,
            53.453705
        ]
    },
    "2800S13036B": {
        "common_name": "Moorfoot Road",
        "coordinates": [
            -2.697677,
            53.45347
        ]
    },
    "2800S13037A": {
        "common_name": "Nicholson Street",
        "coordinates": [
            -2.702138,
            53.453633
        ]
    },
    "2800S13109B": {
        "common_name": "Provident Street",
        "coordinates": [
            -2.691986,
            53.450753
        ]
    },
    "2800S13030B": {
        "common_name": "Swan Avenue",
        "coordinates": [
            -2.689536,
            53.449185
        ]
    },
    "2800S13036A": {
        "common_name": "Mendip Grove",
        "coordinates": [
            -2.697115,
            53.453123
        ]
    },
    "2800S13029B": {
        "common_name": "Rudd Avenue",
        "coordinates": [
            -2.686414,
            53.446965
        ]
    },
    "2800S13029D": {
        "common_name": "Waring Avenue",
        "coordinates": [
            -2.685156,
            53.446442
        ]
    },
    "2800S13109A": {
        "common_name": "Provident Street",
        "coordinates": [
            -2.692821,
            53.451189
        ]
    },
    "2800S13030A": {
        "common_name": "Swan Avenue",
        "coordinates": [
            -2.690111,
            53.449362
        ]
    },
    "2800S13029A": {
        "common_name": "Derbyshire Hill Road",
        "coordinates": [
            -2.686664,
            53.446604
        ]
    },
    "2800S13029C": {
        "common_name": "Derbyshire Hill Road",
        "coordinates": [
            -2.685275,
            53.44636
        ]
    },
    "069000085140": {
        "common_name": "Broad Lane Corner",
        "coordinates": [
            -2.667844,
            53.440859
        ]
    },
    "069000010540": {
        "common_name": "Broad Lane",
        "coordinates": [
            -2.67934,
            53.444327
        ]
    },
    "069000010490": {
        "common_name": "Bold Lane",
        "coordinates": [
            -2.665066,
            53.439382
        ]
    },
    "069000085150": {
        "common_name": "Broad Lane Corner",
        "coordinates": [
            -2.667673,
            53.440572
        ]
    },
    "069000020160": {
        "common_name": "Green Lane",
        "coordinates": [
            -2.658768,
            53.434213
        ]
    },
    "069000020170": {
        "common_name": "Bridge Inn",
        "coordinates": [
            -2.658123,
            53.43143
        ]
    },
    "069000020180": {
        "common_name": "Chapel House",
        "coordinates": [
            -2.656999,
            53.430744
        ]
    },
    "069000010531": {
        "common_name": "Bold Lane",
        "coordinates": [
            -2.66526,
            53.439309
        ]
    },
    "069000010530": {
        "common_name": "Green Lane",
        "coordinates": [
            -2.660665,
            53.434247
        ]
    },
    "069000020190": {
        "common_name": "Perrins Road",
        "coordinates": [
            -2.651434,
            53.430046
        ]
    },
    "069000027090": {
        "common_name": "Cambourne Road",
        "coordinates": [
            -2.647216,
            53.430735
        ]
    },
    "069000010520": {
        "common_name": "Bridge Inn",
        "coordinates": [
            -2.658129,
            53.431798
        ]
    },
    "069000010510": {
        "common_name": "Post Office",
        "coordinates": [
            -2.658023,
            53.43081
        ]
    },
    "069000010500": {
        "common_name": "Perrins Road",
        "coordinates": [
            -2.652429,
            53.430158
        ]
    },
    "069000020200": {
        "common_name": "Fir Tree Lane",
        "coordinates": [
            -2.64595,
            53.432629
        ]
    },
    "069000020210": {
        "common_name": "Coopers Farm",
        "coordinates": [
            -2.632972,
            53.432384
        ]
    },
    "069000080490": {
        "common_name": "Cambourne Road",
        "coordinates": [
            -2.647125,
            53.430717
        ]
    },
    "069000010480": {
        "common_name": "Fir Tree Lane",
        "coordinates": [
            -2.6464,
            53.432528
        ]
    },
    "069000010470": {
        "common_name": "Coopers Farm",
        "coordinates": [
            -2.632218,
            53.432307
        ]
    },
    "069000020221": {
        "common_name": "Fiddle in Bag",
        "coordinates": [
            -2.62664,
            53.431707
        ]
    },
    "069000010460": {
        "common_name": "Fiddle in Bag",
        "coordinates": [
            -2.626004,
            53.431414
        ]
    },
    "069000020223": {
        "common_name": "Alder Root Lane",
        "coordinates": [
            -2.617607,
            53.431512
        ]
    },
    "069000020220": {
        "common_name": "Alder Root Lane",
        "coordinates": [
            -2.617367,
            53.431576
        ]
    },
    "069000010450": {
        "common_name": "Watery Lane",
        "coordinates": [
            -2.615483,
            53.430399
        ]
    },
    "069000010440": {
        "common_name": "Hollins Park Hospital",
        "coordinates": [
            -2.609229,
            53.429838
        ]
    },
    "069000020222": {
        "common_name": "Hollins Park Hospital",
        "coordinates": [
            -2.609683,
            53.430006
        ]
    },
    "069000020230": {
        "common_name": "Winwick Park",
        "coordinates": [
            -2.602394,
            53.430735
        ]
    },
    "069000010430": {
        "common_name": "Winwick Park",
        "coordinates": [
            -2.602707,
            53.430536
        ]
    },
    "069000010423": {
        "common_name": "St Oswald Church",
        "coordinates": [
            -2.600002,
            53.430792
        ]
    },
    "069000020270": {
        "common_name": "St Oswald Church",
        "coordinates": [
            -2.597964,
            53.430398
        ]
    },
    "069000020860": {
        "common_name": "B&Q",
        "coordinates": [
            -2.597861,
            53.424125
        ]
    },
    "069000010410": {
        "common_name": "B&Q",
        "coordinates": [
            -2.598315,
            53.424266
        ]
    },
    "069000020870": {
        "common_name": "Mill Lane",
        "coordinates": [
            -2.597977,
            53.419504
        ]
    },
    "069000010400": {
        "common_name": "Mill Lane",
        "coordinates": [
            -2.598662,
            53.418979
        ]
    },
    "069000020875": {
        "common_name": "Fordton Leisure",
        "coordinates": [
            -2.59845,
            53.416742
        ]
    },
    "069000010390": {
        "common_name": "Sandy Lane West",
        "coordinates": [
            -2.598026,
            53.413364
        ]
    },
    "069000020880": {
        "common_name": "Sandy Lane West",
        "coordinates": [
            -2.597529,
            53.413286
        ]
    },
    "069000020940": {
        "common_name": "Winwick Road College",
        "coordinates": [
            -2.594665,
            53.40752
        ]
    },
    "069000010380": {
        "common_name": "Alban Retail Park",
        "coordinates": [
            -2.596264,
            53.408897
        ]
    },
    "069000010370": {
        "common_name": "Winwick Road College",
        "coordinates": [
            -2.594808,
            53.406971
        ]
    },
    "069000020950": {
        "common_name": "Alder Lane",
        "coordinates": [
            -2.594148,
            53.403919
        ]
    },
    "069000020960": {
        "common_name": "Ireland Street",
        "coordinates": [
            -2.594148,
            53.401743
        ]
    },
    "069000020970": {
        "common_name": "Owen Street",
        "coordinates": [
            -2.594114,
            53.398175
        ]
    },
    "069000010360": {
        "common_name": "Alder Lane",
        "coordinates": [
            -2.594594,
            53.404617
        ]
    },
    "069000010350": {
        "common_name": "Ireland Street",
        "coordinates": [
            -2.59453,
            53.401112
        ]
    },
    "069000020969": {
        "common_name": "Tesco",
        "coordinates": [
            -2.594005,
            53.396872
        ]
    },
    "069000010340": {
        "common_name": "Owen Street",
        "coordinates": [
            -2.59445,
            53.398542
        ]
    },
    "069000010341": {
        "common_name": "Tesco",
        "coordinates": [
            -2.594277,
            53.396952
        ]
    },
    "069000021830": {
        "common_name": "Central Station",
        "coordinates": [
            -2.593291,
            53.392049
        ]
    },
    "0690WNA02862": {
        "common_name": "Bus Interchange",
        "coordinates": [
            -2.594045,
            53.391101
        ]
    },
    "069000010310": {
        "common_name": "Central Station",
        "coordinates": [
            -2.593873,
            53.392801
        ]
    }
}