{
    "2800S15036A": {
        "common_name": "Loughrigg Avenue",
        "coordinates": [
            -2.726544,
            53.478961
        ]
    },
    "2800S15037B": {
        "common_name": "Ambleside Place",
        "coordinates": [
            -2.726249,
            53.477587
        ]
    },
    "2800S15040C": {
        "common_name": "Ennerdale Avenue",
        "coordinates": [
            -2.728203,
            53.476389
        ]
    },
    "2800S15039B": {
        "common_name": "Eskdale Avenue",
        "coordinates": [
            -2.725388,
            53.474806
        ]
    },
    "2800S15038A": {
        "common_name": "Hawes Avenue",
        "coordinates": [
            -2.724803,
            53.473156
        ]
    },
    "2800S15078A": {
        "common_name": "Honister Avenue",
        "coordinates": [
            -2.723995,
            53.474401
        ]
    },
    "2800S15039A": {
        "common_name": "Wasdale Avenue",
        "coordinates": [
            -2.726058,
            53.475207
        ]
    },
    "2800S15040B": {
        "common_name": "Windermere Avenue",
        "coordinates": [
            -2.728002,
            53.476085
        ]
    },
    "2800S15041C": {
        "common_name": "Ennerdale Avenue",
        "coordinates": [
            -2.730529,
            53.474964
        ]
    },
    "2800S15042B": {
        "common_name": "Lorton Avenue",
        "coordinates": [
            -2.734313,
            53.473367
        ]
    },
    "2800S15043A": {
        "common_name": "Bassenthwaite Avenue",
        "coordinates": [
            -2.737364,
            53.474652
        ]
    },
    "2800S15044B": {
        "common_name": "Moss Bank Road",
        "coordinates": [
            -2.73981,
            53.474089
        ]
    },
    "2800S15046C": {
        "common_name": "The Brooks",
        "coordinates": [
            -2.733795,
            53.469523
        ]
    },
    "2800S15047B": {
        "common_name": "Hard Lane",
        "coordinates": [
            -2.742518,
            53.468696
        ]
    },
    "2800S15045B": {
        "common_name": "Rivington Avenue",
        "coordinates": [
            -2.742789,
            53.466978
        ]
    },
    "2800S15048C": {
        "common_name": "Bishop Road",
        "coordinates": [
            -2.742443,
            53.465254
        ]
    },
    "2800S15122A": {
        "common_name": "Mansion House",
        "coordinates": [
            -2.741802,
            53.463937
        ]
    },
    "2800S15049B": {
        "common_name": "Rutland Street",
        "coordinates": [
            -2.741024,
            53.461668
        ]
    },
    "2800S16026A": {
        "common_name": "Windle Street",
        "coordinates": [
            -2.740592,
            53.46016
        ]
    },
    "2800S16027B": {
        "common_name": "Mill Street",
        "coordinates": [
            -2.739652,
            53.457254
        ]
    },
    "2800S16007B": {
        "common_name": "Baldwin Street",
        "coordinates": [
            -2.738649,
            53.454105
        ]
    },
    "2800S16022A": {
        "common_name": "Hall Street",
        "coordinates": [
            -2.733035,
            53.452539
        ]
    },
    "2800S16001S": {
        "common_name": "St Helens Bus Station",
        "coordinates": [
            -2.7332,
            53.453356
        ]
    }
}