{
    "2800S15036A": {
        "common_name": "Loughrigg Avenue",
        "coordinates": [
            -2.726544,
            53.478961
        ]
    },
    "2800S15037A": {
        "common_name": "Ambleside Place",
        "coordinates": [
            -2.72632,
            53.477335
        ]
    },
    "2800S15037B": {
        "common_name": "Ambleside Place",
        "coordinates": [
            -2.726249,
            53.477587
        ]
    },
    "2800S15040C": {
        "common_name": "Ennerdale Avenue",
        "coordinates": [
            -2.728203,
            53.476389
        ]
    },
    "2800S15040A": {
        "common_name": "Bowness Avenue",
        "coordinates": [
            -2.728528,
            53.476027
        ]
    },
    "2800S15041A": {
        "common_name": "Eskdale Avenue",
        "coordinates": [
            -2.730972,
            53.474484
        ]
    },
    "2800S15039B": {
        "common_name": "Eskdale Avenue",
        "coordinates": [
            -2.725388,
            53.474806
        ]
    },
    "2800S15038A": {
        "common_name": "Hawes Avenue",
        "coordinates": [
            -2.724803,
            53.473156
        ]
    },
    "2800S15078A": {
        "common_name": "Honister Avenue",
        "coordinates": [
            -2.723995,
            53.474401
        ]
    },
    "2800S15042A": {
        "common_name": "Buttermere Avenue",
        "coordinates": [
            -2.733075,
            53.473222
        ]
    },
    "2800S15043B": {
        "common_name": "Lorton Avenue",
        "coordinates": [
            -2.735315,
            53.47382
        ]
    },
    "2800S15039A": {
        "common_name": "Wasdale Avenue",
        "coordinates": [
            -2.726058,
            53.475207
        ]
    },
    "2800S15040B": {
        "common_name": "Windermere Avenue",
        "coordinates": [
            -2.728002,
            53.476085
        ]
    },
    "2800S15041C": {
        "common_name": "Ennerdale Avenue",
        "coordinates": [
            -2.730529,
            53.474964
        ]
    },
    "2800S15042B": {
        "common_name": "Lorton Avenue",
        "coordinates": [
            -2.734313,
            53.473367
        ]
    },
    "2800S15043A": {
        "common_name": "Bassenthwaite Avenue",
        "coordinates": [
            -2.737364,
            53.474652
        ]
    },
    "2800S15044A": {
        "common_name": "Victoria Avenue",
        "coordinates": [
            -2.739188,
            53.473877
        ]
    },
    "2800S15044B": {
        "common_name": "Moss Bank Road",
        "coordinates": [
            -2.73981,
            53.474089
        ]
    },
    "2800S15046C": {
        "common_name": "The Brooks",
        "coordinates": [
            -2.733795,
            53.469523
        ]
    },
    "2800S15046D": {
        "common_name": "The Brooks",
        "coordinates": [
            -2.73329,
            53.469104
        ]
    },
    "2800S15045A": {
        "common_name": "Rivington Avenue",
        "coordinates": [
            -2.74265,
            53.467671
        ]
    },
    "2800S15122B": {
        "common_name": "Mansion House",
        "coordinates": [
            -2.741477,
            53.463409
        ]
    },
    "2800S15047B": {
        "common_name": "Hard Lane",
        "coordinates": [
            -2.742518,
            53.468696
        ]
    },
    "2800S15045B": {
        "common_name": "Rivington Avenue",
        "coordinates": [
            -2.742789,
            53.466978
        ]
    },
    "2800S15048C": {
        "common_name": "Bishop Road",
        "coordinates": [
            -2.742443,
            53.465254
        ]
    },
    "2800S15122A": {
        "common_name": "Mansion House",
        "coordinates": [
            -2.741802,
            53.463937
        ]
    },
    "2800S15049A": {
        "common_name": "Oldefeld Street",
        "coordinates": [
            -2.740699,
            53.461121
        ]
    },
    "2800S16026B": {
        "common_name": "Lord Street",
        "coordinates": [
            -2.740177,
            53.459704
        ]
    },
    "2800S15049B": {
        "common_name": "Rutland Street",
        "coordinates": [
            -2.741024,
            53.461668
        ]
    },
    "2800S16027A": {
        "common_name": "Crab Street",
        "coordinates": [
            -2.739504,
            53.457371
        ]
    },
    "2800S16007D": {
        "common_name": "Baldwin Street",
        "coordinates": [
            -2.738455,
            53.454214
        ]
    },
    "2800S16026A": {
        "common_name": "Windle Street",
        "coordinates": [
            -2.740592,
            53.46016
        ]
    },
    "2800S16027B": {
        "common_name": "Mill Street",
        "coordinates": [
            -2.739652,
            53.457254
        ]
    },
    "2800S16007G": {
        "common_name": "Claughton Street",
        "coordinates": [
            -2.736629,
            53.454
        ]
    },
    "2800S16007B": {
        "common_name": "Baldwin Street",
        "coordinates": [
            -2.738649,
            53.454105
        ]
    },
    "2800S16002B": {
        "common_name": "St Helens Central Station",
        "coordinates": [
            -2.72981,
            53.453296
        ]
    },
    "2800S16001S": {
        "common_name": "St Helens Bus Station",
        "coordinates": [
            -2.7332,
            53.453356
        ]
    },
    "2800S16001I": {
        "common_name": "St Helens Bus Station",
        "coordinates": [
            -2.7332,
            53.453356
        ]
    },
    "2800S16022A": {
        "common_name": "Hall Street",
        "coordinates": [
            -2.733035,
            53.452539
        ]
    },
    "2800S16025D": {
        "common_name": "Exchange Street",
        "coordinates": [
            -2.73901,
            53.451469
        ]
    },
    "2800S16051B": {
        "common_name": "Market Street",
        "coordinates": [
            -2.736522,
            53.451278
        ]
    },
    "2800S16004A": {
        "common_name": "St Marys Market",
        "coordinates": [
            -2.733946,
            53.45035
        ]
    },
    "2800S16005B": {
        "common_name": "Todd Road",
        "coordinates": [
            -2.728997,
            53.451513
        ]
    },
    "2800S16013A": {
        "common_name": "Warrington New Road",
        "coordinates": [
            -2.72619,
            53.451152
        ]
    },
    "2800S16006A": {
        "common_name": "Hall Street",
        "coordinates": [
            -2.733547,
            53.451646
        ]
    },
    "2800S16005A": {
        "common_name": "Todd Road",
        "coordinates": [
            -2.728799,
            53.451406
        ]
    },
    "2800S13184A": {
        "common_name": "St Helens Retail Park",
        "coordinates": [
            -2.724508,
            53.448798
        ]
    },
    "2800S13015B": {
        "common_name": "Hunter Street",
        "coordinates": [
            -2.723032,
            53.446075
        ]
    },
    "2800S13184B": {
        "common_name": "St Helens Retail Park",
        "coordinates": [
            -2.725076,
            53.449433
        ]
    },
    "2800S13015A": {
        "common_name": "Hunter Street",
        "coordinates": [
            -2.723367,
            53.446306
        ]
    },
    "2800S13016B": {
        "common_name": "Manville Street",
        "coordinates": [
            -2.721833,
            53.442855
        ]
    },
    "2800S13017B": {
        "common_name": "St Helens Hospital",
        "coordinates": [
            -2.721097,
            53.440307
        ]
    },
    "2800S13016A": {
        "common_name": "Emmett Street",
        "coordinates": [
            -2.722158,
            53.443365
        ]
    },
    "2800S13017A": {
        "common_name": "St Helens Hospital",
        "coordinates": [
            -2.721155,
            53.441052
        ]
    },
    "2800S13018B": {
        "common_name": "Kinmel Street",
        "coordinates": [
            -2.718431,
            53.437545
        ]
    },
    "2800S13019B": {
        "common_name": "Baxters Lane",
        "coordinates": [
            -2.715828,
            53.437642
        ]
    },
    "2800S13018A": {
        "common_name": "Marina Avenue",
        "coordinates": [
            -2.720462,
            53.437497
        ]
    },
    "2800S13019A": {
        "common_name": "Baxters Lane",
        "coordinates": [
            -2.715811,
            53.43748
        ]
    },
    "2800S13020D": {
        "common_name": "Highfield Street",
        "coordinates": [
            -2.71317,
            53.436219
        ]
    },
    "2800S13065B": {
        "common_name": "Olga Road",
        "coordinates": [
            -2.715718,
            53.434658
        ]
    },
    "2800S13020C": {
        "common_name": "Highfield Street",
        "coordinates": [
            -2.713234,
            53.436462
        ]
    },
    "2800S13065A": {
        "common_name": "Olga Road",
        "coordinates": [
            -2.716557,
            53.434428
        ]
    },
    "2800S13069B": {
        "common_name": "Rebecca Gardens",
        "coordinates": [
            -2.717881,
            53.432614
        ]
    },
    "2800S13070B": {
        "common_name": "Holbrook Close",
        "coordinates": [
            -2.719868,
            53.42995
        ]
    },
    "2800S13069A": {
        "common_name": "Dinorben Avenue",
        "coordinates": [
            -2.717891,
            53.433171
        ]
    },
    "2800S13120A": {
        "common_name": "Freda Avenue",
        "coordinates": [
            -2.719598,
            53.430895
        ]
    },
    "2800S13071B": {
        "common_name": "Mill Lane",
        "coordinates": [
            -2.719919,
            53.42675
        ]
    },
    "2800S13072A": {
        "common_name": "Mill Brow",
        "coordinates": [
            -2.716609,
            53.426806
        ]
    },
    "2800S13070A": {
        "common_name": "Eaves Lane",
        "coordinates": [
            -2.72035,
            53.429084
        ]
    },
    "2800S13071A": {
        "common_name": "Severn Close",
        "coordinates": [
            -2.720196,
            53.427063
        ]
    },
    "2800S13053B": {
        "common_name": "Catterall Avenue",
        "coordinates": [
            -2.711175,
            53.428528
        ]
    },
    "2800S13054A": {
        "common_name": "Wheatsheaf Avenue",
        "coordinates": [
            -2.711387,
            53.426765
        ]
    },
    "2800S13055B": {
        "common_name": "The Beeches",
        "coordinates": [
            -2.713728,
            53.425511
        ]
    },
    "2800S13056B": {
        "common_name": "Taunton Avenue",
        "coordinates": [
            -2.714959,
            53.422645
        ]
    },
    "2800S13072B": {
        "common_name": "Humber Crescent",
        "coordinates": [
            -2.717389,
            53.426648
        ]
    },
    "2800S13121A": {
        "common_name": "Old Mill Avenue",
        "coordinates": [
            -2.713645,
            53.427749
        ]
    },
    "2800S13057A": {
        "common_name": "Leach Lane",
        "coordinates": [
            -2.714489,
            53.420634
        ]
    },
    "2800S13150B": {
        "common_name": "Mill Lane",
        "coordinates": [
            -2.710399,
            53.427984
        ]
    },
    "2800S13054B": {
        "common_name": "Wheatsheaf Avenue",
        "coordinates": [
            -2.711361,
            53.427062
        ]
    },
    "2800S13055A": {
        "common_name": "Ilfracombe Road",
        "coordinates": [
            -2.714521,
            53.425209
        ]
    },
    "2800S13056A": {
        "common_name": "Ilfracombe road",
        "coordinates": [
            -2.715106,
            53.423309
        ]
    },
    "2800S13106A": {
        "common_name": "Four Acre Lane",
        "coordinates": [
            -2.719182,
            53.421388
        ]
    },
    "2800S13064A": {
        "common_name": "Clock Face Road",
        "coordinates": [
            -2.712422,
            53.418462
        ]
    },
    "2800S13165A": {
        "common_name": "Fallow Close",
        "coordinates": [
            -2.723182,
            53.419503
        ]
    },
    "2800S13181A": {
        "common_name": "Bentley Street",
        "coordinates": [
            -2.721042,
            53.418365
        ]
    },
    "2800S13073B": {
        "common_name": "Agnes Street",
        "coordinates": [
            -2.715906,
            53.417165
        ]
    },
    "2800S13074A": {
        "common_name": "Bentley Street",
        "coordinates": [
            -2.718873,
            53.416482
        ]
    },
    "2800S13166B": {
        "common_name": "Rye Close",
        "coordinates": [
            -2.717514,
            53.418854
        ]
    },
    "2800S13167A": {
        "common_name": "Gartons Lane",
        "coordinates": [
            -2.714759,
            53.417891
        ]
    },
    "2800S13073A": {
        "common_name": "Jersey Street",
        "coordinates": [
            -2.717121,
            53.416978
        ]
    },
    "2800S13076B": {
        "common_name": "Jubits Lane",
        "coordinates": [
            -2.723486,
            53.416139
        ]
    },
    "2800S13077B": {
        "common_name": "Chandlers Way",
        "coordinates": [
            -2.726587,
            53.414458
        ]
    },
    "2800S13075A": {
        "common_name": "Cannon Street",
        "coordinates": [
            -2.722272,
            53.416399
        ]
    },
    "2800S13076C": {
        "common_name": "Chester Lane",
        "coordinates": [
            -2.723805,
            53.416308
        ]
    },
    "2800S13267A": {
        "common_name": "Chester Lane",
        "coordinates": [
            -2.725419,
            53.418285
        ]
    },
    "2800S12001A": {
        "common_name": "Jubits Lane",
        "coordinates": [
            -2.728144,
            53.412201
        ]
    },
    "2800S13262A": {
        "common_name": "Tressel Drive",
        "coordinates": [
            -2.731517,
            53.416774
        ]
    },
    "2800S13263A": {
        "common_name": "Forest Road",
        "coordinates": [
            -2.734432,
            53.415704
        ]
    },
    "2800S13078A": {
        "common_name": "Shakespeare Road",
        "coordinates": [
            -2.732854,
            53.414051
        ]
    }
}