{
    "2800S16022A": {
        "common_name": "Hall Street",
        "coordinates": [
            -2.733035,
            53.452539
        ]
    },
    "2800S16001S": {
        "common_name": "St Helens Bus Station",
        "coordinates": [
            -2.7332,
            53.453356
        ]
    },
    "2800S16006A": {
        "common_name": "Hall Street",
        "coordinates": [
            -2.733547,
            53.451646
        ]
    },
    "2800S16002B": {
        "common_name": "St Helens Central Station",
        "coordinates": [
            -2.72981,
            53.453296
        ]
    },
    "2800S16005A": {
        "common_name": "Todd Road",
        "coordinates": [
            -2.728799,
            53.451406
        ]
    },
    "2800S13184B": {
        "common_name": "St Helens Retail Park",
        "coordinates": [
            -2.725076,
            53.449433
        ]
    },
    "2800S13015A": {
        "common_name": "Hunter Street",
        "coordinates": [
            -2.723367,
            53.446306
        ]
    },
    "2800S13016A": {
        "common_name": "Emmett Street",
        "coordinates": [
            -2.722158,
            53.443365
        ]
    },
    "2800S13017A": {
        "common_name": "St Helens Hospital",
        "coordinates": [
            -2.721155,
            53.441052
        ]
    },
    "2800S13132A": {
        "common_name": "Robins Lane",
        "coordinates": [
            -2.721823,
            53.437848
        ]
    },
    "2800S13018A": {
        "common_name": "Marina Avenue",
        "coordinates": [
            -2.720462,
            53.437497
        ]
    },
    "2800S13019A": {
        "common_name": "Baxters Lane",
        "coordinates": [
            -2.715811,
            53.43748
        ]
    },
    "2800S13020C": {
        "common_name": "Highfield Street",
        "coordinates": [
            -2.713234,
            53.436462
        ]
    },
    "2800S13065A": {
        "common_name": "Olga Road",
        "coordinates": [
            -2.716557,
            53.434428
        ]
    },
    "2800S13069A": {
        "common_name": "Dinorben Avenue",
        "coordinates": [
            -2.717891,
            53.433171
        ]
    },
    "2800S13120A": {
        "common_name": "Freda Avenue",
        "coordinates": [
            -2.719598,
            53.430895
        ]
    },
    "2800S13070A": {
        "common_name": "Eaves Lane",
        "coordinates": [
            -2.72035,
            53.429084
        ]
    },
    "2800S13071A": {
        "common_name": "Severn Close",
        "coordinates": [
            -2.720196,
            53.427063
        ]
    },
    "2800S13072B": {
        "common_name": "Humber Crescent",
        "coordinates": [
            -2.717389,
            53.426648
        ]
    },
    "2800S13121A": {
        "common_name": "Old Mill Avenue",
        "coordinates": [
            -2.713645,
            53.427749
        ]
    },
    "2800S13150B": {
        "common_name": "Mill Lane",
        "coordinates": [
            -2.710399,
            53.427984
        ]
    },
    "2800S13054B": {
        "common_name": "Wheatsheaf Avenue",
        "coordinates": [
            -2.711361,
            53.427062
        ]
    },
    "2800S13055A": {
        "common_name": "Ilfracombe Road",
        "coordinates": [
            -2.714521,
            53.425209
        ]
    },
    "2800S13056A": {
        "common_name": "Ilfracombe road",
        "coordinates": [
            -2.715106,
            53.423309
        ]
    },
    "2800S13106A": {
        "common_name": "Four Acre Lane",
        "coordinates": [
            -2.719182,
            53.421388
        ]
    },
    "2800S13165A": {
        "common_name": "Fallow Close",
        "coordinates": [
            -2.723182,
            53.419503
        ]
    },
    "2800S13181A": {
        "common_name": "Bentley Street",
        "coordinates": [
            -2.721042,
            53.418365
        ]
    },
    "2800S13166B": {
        "common_name": "Rye Close",
        "coordinates": [
            -2.717514,
            53.418854
        ]
    },
    "2800S13167A": {
        "common_name": "Gartons Lane",
        "coordinates": [
            -2.714759,
            53.417891
        ]
    },
    "2800S13073A": {
        "common_name": "Jersey Street",
        "coordinates": [
            -2.717121,
            53.416978
        ]
    },
    "2800S13075A": {
        "common_name": "Cannon Street",
        "coordinates": [
            -2.722272,
            53.416399
        ]
    },
    "2800S13076C": {
        "common_name": "Chester Lane",
        "coordinates": [
            -2.723805,
            53.416308
        ]
    },
    "2800S13262A": {
        "common_name": "Tressel Drive",
        "coordinates": [
            -2.731517,
            53.416774
        ]
    },
    "2800S13263A": {
        "common_name": "Forest Road",
        "coordinates": [
            -2.734432,
            53.415704
        ]
    },
    "2800S13078A": {
        "common_name": "Shakespeare Road",
        "coordinates": [
            -2.732854,
            53.414051
        ]
    },
    "2800S13064A": {
        "common_name": "Clock Face Road",
        "coordinates": [
            -2.712422,
            53.418462
        ]
    },
    "2800S13058B": {
        "common_name": "Field Road",
        "coordinates": [
            -2.711122,
            53.417212
        ]
    },
    "2800S13059A": {
        "common_name": "Farm Road",
        "coordinates": [
            -2.709672,
            53.415072
        ]
    },
    "2800S13060A": {
        "common_name": "Margaret Street",
        "coordinates": [
            -2.706388,
            53.415739
        ]
    },
    "2800S13061A": {
        "common_name": "Gorsey Lane",
        "coordinates": [
            -2.705545,
            53.416642
        ]
    }
}