{
    "2800S15036A": {
        "common_name": "Loughrigg Avenue",
        "coordinates": [
            -2.726544,
            53.478961
        ]
    },
    "2800S15037A": {
        "common_name": "Ambleside Place",
        "coordinates": [
            -2.72632,
            53.477335
        ]
    },
    "2800S15040A": {
        "common_name": "Bowness Avenue",
        "coordinates": [
            -2.728528,
            53.476027
        ]
    },
    "2800S15041A": {
        "common_name": "Eskdale Avenue",
        "coordinates": [
            -2.730972,
            53.474484
        ]
    },
    "2800S15042A": {
        "common_name": "Buttermere Avenue",
        "coordinates": [
            -2.733075,
            53.473222
        ]
    },
    "2800S15043B": {
        "common_name": "Lorton Avenue",
        "coordinates": [
            -2.735315,
            53.47382
        ]
    },
    "2800S15044A": {
        "common_name": "Victoria Avenue",
        "coordinates": [
            -2.739188,
            53.473877
        ]
    },
    "2800S15046D": {
        "common_name": "The Brooks",
        "coordinates": [
            -2.73329,
            53.469104
        ]
    },
    "2800S15045A": {
        "common_name": "Rivington Avenue",
        "coordinates": [
            -2.74265,
            53.467671
        ]
    },
    "2800S15122B": {
        "common_name": "Mansion House",
        "coordinates": [
            -2.741477,
            53.463409
        ]
    },
    "2800S15049A": {
        "common_name": "Oldefeld Street",
        "coordinates": [
            -2.740699,
            53.461121
        ]
    },
    "2800S16026B": {
        "common_name": "Lord Street",
        "coordinates": [
            -2.740177,
            53.459704
        ]
    },
    "2800S16027A": {
        "common_name": "Crab Street",
        "coordinates": [
            -2.739504,
            53.457371
        ]
    },
    "2800S16007D": {
        "common_name": "Baldwin Street",
        "coordinates": [
            -2.738455,
            53.454214
        ]
    },
    "2800S16007G": {
        "common_name": "Claughton Street",
        "coordinates": [
            -2.736629,
            53.454
        ]
    },
    "2800S16001I": {
        "common_name": "St Helens Bus Station",
        "coordinates": [
            -2.7332,
            53.453356
        ]
    },
    "2800S16025D": {
        "common_name": "Exchange Street",
        "coordinates": [
            -2.73901,
            53.451469
        ]
    },
    "2800S16051B": {
        "common_name": "Market Street",
        "coordinates": [
            -2.736522,
            53.451278
        ]
    },
    "2800S16004A": {
        "common_name": "St Marys Market",
        "coordinates": [
            -2.733946,
            53.45035
        ]
    },
    "2800S16005B": {
        "common_name": "Todd Road",
        "coordinates": [
            -2.728997,
            53.451513
        ]
    },
    "2800S16013A": {
        "common_name": "Warrington New Road",
        "coordinates": [
            -2.72619,
            53.451152
        ]
    },
    "2800S13184A": {
        "common_name": "St Helens Retail Park",
        "coordinates": [
            -2.724508,
            53.448798
        ]
    },
    "2800S13015B": {
        "common_name": "Hunter Street",
        "coordinates": [
            -2.723032,
            53.446075
        ]
    },
    "2800S13016B": {
        "common_name": "Manville Street",
        "coordinates": [
            -2.721833,
            53.442855
        ]
    },
    "2800S13017B": {
        "common_name": "St Helens Hospital",
        "coordinates": [
            -2.721097,
            53.440307
        ]
    },
    "2800S13018B": {
        "common_name": "Kinmel Street",
        "coordinates": [
            -2.718431,
            53.437545
        ]
    },
    "2800S13019B": {
        "common_name": "Baxters Lane",
        "coordinates": [
            -2.715828,
            53.437642
        ]
    },
    "2800S13020D": {
        "common_name": "Highfield Street",
        "coordinates": [
            -2.71317,
            53.436219
        ]
    },
    "2800S13065B": {
        "common_name": "Olga Road",
        "coordinates": [
            -2.715718,
            53.434658
        ]
    },
    "2800S13069B": {
        "common_name": "Rebecca Gardens",
        "coordinates": [
            -2.717881,
            53.432614
        ]
    },
    "2800S13070B": {
        "common_name": "Holbrook Close",
        "coordinates": [
            -2.719868,
            53.42995
        ]
    },
    "2800S13071B": {
        "common_name": "Mill Lane",
        "coordinates": [
            -2.719919,
            53.42675
        ]
    },
    "2800S13072A": {
        "common_name": "Mill Brow",
        "coordinates": [
            -2.716609,
            53.426806
        ]
    },
    "2800S13053B": {
        "common_name": "Catterall Avenue",
        "coordinates": [
            -2.711175,
            53.428528
        ]
    },
    "2800S13054A": {
        "common_name": "Wheatsheaf Avenue",
        "coordinates": [
            -2.711387,
            53.426765
        ]
    },
    "2800S13055B": {
        "common_name": "The Beeches",
        "coordinates": [
            -2.713728,
            53.425511
        ]
    },
    "2800S13056B": {
        "common_name": "Taunton Avenue",
        "coordinates": [
            -2.714959,
            53.422645
        ]
    },
    "2800S13057A": {
        "common_name": "Leach Lane",
        "coordinates": [
            -2.714489,
            53.420634
        ]
    },
    "2800S13064A": {
        "common_name": "Clock Face Road",
        "coordinates": [
            -2.712422,
            53.418462
        ]
    },
    "2800S13167A": {
        "common_name": "Gartons Lane",
        "coordinates": [
            -2.714759,
            53.417891
        ]
    },
    "2800S13166B": {
        "common_name": "Rye Close",
        "coordinates": [
            -2.717514,
            53.418854
        ]
    },
    "2800S13181A": {
        "common_name": "Bentley Street",
        "coordinates": [
            -2.721042,
            53.418365
        ]
    },
    "2800S13165A": {
        "common_name": "Fallow Close",
        "coordinates": [
            -2.723182,
            53.419503
        ]
    }
}