{
    "2800S16001E": {
        "common_name": "St Helens Bus Station",
        "coordinates": [
            -2.7332,
            53.453356
        ]
    },
    "2800S16007E": {
        "common_name": "Baldwin Street",
        "coordinates": [
            -2.738392,
            53.45407
        ]
    },
    "2800S16025C": {
        "common_name": "Exchange Street",
        "coordinates": [
            -2.738801,
            53.451605
        ]
    },
    "2800S16016A": {
        "common_name": "Linkway West",
        "coordinates": [
            -2.744572,
            53.451794
        ]
    },
    "2800S16017B": {
        "common_name": "The Shires",
        "coordinates": [
            -2.74905,
            53.448683
        ]
    },
    "2800S16018B": {
        "common_name": "Prescot Road",
        "coordinates": [
            -2.752863,
            53.448048
        ]
    },
    "2800S16019B": {
        "common_name": "Dunriding Lane",
        "coordinates": [
            -2.757888,
            53.446955
        ]
    },
    "2800S14001C": {
        "common_name": "Roby Street",
        "coordinates": [
            -2.761927,
            53.442992
        ]
    },
    "2800S16020B": {
        "common_name": "Whittle Street",
        "coordinates": [
            -2.759723,
            53.440103
        ]
    },
    "2800S16021B": {
        "common_name": "Lacey Street",
        "coordinates": [
            -2.758994,
            53.438049
        ]
    },
    "2800S13025B": {
        "common_name": "Elephant Lane",
        "coordinates": [
            -2.758795,
            53.436208
        ]
    },
    "2800S13089A": {
        "common_name": "Balmer Street",
        "coordinates": [
            -2.755235,
            53.435745
        ]
    },
    "2800S13088B": {
        "common_name": "Dorothy Street",
        "coordinates": [
            -2.752545,
            53.435178
        ]
    },
    "2800S13087B": {
        "common_name": "Queensland Avenue",
        "coordinates": [
            -2.750642,
            53.433976
        ]
    },
    "2800S13086B": {
        "common_name": "Manley Place",
        "coordinates": [
            -2.747452,
            53.433169
        ]
    },
    "2800S13156A": {
        "common_name": "Elephant Lane",
        "coordinates": [
            -2.750769,
            53.434353
        ]
    },
    "2800S13157A": {
        "common_name": "Perth Avenue",
        "coordinates": [
            -2.748498,
            53.435293
        ]
    },
    "2800S13261A": {
        "common_name": "Freemantle Avenue",
        "coordinates": [
            -2.746253,
            53.435172
        ]
    },
    "2800S13158A": {
        "common_name": "Coral Avenue",
        "coordinates": [
            -2.745228,
            53.434226
        ]
    },
    "2800S13085B": {
        "common_name": "Basildon Close",
        "coordinates": [
            -2.747372,
            53.431165
        ]
    },
    "2800S13084B": {
        "common_name": "The Broads",
        "coordinates": [
            -2.746642,
            53.429902
        ]
    },
    "2800S13154B": {
        "common_name": "Elton Head Road",
        "coordinates": [
            -2.745023,
            53.429391
        ]
    },
    "2800S13155B": {
        "common_name": "Stevenage Close",
        "coordinates": [
            -2.74446,
            53.432505
        ]
    },
    "2800S13086A": {
        "common_name": "Poynter Street",
        "coordinates": [
            -2.747193,
            53.432964
        ]
    },
    "2800S13087A": {
        "common_name": "Queensland Avenue",
        "coordinates": [
            -2.750577,
            53.433707
        ]
    },
    "2800S13088A": {
        "common_name": "Dunedin Street",
        "coordinates": [
            -2.753706,
            53.435305
        ]
    },
    "2800S13025A": {
        "common_name": "Nutgrove Road",
        "coordinates": [
            -2.758109,
            53.435682
        ]
    },
    "2800S16052A": {
        "common_name": "Thatto Heath Station",
        "coordinates": [
            -2.759067,
            53.437087
        ]
    },
    "2800S16021A": {
        "common_name": "Lacey Street",
        "coordinates": [
            -2.759207,
            53.438219
        ]
    },
    "2800S16020A": {
        "common_name": "Leslie Road",
        "coordinates": [
            -2.760865,
            53.440824
        ]
    },
    "2800S14001A": {
        "common_name": "Regents Road",
        "coordinates": [
            -2.762112,
            53.443216
        ]
    },
    "2800S16019A": {
        "common_name": "Grosvenor Road",
        "coordinates": [
            -2.759844,
            53.446035
        ]
    },
    "2800S16018A": {
        "common_name": "Underhill Road",
        "coordinates": [
            -2.754872,
            53.448403
        ]
    },
    "2800S16017A": {
        "common_name": "Bank Street",
        "coordinates": [
            -2.750493,
            53.449429
        ]
    },
    "2800S16016B": {
        "common_name": "Eccleston Street",
        "coordinates": [
            -2.745802,
            53.451535
        ]
    },
    "2800S16023A": {
        "common_name": "Rigby Street South",
        "coordinates": [
            -2.740009,
            53.453521
        ]
    },
    "2800S16007G": {
        "common_name": "Claughton Street",
        "coordinates": [
            -2.736629,
            53.454
        ]
    }
}