{
    "2800S52088C": {
        "common_name": "Whitefield Drive",
        "coordinates": [
            -2.902949,
            53.486171
        ]
    },
    "2800S52049B": {
        "common_name": "Glovers Brow",
        "coordinates": [
            -2.9014,
            53.48823
        ]
    },
    "2800S52049A": {
        "common_name": "Sefton Drive",
        "coordinates": [
            -2.90165,
            53.48823
        ]
    },
    "2800S52094B": {
        "common_name": "Pennine Way",
        "coordinates": [
            -2.90225,
            53.49023
        ]
    },
    "2800S52094A": {
        "common_name": "Pennine Way",
        "coordinates": [
            -2.90223,
            53.49043
        ]
    },
    "2800S52140B": {
        "common_name": "Glovers Brow",
        "coordinates": [
            -2.90419,
            53.49342
        ]
    },
    "2800S52140A": {
        "common_name": "Prescot Road",
        "coordinates": [
            -2.90437,
            53.49352
        ]
    },
    "2800S52105A": {
        "common_name": "Tithebarn Lane",
        "coordinates": [
            -2.90872,
            53.49615
        ]
    },
    "2800S52105B": {
        "common_name": "Tithebarn Lane",
        "coordinates": [
            -2.90874,
            53.49637
        ]
    },
    "2800S53016B": {
        "common_name": "Chapel Lane",
        "coordinates": [
            -2.91263,
            53.49186
        ]
    },
    "2800S52106A": {
        "common_name": "Rainbow Fields",
        "coordinates": [
            -2.91158,
            53.49284
        ]
    },
    "2800S53016A": {
        "common_name": "Chapel Lane",
        "coordinates": [
            -2.91277,
            53.49138
        ]
    },
    "2800S53071A": {
        "common_name": "Liddell Avenue",
        "coordinates": [
            -2.91054,
            53.48858
        ]
    },
    "2800S53017A": {
        "common_name": "Andrew Avenue",
        "coordinates": [
            -2.913968,
            53.48767
        ]
    },
    "2800S53017B": {
        "common_name": "Woodland Road",
        "coordinates": [
            -2.913324,
            53.489994
        ]
    },
    "2800S53018A": {
        "common_name": "Satinwood Crescent",
        "coordinates": [
            -2.914435,
            53.485572
        ]
    },
    "2800S53031B": {
        "common_name": "Ledsons Grove",
        "coordinates": [
            -2.919806,
            53.485162
        ]
    },
    "2800S53018B": {
        "common_name": "Birchtree Drive",
        "coordinates": [
            -2.914185,
            53.486544
        ]
    },
    "2800S53031A": {
        "common_name": "Ledsons Grove",
        "coordinates": [
            -2.919993,
            53.485421
        ]
    },
    "2800S53032A": {
        "common_name": "Brewery Lane",
        "coordinates": [
            -2.923973,
            53.48619
        ]
    },
    "2800S53032B": {
        "common_name": "Brewery Lane",
        "coordinates": [
            -2.924399,
            53.486394
        ]
    },
    "2800S53050B": {
        "common_name": "Altway",
        "coordinates": [
            -2.931448,
            53.482051
        ]
    },
    "2800S53033A": {
        "common_name": "North Avenue",
        "coordinates": [
            -2.932865,
            53.482076
        ]
    },
    "2800S53034A": {
        "common_name": "Lancing Drive",
        "coordinates": [
            -2.936104,
            53.482734
        ]
    },
    "2800S53033B": {
        "common_name": "Sandhurst Drive",
        "coordinates": [
            -2.93214,
            53.482019
        ]
    },
    "2800S53035B": {
        "common_name": "Clifton Drive",
        "coordinates": [
            -2.940744,
            53.48401
        ]
    },
    "2800S53036B": {
        "common_name": "Ellesmere Drive",
        "coordinates": [
            -2.944461,
            53.485131
        ]
    },
    "2800S53034B": {
        "common_name": "Hailebury Avenue",
        "coordinates": [
            -2.936668,
            53.483008
        ]
    },
    "2800S53035A": {
        "common_name": "Clifton Drive",
        "coordinates": [
            -2.939776,
            53.483856
        ]
    },
    "2800S53036A": {
        "common_name": "Ellesmere Drive",
        "coordinates": [
            -2.943629,
            53.484976
        ]
    },
    "2800S53037D": {
        "common_name": "Old Roan Station",
        "coordinates": [
            -2.949226,
            53.485929
        ]
    },
    "2800S53037A": {
        "common_name": "Old Roan Station",
        "coordinates": [
            -2.950093,
            53.485626
        ]
    },
    "2800S53007A": {
        "common_name": "Aintree Retail Park",
        "coordinates": [
            -2.952354,
            53.48159
        ]
    },
    "2800S53007B": {
        "common_name": "Aintree Retail Park",
        "coordinates": [
            -2.95227,
            53.482543
        ]
    },
    "2800S53019B": {
        "common_name": "Brenka Avenue",
        "coordinates": [
            -2.954605,
            53.477158
        ]
    },
    "2800S53019A": {
        "common_name": "Brenka Avenue",
        "coordinates": [
            -2.954351,
            53.476594
        ]
    },
    "2800S46061A": {
        "common_name": "Aintree Station",
        "coordinates": [
            -2.955261,
            53.472155
        ]
    },
    "2800S46087B": {
        "common_name": "Aintree Station",
        "coordinates": [
            -2.955545,
            53.473394
        ]
    },
    "2800S46059A": {
        "common_name": "Eastbourne Road",
        "coordinates": [
            -2.955664,
            53.467963
        ]
    },
    "2800S46060A": {
        "common_name": "Church Avenue",
        "coordinates": [
            -2.955788,
            53.469473
        ]
    },
    "2800S46059B": {
        "common_name": "Albany Road",
        "coordinates": [
            -2.956083,
            53.467151
        ]
    },
    "2800S46090C": {
        "common_name": "Warbreck Avenue",
        "coordinates": [
            -2.958608,
            53.464236
        ]
    },
    "2800S46090A": {
        "common_name": "Sydney Street",
        "coordinates": [
            -2.957496,
            53.465045
        ]
    },
    "2800S46089A": {
        "common_name": "Grace Road",
        "coordinates": [
            -2.959028,
            53.463505
        ]
    },
    "2800S46050C": {
        "common_name": "Orrell Park Station",
        "coordinates": [
            -2.960227,
            53.462543
        ]
    },
    "2800S46051D": {
        "common_name": "Rice Lane Station",
        "coordinates": [
            -2.962157,
            53.458635
        ]
    },
    "2800S46050B": {
        "common_name": "Orrell Park Station",
        "coordinates": [
            -2.961804,
            53.461011
        ]
    },
    "2800S46051C": {
        "common_name": "Rice Lane Station",
        "coordinates": [
            -2.962475,
            53.458704
        ]
    },
    "2800S46052B": {
        "common_name": "Fazakerley Road",
        "coordinates": [
            -2.961602,
            53.454729
        ]
    },
    "2800S46053D": {
        "common_name": "Cavendish Drive",
        "coordinates": [
            -2.964396,
            53.451767
        ]
    },
    "2800S46052C": {
        "common_name": "Rawcliffe Road",
        "coordinates": [
            -2.961994,
            53.454762
        ]
    },
    "2800S46053B": {
        "common_name": "Clock Tower Drive",
        "coordinates": [
            -2.964269,
            53.452173
        ]
    },
    "2800S46054A": {
        "common_name": "York Street",
        "coordinates": [
            -2.966953,
            53.448349
        ]
    },
    "2800S46054B": {
        "common_name": "Denbigh Road",
        "coordinates": [
            -2.966594,
            53.448424
        ]
    },
    "2800S40076A": {
        "common_name": "Church Lane",
        "coordinates": [
            -2.967646,
            53.446357
        ]
    },
    "2800S40076D": {
        "common_name": "Breeze Hill",
        "coordinates": [
            -2.967756,
            53.446572
        ]
    },
    "2800S40167A": {
        "common_name": "Pym Street",
        "coordinates": [
            -2.96964,
            53.444003
        ]
    },
    "2800S40077B": {
        "common_name": "Wilburn Street",
        "coordinates": [
            -2.970613,
            53.441119
        ]
    },
    "2800S40078A": {
        "common_name": "Oxton Street",
        "coordinates": [
            -2.971102,
            53.438778
        ]
    },
    "2800S40077C": {
        "common_name": "Makin Street",
        "coordinates": [
            -2.97031,
            53.443683
        ]
    },
    "2800S40077D": {
        "common_name": "Arundel Street",
        "coordinates": [
            -2.970898,
            53.441719
        ]
    },
    "2800S40079A": {
        "common_name": "Christopher Street",
        "coordinates": [
            -2.972441,
            53.435459
        ]
    },
    "2800S40080A": {
        "common_name": "Woodhouse Close",
        "coordinates": [
            -2.973153,
            53.433008
        ]
    },
    "2800S40078B": {
        "common_name": "Ludlow Street",
        "coordinates": [
            -2.971118,
            53.439515
        ]
    },
    "2800S40079B": {
        "common_name": "Bradewell Street",
        "coordinates": [
            -2.972741,
            53.43543
        ]
    },
    "2800S40081A": {
        "common_name": "Sandheys Close",
        "coordinates": [
            -2.975578,
            53.431128
        ]
    },
    "2800S40065B": {
        "common_name": "Whittle Street",
        "coordinates": [
            -2.977788,
            53.42906
        ]
    },
    "2800S40080B": {
        "common_name": "Fountains Road",
        "coordinates": [
            -2.973438,
            53.432961
        ]
    },
    "2800S40081B": {
        "common_name": "Sandheys Close",
        "coordinates": [
            -2.975093,
            53.431617
        ]
    },
    "2800S40065A": {
        "common_name": "Smith Street",
        "coordinates": [
            -2.978269,
            53.429038
        ]
    },
    "2800S40135B": {
        "common_name": "Kirkdale Road",
        "coordinates": [
            -2.979043,
            53.427315
        ]
    },
    "2800S40134A": {
        "common_name": "Buckingham Street",
        "coordinates": [
            -2.978455,
            53.423347
        ]
    },
    "2800S40133B": {
        "common_name": "Penrhyn Street",
        "coordinates": [
            -2.978254,
            53.421812
        ]
    },
    "2800S40135A": {
        "common_name": "Boundary Street East",
        "coordinates": [
            -2.97924,
            53.426738
        ]
    },
    "2800S40134B": {
        "common_name": "Buckingham Street",
        "coordinates": [
            -2.978729,
            53.423498
        ]
    },
    "2800S40132A": {
        "common_name": "Virgil Street",
        "coordinates": [
            -2.977774,
            53.419254
        ]
    },
    "2800S40066A": {
        "common_name": "Rose Place",
        "coordinates": [
            -2.978858,
            53.415991
        ]
    },
    "2800S40133A": {
        "common_name": "Wilbraham Street",
        "coordinates": [
            -2.978396,
            53.421433
        ]
    },
    "2800S42035A": {
        "common_name": "Mansfield Street",
        "coordinates": [
            -2.977339,
            53.413414
        ]
    },
    "2800S42023J": {
        "common_name": "Queen Square Bus Station",
        "coordinates": [
            -2.982476,
            53.407584
        ]
    },
    "2800S40132B": {
        "common_name": "Virgil Street",
        "coordinates": [
            -2.978209,
            53.419187
        ]
    },
    "2800S42035B": {
        "common_name": "Great Richmond Street",
        "coordinates": [
            -2.977929,
            53.413535
        ]
    },
    "2800S42023L": {
        "common_name": "Queen Square Bus Station",
        "coordinates": [
            -2.982547,
            53.407697
        ]
    }
}