{
    "2800S16001I": {
        "common_name": "St Helens Bus Station",
        "coordinates": [
            -2.7332,
            53.453356
        ]
    },
    "2800S16001A": {
        "common_name": "St Helens Bus Station",
        "coordinates": [
            -2.733281,
            53.453361
        ]
    },
    "2800S16002A": {
        "common_name": "St Helens Central Station",
        "coordinates": [
            -2.730837,
            53.453444
        ]
    },
    "2800S16003A": {
        "common_name": "Phoenix Brow",
        "coordinates": [
            -2.726569,
            53.453109
        ]
    },
    "2800S13001B": {
        "common_name": "Traverse Street",
        "coordinates": [
            -2.721947,
            53.453128
        ]
    },
    "2800S16002B": {
        "common_name": "St Helens Central Station",
        "coordinates": [
            -2.72981,
            53.453296
        ]
    },
    "2800S16003B": {
        "common_name": "Phoenix Brow",
        "coordinates": [
            -2.726522,
            53.452966
        ]
    },
    "2800S13041B": {
        "common_name": "Parr Stocks Road",
        "coordinates": [
            -2.71706,
            53.451809
        ]
    },
    "2800S13001A": {
        "common_name": "Langtree Street",
        "coordinates": [
            -2.72143,
            53.452844
        ]
    },
    "2800S13041A": {
        "common_name": "Sorogold Street",
        "coordinates": [
            -2.716859,
            53.451478
        ]
    },
    "2800S13040B": {
        "common_name": "Ramford Street",
        "coordinates": [
            -2.713687,
            53.450877
        ]
    },
    "2800S13039B": {
        "common_name": "Tickle Avenue",
        "coordinates": [
            -2.708696,
            53.451392
        ]
    },
    "2800S13040A": {
        "common_name": "Ramford Street",
        "coordinates": [
            -2.713277,
            53.450664
        ]
    },
    "2800S13039A": {
        "common_name": "Gaskell Street",
        "coordinates": [
            -2.711469,
            53.450611
        ]
    },
    "2800S13038B": {
        "common_name": "Boardmans Lane",
        "coordinates": [
            -2.705278,
            53.453192
        ]
    },
    "2800S13038A": {
        "common_name": "Hargreaves Street",
        "coordinates": [
            -2.703645,
            53.453705
        ]
    },
    "2800S13037A": {
        "common_name": "Nicholson Street",
        "coordinates": [
            -2.702138,
            53.453633
        ]
    },
    "2800S13036B": {
        "common_name": "Moorfoot Road",
        "coordinates": [
            -2.697677,
            53.45347
        ]
    },
    "2800S13035A": {
        "common_name": "Southport Street",
        "coordinates": [
            -2.691935,
            53.453144
        ]
    },
    "2800S13036A": {
        "common_name": "Mendip Grove",
        "coordinates": [
            -2.697115,
            53.453123
        ]
    },
    "2800S13034A": {
        "common_name": "Sky Lark Rise",
        "coordinates": [
            -2.687282,
            53.452254
        ]
    },
    "2800S13033B": {
        "common_name": "Havannah Lane",
        "coordinates": [
            -2.683563,
            53.451359
        ]
    },
    "2800S13035B": {
        "common_name": "Horseshoe Close",
        "coordinates": [
            -2.692625,
            53.453005
        ]
    },
    "2800S13034B": {
        "common_name": "Provident Street",
        "coordinates": [
            -2.690724,
            53.452801
        ]
    },
    "2800S10097A": {
        "common_name": "County Boundary",
        "coordinates": [
            -2.678627,
            53.45056
        ]
    },
    "2800S13033A": {
        "common_name": "Brampton Close",
        "coordinates": [
            -2.68489,
            53.451459
        ]
    },
    "2800S10016B": {
        "common_name": "Waring Avenue",
        "coordinates": [
            -2.673987,
            53.449472
        ]
    },
    "2800S10015B": {
        "common_name": "Penkford Lane",
        "coordinates": [
            -2.663626,
            53.448451
        ]
    },
    "2800S10014B": {
        "common_name": "Short Street",
        "coordinates": [
            -2.658989,
            53.451425
        ]
    },
    "2800S10016A": {
        "common_name": "Waring Avenue",
        "coordinates": [
            -2.67669,
            53.449996
        ]
    },
    "2800S10015A": {
        "common_name": "Penkford Lane",
        "coordinates": [
            -2.663174,
            53.4484
        ]
    },
    "2800S10014A": {
        "common_name": "Short Street",
        "coordinates": [
            -2.659268,
            53.450956
        ]
    },
    "2800S10013B": {
        "common_name": "Marian Avenue",
        "coordinates": [
            -2.6571,
            53.452936
        ]
    },
    "2800S10013C": {
        "common_name": "Barnett Avenue",
        "coordinates": [
            -2.656422,
            53.452859
        ]
    },
    "2800S10013D": {
        "common_name": "Barnett Avenue",
        "coordinates": [
            -2.656105,
            53.452825
        ]
    },
    "2800S10046B": {
        "common_name": "Siddeley Drive",
        "coordinates": [
            -2.653426,
            53.4539
        ]
    },
    "2800S10047A": {
        "common_name": "Cooper Avenue",
        "coordinates": [
            -2.649959,
            53.453695
        ]
    },
    "2800S10106B": {
        "common_name": "Earlestown Bus Station",
        "coordinates": [
            -2.64366,
            53.452434
        ]
    },
    "2800S10046A": {
        "common_name": "Valentine Rd",
        "coordinates": [
            -2.652664,
            53.454273
        ]
    },
    "2800S10047B": {
        "common_name": "Meadow Close",
        "coordinates": [
            -2.649609,
            53.453454
        ]
    },
    "2800S10106A": {
        "common_name": "Earlestown Bus Station",
        "coordinates": [
            -2.643724,
            53.452677
        ]
    },
    "2800S10107A": {
        "common_name": "Oxford Street",
        "coordinates": [
            -2.641112,
            53.453194
        ]
    },
    "2800S10045A": {
        "common_name": "Wargrave Road",
        "coordinates": [
            -2.636984,
            53.452093
        ]
    },
    "2800S10106D": {
        "common_name": "Earlestown Bus Station",
        "coordinates": [
            -2.643634,
            53.452668
        ]
    },
    "2800S10009C": {
        "common_name": "Market Street",
        "coordinates": [
            -2.642481,
            53.453097
        ]
    },
    "2800S10008B": {
        "common_name": "Oxford Street",
        "coordinates": [
            -2.640458,
            53.452748
        ]
    },
    "2800S10045B": {
        "common_name": "Earlstown Station",
        "coordinates": [
            -2.63792,
            53.451225
        ]
    },
    "2800S10038B": {
        "common_name": "Hope Street",
        "coordinates": [
            -2.633569,
            53.452318
        ]
    },
    "2800S10037B": {
        "common_name": "Oak Avenue",
        "coordinates": [
            -2.631938,
            53.450987
        ]
    },
    "2800S10038A": {
        "common_name": "Hope Street",
        "coordinates": [
            -2.633914,
            53.452181
        ]
    },
    "2800S10025B": {
        "common_name": "Connaught Drive",
        "coordinates": [
            -2.630169,
            53.448425
        ]
    },
    "2800S10108A": {
        "common_name": "Bradlegh Road",
        "coordinates": [
            -2.62922,
            53.446381
        ]
    },
    "2800S10017B": {
        "common_name": "Church Drive",
        "coordinates": [
            -2.628337,
            53.444714
        ]
    },
    "2800S10018B": {
        "common_name": "Tyrer Road",
        "coordinates": [
            -2.63027,
            53.443086
        ]
    },
    "2800S10019A": {
        "common_name": "Thompson Close",
        "coordinates": [
            -2.633713,
            53.443724
        ]
    },
    "2800S10020A": {
        "common_name": "Newton Hospital",
        "coordinates": [
            -2.634933,
            53.445785
        ]
    },
    "2800S10037A": {
        "common_name": "Old Wargrave Road",
        "coordinates": [
            -2.631636,
            53.449865
        ]
    },
    "2800S10025A": {
        "common_name": "Park Road South",
        "coordinates": [
            -2.629853,
            53.447402
        ]
    },
    "2800S10022C": {
        "common_name": "Park Avenue South",
        "coordinates": [
            -2.627995,
            53.44699
        ]
    },
    "2800S10023B": {
        "common_name": "Maple Avenue",
        "coordinates": [
            -2.624068,
            53.448215
        ]
    },
    "2800S10024B": {
        "common_name": "Laurel Avenue",
        "coordinates": [
            -2.625435,
            53.450077
        ]
    },
    "2800S10029B": {
        "common_name": "Oak Ave",
        "coordinates": [
            -2.626135,
            53.451584
        ]
    },
    "2800S10073A": {
        "common_name": "Rydal Street",
        "coordinates": [
            -2.629616,
            53.451772
        ]
    },
    "2800S10030A": {
        "common_name": "Poplar Avenue",
        "coordinates": [
            -2.623493,
            53.452137
        ]
    },
    "2800S10031A": {
        "common_name": "Holly Avenue",
        "coordinates": [
            -2.620182,
            53.452289
        ]
    },
    "2800S10031C": {
        "common_name": "Acorn Street",
        "coordinates": [
            -2.618885,
            53.452152
        ]
    },
    "2800S10032B": {
        "common_name": "Laurel Avenue",
        "coordinates": [
            -2.620261,
            53.450464
        ]
    },
    "2800S10023C": {
        "common_name": "Maple Avenue",
        "coordinates": [
            -2.623187,
            53.448723
        ]
    },
    "2800S10109A": {
        "common_name": "Peartree Crescent",
        "coordinates": [
            -2.626078,
            53.447737
        ]
    },
    "2800S10021A": {
        "common_name": "Caunce Avenue",
        "coordinates": [
            -2.633302,
            53.445896
        ]
    },
    "2800S10022A": {
        "common_name": "Wargrave Road",
        "coordinates": [
            -2.629139,
            53.447002
        ]
    }
}