{
    "2800S16001I": {
        "common_name": "St Helens Bus Station",
        "coordinates": [
            -2.7332,
            53.453356
        ]
    },
    "2800S16001A": {
        "common_name": "St Helens Bus Station",
        "coordinates": [
            -2.733281,
            53.453361
        ]
    },
    "2800S16002A": {
        "common_name": "St Helens Central Station",
        "coordinates": [
            -2.730837,
            53.453444
        ]
    },
    "2800S16003A": {
        "common_name": "Phoenix Brow",
        "coordinates": [
            -2.726569,
            53.453109
        ]
    },
    "2800S13001B": {
        "common_name": "Traverse Street",
        "coordinates": [
            -2.721947,
            53.453128
        ]
    },
    "2800S16002B": {
        "common_name": "St Helens Central Station",
        "coordinates": [
            -2.72981,
            53.453296
        ]
    },
    "2800S16003B": {
        "common_name": "Phoenix Brow",
        "coordinates": [
            -2.726522,
            53.452966
        ]
    },
    "2800S13041B": {
        "common_name": "Parr Stocks Road",
        "coordinates": [
            -2.71706,
            53.451809
        ]
    },
    "2800S13001A": {
        "common_name": "Langtree Street",
        "coordinates": [
            -2.72143,
            53.452844
        ]
    },
    "2800S13041A": {
        "common_name": "Sorogold Street",
        "coordinates": [
            -2.716859,
            53.451478
        ]
    },
    "2800S13040B": {
        "common_name": "Ramford Street",
        "coordinates": [
            -2.713687,
            53.450877
        ]
    },
    "2800S13039B": {
        "common_name": "Tickle Avenue",
        "coordinates": [
            -2.708696,
            53.451392
        ]
    },
    "2800S13040A": {
        "common_name": "Ramford Street",
        "coordinates": [
            -2.713277,
            53.450664
        ]
    },
    "2800S13039A": {
        "common_name": "Gaskell Street",
        "coordinates": [
            -2.711469,
            53.450611
        ]
    },
    "2800S13038B": {
        "common_name": "Boardmans Lane",
        "coordinates": [
            -2.705278,
            53.453192
        ]
    },
    "2800S13038A": {
        "common_name": "Hargreaves Street",
        "coordinates": [
            -2.703645,
            53.453705
        ]
    },
    "2800S13036B": {
        "common_name": "Moorfoot Road",
        "coordinates": [
            -2.697677,
            53.45347
        ]
    },
    "2800S13037A": {
        "common_name": "Nicholson Street",
        "coordinates": [
            -2.702138,
            53.453633
        ]
    },
    "2800S13036A": {
        "common_name": "Mendip Grove",
        "coordinates": [
            -2.697115,
            53.453123
        ]
    },
    "2800S13035A": {
        "common_name": "Southport Street",
        "coordinates": [
            -2.691935,
            53.453144
        ]
    },
    "2800S13034A": {
        "common_name": "Sky Lark Rise",
        "coordinates": [
            -2.687282,
            53.452254
        ]
    },
    "2800S13033B": {
        "common_name": "Havannah Lane",
        "coordinates": [
            -2.683563,
            53.451359
        ]
    },
    "2800S13035B": {
        "common_name": "Horseshoe Close",
        "coordinates": [
            -2.692625,
            53.453005
        ]
    },
    "2800S13034B": {
        "common_name": "Provident Street",
        "coordinates": [
            -2.690724,
            53.452801
        ]
    },
    "2800S10097A": {
        "common_name": "County Boundary",
        "coordinates": [
            -2.678627,
            53.45056
        ]
    },
    "2800S10016B": {
        "common_name": "Waring Avenue",
        "coordinates": [
            -2.673987,
            53.449472
        ]
    },
    "2800S13033A": {
        "common_name": "Brampton Close",
        "coordinates": [
            -2.68489,
            53.451459
        ]
    },
    "2800S10015B": {
        "common_name": "Penkford Lane",
        "coordinates": [
            -2.663626,
            53.448451
        ]
    },
    "2800S10014B": {
        "common_name": "Short Street",
        "coordinates": [
            -2.658989,
            53.451425
        ]
    },
    "2800S10013A": {
        "common_name": "Marian Avenue",
        "coordinates": [
            -2.656406,
            53.453776
        ]
    },
    "2800S10016A": {
        "common_name": "Waring Avenue",
        "coordinates": [
            -2.67669,
            53.449996
        ]
    },
    "2800S10012A": {
        "common_name": "Swan Road",
        "coordinates": [
            -2.655069,
            53.45497
        ]
    },
    "2800S10015A": {
        "common_name": "Penkford Lane",
        "coordinates": [
            -2.663174,
            53.4484
        ]
    },
    "2800S10014A": {
        "common_name": "Short Street",
        "coordinates": [
            -2.659268,
            53.450956
        ]
    },
    "2800S10011B": {
        "common_name": "Sefton Street",
        "coordinates": [
            -2.651749,
            53.456507
        ]
    },
    "2800S10013B": {
        "common_name": "Marian Avenue",
        "coordinates": [
            -2.6571,
            53.452936
        ]
    },
    "2800S10010B": {
        "common_name": "Alpine Street",
        "coordinates": [
            -2.64574,
            53.454526
        ]
    },
    "2800S10106B": {
        "common_name": "Earlestown Bus Station",
        "coordinates": [
            -2.64366,
            53.452434
        ]
    },
    "2800S10012B": {
        "common_name": "Acacia Street",
        "coordinates": [
            -2.654412,
            53.45536
        ]
    },
    "2800S10011A": {
        "common_name": "Sefton Street",
        "coordinates": [
            -2.650722,
            53.456297
        ]
    },
    "2800S10107A": {
        "common_name": "Oxford Street",
        "coordinates": [
            -2.641112,
            53.453194
        ]
    },
    "2800S10010A": {
        "common_name": "Crown Street",
        "coordinates": [
            -2.646875,
            53.454871
        ]
    },
    "2800S10106D": {
        "common_name": "Earlestown Bus Station",
        "coordinates": [
            -2.643634,
            53.452668
        ]
    },
    "2800S10007B": {
        "common_name": "Crow Lane East",
        "coordinates": [
            -2.638708,
            53.455589
        ]
    },
    "2800S10009C": {
        "common_name": "Market Street",
        "coordinates": [
            -2.642481,
            53.453097
        ]
    },
    "2800S10008B": {
        "common_name": "Oxford Street",
        "coordinates": [
            -2.640458,
            53.452748
        ]
    },
    "2800S10054B": {
        "common_name": "Silverdale Road",
        "coordinates": [
            -2.637938,
            53.458452
        ]
    },
    "2800S10053B": {
        "common_name": "Weedon Avenue",
        "coordinates": [
            -2.637179,
            53.46108
        ]
    },
    "2800S10007A": {
        "common_name": "Crow Lane West",
        "coordinates": [
            -2.638476,
            53.455141
        ]
    },
    "2800S10054A": {
        "common_name": "Silverdale Road",
        "coordinates": [
            -2.637782,
            53.458111
        ]
    },
    "2800S10057B": {
        "common_name": "Johnson Avenue",
        "coordinates": [
            -2.635404,
            53.463202
        ]
    },
    "2800S10056A": {
        "common_name": "Mullins Avenue",
        "coordinates": [
            -2.631027,
            53.461607
        ]
    },
    "2800S10053A": {
        "common_name": "Weedon Avenue",
        "coordinates": [
            -2.637173,
            53.460658
        ]
    },
    "2800S10057A": {
        "common_name": "Johnson Avenue",
        "coordinates": [
            -2.635854,
            53.463092
        ]
    },
    "2800S10055A": {
        "common_name": "Davies Avenue",
        "coordinates": [
            -2.629787,
            53.459223
        ]
    },
    "2800S10005A": {
        "common_name": "Queens Drive",
        "coordinates": [
            -2.628108,
            53.456742
        ]
    },
    "2800S10056B": {
        "common_name": "Billington Avenue",
        "coordinates": [
            -2.631439,
            53.461992
        ]
    },
    "2800S10055B": {
        "common_name": "Cheltenham Drive",
        "coordinates": [
            -2.630032,
            53.459518
        ]
    },
    "2800S10004B": {
        "common_name": "The Avenue",
        "coordinates": [
            -2.625793,
            53.456997
        ]
    },
    "2800S10005C": {
        "common_name": "Cole Avenue",
        "coordinates": [
            -2.629308,
            53.45741
        ]
    },
    "2800S10004A": {
        "common_name": "Pleasance Way",
        "coordinates": [
            -2.626272,
            53.456841
        ]
    },
    "2800S10003B": {
        "common_name": "The Parchments",
        "coordinates": [
            -2.622197,
            53.458283
        ]
    },
    "2800S10002B": {
        "common_name": "Rob Lane",
        "coordinates": [
            -2.616617,
            53.456739
        ]
    },
    "2800S10003A": {
        "common_name": "Cobden Street",
        "coordinates": [
            -2.621635,
            53.457917
        ]
    },
    "2800S10002A": {
        "common_name": "Golborne Street",
        "coordinates": [
            -2.617295,
            53.456699
        ]
    },
    "2800S10026A": {
        "common_name": "Newton-le-Willows Rail Station",
        "coordinates": [
            -2.61349,
            53.452935
        ]
    },
    "2800S10026C": {
        "common_name": "Newton-le-Willows Rail Station",
        "coordinates": [
            -2.61313,
            53.453
        ]
    }
}