{
    "2800S16001S": {
        "common_name": "St Helens Bus Station",
        "coordinates": [
            -2.7332,
            53.453356
        ]
    },
    "2800S16001H": {
        "common_name": "St Helens Bus Station",
        "coordinates": [
            -2.7332,
            53.453356
        ]
    },
    "2800S16007F": {
        "common_name": "Baldwin Street",
        "coordinates": [
            -2.738571,
            53.453953
        ]
    },
    "2800S16007G": {
        "common_name": "Claughton Street",
        "coordinates": [
            -2.736629,
            53.454
        ]
    },
    "2800S16031B": {
        "common_name": "Ward Street",
        "coordinates": [
            -2.737987,
            53.455898
        ]
    },
    "2800S16032C": {
        "common_name": "Crab Street",
        "coordinates": [
            -2.737154,
            53.457359
        ]
    },
    "2800S16031A": {
        "common_name": "Garswood Street",
        "coordinates": [
            -2.737645,
            53.456125
        ]
    },
    "2800S16032A": {
        "common_name": "Standish Street",
        "coordinates": [
            -2.736709,
            53.457757
        ]
    },
    "2800S16033B": {
        "common_name": "Hill Street",
        "coordinates": [
            -2.734862,
            53.459827
        ]
    },
    "2800S15055B": {
        "common_name": "Kingfisher Drive",
        "coordinates": [
            -2.728609,
            53.464953
        ]
    },
    "2800S15056C": {
        "common_name": "Haresfinch Road",
        "coordinates": [
            -2.728579,
            53.466715
        ]
    },
    "2800S16033A": {
        "common_name": "Swift Street",
        "coordinates": [
            -2.735469,
            53.459221
        ]
    },
    "2800S15055A": {
        "common_name": "Ewart Road",
        "coordinates": [
            -2.72864,
            53.464117
        ]
    },
    "2800S15068B": {
        "common_name": "Washway Lane",
        "coordinates": [
            -2.729324,
            53.467996
        ]
    },
    "2800S15069A": {
        "common_name": "Folds Lane",
        "coordinates": [
            -2.726412,
            53.471231
        ]
    },
    "2800S15056A": {
        "common_name": "Woodlands Road",
        "coordinates": [
            -2.727645,
            53.465804
        ]
    },
    "2800S15068A": {
        "common_name": "Green Leach Lane",
        "coordinates": [
            -2.729076,
            53.467539
        ]
    },
    "2800S15060B": {
        "common_name": "East Lancashire Road",
        "coordinates": [
            -2.719372,
            53.473629
        ]
    },
    "2800S15069B": {
        "common_name": "Derwent Road",
        "coordinates": [
            -2.726764,
            53.47069
        ]
    },
    "2800S15060A": {
        "common_name": "Garswoood Old Road",
        "coordinates": [
            -2.719158,
            53.473469
        ]
    },
    "2800S15061A": {
        "common_name": "Kirkstone Avenue",
        "coordinates": [
            -2.718963,
            53.475294
        ]
    },
    "2800S15061B": {
        "common_name": "Kirkstone Avenue",
        "coordinates": [
            -2.719077,
            53.475797
        ]
    },
    "2800S15099A": {
        "common_name": "Kirkstone Avenue",
        "coordinates": [
            -2.718893,
            53.47738
        ]
    },
    "2800S15062A": {
        "common_name": "Carr Mill Road",
        "coordinates": [
            -2.72135,
            53.480116
        ]
    },
    "2800S15079B": {
        "common_name": "Broad Lane",
        "coordinates": [
            -2.723901,
            53.481233
        ]
    },
    "2800S15070B": {
        "common_name": "Martindale Road",
        "coordinates": [
            -2.726385,
            53.485533
        ]
    },
    "2800S11013B": {
        "common_name": "Trent Road",
        "coordinates": [
            -2.720098,
            53.490721
        ]
    },
    "2800S15062B": {
        "common_name": "Martindale Road",
        "coordinates": [
            -2.72008,
            53.479845
        ]
    },
    "2800S15079A": {
        "common_name": "Broad Lane",
        "coordinates": [
            -2.723217,
            53.480914
        ]
    },
    "2800S11014B": {
        "common_name": "Holt Avenue",
        "coordinates": [
            -2.716429,
            53.492118
        ]
    },
    "2800S15070A": {
        "common_name": "Birchley Road",
        "coordinates": [
            -2.725919,
            53.484717
        ]
    },
    "2800S11013A": {
        "common_name": "Trent Road",
        "coordinates": [
            -2.719272,
            53.49087
        ]
    },
    "2800S11014A": {
        "common_name": "Lilac Grove",
        "coordinates": [
            -2.714991,
            53.492612
        ]
    },
    "2800S11015B": {
        "common_name": "Beulah Avenue",
        "coordinates": [
            -2.712177,
            53.493843
        ]
    },
    "2800S11016B": {
        "common_name": "Fair View",
        "coordinates": [
            -2.709763,
            53.495493
        ]
    },
    "2800S11015A": {
        "common_name": "Beulah Avenue",
        "coordinates": [
            -2.712613,
            53.493777
        ]
    },
    "2800S11016A": {
        "common_name": "Picadilly",
        "coordinates": [
            -2.709078,
            53.495991
        ]
    },
    "2800S11017B": {
        "common_name": "Gorsey Brow",
        "coordinates": [
            -2.708559,
            53.497433
        ]
    },
    "2800S11017A": {
        "common_name": "School Brow",
        "coordinates": [
            -2.708157,
            53.497714
        ]
    },
    "2800S11018A": {
        "common_name": "Newton Road",
        "coordinates": [
            -2.705898,
            53.50054
        ]
    },
    "2800S11018B": {
        "common_name": "Newton Road",
        "coordinates": [
            -2.706273,
            53.50043
        ]
    },
    "2800S11098A": {
        "common_name": "Beacon Road",
        "coordinates": [
            -2.704945,
            53.5022
        ]
    },
    "2800S11098B": {
        "common_name": "Beacon Road",
        "coordinates": [
            -2.705055,
            53.50157
        ]
    },
    "2800S11019A": {
        "common_name": "Main Street",
        "coordinates": [
            -2.705286,
            53.504589
        ]
    },
    "2800S11020A": {
        "common_name": "Longshaw House",
        "coordinates": [
            -2.70606,
            53.505753
        ]
    },
    "1800WK04921": {
        "common_name": "Longshaw Common",
        "coordinates": [
            -2.707999,
            53.510865
        ]
    },
    "1800WK03001": {
        "common_name": "Longshaw Common",
        "coordinates": [
            -2.708263,
            53.511295
        ]
    },
    "1800WK04901": {
        "common_name": "Hare & Hounds",
        "coordinates": [
            -2.708663,
            53.513567
        ]
    },
    "1800WK04891": {
        "common_name": "Hare & Hounds",
        "coordinates": [
            -2.708636,
            53.513773
        ]
    },
    "1800WK04871": {
        "common_name": "Cob Moor Rd",
        "coordinates": [
            -2.7106,
            53.515811
        ]
    },
    "1800WK04861": {
        "common_name": "Bispham Court",
        "coordinates": [
            -2.71324,
            53.518546
        ]
    },
    "1800WK04881": {
        "common_name": "Cob Moor Rd",
        "coordinates": [
            -2.710143,
            53.51549
        ]
    },
    "1800WK04851": {
        "common_name": "Crank Rd",
        "coordinates": [
            -2.714029,
            53.519701
        ]
    },
    "1800WK04831": {
        "common_name": "Babar Elephant",
        "coordinates": [
            -2.715892,
            53.522881
        ]
    },
    "1800WK04841": {
        "common_name": "Babar Elephant",
        "coordinates": [
            -2.715977,
            53.522503
        ]
    },
    "1800WK04821": {
        "common_name": "Running Horses",
        "coordinates": [
            -2.715325,
            53.526776
        ]
    },
    "1800WK04781": {
        "common_name": "Running Horses",
        "coordinates": [
            -2.715232,
            53.526669
        ]
    },
    "1800WK09391": {
        "common_name": "Marl Gr",
        "coordinates": [
            -2.713039,
            53.527185
        ]
    },
    "1800WK08661": {
        "common_name": "Marl Gr",
        "coordinates": [
            -2.713022,
            53.527104
        ]
    },
    "1800WK04771": {
        "common_name": "Orrell Water Pk",
        "coordinates": [
            -2.708829,
            53.528055
        ]
    },
    "1800WK03151": {
        "common_name": "Orrell Stn",
        "coordinates": [
            -2.708808,
            53.530392
        ]
    },
    "1800WK08631": {
        "common_name": "Orrell Water Pk",
        "coordinates": [
            -2.708694,
            53.528101
        ]
    },
    "1800WK04741": {
        "common_name": "Church Dr",
        "coordinates": [
            -2.711014,
            53.532375
        ]
    },
    "1800WK04761": {
        "common_name": "Orrell Stn",
        "coordinates": [
            -2.708672,
            53.530393
        ]
    },
    "1800WK08521": {
        "common_name": "Church Dr",
        "coordinates": [
            -2.711077,
            53.532536
        ]
    },
    "1800WK04731": {
        "common_name": "Holgate Sch",
        "coordinates": [
            -2.710726,
            53.534111
        ]
    },
    "1800WK04721": {
        "common_name": "Holgate Sch",
        "coordinates": [
            -2.711012,
            53.534065
        ]
    },
    "1800WK04711": {
        "common_name": "Linden Ave",
        "coordinates": [
            -2.707034,
            53.537989
        ]
    },
    "1800WK04701": {
        "common_name": "Rivers St",
        "coordinates": [
            -2.706032,
            53.53857
        ]
    },
    "1800WK04591": {
        "common_name": "Orrell Post",
        "coordinates": [
            -2.702325,
            53.539725
        ]
    },
    "1800WK04581": {
        "common_name": "Orrell Council Offices",
        "coordinates": [
            -2.701157,
            53.539381
        ]
    },
    "1800WK04651": {
        "common_name": "The Mount",
        "coordinates": [
            -2.698328,
            53.538966
        ]
    },
    "1800WK04631": {
        "common_name": "The Copse",
        "coordinates": [
            -2.692499,
            53.537733
        ]
    },
    "1800WK04621": {
        "common_name": "Chapel St",
        "coordinates": [
            -2.686646,
            53.536895
        ]
    },
    "1800WK04601": {
        "common_name": "Chapel St",
        "coordinates": [
            -2.683665,
            53.536345
        ]
    },
    "1800WK04661": {
        "common_name": "The Mount",
        "coordinates": [
            -2.698811,
            53.538936
        ]
    },
    "1800WK04641": {
        "common_name": "Bankes Ave",
        "coordinates": [
            -2.691665,
            53.537504
        ]
    },
    "1800WK04381": {
        "common_name": "Major St",
        "coordinates": [
            -2.679129,
            53.53576
        ]
    },
    "1800WK04611": {
        "common_name": "Fishergate Inn",
        "coordinates": [
            -2.687945,
            53.536977
        ]
    },
    "1800WK04401": {
        "common_name": "Chapel St",
        "coordinates": [
            -2.683662,
            53.536202
        ]
    },
    "1800WK04391": {
        "common_name": "Major St",
        "coordinates": [
            -2.679748,
            53.535783
        ]
    },
    "1800WK04311": {
        "common_name": "Enfield St",
        "coordinates": [
            -2.674886,
            53.535541
        ]
    },
    "1800WK04291": {
        "common_name": "Halfway House",
        "coordinates": [
            -2.668797,
            53.535989
        ]
    },
    "1800WK04301": {
        "common_name": "Enfield St",
        "coordinates": [
            -2.674839,
            53.535434
        ]
    },
    "1800WK04261": {
        "common_name": "Portland St",
        "coordinates": [
            -2.663424,
            53.536864
        ]
    },
    "1800WK04241": {
        "common_name": "Billinge Rd",
        "coordinates": [
            -2.660684,
            53.537275
        ]
    },
    "1800WK04221": {
        "common_name": "Mitchell St",
        "coordinates": [
            -2.657808,
            53.537632
        ]
    },
    "1800WK04101": {
        "common_name": "Scot Ln",
        "coordinates": [
            -2.652589,
            53.539728
        ]
    },
    "1800WK04281": {
        "common_name": "Halfway House",
        "coordinates": [
            -2.66941,
            53.535644
        ]
    },
    "1800WK04271": {
        "common_name": "Portland St",
        "coordinates": [
            -2.664084,
            53.536582
        ]
    },
    "1800WK04061": {
        "common_name": "Seven Stars Rd",
        "coordinates": [
            -2.645929,
            53.542335
        ]
    },
    "1800WK05661": {
        "common_name": "Wigan Pier",
        "coordinates": [
            -2.641899,
            53.542267
        ]
    },
    "1800WK04251": {
        "common_name": "Billinge Rd",
        "coordinates": [
            -2.66124,
            53.537101
        ]
    },
    "1800WK04231": {
        "common_name": "Mitchell St",
        "coordinates": [
            -2.658107,
            53.537442
        ]
    },
    "1800WK04091": {
        "common_name": "Scot Ln",
        "coordinates": [
            -2.653022,
            53.539375
        ]
    },
    "1800WK08121": {
        "common_name": "Clayton St",
        "coordinates": [
            -2.636944,
            53.542904
        ]
    },
    "1800WK02141": {
        "common_name": "Wallgate Stn",
        "coordinates": [
            -2.633477,
            53.544199
        ]
    },
    "1800WNBS0C1": {
        "common_name": "Wigan Bus Station",
        "coordinates": [
            -2.633914,
            53.547598
        ]
    },
    "1800WK13271": {
        "common_name": "Fire Stn",
        "coordinates": [
            -2.649605,
            53.540904
        ]
    },
    "1800WKQ0431": {
        "common_name": "Wigan Bus Station",
        "coordinates": [
            -2.634933,
            53.547706
        ]
    },
    "1800WK13281": {
        "common_name": "Fire Stn",
        "coordinates": [
            -2.649946,
            53.540524
        ]
    },
    "1800WK13351": {
        "common_name": "Melverley St",
        "coordinates": [
            -2.644683,
            53.540778
        ]
    },
    "1800WK06051": {
        "common_name": "Clayton St",
        "coordinates": [
            -2.637302,
            53.542606
        ]
    },
    "1800WK02111": {
        "common_name": "North Western Stn",
        "coordinates": [
            -2.633579,
            53.543947
        ]
    },
    "1800WK02311": {
        "common_name": "Wallgate",
        "coordinates": [
            -2.633764,
            53.545204
        ]
    }
}