{
    "2800S15052B": {
        "common_name": "Millwood Avenue",
        "coordinates": [
            -2.78475,
            53.452732
        ]
    },
    "2800S15051D": {
        "common_name": "Burrows Lane",
        "coordinates": [
            -2.783296,
            53.451465
        ]
    },
    "2800S15012A": {
        "common_name": "The Avenue",
        "coordinates": [
            -2.777199,
            53.452386
        ]
    },
    "2800S15051C": {
        "common_name": "Seddon Close",
        "coordinates": [
            -2.783615,
            53.451589
        ]
    },
    "2800S15005A": {
        "common_name": "Alder Hey Road",
        "coordinates": [
            -2.76719,
            53.452631
        ]
    },
    "2800S15015B": {
        "common_name": "Bobbys Lane",
        "coordinates": [
            -2.779771,
            53.452199
        ]
    },
    "2800S15012C": {
        "common_name": "The Avenue",
        "coordinates": [
            -2.777031,
            53.452243
        ]
    },
    "2800S15005B": {
        "common_name": "Holme Road",
        "coordinates": [
            -2.767956,
            53.452554
        ]
    },
    "2800S15033A": {
        "common_name": "Mcfarlane Avenue",
        "coordinates": [
            -2.763993,
            53.454098
        ]
    },
    "2800S15032B": {
        "common_name": "Chisnall Avenue",
        "coordinates": [
            -2.764258,
            53.455418
        ]
    },
    "2800S15134A": {
        "common_name": "Mulberry Avenue",
        "coordinates": [
            -2.763402,
            53.45305
        ]
    },
    "2800S15033B": {
        "common_name": "Hewitt Avenue",
        "coordinates": [
            -2.764035,
            53.454709
        ]
    },
    "2800S15031A": {
        "common_name": "Ellison Drive",
        "coordinates": [
            -2.763433,
            53.457275
        ]
    },
    "2800S15131A": {
        "common_name": "Caraway Grove",
        "coordinates": [
            -2.759204,
            53.456592
        ]
    },
    "2800S15131B": {
        "common_name": "Morrisey Close",
        "coordinates": [
            -2.759338,
            53.456483
        ]
    },
    "2800S15132A": {
        "common_name": "Grafton Street",
        "coordinates": [
            -2.756957,
            53.45301
        ]
    },
    "2800S15002A": {
        "common_name": "Cambridge Road",
        "coordinates": [
            -2.753439,
            53.452511
        ]
    },
    "2800S15124A": {
        "common_name": "Hewitt Avenue",
        "coordinates": [
            -2.756288,
            53.454345
        ]
    },
    "2800S15132B": {
        "common_name": "Grafton Street",
        "coordinates": [
            -2.757183,
            53.453045
        ]
    },
    "2800S16040A": {
        "common_name": "Napier Street",
        "coordinates": [
            -2.74923,
            53.452061
        ]
    },
    "2800S15003B": {
        "common_name": "Rivington Road",
        "coordinates": [
            -2.757144,
            53.452569
        ]
    },
    "2800S15002B": {
        "common_name": "Elliot Street",
        "coordinates": [
            -2.754008,
            53.452355
        ]
    },
    "2800S16016B": {
        "common_name": "Eccleston Street",
        "coordinates": [
            -2.745802,
            53.451535
        ]
    },
    "2800S16023A": {
        "common_name": "Rigby Street South",
        "coordinates": [
            -2.740009,
            53.453521
        ]
    },
    "2800S16007G": {
        "common_name": "Claughton Street",
        "coordinates": [
            -2.736629,
            53.454
        ]
    },
    "2800S16040B": {
        "common_name": "Lawrenson Street",
        "coordinates": [
            -2.749832,
            53.452067
        ]
    },
    "2800S16016A": {
        "common_name": "Linkway West",
        "coordinates": [
            -2.744572,
            53.451794
        ]
    },
    "2800S16025E": {
        "common_name": "Church Street",
        "coordinates": [
            -2.737923,
            53.452186
        ]
    },
    "2800S16007H": {
        "common_name": "Claughton Street",
        "coordinates": [
            -2.737318,
            53.453798
        ]
    },
    "2800S16001I": {
        "common_name": "St Helens Bus Station",
        "coordinates": [
            -2.7332,
            53.453356
        ]
    },
    "2800S16007A": {
        "common_name": "Baldwin Street",
        "coordinates": [
            -2.738329,
            53.453918
        ]
    },
    "2800S16001S": {
        "common_name": "St Helens Bus Station",
        "coordinates": [
            -2.7332,
            53.453356
        ]
    },
    "2800S16025D": {
        "common_name": "Exchange Street",
        "coordinates": [
            -2.73901,
            53.451469
        ]
    },
    "2800S16051B": {
        "common_name": "Market Street",
        "coordinates": [
            -2.736522,
            53.451278
        ]
    },
    "2800S16004A": {
        "common_name": "St Marys Market",
        "coordinates": [
            -2.733946,
            53.45035
        ]
    },
    "2800S16005B": {
        "common_name": "Todd Road",
        "coordinates": [
            -2.728997,
            53.451513
        ]
    },
    "2800S16002B": {
        "common_name": "St Helens Central Station",
        "coordinates": [
            -2.72981,
            53.453296
        ]
    },
    "2800S16013A": {
        "common_name": "Warrington New Road",
        "coordinates": [
            -2.72619,
            53.451152
        ]
    },
    "2800S13184A": {
        "common_name": "St Helens Retail Park",
        "coordinates": [
            -2.724508,
            53.448798
        ]
    },
    "2800S13184B": {
        "common_name": "St Helens Retail Park",
        "coordinates": [
            -2.725076,
            53.449433
        ]
    },
    "2800S13015B": {
        "common_name": "Hunter Street",
        "coordinates": [
            -2.723032,
            53.446075
        ]
    },
    "2800S13016B": {
        "common_name": "Manville Street",
        "coordinates": [
            -2.721833,
            53.442855
        ]
    },
    "2800S13015A": {
        "common_name": "Hunter Street",
        "coordinates": [
            -2.723367,
            53.446306
        ]
    },
    "2800S13016A": {
        "common_name": "Emmett Street",
        "coordinates": [
            -2.722158,
            53.443365
        ]
    },
    "2800S13017B": {
        "common_name": "St Helens Hospital",
        "coordinates": [
            -2.721097,
            53.440307
        ]
    },
    "2800S13018B": {
        "common_name": "Kinmel Street",
        "coordinates": [
            -2.718431,
            53.437545
        ]
    },
    "2800S13017A": {
        "common_name": "St Helens Hospital",
        "coordinates": [
            -2.721155,
            53.441052
        ]
    },
    "2800S13132A": {
        "common_name": "Robins Lane",
        "coordinates": [
            -2.721823,
            53.437848
        ]
    },
    "2800S13018A": {
        "common_name": "Marina Avenue",
        "coordinates": [
            -2.720462,
            53.437497
        ]
    },
    "2800S13019B": {
        "common_name": "Baxters Lane",
        "coordinates": [
            -2.715828,
            53.437642
        ]
    },
    "2800S13019A": {
        "common_name": "Baxters Lane",
        "coordinates": [
            -2.715811,
            53.43748
        ]
    },
    "2800S13020A": {
        "common_name": "Waterdale Crescent",
        "coordinates": [
            -2.712089,
            53.436397
        ]
    },
    "2800S13020B": {
        "common_name": "Lancots Lane",
        "coordinates": [
            -2.711381,
            53.436374
        ]
    },
    "2800S13021B": {
        "common_name": "Monastery Road",
        "coordinates": [
            -2.708027,
            53.435612
        ]
    },
    "2800S13022B": {
        "common_name": "Ellen Street",
        "coordinates": [
            -2.705946,
            53.435372
        ]
    },
    "2800S13021A": {
        "common_name": "Monastery Road",
        "coordinates": [
            -2.708644,
            53.435626
        ]
    },
    "2800S13023B": {
        "common_name": "Robins Lane",
        "coordinates": [
            -2.703986,
            53.435204
        ]
    },
    "2800S13095A": {
        "common_name": "Carnegie Crescent",
        "coordinates": [
            -2.699992,
            53.437619
        ]
    },
    "2800S13022A": {
        "common_name": "Ellen Street",
        "coordinates": [
            -2.706396,
            53.435271
        ]
    },
    "2800S13023A": {
        "common_name": "Peckers Hill Road",
        "coordinates": [
            -2.70392,
            53.434827
        ]
    },
    "2800S13024B": {
        "common_name": "Cecil Street",
        "coordinates": [
            -2.700094,
            53.434688
        ]
    },
    "2800S13241A": {
        "common_name": "Station Road",
        "coordinates": [
            -2.700861,
            53.433713
        ]
    }
}