{
    "2800S15052B": {
        "common_name": "Millwood Avenue",
        "coordinates": [
            -2.78475,
            53.452732
        ]
    },
    "2800S15051D": {
        "common_name": "Burrows Lane",
        "coordinates": [
            -2.783296,
            53.451465
        ]
    },
    "2800S15012A": {
        "common_name": "The Avenue",
        "coordinates": [
            -2.777199,
            53.452386
        ]
    },
    "2800S15051C": {
        "common_name": "Seddon Close",
        "coordinates": [
            -2.783615,
            53.451589
        ]
    },
    "2800S15015B": {
        "common_name": "Bobbys Lane",
        "coordinates": [
            -2.779771,
            53.452199
        ]
    },
    "2800S15005A": {
        "common_name": "Alder Hey Road",
        "coordinates": [
            -2.76719,
            53.452631
        ]
    },
    "2800S15033A": {
        "common_name": "Mcfarlane Avenue",
        "coordinates": [
            -2.763993,
            53.454098
        ]
    },
    "2800S15012C": {
        "common_name": "The Avenue",
        "coordinates": [
            -2.777031,
            53.452243
        ]
    },
    "2800S15032B": {
        "common_name": "Chisnall Avenue",
        "coordinates": [
            -2.764258,
            53.455418
        ]
    },
    "2800S15031A": {
        "common_name": "Ellison Drive",
        "coordinates": [
            -2.763433,
            53.457275
        ]
    },
    "2800S15005B": {
        "common_name": "Holme Road",
        "coordinates": [
            -2.767956,
            53.452554
        ]
    },
    "2800S15134A": {
        "common_name": "Mulberry Avenue",
        "coordinates": [
            -2.763402,
            53.45305
        ]
    },
    "2800S15033B": {
        "common_name": "Hewitt Avenue",
        "coordinates": [
            -2.764035,
            53.454709
        ]
    },
    "2800S15131B": {
        "common_name": "Morrisey Close",
        "coordinates": [
            -2.759338,
            53.456483
        ]
    },
    "2800S15131A": {
        "common_name": "Caraway Grove",
        "coordinates": [
            -2.759204,
            53.456592
        ]
    },
    "2800S15132A": {
        "common_name": "Grafton Street",
        "coordinates": [
            -2.756957,
            53.45301
        ]
    },
    "2800S15002A": {
        "common_name": "Cambridge Road",
        "coordinates": [
            -2.753439,
            53.452511
        ]
    },
    "2800S15124A": {
        "common_name": "Hewitt Avenue",
        "coordinates": [
            -2.756288,
            53.454345
        ]
    },
    "2800S15132B": {
        "common_name": "Grafton Street",
        "coordinates": [
            -2.757183,
            53.453045
        ]
    },
    "2800S16040A": {
        "common_name": "Napier Street",
        "coordinates": [
            -2.74923,
            53.452061
        ]
    },
    "2800S15003B": {
        "common_name": "Rivington Road",
        "coordinates": [
            -2.757144,
            53.452569
        ]
    },
    "2800S15002B": {
        "common_name": "Elliot Street",
        "coordinates": [
            -2.754008,
            53.452355
        ]
    },
    "2800S16040B": {
        "common_name": "Lawrenson Street",
        "coordinates": [
            -2.749832,
            53.452067
        ]
    },
    "2800S16016A": {
        "common_name": "Linkway West",
        "coordinates": [
            -2.744572,
            53.451794
        ]
    },
    "2800S16016B": {
        "common_name": "Eccleston Street",
        "coordinates": [
            -2.745802,
            53.451535
        ]
    },
    "2800S16023A": {
        "common_name": "Rigby Street South",
        "coordinates": [
            -2.740009,
            53.453521
        ]
    },
    "2800S16007G": {
        "common_name": "Claughton Street",
        "coordinates": [
            -2.736629,
            53.454
        ]
    },
    "2800S16025E": {
        "common_name": "Church Street",
        "coordinates": [
            -2.737923,
            53.452186
        ]
    },
    "2800S16007H": {
        "common_name": "Claughton Street",
        "coordinates": [
            -2.737318,
            53.453798
        ]
    },
    "2800S16001I": {
        "common_name": "St Helens Bus Station",
        "coordinates": [
            -2.7332,
            53.453356
        ]
    },
    "2800S16001S": {
        "common_name": "St Helens Bus Station",
        "coordinates": [
            -2.7332,
            53.453356
        ]
    }
}