{
    "0690WNA02862": {
        "common_name": "Bus Interchange",
        "coordinates": [
            -2.594045,
            53.391101
        ]
    },
    "069000010310": {
        "common_name": "Central Station",
        "coordinates": [
            -2.593873,
            53.392801
        ]
    },
    "069000021830": {
        "common_name": "Central Station",
        "coordinates": [
            -2.593291,
            53.392049
        ]
    },
    "069000010312": {
        "common_name": "WRLFC Rugby Ground",
        "coordinates": [
            -2.594214,
            53.395604
        ]
    },
    "069000010341": {
        "common_name": "Tesco",
        "coordinates": [
            -2.594277,
            53.396952
        ]
    },
    "069000010340": {
        "common_name": "Owen Street",
        "coordinates": [
            -2.59445,
            53.398542
        ]
    },
    "069000020969": {
        "common_name": "Tesco",
        "coordinates": [
            -2.594005,
            53.396872
        ]
    },
    "069000020970": {
        "common_name": "Owen Street",
        "coordinates": [
            -2.594114,
            53.398175
        ]
    },
    "069000010350": {
        "common_name": "Ireland Street",
        "coordinates": [
            -2.59453,
            53.401112
        ]
    },
    "069000010360": {
        "common_name": "Alder Lane",
        "coordinates": [
            -2.594594,
            53.404617
        ]
    },
    "069000010370": {
        "common_name": "Winwick Road College",
        "coordinates": [
            -2.594808,
            53.406971
        ]
    },
    "069000020960": {
        "common_name": "Ireland Street",
        "coordinates": [
            -2.594148,
            53.401743
        ]
    },
    "069000020950": {
        "common_name": "Alder Lane",
        "coordinates": [
            -2.594148,
            53.403919
        ]
    },
    "069000010380": {
        "common_name": "Alban Retail Park",
        "coordinates": [
            -2.596264,
            53.408897
        ]
    },
    "069000020940": {
        "common_name": "Winwick Road College",
        "coordinates": [
            -2.594665,
            53.40752
        ]
    },
    "069000020880": {
        "common_name": "Sandy Lane West",
        "coordinates": [
            -2.597529,
            53.413286
        ]
    },
    "069000010390": {
        "common_name": "Sandy Lane West",
        "coordinates": [
            -2.598026,
            53.413364
        ]
    },
    "069000010400": {
        "common_name": "Mill Lane",
        "coordinates": [
            -2.598662,
            53.418979
        ]
    },
    "069000020875": {
        "common_name": "Fordton Leisure",
        "coordinates": [
            -2.59845,
            53.416742
        ]
    },
    "069000020870": {
        "common_name": "Mill Lane",
        "coordinates": [
            -2.597977,
            53.419504
        ]
    },
    "069000010410": {
        "common_name": "B&Q",
        "coordinates": [
            -2.598315,
            53.424266
        ]
    },
    "069000020860": {
        "common_name": "B&Q",
        "coordinates": [
            -2.597861,
            53.424125
        ]
    },
    "069000020270": {
        "common_name": "St Oswald Church",
        "coordinates": [
            -2.597964,
            53.430398
        ]
    },
    "069000010420": {
        "common_name": "St Oswald Church",
        "coordinates": [
            -2.599515,
            53.431496
        ]
    },
    "069000010421": {
        "common_name": "Old School House Lane",
        "coordinates": [
            -2.602198,
            53.433864
        ]
    },
    "069000010422": {
        "common_name": "Cop Holt Farm",
        "coordinates": [
            -2.607395,
            53.438386
        ]
    },
    "069000020269": {
        "common_name": "Old School House Lane",
        "coordinates": [
            -2.601653,
            53.433642
        ]
    },
    "069000020268": {
        "common_name": "Cop Holt Farm",
        "coordinates": [
            -2.606682,
            53.437985
        ]
    },
    "2800S10027B": {
        "common_name": "Farm Way",
        "coordinates": [
            -2.610588,
            53.443781
        ]
    },
    "2800S10027A": {
        "common_name": "Farm Way",
        "coordinates": [
            -2.610882,
            53.444301
        ]
    },
    "2800S10028A": {
        "common_name": "Cholmley Drive",
        "coordinates": [
            -2.611394,
            53.44642
        ]
    },
    "2800S10028B": {
        "common_name": "Cholmley Drive",
        "coordinates": [
            -2.611166,
            53.446295
        ]
    },
    "2800S10060B": {
        "common_name": "Newton Park Drive",
        "coordinates": [
            -2.611867,
            53.450013
        ]
    },
    "2800S10060A": {
        "common_name": "Newton Park Drive",
        "coordinates": [
            -2.612308,
            53.45028
        ]
    },
    "2800S10111A": {
        "common_name": "Mill Meadow",
        "coordinates": [
            -2.613326,
            53.451992
        ]
    },
    "2800S10026A": {
        "common_name": "Newton-le-Willows Rail Station",
        "coordinates": [
            -2.61349,
            53.452935
        ]
    },
    "2800S10026B": {
        "common_name": "Newton-le-Willows Rail Station",
        "coordinates": [
            -2.613341,
            53.452989
        ]
    },
    "2800S10001A": {
        "common_name": "Newton-le-Willows Station",
        "coordinates": [
            -2.612448,
            53.454801
        ]
    },
    "2800S10001D": {
        "common_name": "Newton-le-Willows Station",
        "coordinates": [
            -2.612579,
            53.454512
        ]
    },
    "2800S10033A": {
        "common_name": "Waterworks Drive",
        "coordinates": [
            -2.606391,
            53.455623
        ]
    },
    "2800S10001C": {
        "common_name": "Newton-le-Willows Station",
        "coordinates": [
            -2.611832,
            53.454903
        ]
    },
    "2800S10033B": {
        "common_name": "Waterworks Drive",
        "coordinates": [
            -2.605423,
            53.455367
        ]
    },
    "2800S10035B": {
        "common_name": "Parkside Road",
        "coordinates": [
            -2.601244,
            53.456934
        ]
    },
    "2800S10035A": {
        "common_name": "Parkside Road",
        "coordinates": [
            -2.599862,
            53.457193
        ]
    },
    "1800WK00291": {
        "common_name": "Golf Course",
        "coordinates": [
            -2.601033,
            53.464414
        ]
    },
    "1800WK00281": {
        "common_name": "Golf Course",
        "coordinates": [
            -2.601403,
            53.46389
        ]
    },
    "1800WK03121": {
        "common_name": "Park Rd",
        "coordinates": [
            -2.599144,
            53.470374
        ]
    },
    "1800WK38081": {
        "common_name": "Queen Anne",
        "coordinates": [
            -2.59905,
            53.470104
        ]
    },
    "1800WK38071": {
        "common_name": "Queen Anne",
        "coordinates": [
            -2.599362,
            53.470885
        ]
    },
    "1800WK00241": {
        "common_name": "School St",
        "coordinates": [
            -2.598039,
            53.473237
        ]
    },
    "1800WK38051": {
        "common_name": "School St",
        "coordinates": [
            -2.598253,
            53.473443
        ]
    },
    "1800WK38091": {
        "common_name": "John St",
        "coordinates": [
            -2.597592,
            53.475685
        ]
    },
    "1800WK38021": {
        "common_name": "Railway Rd",
        "coordinates": [
            -2.59616,
            53.477777
        ]
    },
    "1800WK37981": {
        "common_name": "Manor St",
        "coordinates": [
            -2.593811,
            53.480099
        ]
    },
    "1800WK00111": {
        "common_name": "May St",
        "coordinates": [
            -2.593881,
            53.482921
        ]
    },
    "1800WK38041": {
        "common_name": "John St",
        "coordinates": [
            -2.597792,
            53.474938
        ]
    },
    "1800WK38001": {
        "common_name": "Railway Rd",
        "coordinates": [
            -2.596509,
            53.47693
        ]
    },
    "1800WK37991": {
        "common_name": "Church Green Gdns",
        "coordinates": [
            -2.593792,
            53.479766
        ]
    },
    "1800WK00231": {
        "common_name": "Golborne Library",
        "coordinates": [
            -2.596703,
            53.475707
        ]
    },
    "1800WK00201": {
        "common_name": "Barrowdale Rd",
        "coordinates": [
            -2.592589,
            53.474559
        ]
    },
    "1800WK00191": {
        "common_name": "Derby Rd",
        "coordinates": [
            -2.590682,
            53.473921
        ]
    },
    "1800WK00171": {
        "common_name": "Manor Ave",
        "coordinates": [
            -2.58786,
            53.474672
        ]
    },
    "1800WK00151": {
        "common_name": "Naylor Ave",
        "coordinates": [
            -2.587823,
            53.47638
        ]
    },
    "1800WK00131": {
        "common_name": "East Ave",
        "coordinates": [
            -2.58853,
            53.478453
        ]
    },
    "1800WK37971": {
        "common_name": "Church St",
        "coordinates": [
            -2.591697,
            53.481916
        ]
    },
    "1800WK37941": {
        "common_name": "Red Lion",
        "coordinates": [
            -2.593517,
            53.482788
        ]
    },
    "1800WK37921": {
        "common_name": "Ashton Rd",
        "coordinates": [
            -2.594719,
            53.484643
        ]
    },
    "1800WK37931": {
        "common_name": "Ashton Rd",
        "coordinates": [
            -2.594595,
            53.484445
        ]
    },
    "1800WK37911": {
        "common_name": "Windy Bank Farm",
        "coordinates": [
            -2.593302,
            53.490052
        ]
    },
    "1800WK37901": {
        "common_name": "Windy Bank Farm",
        "coordinates": [
            -2.593337,
            53.490357
        ]
    },
    "1800WK37881": {
        "common_name": "Balmer's Farm",
        "coordinates": [
            -2.593154,
            53.493477
        ]
    },
    "1800WK37861": {
        "common_name": "Aye Bridge Farm",
        "coordinates": [
            -2.59197,
            53.497222
        ]
    },
    "1800WK37891": {
        "common_name": "Balmer's Farm",
        "coordinates": [
            -2.592954,
            53.493146
        ]
    },
    "1800WK37871": {
        "common_name": "Aye Bridge Farm",
        "coordinates": [
            -2.591902,
            53.496629
        ]
    },
    "1800WK37841": {
        "common_name": "Crankwood Rd",
        "coordinates": [
            -2.592191,
            53.503297
        ]
    },
    "1800WK08721": {
        "common_name": "Crankwood Rd",
        "coordinates": [
            -2.592436,
            53.503593
        ]
    },
    "1800WK37821": {
        "common_name": "Park Ln",
        "coordinates": [
            -2.592689,
            53.505515
        ]
    },
    "1800WK37801": {
        "common_name": "Abram Labour Club",
        "coordinates": [
            -2.592546,
            53.507179
        ]
    },
    "1800WK37791": {
        "common_name": "Abram PO",
        "coordinates": [
            -2.592656,
            53.508553
        ]
    },
    "1800WK37811": {
        "common_name": "Park Ln",
        "coordinates": [
            -2.592517,
            53.506172
        ]
    },
    "1800WK37781": {
        "common_name": "Abram Council Offices",
        "coordinates": [
            -2.592514,
            53.509165
        ]
    },
    "1800WK37761": {
        "common_name": "Alexandra St",
        "coordinates": [
            -2.595437,
            53.512243
        ]
    },
    "1800WK37751": {
        "common_name": "School St",
        "coordinates": [
            -2.596102,
            53.513453
        ]
    },
    "1800WK01741": {
        "common_name": "Bickershaw Ln",
        "coordinates": [
            -2.59742,
            53.516017
        ]
    },
    "1800WK08601": {
        "common_name": "Alexandra St",
        "coordinates": [
            -2.595129,
            53.511759
        ]
    },
    "1800WK37771": {
        "common_name": "School St",
        "coordinates": [
            -2.595766,
            53.513149
        ]
    },
    "1800WK01731": {
        "common_name": "Simpkin St",
        "coordinates": [
            -2.596851,
            53.515238
        ]
    },
    "1800WK03871": {
        "common_name": "Millers Ln",
        "coordinates": [
            -2.597953,
            53.518468
        ]
    },
    "1800WK03861": {
        "common_name": "Millers Ln",
        "coordinates": [
            -2.598254,
            53.51844
        ]
    },
    "1800WK45961": {
        "common_name": "Queens Arms",
        "coordinates": [
            -2.598964,
            53.520674
        ]
    },
    "1800WK45951": {
        "common_name": "Queens Arms",
        "coordinates": [
            -2.598863,
            53.521007
        ]
    },
    "1800WK45971": {
        "common_name": "Stapleton St",
        "coordinates": [
            -2.601037,
            53.522246
        ]
    },
    "1800WK46001": {
        "common_name": "Coronation St",
        "coordinates": [
            -2.608513,
            53.526064
        ]
    },
    "1800WK45981": {
        "common_name": "Neville St",
        "coordinates": [
            -2.601465,
            53.522621
        ]
    },
    "1800WK45991": {
        "common_name": "Coronation St",
        "coordinates": [
            -2.608272,
            53.526065
        ]
    },
    "1800WK46021": {
        "common_name": "Taylors Ln",
        "coordinates": [
            -2.611824,
            53.527638
        ]
    },
    "1800WK46041": {
        "common_name": "Marlborough Ave",
        "coordinates": [
            -2.61424,
            53.529873
        ]
    },
    "1800WK46011": {
        "common_name": "Taylors Ln",
        "coordinates": [
            -2.610808,
            53.527221
        ]
    },
    "1800WK46031": {
        "common_name": "Marlborough Ave",
        "coordinates": [
            -2.613526,
            53.529544
        ]
    },
    "1800WK46061": {
        "common_name": "Cemetery Rd",
        "coordinates": [
            -2.616345,
            53.532505
        ]
    },
    "1800WK46071": {
        "common_name": "Westwood Ln",
        "coordinates": [
            -2.61755,
            53.534458
        ]
    },
    "1800WK46051": {
        "common_name": "Cemetery Rd",
        "coordinates": [
            -2.616272,
            53.532676
        ]
    },
    "1800WK46081": {
        "common_name": "Windleshaw St",
        "coordinates": [
            -2.61859,
            53.536457
        ]
    },
    "1800WK46091": {
        "common_name": "Chorley St",
        "coordinates": [
            -2.619043,
            53.536482
        ]
    },
    "1800WK06901": {
        "common_name": "Frederick St",
        "coordinates": [
            -2.620862,
            53.53809
        ]
    },
    "1800WK06911": {
        "common_name": "Orrell St",
        "coordinates": [
            -2.623995,
            53.541777
        ]
    },
    "1800WK13251": {
        "common_name": "Darlington Street",
        "coordinates": [
            -2.625181,
            53.542338
        ]
    },
    "1800WK06891": {
        "common_name": "Redbrook Rd",
        "coordinates": [
            -2.621118,
            53.539087
        ]
    },
    "1800WK02471": {
        "common_name": "Walmersley St",
        "coordinates": [
            -2.624532,
            53.543437
        ]
    },
    "1800WK02461": {
        "common_name": "Scholes",
        "coordinates": [
            -2.625118,
            53.545295
        ]
    },
    "1800WK02231": {
        "common_name": "Derby House",
        "coordinates": [
            -2.626374,
            53.545504
        ]
    },
    "1800WK06921": {
        "common_name": "Sovereign Rd",
        "coordinates": [
            -2.62508,
            53.542697
        ]
    },
    "1800WK02291": {
        "common_name": "Job Ctr",
        "coordinates": [
            -2.629663,
            53.54341
        ]
    },
    "1800WK02171": {
        "common_name": "Rodney St",
        "coordinates": [
            -2.62954,
            53.54431
        ]
    },
    "1800WK02311": {
        "common_name": "Wallgate",
        "coordinates": [
            -2.633764,
            53.545204
        ]
    },
    "1800WK02301": {
        "common_name": "Wallgate",
        "coordinates": [
            -2.631611,
            53.544515
        ]
    },
    "1800WNBS0N1": {
        "common_name": "Wigan Bus Station",
        "coordinates": [
            -2.633673,
            53.547155
        ]
    }
}