{
    "2800S61015B": {
        "common_name": "Wellington Street",
        "coordinates": [
            -3.011756,
            53.644741
        ]
    },
    "2800S61015A": {
        "common_name": "Duke Street",
        "coordinates": [
            -3.011791,
            53.64493
        ]
    },
    "2800S63004C": {
        "common_name": "Chapel Street",
        "coordinates": [
            -3.00577,
            53.646221
        ]
    },
    "2800S61034B": {
        "common_name": "Part Street",
        "coordinates": [
            -3.003176,
            53.643996
        ]
    },
    "2800S63001F": {
        "common_name": "Eastbank Street",
        "coordinates": [
            -3.008098,
            53.646768
        ]
    },
    "2800S63004A": {
        "common_name": "Princes Street",
        "coordinates": [
            -3.00544,
            53.645684
        ]
    },
    "2800S61034A": {
        "common_name": "Yellowhouse Lane",
        "coordinates": [
            -3.003278,
            53.643833
        ]
    },
    "2800S61035C": {
        "common_name": "Virginia Street",
        "coordinates": [
            -2.999308,
            53.64161
        ]
    },
    "2800S61052B": {
        "common_name": "Sefton Street",
        "coordinates": [
            -2.995623,
            53.640571
        ]
    },
    "2800S61035D": {
        "common_name": "Linaker Street",
        "coordinates": [
            -2.999898,
            53.641641
        ]
    },
    "2800S61052A": {
        "common_name": "Hampton Road",
        "coordinates": [
            -2.996214,
            53.64062
        ]
    },
    "2800S61051B": {
        "common_name": "Ash Street",
        "coordinates": [
            -2.992471,
            53.63968
        ]
    },
    "2800S61053B": {
        "common_name": "Chambres Road",
        "coordinates": [
            -2.989715,
            53.638894
        ]
    },
    "2800S61051A": {
        "common_name": "Ash Street",
        "coordinates": [
            -2.993823,
            53.639948
        ]
    },
    "2800S61054B": {
        "common_name": "Pilkington Road",
        "coordinates": [
            -2.987248,
            53.638205
        ]
    },
    "2800S61055B": {
        "common_name": "Haig Avenue",
        "coordinates": [
            -2.982315,
            53.636807
        ]
    },
    "2800S61053A": {
        "common_name": "Cumberland Road",
        "coordinates": [
            -2.990565,
            53.639022
        ]
    },
    "2800S61054A": {
        "common_name": "Falkland Road",
        "coordinates": [
            -2.986987,
            53.638018
        ]
    },
    "2800S61055A": {
        "common_name": "Everard Road",
        "coordinates": [
            -2.983804,
            53.637109
        ]
    },
    "2800S61056A": {
        "common_name": "Ashdown Close",
        "coordinates": [
            -2.979266,
            53.63578
        ]
    },
    "2800S61056C": {
        "common_name": "King George V College",
        "coordinates": [
            -2.976989,
            53.635376
        ]
    },
    "2800S61057B": {
        "common_name": "No. 226",
        "coordinates": [
            -2.97414,
            53.63451
        ]
    },
    "2800S61056D": {
        "common_name": "King George V College",
        "coordinates": [
            -2.97732,
            53.63532
        ]
    },
    "2800S61057A": {
        "common_name": "No. 220",
        "coordinates": [
            -2.974594,
            53.634506
        ]
    },
    "2800S61058B": {
        "common_name": "Meols Cop Road",
        "coordinates": [
            -2.972435,
            53.634002
        ]
    },
    "2800S61058A": {
        "common_name": "Town Lane Kew",
        "coordinates": [
            -2.971412,
            53.63357
        ]
    },
    "2500MEO00001": {
        "common_name": "Meols View Close",
        "coordinates": [
            -2.967377,
            53.630421
        ]
    },
    "2500MEO00002": {
        "common_name": "Meols View Close",
        "coordinates": [
            -2.967197,
            53.630476
        ]
    },
    "2500IMG815": {
        "common_name": "Pool Hey Lane",
        "coordinates": [
            -2.963706,
            53.626603
        ]
    },
    "2500IMG819": {
        "common_name": "Pool Hey Lane",
        "coordinates": [
            -2.964038,
            53.626583
        ]
    },
    "2500IMG823": {
        "common_name": "Crematorium",
        "coordinates": [
            -2.961334,
            53.624025
        ]
    },
    "2500IMG820": {
        "common_name": "Turning Lane",
        "coordinates": [
            -2.96042,
            53.623718
        ]
    },
    "2500CAR00001": {
        "common_name": "New Hall Drive",
        "coordinates": [
            -2.954892,
            53.620616
        ]
    },
    "2500CAR00002": {
        "common_name": "New Hall Drive",
        "coordinates": [
            -2.955131,
            53.620479
        ]
    },
    "2500IMG822": {
        "common_name": "Coe End Farm",
        "coordinates": [
            -2.949908,
            53.618858
        ]
    },
    "2500IMG818": {
        "common_name": "Coe End Farm",
        "coordinates": [
            -2.946765,
            53.618253
        ]
    },
    "2500IMG817": {
        "common_name": "Snape Green",
        "coordinates": [
            -2.94167,
            53.618222
        ]
    },
    "2500IMG821": {
        "common_name": "Coe End Farm",
        "coordinates": [
            -2.950684,
            53.619067
        ]
    },
    "2500IMG816": {
        "common_name": "Brook House Farm",
        "coordinates": [
            -2.946036,
            53.618061
        ]
    },
    "2500DCL186": {
        "common_name": "Snape Green",
        "coordinates": [
            -2.940974,
            53.617535
        ]
    },
    "2500DCL187": {
        "common_name": "St Marks CEPS",
        "coordinates": [
            -2.940385,
            53.614807
        ]
    },
    "2500IMG832": {
        "common_name": "St Marks CEPS",
        "coordinates": [
            -2.940202,
            53.614063
        ]
    },
    "2500IMG824": {
        "common_name": "Bullens Lane",
        "coordinates": [
            -2.938875,
            53.612158
        ]
    },
    "2500IMG825": {
        "common_name": "Bullens Lane",
        "coordinates": [
            -2.93941,
            53.612415
        ]
    },
    "25001551": {
        "common_name": "Morris Dancers",
        "coordinates": [
            -2.933897,
            53.610588
        ]
    },
    "2500IMG830": {
        "common_name": "Mount Farm",
        "coordinates": [
            -2.930453,
            53.613438
        ]
    },
    "2500IMG826": {
        "common_name": "Morris Dancers",
        "coordinates": [
            -2.933431,
            53.610709
        ]
    },
    "2500IMG831": {
        "common_name": "Woodland Avenue",
        "coordinates": [
            -2.928552,
            53.613605
        ]
    },
    "250013737": {
        "common_name": "Everard Close",
        "coordinates": [
            -2.925103,
            53.612805
        ]
    },
    "2500DCL188": {
        "common_name": "St Elizabeths RC Church",
        "coordinates": [
            -2.920383,
            53.61259
        ]
    },
    "25001610": {
        "common_name": "Mount Farm",
        "coordinates": [
            -2.930225,
            53.613386
        ]
    },
    "2500IMG827": {
        "common_name": "Woodland Avenue",
        "coordinates": [
            -2.928717,
            53.613541
        ]
    },
    "2500DRU00001": {
        "common_name": "Cliffe Wood",
        "coordinates": [
            -2.915887,
            53.609514
        ]
    },
    "2500IMG828": {
        "common_name": "Everard Close",
        "coordinates": [
            -2.925298,
            53.612714
        ]
    },
    "2500LAA00474": {
        "common_name": "St Elizabeths RC Church",
        "coordinates": [
            -2.920381,
            53.612509
        ]
    },
    "250013091": {
        "common_name": "Cliffe Wood",
        "coordinates": [
            -2.916008,
            53.609522
        ]
    },
    "2500DRU00003": {
        "common_name": "Dam Lane",
        "coordinates": [
            -2.910837,
            53.604492
        ]
    },
    "2500HEA00002": {
        "common_name": "Dam Wood Lane",
        "coordinates": [
            -2.901857,
            53.60083
        ]
    },
    "2500DRU00002": {
        "common_name": "Dam Lane",
        "coordinates": [
            -2.911324,
            53.604677
        ]
    },
    "2500HEA00001": {
        "common_name": "Dam Wood Lane",
        "coordinates": [
            -2.901909,
            53.601153
        ]
    },
    "2500HEA00004": {
        "common_name": "Heatons Bridge Inn",
        "coordinates": [
            -2.901475,
            53.599233
        ]
    },
    "2500LAA00276": {
        "common_name": "Smithy Lane",
        "coordinates": [
            -2.899791,
            53.598194
        ]
    },
    "2500HEA00003": {
        "common_name": "Heatons Bridge Inn",
        "coordinates": [
            -2.90178,
            53.599338
        ]
    },
    "25001641": {
        "common_name": "Smithy Lane",
        "coordinates": [
            -2.899084,
            53.597606
        ]
    },
    "2500IMG997": {
        "common_name": "Scarisbrick House Farm",
        "coordinates": [
            -2.894776,
            53.595427
        ]
    },
    "2500IMG996": {
        "common_name": "Scarisbrick House Farm",
        "coordinates": [
            -2.894237,
            53.59491
        ]
    },
    "2500LAA16719": {
        "common_name": "Crematorium",
        "coordinates": [
            -2.884153,
            53.590284
        ]
    },
    "2500LAA16718": {
        "common_name": "Crematorium",
        "coordinates": [
            -2.884734,
            53.590621
        ]
    },
    "2500LAA16638": {
        "common_name": "Ringtail Park",
        "coordinates": [
            -2.86536,
            53.587401
        ]
    },
    "2500LAA16707": {
        "common_name": "Ringtail Park",
        "coordinates": [
            -2.865599,
            53.587264
        ]
    },
    "2500IMG1160": {
        "common_name": "High Lane",
        "coordinates": [
            -2.865807,
            53.585591
        ]
    },
    "2500IMG967": {
        "common_name": "Merridale Villas",
        "coordinates": [
            -2.870704,
            53.582778
        ]
    },
    "2500LAA16060": {
        "common_name": "High Lane",
        "coordinates": [
            -2.865647,
            53.585907
        ]
    },
    "2500IMG966": {
        "common_name": "Merridale Villas",
        "coordinates": [
            -2.870139,
            53.58325
        ]
    },
    "2500IMG1155": {
        "common_name": "Grove Farm",
        "coordinates": [
            -2.876442,
            53.577604
        ]
    },
    "2500IMG969": {
        "common_name": "Grove Park",
        "coordinates": [
            -2.878526,
            53.575413
        ]
    },
    "2500IMG970": {
        "common_name": "Grove Park",
        "coordinates": [
            -2.878888,
            53.575357
        ]
    },
    "250013851": {
        "common_name": "Hattersley Court",
        "coordinates": [
            -2.880574,
            53.573681
        ]
    },
    "2500IMG1158": {
        "common_name": "Hattersley Court",
        "coordinates": [
            -2.88023,
            53.573828
        ]
    },
    "2500IMG1157": {
        "common_name": "Library",
        "coordinates": [
            -2.88423,
            53.569403
        ]
    },
    "25001519": {
        "common_name": "Railway Approach",
        "coordinates": [
            -2.882868,
            53.568514
        ]
    },
    "25001522": {
        "common_name": "Bus Station",
        "coordinates": [
            -2.883117,
            53.567173
        ]
    },
    "2500DCL270": {
        "common_name": "Library",
        "coordinates": [
            -2.88446,
            53.569536
        ]
    },
    "2500LA00189": {
        "common_name": "Derby St West",
        "coordinates": [
            -2.886446,
            53.569224
        ]
    },
    "2500IMG1164": {
        "common_name": "Bus Station",
        "coordinates": [
            -2.882641,
            53.567386
        ]
    },
    "250012668": {
        "common_name": "School House Green",
        "coordinates": [
            -2.878121,
            53.566778
        ]
    },
    "2500IMG989": {
        "common_name": "Vicarage Walk",
        "coordinates": [
            -2.888391,
            53.568338
        ]
    },
    "2500IMG986": {
        "common_name": "Park Road",
        "coordinates": [
            -2.886032,
            53.566037
        ]
    },
    "2500IMG1162": {
        "common_name": "Bus Station",
        "coordinates": [
            -2.882722,
            53.56736
        ]
    },
    "250012655": {
        "common_name": "Ormskirk School",
        "coordinates": [
            -2.869131,
            53.565765
        ]
    },
    "25001521": {
        "common_name": "Wigan Road",
        "coordinates": [
            -2.876051,
            53.566748
        ]
    },
    "2500IMG1010": {
        "common_name": "Ormskirk School",
        "coordinates": [
            -2.86875,
            53.565606
        ]
    },
    "2500IMG1012": {
        "common_name": "Crosshall Brow",
        "coordinates": [
            -2.863294,
            53.565322
        ]
    },
    "2500IMG1013": {
        "common_name": "Mawsdleys Farm",
        "coordinates": [
            -2.853192,
            53.563786
        ]
    },
    "25001580": {
        "common_name": "Ormond Avenue",
        "coordinates": [
            -2.846562,
            53.563698
        ]
    },
    "2500IMG1011": {
        "common_name": "Crosshall Brow",
        "coordinates": [
            -2.864093,
            53.565298
        ]
    },
    "2500DCL2177": {
        "common_name": "Mawdsleys Farm",
        "coordinates": [
            -2.852872,
            53.563671
        ]
    },
    "2500DCL2179": {
        "common_name": "Halton Castle",
        "coordinates": [
            -2.848888,
            53.563735
        ]
    },
    "2500DCL2181": {
        "common_name": "Prince Albert",
        "coordinates": [
            -2.842855,
            53.562546
        ]
    },
    "25001500": {
        "common_name": "Prince Albert",
        "coordinates": [
            -2.84234,
            53.562442
        ]
    },
    "2500DCL2182": {
        "common_name": "Plough Lane",
        "coordinates": [
            -2.836124,
            53.559601
        ]
    },
    "2500IMG1179": {
        "common_name": "Lylake Lane",
        "coordinates": [
            -2.833461,
            53.557021
        ]
    },
    "2500DCL2183": {
        "common_name": "Plough Lane",
        "coordinates": [
            -2.837007,
            53.560008
        ]
    },
    "2500IMG1180": {
        "common_name": "Lyelake Lane",
        "coordinates": [
            -2.83417,
            53.557007
        ]
    },
    "2500IMG1181": {
        "common_name": "Dickets Lane",
        "coordinates": [
            -2.828095,
            53.555099
        ]
    },
    "2500IMG1178": {
        "common_name": "Dickets Lane",
        "coordinates": [
            -2.828829,
            53.55557
        ]
    },
    "2500DCL2188": {
        "common_name": "Blaguegate Lane",
        "coordinates": [
            -2.823473,
            53.553414
        ]
    },
    "2500DCL2190": {
        "common_name": "Firswood Road",
        "coordinates": [
            -2.81907,
            53.552087
        ]
    },
    "2500DCL2189": {
        "common_name": "Blaguegate Lane",
        "coordinates": [
            -2.823517,
            53.553324
        ]
    },
    "2500DCL2191": {
        "common_name": "Firswood Road",
        "coordinates": [
            -2.818825,
            53.5519
        ]
    },
    "2500DCL2192": {
        "common_name": "Wardens Club",
        "coordinates": [
            -2.815171,
            53.551062
        ]
    },
    "25001516": {
        "common_name": "Old Skelmersdale War Memorial",
        "coordinates": [
            -2.808277,
            53.551226
        ]
    },
    "2500DCL2193": {
        "common_name": "Wardens Club",
        "coordinates": [
            -2.814488,
            53.550842
        ]
    },
    "2500DCL2195": {
        "common_name": "Neverstitch Road",
        "coordinates": [
            -2.809098,
            53.553953
        ]
    },
    "2500DCL2196": {
        "common_name": "Neverstitch Road",
        "coordinates": [
            -2.807944,
            53.554356
        ]
    },
    "2500DCL2197": {
        "common_name": "Brookfields CPS",
        "coordinates": [
            -2.804969,
            53.552686
        ]
    },
    "2500DCL2199": {
        "common_name": "Kingsbury Sch",
        "coordinates": [
            -2.802672,
            53.551758
        ]
    },
    "2500DCL2201": {
        "common_name": "Tancaster",
        "coordinates": [
            -2.799049,
            53.551755
        ]
    },
    "2500DCL2198": {
        "common_name": "Brookfield Park PS",
        "coordinates": [
            -2.804981,
            53.552533
        ]
    },
    "2500LAA07577": {
        "common_name": "Kingsbury School",
        "coordinates": [
            -2.80273,
            53.551623
        ]
    },
    "2500DCL2202": {
        "common_name": "Millbrook Close",
        "coordinates": [
            -2.794286,
            53.553729
        ]
    },
    "2500LAA07574": {
        "common_name": "Mill Lane",
        "coordinates": [
            -2.790798,
            53.553662
        ]
    },
    "2500DCL2200": {
        "common_name": "Tancaster",
        "coordinates": [
            -2.799679,
            53.551517
        ]
    },
    "2500DCL2203": {
        "common_name": "Millbrook Close",
        "coordinates": [
            -2.794074,
            53.553676
        ]
    },
    "2500DCL2204": {
        "common_name": "Apsen Way",
        "coordinates": [
            -2.791258,
            53.552418
        ]
    },
    "2500LAA07575": {
        "common_name": "Aspen Way",
        "coordinates": [
            -2.79147,
            53.552444
        ]
    },
    "2500DCL2208": {
        "common_name": "High Street",
        "coordinates": [
            -2.790812,
            53.548718
        ]
    },
    "2500DCL2207": {
        "common_name": "High Street",
        "coordinates": [
            -2.791342,
            53.54884
        ]
    },
    "2500DCL2211": {
        "common_name": "Hawthorn Cres",
        "coordinates": [
            -2.796097,
            53.548045
        ]
    },
    "2500DCL2210": {
        "common_name": "Hawthorn Crescent",
        "coordinates": [
            -2.795943,
            53.547929
        ]
    },
    "2500DCL2215": {
        "common_name": "Village Inn",
        "coordinates": [
            -2.799131,
            53.547278
        ]
    },
    "2500DCL2213": {
        "common_name": "High Street",
        "coordinates": [
            -2.79811,
            53.547546
        ]
    },
    "2500DCL2214": {
        "common_name": "Village Inn",
        "coordinates": [
            -2.799977,
            53.547327
        ]
    },
    "2500LAA16071": {
        "common_name": "Co-op Bank",
        "coordinates": [
            -2.802077,
            53.547456
        ]
    },
    "25001559": {
        "common_name": "Co-op Bank",
        "coordinates": [
            -2.802846,
            53.547415
        ]
    },
    "2500DCL2216": {
        "common_name": "Westgate",
        "coordinates": [
            -2.80014,
            53.545573
        ]
    },
    "2500DCL2217": {
        "common_name": "Whitehey Road",
        "coordinates": [
            -2.794419,
            53.546312
        ]
    },
    "2500LA00303": {
        "common_name": "Railway Road",
        "coordinates": [
            -2.789203,
            53.546598
        ]
    },
    "2500DCL2222": {
        "common_name": "Southway",
        "coordinates": [
            -2.775035,
            53.546799
        ]
    },
    "2500556": {
        "common_name": "Gladden Place",
        "coordinates": [
            -2.801342,
            53.545286
        ]
    },
    "2500DCL2218": {
        "common_name": "Whitehey Road",
        "coordinates": [
            -2.794461,
            53.546141
        ]
    },
    "2500LA00304": {
        "common_name": "Railway Road",
        "coordinates": [
            -2.789351,
            53.546445
        ]
    },
    "2500LA00305": {
        "common_name": "Grimshaw Road",
        "coordinates": [
            -2.780176,
            53.545714
        ]
    },
    "2500DCL2223": {
        "common_name": "Southway",
        "coordinates": [
            -2.774268,
            53.546975
        ]
    },
    "2500LA00194": {
        "common_name": "Concourse",
        "coordinates": [
            -2.774374,
            53.550291
        ]
    },
    "2500LA00192": {
        "common_name": "Concourse",
        "coordinates": [
            -2.774362,
            53.550435
        ]
    },
    "2500DCL2221": {
        "common_name": "Footbridge",
        "coordinates": [
            -2.77589,
            53.543225
        ]
    },
    "25001563": {
        "common_name": "Gilibrands Road",
        "coordinates": [
            -2.769396,
            53.54048
        ]
    },
    "25001635": {
        "common_name": "Footbridge",
        "coordinates": [
            -2.776137,
            53.543529
        ]
    },
    "2500LAA00477": {
        "common_name": "Beechtrees",
        "coordinates": [
            -2.765045,
            53.539331
        ]
    },
    "2500DCL2235": {
        "common_name": "Gillibrands Road",
        "coordinates": [
            -2.76924,
            53.540203
        ]
    },
    "250014431": {
        "common_name": "Bearncroft",
        "coordinates": [
            -2.764384,
            53.537007
        ]
    },
    "25001636": {
        "common_name": "Bearncroft",
        "coordinates": [
            -2.764881,
            53.537777
        ]
    },
    "25001639": {
        "common_name": "Shopping Parade",
        "coordinates": [
            -2.7566,
            53.536266
        ]
    },
    "25001638": {
        "common_name": "Cherrycroft",
        "coordinates": [
            -2.750418,
            53.53821
        ]
    },
    "2500LA00306": {
        "common_name": "Birkrig",
        "coordinates": [
            -2.756311,
            53.536088
        ]
    },
    "25001637": {
        "common_name": "Cherrycroft",
        "coordinates": [
            -2.751454,
            53.537925
        ]
    },
    "2500DCL2225": {
        "common_name": "Hare and Hounds",
        "coordinates": [
            -2.749549,
            53.540229
        ]
    },
    "2500DCL2224": {
        "common_name": "Hare and Hounds",
        "coordinates": [
            -2.74928,
            53.540365
        ]
    },
    "2500DCL2226": {
        "common_name": "Colinton",
        "coordinates": [
            -2.753408,
            53.540897
        ]
    },
    "2500DCL2228": {
        "common_name": "Up Holland Labour Club",
        "coordinates": [
            -2.755512,
            53.542061
        ]
    },
    "2500DCL2227": {
        "common_name": "Colinton",
        "coordinates": [
            -2.753502,
            53.54104
        ]
    },
    "2500LA00308": {
        "common_name": "Denshaw",
        "coordinates": [
            -2.743235,
            53.542435
        ]
    },
    "2500LA00307": {
        "common_name": "Denshaw",
        "coordinates": [
            -2.743369,
            53.542353
        ]
    },
    "2500LA00309": {
        "common_name": "Daybrook",
        "coordinates": [
            -2.741421,
            53.540567
        ]
    },
    "2500LA00310": {
        "common_name": "Daybrook",
        "coordinates": [
            -2.741781,
            53.540403
        ]
    },
    "2500LA00311": {
        "common_name": "Dearden Way",
        "coordinates": [
            -2.735703,
            53.540612
        ]
    },
    "2500LA00312": {
        "common_name": "Stanley Arms",
        "coordinates": [
            -2.736877,
            53.540434
        ]
    },
    "2500LA00313": {
        "common_name": "Ormskirk Road",
        "coordinates": [
            -2.732224,
            53.541028
        ]
    },
    "25001984": {
        "common_name": "Victoria Hotel",
        "coordinates": [
            -2.728684,
            53.542273
        ]
    },
    "2500LA00314": {
        "common_name": "Ormskirk Road",
        "coordinates": [
            -2.732493,
            53.540847
        ]
    },
    "25001983": {
        "common_name": "Victoria Hotel",
        "coordinates": [
            -2.728727,
            53.542092
        ]
    },
    "2500LA00316": {
        "common_name": "Hall Bridge Gardens",
        "coordinates": [
            -2.726602,
            53.544892
        ]
    },
    "2500DCL3435": {
        "common_name": "War Memorial",
        "coordinates": [
            -2.725691,
            53.546372
        ]
    },
    "2500LA00315": {
        "common_name": "Dingle Ave",
        "coordinates": [
            -2.72625,
            53.544615
        ]
    },
    "2500DCL3436": {
        "common_name": "War Memorial",
        "coordinates": [
            -2.725918,
            53.54637
        ]
    },
    "2500LA00317": {
        "common_name": "Parliament Street",
        "coordinates": [
            -2.723116,
            53.542279
        ]
    },
    "2500DCL3434": {
        "common_name": "Parliament Street",
        "coordinates": [
            -2.722738,
            53.542237
        ]
    },
    "2500DCL3433": {
        "common_name": "Owl Inn",
        "coordinates": [
            -2.719288,
            53.540774
        ]
    },
    "2500IMG1381": {
        "common_name": "Owl Inn",
        "coordinates": [
            -2.718922,
            53.540543
        ]
    },
    "1800WK06111": {
        "common_name": "Spencer's Ln",
        "coordinates": [
            -2.716023,
            53.54047
        ]
    },
    "1800WK03791": {
        "common_name": "Spencer's Ln",
        "coordinates": [
            -2.715047,
            53.540719
        ]
    },
    "1800WK04671": {
        "common_name": "Heyes Rd",
        "coordinates": [
            -2.708547,
            53.540066
        ]
    },
    "1800WK04591": {
        "common_name": "Orrell Post",
        "coordinates": [
            -2.702325,
            53.539725
        ]
    },
    "1800WK04681": {
        "common_name": "Heyes Rd",
        "coordinates": [
            -2.709708,
            53.540032
        ]
    },
    "1800WK04581": {
        "common_name": "Orrell Council Offices",
        "coordinates": [
            -2.701157,
            53.539381
        ]
    },
    "1800WK04651": {
        "common_name": "The Mount",
        "coordinates": [
            -2.698328,
            53.538966
        ]
    },
    "1800WK04631": {
        "common_name": "The Copse",
        "coordinates": [
            -2.692499,
            53.537733
        ]
    },
    "1800WK04621": {
        "common_name": "Chapel St",
        "coordinates": [
            -2.686646,
            53.536895
        ]
    },
    "1800WK04601": {
        "common_name": "Chapel St",
        "coordinates": [
            -2.683665,
            53.536345
        ]
    },
    "1800WK04661": {
        "common_name": "The Mount",
        "coordinates": [
            -2.698811,
            53.538936
        ]
    },
    "1800WK04641": {
        "common_name": "Bankes Ave",
        "coordinates": [
            -2.691665,
            53.537504
        ]
    },
    "1800WK04381": {
        "common_name": "Major St",
        "coordinates": [
            -2.679129,
            53.53576
        ]
    },
    "1800WK04611": {
        "common_name": "Fishergate Inn",
        "coordinates": [
            -2.687945,
            53.536977
        ]
    },
    "1800WK04401": {
        "common_name": "Chapel St",
        "coordinates": [
            -2.683662,
            53.536202
        ]
    },
    "1800WK04311": {
        "common_name": "Enfield St",
        "coordinates": [
            -2.674886,
            53.535541
        ]
    },
    "1800WK04391": {
        "common_name": "Major St",
        "coordinates": [
            -2.679748,
            53.535783
        ]
    },
    "1800WK04301": {
        "common_name": "Enfield St",
        "coordinates": [
            -2.674839,
            53.535434
        ]
    },
    "1800WK04291": {
        "common_name": "Halfway House",
        "coordinates": [
            -2.668797,
            53.535989
        ]
    },
    "1800WK04261": {
        "common_name": "Portland St",
        "coordinates": [
            -2.663424,
            53.536864
        ]
    },
    "1800WK04241": {
        "common_name": "Billinge Rd",
        "coordinates": [
            -2.660684,
            53.537275
        ]
    },
    "1800WK04221": {
        "common_name": "Mitchell St",
        "coordinates": [
            -2.657808,
            53.537632
        ]
    },
    "1800WK04101": {
        "common_name": "Scot Ln",
        "coordinates": [
            -2.652589,
            53.539728
        ]
    },
    "1800WK04281": {
        "common_name": "Halfway House",
        "coordinates": [
            -2.66941,
            53.535644
        ]
    },
    "1800WK04271": {
        "common_name": "Portland St",
        "coordinates": [
            -2.664084,
            53.536582
        ]
    },
    "1800WK04061": {
        "common_name": "Seven Stars Rd",
        "coordinates": [
            -2.645929,
            53.542335
        ]
    },
    "1800WK05661": {
        "common_name": "Wigan Pier",
        "coordinates": [
            -2.641899,
            53.542267
        ]
    },
    "1800WK04251": {
        "common_name": "Billinge Rd",
        "coordinates": [
            -2.66124,
            53.537101
        ]
    },
    "1800WK04231": {
        "common_name": "Mitchell St",
        "coordinates": [
            -2.658107,
            53.537442
        ]
    },
    "1800WK04091": {
        "common_name": "Scot Ln",
        "coordinates": [
            -2.653022,
            53.539375
        ]
    },
    "1800WK08121": {
        "common_name": "Clayton St",
        "coordinates": [
            -2.636944,
            53.542904
        ]
    },
    "1800WK13271": {
        "common_name": "Fire Stn",
        "coordinates": [
            -2.649605,
            53.540904
        ]
    },
    "1800WK13351": {
        "common_name": "Melverley St",
        "coordinates": [
            -2.644683,
            53.540778
        ]
    },
    "1800WK06051": {
        "common_name": "Clayton St",
        "coordinates": [
            -2.637302,
            53.542606
        ]
    },
    "1800WK02141": {
        "common_name": "Wallgate Stn",
        "coordinates": [
            -2.633477,
            53.544199
        ]
    },
    "1800WK02111": {
        "common_name": "North Western Stn",
        "coordinates": [
            -2.633579,
            53.543947
        ]
    },
    "1800WNBS0D1": {
        "common_name": "Wigan Bus Station",
        "coordinates": [
            -2.633883,
            53.547563
        ]
    },
    "1800WKQ0421": {
        "common_name": "Wigan Bus Station",
        "coordinates": [
            -2.634072,
            53.546614
        ]
    }
}