{
    "2800S16001G": {
        "common_name": "St Helens Bus Station",
        "coordinates": [
            -2.733234,
            53.453359
        ]
    },
    "2800S16007F": {
        "common_name": "Baldwin Street",
        "coordinates": [
            -2.738571,
            53.453953
        ]
    },
    "2800S16007C": {
        "common_name": "Baldwin Street",
        "coordinates": [
            -2.738759,
            53.454392
        ]
    },
    "2800S16008B": {
        "common_name": "Rigby Street",
        "coordinates": [
            -2.740994,
            53.455609
        ]
    },
    "2800S16009C": {
        "common_name": "Spray Street",
        "coordinates": [
            -2.747804,
            53.4575
        ]
    },
    "2800S16014B": {
        "common_name": "Harris Street",
        "coordinates": [
            -2.751618,
            53.458554
        ]
    },
    "2800S15023B": {
        "common_name": "Tennis Street",
        "coordinates": [
            -2.75497,
            53.459854
        ]
    },
    "2800S15022A": {
        "common_name": "Kiln Lane",
        "coordinates": [
            -2.757732,
            53.461895
        ]
    },
    "2800S15030A": {
        "common_name": "Fairfield Road",
        "coordinates": [
            -2.762552,
            53.461047
        ]
    },
    "2800S15029A": {
        "common_name": "Beaconsfield Road",
        "coordinates": [
            -2.764674,
            53.460107
        ]
    },
    "2800S15028B": {
        "common_name": "Brookside Avenue",
        "coordinates": [
            -2.767999,
            53.459942
        ]
    },
    "2800S15009D": {
        "common_name": "Millbrook Lane",
        "coordinates": [
            -2.770717,
            53.460302
        ]
    },
    "2800S15010B": {
        "common_name": "Calderhurst Drive",
        "coordinates": [
            -2.770786,
            53.464095
        ]
    },
    "2800S15011A": {
        "common_name": "Crantock Grove",
        "coordinates": [
            -2.768868,
            53.466319
        ]
    },
    "2800S15054C": {
        "common_name": "East Lancashire Road",
        "coordinates": [
            -2.767256,
            53.468828
        ]
    },
    "2800S17003B": {
        "common_name": "Longwood Close",
        "coordinates": [
            -2.767838,
            53.47686
        ]
    },
    "2800S17004B": {
        "common_name": "St Helens Road",
        "coordinates": [
            -2.772602,
            53.484497
        ]
    },
    "2800S17005B": {
        "common_name": "Rainford By-pass",
        "coordinates": [
            -2.778873,
            53.489534
        ]
    },
    "2800S17006B": {
        "common_name": "Wellfield",
        "coordinates": [
            -2.780726,
            53.494385
        ]
    },
    "2800S17007B": {
        "common_name": "Thickwood Moss Lane",
        "coordinates": [
            -2.784452,
            53.497839
        ]
    },
    "2800S17008B": {
        "common_name": "Whalley Avenue",
        "coordinates": [
            -2.788444,
            53.501714
        ]
    },
    "2800S17009A": {
        "common_name": "The Avenue",
        "coordinates": [
            -2.788944,
            53.502691
        ]
    },
    "2800S17055A": {
        "common_name": "Alfred Street",
        "coordinates": [
            -2.790317,
            53.503527
        ]
    },
    "2800S17010B": {
        "common_name": "Moss Brow",
        "coordinates": [
            -2.792696,
            53.504976
        ]
    },
    "2800S17012A": {
        "common_name": "Helen Bank Drive",
        "coordinates": [
            -2.789198,
            53.507399
        ]
    },
    "2800S17013A": {
        "common_name": "Hydes Brow",
        "coordinates": [
            -2.786338,
            53.508515
        ]
    },
    "2800S17013B": {
        "common_name": "Old Lane",
        "coordinates": [
            -2.784569,
            53.509074
        ]
    },
    "2800S17023A": {
        "common_name": "News Lane",
        "coordinates": [
            -2.783074,
            53.509758
        ]
    },
    "2800S17023C": {
        "common_name": "Henderson Drive",
        "coordinates": [
            -2.782921,
            53.510469
        ]
    },
    "2800S17024B": {
        "common_name": "Maggots Nook Road",
        "coordinates": [
            -2.784189,
            53.512987
        ]
    },
    "2800S17025B": {
        "common_name": "Rainford Station",
        "coordinates": [
            -2.789268,
            53.517682
        ]
    },
    "2800S17026B": {
        "common_name": "Bushey Lane",
        "coordinates": [
            -2.79201,
            53.519156
        ]
    },
    "2800S17027B": {
        "common_name": "Springfield",
        "coordinates": [
            -2.795891,
            53.517799
        ]
    },
    "2800S17028B": {
        "common_name": "Red Delph Lane",
        "coordinates": [
            -2.799508,
            53.517631
        ]
    },
    "2800S17033B": {
        "common_name": "Ormskirk Road",
        "coordinates": [
            -2.803848,
            53.516677
        ]
    },
    "2800S17029C": {
        "common_name": "Bushey Lane",
        "coordinates": [
            -2.805204,
            53.515504
        ]
    },
    "2800S17032A": {
        "common_name": "Red Delph Lane",
        "coordinates": [
            -2.803698,
            53.513514
        ]
    },
    "2800S17031A": {
        "common_name": "Dairy Farm Road",
        "coordinates": [
            -2.796842,
            53.509011
        ]
    },
    "2800S17011A": {
        "common_name": "Eden Avenue",
        "coordinates": [
            -2.794833,
            53.5072
        ]
    },
    "2800S17010A": {
        "common_name": "Old Lane",
        "coordinates": [
            -2.79284,
            53.505415
        ]
    },
    "2800S17009B": {
        "common_name": "Cross Pit Lane",
        "coordinates": [
            -2.788457,
            53.502451
        ]
    },
    "2800S17008A": {
        "common_name": "Leyland Road",
        "coordinates": [
            -2.787954,
            53.501313
        ]
    },
    "2800S17007A": {
        "common_name": "Southerns Lane",
        "coordinates": [
            -2.784519,
            53.498172
        ]
    },
    "2800S17006A": {
        "common_name": "Hopgood Crescent",
        "coordinates": [
            -2.780685,
            53.494628
        ]
    },
    "2800S17005A": {
        "common_name": "Rainford By-pass",
        "coordinates": [
            -2.778519,
            53.489941
        ]
    },
    "2800S17004A": {
        "common_name": "Mill Lane",
        "coordinates": [
            -2.771659,
            53.484035
        ]
    },
    "2800S17003A": {
        "common_name": "Longwood Close",
        "coordinates": [
            -2.766951,
            53.47612
        ]
    },
    "2800S15054B": {
        "common_name": "Rainford Road",
        "coordinates": [
            -2.767033,
            53.468137
        ]
    },
    "2800S15011B": {
        "common_name": "Stuart Road",
        "coordinates": [
            -2.769262,
            53.465624
        ]
    },
    "2800S15010A": {
        "common_name": "Hamilton Road",
        "coordinates": [
            -2.770753,
            53.463933
        ]
    },
    "2800S15067A": {
        "common_name": "Brookside Avenue",
        "coordinates": [
            -2.771283,
            53.461602
        ]
    },
    "2800S15009C": {
        "common_name": "Bleak Hill Road",
        "coordinates": [
            -2.770975,
            53.460426
        ]
    },
    "2800S15028A": {
        "common_name": "Kiln Close",
        "coordinates": [
            -2.767442,
            53.459946
        ]
    },
    "2800S15029B": {
        "common_name": "Coronation Road",
        "coordinates": [
            -2.764512,
            53.460333
        ]
    },
    "2800S15030B": {
        "common_name": "Hartington Road",
        "coordinates": [
            -2.76224,
            53.461318
        ]
    },
    "2800S15022B": {
        "common_name": "Roseberry Street",
        "coordinates": [
            -2.758811,
            53.462437
        ]
    },
    "2800S15022C": {
        "common_name": "Hammill Street",
        "coordinates": [
            -2.756593,
            53.46219
        ]
    },
    "2800S15023A": {
        "common_name": "Tennis Street",
        "coordinates": [
            -2.753923,
            53.460284
        ]
    },
    "2800S16014A": {
        "common_name": "Dentons Green Lane",
        "coordinates": [
            -2.750964,
            53.459008
        ]
    },
    "2800S16050A": {
        "common_name": "Canterbury Street",
        "coordinates": [
            -2.748597,
            53.458025
        ]
    },
    "2800S16009B": {
        "common_name": "Chorley Street",
        "coordinates": [
            -2.745222,
            53.45712
        ]
    },
    "2800S16008A": {
        "common_name": "Mill Street",
        "coordinates": [
            -2.740801,
            53.455754
        ]
    },
    "2800S16007A": {
        "common_name": "Baldwin Street",
        "coordinates": [
            -2.738329,
            53.453918
        ]
    },
    "2800S16007G": {
        "common_name": "Claughton Street",
        "coordinates": [
            -2.736629,
            53.454
        ]
    }
}