{
    "2800S42061A": {
        "common_name": "Union Court",
        "coordinates": [
            -2.989781,
            53.406292
        ]
    },
    "2800S42061D": {
        "common_name": "Castle Street",
        "coordinates": [
            -2.990215,
            53.40618
        ]
    },
    "2800S42022E": {
        "common_name": "Derby Square",
        "coordinates": [
            -2.98944,
            53.405189
        ]
    },
    "2800S42029B": {
        "common_name": "The Metquarter",
        "coordinates": [
            -2.985441,
            53.407253
        ]
    },
    "2800S42070A": {
        "common_name": "Preston Street",
        "coordinates": [
            -2.984219,
            53.408387
        ]
    },
    "2800S42018A": {
        "common_name": "Crosshall Street",
        "coordinates": [
            -2.986214,
            53.408802
        ]
    },
    "2800S42042C": {
        "common_name": "Hood street",
        "coordinates": [
            -2.983506,
            53.408141
        ]
    },
    "2800S22010C": {
        "common_name": "Hinson Street",
        "coordinates": [
            -3.016026,
            53.391581
        ]
    },
    "2800S22043A": {
        "common_name": "Birkenhead Bus Station",
        "coordinates": [
            -3.022619,
            53.39121
        ]
    },
    "2800S22043E": {
        "common_name": "Birkenhead Bus Station",
        "coordinates": [
            -3.022619,
            53.39121
        ]
    },
    "2800S22026B": {
        "common_name": "Parkfield Avenue",
        "coordinates": [
            -3.026627,
            53.392785
        ]
    },
    "2800S22007A": {
        "common_name": "Exmouth Street",
        "coordinates": [
            -3.028549,
            53.393316
        ]
    },
    "2800S22002B": {
        "common_name": "Park Road East",
        "coordinates": [
            -3.032759,
            53.39452
        ]
    },
    "2800S22007B": {
        "common_name": "Watson Street",
        "coordinates": [
            -3.028463,
            53.393497
        ]
    },
    "2800S22001B": {
        "common_name": "Newling Street",
        "coordinates": [
            -3.035892,
            53.395365
        ]
    },
    "2800S22002A": {
        "common_name": "Trinity Street",
        "coordinates": [
            -3.033081,
            53.394769
        ]
    },
    "2800S22001A": {
        "common_name": "Livingtone Street",
        "coordinates": [
            -3.034746,
            53.39524
        ]
    },
    "2800S21093B": {
        "common_name": "Ashville Road",
        "coordinates": [
            -3.040209,
            53.396604
        ]
    },
    "2800S21054B": {
        "common_name": "Morley Avenue",
        "coordinates": [
            -3.043327,
            53.397422
        ]
    },
    "2800S21093A": {
        "common_name": "Asquith Avenue",
        "coordinates": [
            -3.040062,
            53.396749
        ]
    },
    "2800S21054A": {
        "common_name": "Morley Avenue",
        "coordinates": [
            -3.042863,
            53.397516
        ]
    },
    "2800S21053A": {
        "common_name": "Plumer Street",
        "coordinates": [
            -3.050172,
            53.399339
        ]
    },
    "2800S21064A": {
        "common_name": "Dundonald Street",
        "coordinates": [
            -3.052307,
            53.399932
        ]
    },
    "2800S21053B": {
        "common_name": "Brassey Street",
        "coordinates": [
            -3.048859,
            53.399162
        ]
    },
    "2800S21064B": {
        "common_name": "Connaught Way",
        "coordinates": [
            -3.054068,
            53.400591
        ]
    },
    "2800S21065C": {
        "common_name": "Arkle Road",
        "coordinates": [
            -3.057244,
            53.4013
        ]
    },
    "2800S21066B": {
        "common_name": "Hablyn Road",
        "coordinates": [
            -3.064318,
            53.402082
        ]
    },
    "2800S21065D": {
        "common_name": "Miriam Place",
        "coordinates": [
            -3.056811,
            53.401402
        ]
    },
    "2800S21066A": {
        "common_name": "Mercer Road",
        "coordinates": [
            -3.062407,
            53.402054
        ]
    },
    "2800S21067B": {
        "common_name": "Worcester Road",
        "coordinates": [
            -3.06595,
            53.4024
        ]
    },
    "2800S25048A": {
        "common_name": "Hurrell Road",
        "coordinates": [
            -3.070921,
            53.404468
        ]
    },
    "2800S21067A": {
        "common_name": "Gautby Road",
        "coordinates": [
            -3.067564,
            53.403149
        ]
    },
    "2800S25048B": {
        "common_name": "Hurrell Road",
        "coordinates": [
            -3.069479,
            53.403968
        ]
    },
    "2800S25123A": {
        "common_name": "Bidston Village Road",
        "coordinates": [
            -3.0727,
            53.405243
        ]
    },
    "2800S25049A": {
        "common_name": "Bidston Station",
        "coordinates": [
            -3.078482,
            53.407222
        ]
    },
    "2800S25123B": {
        "common_name": "Compton Road",
        "coordinates": [
            -3.072798,
            53.405538
        ]
    },
    "2800S25049B": {
        "common_name": "Bidston Station",
        "coordinates": [
            -3.079132,
            53.40736
        ]
    },
    "2800S25023B": {
        "common_name": "Reeds Lane",
        "coordinates": [
            -3.099181,
            53.404301
        ]
    },
    "2800S25023A": {
        "common_name": "Reeds Lane",
        "coordinates": [
            -3.099619,
            53.404369
        ]
    },
    "2800S25022B": {
        "common_name": "Stuart Avenue",
        "coordinates": [
            -3.101358,
            53.403561
        ]
    },
    "2800S25021B": {
        "common_name": "Alwyn Gardens",
        "coordinates": [
            -3.107093,
            53.401423
        ]
    },
    "2800S25010E": {
        "common_name": "Chadwick Street",
        "coordinates": [
            -3.112513,
            53.40104
        ]
    },
    "2800S25022A": {
        "common_name": "Danger Lane",
        "coordinates": [
            -3.103274,
            53.403202
        ]
    },
    "2800S25021A": {
        "common_name": "Chapelhill Road",
        "coordinates": [
            -3.105576,
            53.402084
        ]
    },
    "2800S25010G": {
        "common_name": "Knutsford Road",
        "coordinates": [
            -3.109995,
            53.40136
        ]
    },
    "2800S25011A": {
        "common_name": "Rosslyn Drive",
        "coordinates": [
            -3.114615,
            53.40031
        ]
    },
    "2800S25011B": {
        "common_name": "Rosslyn Drive",
        "coordinates": [
            -3.11489,
            53.399903
        ]
    },
    "2800S25012B": {
        "common_name": "Borrowdale Road",
        "coordinates": [
            -3.116671,
            53.399006
        ]
    },
    "2800S25013B": {
        "common_name": "Cobham Road",
        "coordinates": [
            -3.118776,
            53.398411
        ]
    },
    "2800S25012A": {
        "common_name": "Joan Avenue",
        "coordinates": [
            -3.116097,
            53.399478
        ]
    },
    "2800S25014B": {
        "common_name": "Ely Avenue",
        "coordinates": [
            -3.121607,
            53.397395
        ]
    },
    "2800S25105A": {
        "common_name": "Bermuda Road",
        "coordinates": [
            -3.123169,
            53.397884
        ]
    },
    "2800S25014A": {
        "common_name": "Meadowbrook Road",
        "coordinates": [
            -3.120662,
            53.398042
        ]
    },
    "2800S25015A": {
        "common_name": "MacDonald Road",
        "coordinates": [
            -3.125004,
            53.399017
        ]
    },
    "2800S25016B": {
        "common_name": "Hardie Avenue",
        "coordinates": [
            -3.126477,
            53.40126
        ]
    },
    "2800S25015B": {
        "common_name": "MacDonald Road",
        "coordinates": [
            -3.125044,
            53.399376
        ]
    },
    "2800S25116B": {
        "common_name": "Linear Park",
        "coordinates": [
            -3.128863,
            53.402738
        ]
    },
    "2800S25107A": {
        "common_name": "Alnwick Drive",
        "coordinates": [
            -3.129819,
            53.40023
        ]
    },
    "2800S25016A": {
        "common_name": "Burden Road",
        "coordinates": [
            -3.126143,
            53.401155
        ]
    },
    "2800S25116A": {
        "common_name": "Millhouse Lane",
        "coordinates": [
            -3.129838,
            53.402657
        ]
    },
    "2800S25108A": {
        "common_name": "Garrick Avenue",
        "coordinates": [
            -3.127266,
            53.397549
        ]
    },
    "2800S25107B": {
        "common_name": "Rosewood Drive",
        "coordinates": [
            -3.129555,
            53.399909
        ]
    },
    "2800S25108B": {
        "common_name": "Carr House Lane",
        "coordinates": [
            -3.1279,
            53.398181
        ]
    },
    "2800S32001B": {
        "common_name": "Garden Hey Road",
        "coordinates": [
            -3.127843,
            53.396024
        ]
    },
    "2800S32002B": {
        "common_name": "Greenfield Kennels",
        "coordinates": [
            -3.142638,
            53.396486
        ]
    },
    "2800S32001A": {
        "common_name": "Millhouse Lane",
        "coordinates": [
            -3.128207,
            53.396173
        ]
    },
    "2800S32002A": {
        "common_name": "Greenfield Kennels",
        "coordinates": [
            -3.142146,
            53.396634
        ]
    },
    "2800S32003B": {
        "common_name": "Heron Road",
        "coordinates": [
            -3.150498,
            53.396266
        ]
    },
    "2800S32004A": {
        "common_name": "Meols Station",
        "coordinates": [
            -3.15326,
            53.39775
        ]
    },
    "2800S32003A": {
        "common_name": "Barn Hey Crescent",
        "coordinates": [
            -3.149507,
            53.396321
        ]
    },
    "2800S32004B": {
        "common_name": "Meols Station",
        "coordinates": [
            -3.154245,
            53.398558
        ]
    },
    "2800S32005B": {
        "common_name": "Banks Avenue",
        "coordinates": [
            -3.159817,
            53.40103
        ]
    },
    "2800S32006B": {
        "common_name": "Bertram Drive",
        "coordinates": [
            -3.16441,
            53.400149
        ]
    },
    "2800S32005A": {
        "common_name": "Brosters Lane",
        "coordinates": [
            -3.159034,
            53.40102
        ]
    },
    "2800S32006A": {
        "common_name": "Bertram Drive",
        "coordinates": [
            -3.164206,
            53.400376
        ]
    },
    "2800S32007B": {
        "common_name": "Bertram Drive",
        "coordinates": [
            -3.168253,
            53.398755
        ]
    },
    "2800S32007A": {
        "common_name": "Bertram Drive",
        "coordinates": [
            -3.169029,
            53.39854
        ]
    },
    "2800S32008A": {
        "common_name": "Manor Road Station",
        "coordinates": [
            -3.172958,
            53.396506
        ]
    },
    "2800S32008B": {
        "common_name": "Manor Road Station",
        "coordinates": [
            -3.172851,
            53.396408
        ]
    },
    "2800S32009B": {
        "common_name": "Melrose Avenue",
        "coordinates": [
            -3.175693,
            53.393684
        ]
    },
    "2800S32010A": {
        "common_name": "Alderley Road",
        "coordinates": [
            -3.177502,
            53.39221
        ]
    },
    "2800S32009A": {
        "common_name": "Shaw Street",
        "coordinates": [
            -3.175539,
            53.394108
        ]
    },
    "2800S32010B": {
        "common_name": "Alderley Road",
        "coordinates": [
            -3.177255,
            53.392536
        ]
    },
    "2800S32011A": {
        "common_name": "Hoylake Station",
        "coordinates": [
            -3.17974,
            53.39101
        ]
    },
    "2800S32011B": {
        "common_name": "Hoylake Station",
        "coordinates": [
            -3.179572,
            53.390913
        ]
    },
    "2800S32012B": {
        "common_name": "Morpeth Road",
        "coordinates": [
            -3.184195,
            53.386273
        ]
    },
    "2800S32013B": {
        "common_name": "Winnington Road",
        "coordinates": [
            -3.184875,
            53.382635
        ]
    },
    "2800S32012A": {
        "common_name": "Morpeth Road",
        "coordinates": [
            -3.184305,
            53.386461
        ]
    },
    "2800S32013A": {
        "common_name": "Winnington Road",
        "coordinates": [
            -3.185035,
            53.382957
        ]
    },
    "2800S32014B": {
        "common_name": "Graham Road",
        "coordinates": [
            -3.185371,
            53.380437
        ]
    },
    "2800S32015B": {
        "common_name": "West Lodge Drive",
        "coordinates": [
            -3.186682,
            53.376792
        ]
    },
    "2800S32014A": {
        "common_name": "Graham Road",
        "coordinates": [
            -3.185757,
            53.38028
        ]
    },
    "2800S32015A": {
        "common_name": "West Lodge Drive",
        "coordinates": [
            -3.187011,
            53.377265
        ]
    },
    "2800S32016A": {
        "common_name": "Lingdale Road",
        "coordinates": [
            -3.185571,
            53.374664
        ]
    },
    "2800S32016B": {
        "common_name": "Bridge Road",
        "coordinates": [
            -3.185312,
            53.374532
        ]
    },
    "2800S31001A": {
        "common_name": "West Kirby Station",
        "coordinates": [
            -3.182893,
            53.372964
        ]
    },
    "2800S31001B": {
        "common_name": "West Kirby Station",
        "coordinates": [
            -3.18259,
            53.372851
        ]
    }
}