{
    "2800S23028E": {
        "common_name": "St Johns Road",
        "coordinates": [
            -3.064993,
            53.423685
        ]
    },
    "2800S23013D": {
        "common_name": "Wallasey Village",
        "coordinates": [
            -3.06634,
            53.426379
        ]
    },
    "2800S23011A": {
        "common_name": "Claremount Road",
        "coordinates": [
            -3.061636,
            53.426672
        ]
    },
    "2800S23010B": {
        "common_name": "Mayfield Road",
        "coordinates": [
            -3.060062,
            53.424502
        ]
    },
    "2800S23009C": {
        "common_name": "Broadway Avenue",
        "coordinates": [
            -3.059924,
            53.42258
        ]
    },
    "2800S23056A": {
        "common_name": "Broadway Avenue",
        "coordinates": [
            -3.053671,
            53.423471
        ]
    },
    "2800S24005E": {
        "common_name": "Belvidere Road",
        "coordinates": [
            -3.050071,
            53.419664
        ]
    },
    "2800S24003B": {
        "common_name": "Conway Street",
        "coordinates": [
            -3.046256,
            53.41995
        ]
    },
    "2800S24007B": {
        "common_name": "Monk Road",
        "coordinates": [
            -3.042984,
            53.419691
        ]
    },
    "2800S24011B": {
        "common_name": "Croxteth Avenue",
        "coordinates": [
            -3.041557,
            53.418561
        ]
    },
    "2800S21043B": {
        "common_name": "Martins Lane",
        "coordinates": [
            -3.038932,
            53.417649
        ]
    },
    "2800S21042B": {
        "common_name": "Eaton Avenue",
        "coordinates": [
            -3.036408,
            53.417204
        ]
    },
    "2800S21041C": {
        "common_name": "Parkside",
        "coordinates": [
            -3.03116,
            53.416081
        ]
    },
    "2800S21040A": {
        "common_name": "Littledale Road",
        "coordinates": [
            -3.02867,
            53.414538
        ]
    },
    "2800S21029D": {
        "common_name": "Poulton Road",
        "coordinates": [
            -3.02714,
            53.412844
        ]
    },
    "2800S21112B": {
        "common_name": "St Pauls Road",
        "coordinates": [
            -3.026147,
            53.409122
        ]
    },
    "2800S21030B": {
        "common_name": "Percy Road",
        "coordinates": [
            -3.023643,
            53.40944
        ]
    },
    "2800S21009C": {
        "common_name": "Seacombe Ferry Terminal",
        "coordinates": [
            -3.017002,
            53.40969
        ]
    },
    "2800S21010B": {
        "common_name": "Corbyn Street",
        "coordinates": [
            -3.01935,
            53.406699
        ]
    },
    "2800S21011B": {
        "common_name": "Kelvin Road",
        "coordinates": [
            -3.020755,
            53.405078
        ]
    },
    "2800S22068A": {
        "common_name": "Morpeth Wharf",
        "coordinates": [
            -3.019891,
            53.399782
        ]
    },
    "2800S22045B": {
        "common_name": "Taylor Street",
        "coordinates": [
            -3.018946,
            53.397363
        ]
    },
    "2800S22067B": {
        "common_name": "Cheshire Lines Building",
        "coordinates": [
            -3.013669,
            53.395547
        ]
    },
    "2800S22008E": {
        "common_name": "Woodside Interchange",
        "coordinates": [
            -3.010815,
            53.39505
        ]
    },
    "2800S22009D": {
        "common_name": "Hamilton Square Station",
        "coordinates": [
            -3.013016,
            53.394618
        ]
    },
    "2800S22016A": {
        "common_name": "Argyle Street",
        "coordinates": [
            -3.016848,
            53.393866
        ]
    },
    "2800S22043H": {
        "common_name": "Birkenhead Bus Station",
        "coordinates": [
            -3.022619,
            53.39121
        ]
    },
    "2800S22033E": {
        "common_name": "Catherine Street",
        "coordinates": [
            -3.028152,
            53.39056
        ]
    },
    "2800S22044A": {
        "common_name": "Dover Close",
        "coordinates": [
            -3.026797,
            53.394887
        ]
    },
    "2800S22018A": {
        "common_name": "Corporation Road",
        "coordinates": [
            -3.024461,
            53.397801
        ]
    },
    "2800S22072A": {
        "common_name": "Tower Wharf",
        "coordinates": [
            -3.021717,
            53.400629
        ]
    },
    "2800S21011A": {
        "common_name": "Kelvin Road",
        "coordinates": [
            -3.021029,
            53.40521
        ]
    },
    "2800S21010A": {
        "common_name": "Wheatland Lane",
        "coordinates": [
            -3.019286,
            53.407149
        ]
    },
    "2800S21009B": {
        "common_name": "Seacombe Ferry Terminal",
        "coordinates": [
            -3.017002,
            53.40969
        ]
    },
    "2800S21031A": {
        "common_name": "James Street",
        "coordinates": [
            -3.021641,
            53.409394
        ]
    },
    "2800S21030A": {
        "common_name": "Palermo Close",
        "coordinates": [
            -3.025363,
            53.409038
        ]
    },
    "2800S21112A": {
        "common_name": "Lucerne Road",
        "coordinates": [
            -3.026513,
            53.409945
        ]
    },
    "2800S21029E": {
        "common_name": "Naples Road",
        "coordinates": [
            -3.026991,
            53.411685
        ]
    },
    "2800S21040B": {
        "common_name": "Walshingham Road",
        "coordinates": [
            -3.028512,
            53.414225
        ]
    },
    "2800S21041B": {
        "common_name": "Church Street",
        "coordinates": [
            -3.033245,
            53.41644
        ]
    },
    "2800S21042A": {
        "common_name": "Chatsworth Avenue",
        "coordinates": [
            -3.036102,
            53.416982
        ]
    },
    "2800S21043A": {
        "common_name": "Martins Lane",
        "coordinates": [
            -3.039879,
            53.417614
        ]
    },
    "2800S24011A": {
        "common_name": "Liscard Road",
        "coordinates": [
            -3.043018,
            53.41863
        ]
    },
    "2800S24003E": {
        "common_name": "Dominick House",
        "coordinates": [
            -3.046158,
            53.419043
        ]
    },
    "2800S24005C": {
        "common_name": "Wallasey Road",
        "coordinates": [
            -3.050962,
            53.419809
        ]
    },
    "2800S23056B": {
        "common_name": "Meadway",
        "coordinates": [
            -3.053463,
            53.422969
        ]
    },
    "2800S23086A": {
        "common_name": "Shrewsbury Road",
        "coordinates": [
            -3.058223,
            53.422541
        ]
    },
    "2800S23009A": {
        "common_name": "Wirral Mount",
        "coordinates": [
            -3.060152,
            53.422659
        ]
    },
    "2800S23010A": {
        "common_name": "Mayfield Road",
        "coordinates": [
            -3.060264,
            53.424743
        ]
    },
    "2800S23011B": {
        "common_name": "Claremount Road",
        "coordinates": [
            -3.060836,
            53.426572
        ]
    },
    "2800S23012A": {
        "common_name": "St Georges Road",
        "coordinates": [
            -3.064008,
            53.426436
        ]
    },
    "2800S23013C": {
        "common_name": "Wallasey Village",
        "coordinates": [
            -3.066201,
            53.426254
        ]
    }
}