{
    "2800S23075G": {
        "common_name": "Rowson Street",
        "coordinates": [
            -3.046349,
            53.43968
        ]
    },
    "2800S23075J": {
        "common_name": "Morrisons",
        "coordinates": [
            -3.047,
            53.439818
        ]
    },
    "2800S23003B": {
        "common_name": "Cressingham Road",
        "coordinates": [
            -3.043881,
            53.438488
        ]
    },
    "2800S23004A": {
        "common_name": "Seabank Road",
        "coordinates": [
            -3.042408,
            53.434878
        ]
    },
    "2800S23003A": {
        "common_name": "Cressingham Road",
        "coordinates": [
            -3.044057,
            53.438297
        ]
    },
    "2800S23004B": {
        "common_name": "Seabank Road",
        "coordinates": [
            -3.042636,
            53.434966
        ]
    },
    "2800S23045B": {
        "common_name": "Fern Hill",
        "coordinates": [
            -3.043241,
            53.433873
        ]
    },
    "2800S23033B": {
        "common_name": "Princess Road",
        "coordinates": [
            -3.042474,
            53.431444
        ]
    },
    "2800S23045A": {
        "common_name": "Sandbridge Road",
        "coordinates": [
            -3.043305,
            53.433414
        ]
    },
    "2800S23033A": {
        "common_name": "Princess Road",
        "coordinates": [
            -3.042232,
            53.430763
        ]
    },
    "2800S23046B": {
        "common_name": "Penkett Road",
        "coordinates": [
            -3.041765,
            53.428304
        ]
    },
    "2800S23047B": {
        "common_name": "Zig Zag Road",
        "coordinates": [
            -3.042074,
            53.426791
        ]
    },
    "2800S23046A": {
        "common_name": "Earlston Road",
        "coordinates": [
            -3.041916,
            53.428914
        ]
    },
    "2800S23047A": {
        "common_name": "Grange Avenue",
        "coordinates": [
            -3.042232,
            53.427095
        ]
    },
    "2800S24009B": {
        "common_name": "Mortuary Road",
        "coordinates": [
            -3.043648,
            53.424683
        ]
    },
    "2800S24010B": {
        "common_name": "Egerton Grove",
        "coordinates": [
            -3.043667,
            53.42177
        ]
    },
    "2800S24009A": {
        "common_name": "Mortuary Road",
        "coordinates": [
            -3.043461,
            53.425646
        ]
    },
    "2800S24010A": {
        "common_name": "Egerton Grove",
        "coordinates": [
            -3.043778,
            53.422003
        ]
    },
    "2800S24003B": {
        "common_name": "Conway Street",
        "coordinates": [
            -3.046256,
            53.41995
        ]
    },
    "2800S24007C": {
        "common_name": "Monk Road",
        "coordinates": [
            -3.042786,
            53.419566
        ]
    },
    "2800S24003F": {
        "common_name": "Dominick House",
        "coordinates": [
            -3.046326,
            53.419122
        ]
    },
    "2800S24005F": {
        "common_name": "Belvidere Road",
        "coordinates": [
            -3.049906,
            53.419675
        ]
    },
    "2800S24005G": {
        "common_name": "Rullerton Road",
        "coordinates": [
            -3.050343,
            53.419123
        ]
    },
    "2800S21034A": {
        "common_name": "Eric Road",
        "coordinates": [
            -3.050132,
            53.417255
        ]
    },
    "2800S21034B": {
        "common_name": "Eric Road",
        "coordinates": [
            -3.050399,
            53.417702
        ]
    },
    "2800S21035B": {
        "common_name": "Thorncliffe Road",
        "coordinates": [
            -3.0492,
            53.416067
        ]
    },
    "2800S21036B": {
        "common_name": "Love Lane",
        "coordinates": [
            -3.046278,
            53.414107
        ]
    },
    "2800S21035A": {
        "common_name": "Ruskin Avenue",
        "coordinates": [
            -3.048243,
            53.415078
        ]
    },
    "2800S21025D": {
        "common_name": "Poulton Road",
        "coordinates": [
            -3.043599,
            53.411622
        ]
    },
    "2800S21037B": {
        "common_name": "Gorsedale Road",
        "coordinates": [
            -3.041406,
            53.409313
        ]
    },
    "2800S21036A": {
        "common_name": "Love Lane",
        "coordinates": [
            -3.046379,
            53.413953
        ]
    },
    "2800S21025A": {
        "common_name": "Poulton Road",
        "coordinates": [
            -3.044349,
            53.412155
        ]
    },
    "2800S21037A": {
        "common_name": "Norwood Road",
        "coordinates": [
            -3.041567,
            53.409096
        ]
    },
    "2800S21038A": {
        "common_name": "Dock Road",
        "coordinates": [
            -3.036895,
            53.404435
        ]
    },
    "2800S21038B": {
        "common_name": "Dock Road",
        "coordinates": [
            -3.036592,
            53.404339
        ]
    },
    "2800S21016B": {
        "common_name": "Corporation Road",
        "coordinates": [
            -3.036068,
            53.400739
        ]
    },
    "2800S21016A": {
        "common_name": "Cleveland Street",
        "coordinates": [
            -3.036338,
            53.40071
        ]
    },
    "2800S21017A": {
        "common_name": "Birkenhead Park Station",
        "coordinates": [
            -3.038789,
            53.397578
        ]
    },
    "2800S21017B": {
        "common_name": "Birkenhead Park Station",
        "coordinates": [
            -3.038851,
            53.397056
        ]
    },
    "2800S22001A": {
        "common_name": "Livingtone Street",
        "coordinates": [
            -3.034746,
            53.39524
        ]
    },
    "2800S22002A": {
        "common_name": "Trinity Street",
        "coordinates": [
            -3.033081,
            53.394769
        ]
    },
    "2800S22001B": {
        "common_name": "Newling Street",
        "coordinates": [
            -3.035892,
            53.395365
        ]
    },
    "2800S22002B": {
        "common_name": "Park Road East",
        "coordinates": [
            -3.032759,
            53.39452
        ]
    },
    "2800S22004D": {
        "common_name": "Paterson Street",
        "coordinates": [
            -3.034881,
            53.390259
        ]
    },
    "2800S22033A": {
        "common_name": "Bentnick Street",
        "coordinates": [
            -3.031752,
            53.390196
        ]
    },
    "2800S22004C": {
        "common_name": "Cole Street",
        "coordinates": [
            -3.034606,
            53.390082
        ]
    },
    "2800S22033J": {
        "common_name": "Cardigan Avenue",
        "coordinates": [
            -3.026971,
            53.390867
        ]
    },
    "2800S22006A": {
        "common_name": "Claughton Road",
        "coordinates": [
            -3.025143,
            53.391746
        ]
    },
    "2800S22033E": {
        "common_name": "Catherine Street",
        "coordinates": [
            -3.028152,
            53.39056
        ]
    },
    "2800S22043C": {
        "common_name": "Birkenhead Bus Station",
        "coordinates": [
            -3.022794,
            53.391182
        ]
    },
    "2800S22043F": {
        "common_name": "Birkenhead Bus Station",
        "coordinates": [
            -3.022619,
            53.39121
        ]
    },
    "2800S22043H": {
        "common_name": "Birkenhead Bus Station",
        "coordinates": [
            -3.022619,
            53.39121
        ]
    },
    "2800S22005A": {
        "common_name": "Grange Road East",
        "coordinates": [
            -3.01985,
            53.389885
        ]
    },
    "2800S20001C": {
        "common_name": "Birkenhead Central Station",
        "coordinates": [
            -3.021222,
            53.388121
        ]
    },
    "2800S22005C": {
        "common_name": "Grange Road",
        "coordinates": [
            -3.020064,
            53.39
        ]
    },
    "2800S20007B": {
        "common_name": "Argyle Street South",
        "coordinates": [
            -3.022049,
            53.385003
        ]
    },
    "2800S20001B": {
        "common_name": "Birkenhead Central Station",
        "coordinates": [
            -3.021363,
            53.388389
        ]
    },
    "2800S20007A": {
        "common_name": "Argyle Street South",
        "coordinates": [
            -3.022394,
            53.384965
        ]
    },
    "2800S20008A": {
        "common_name": "Green Lane Station",
        "coordinates": [
            -3.017796,
            53.383179
        ]
    },
    "2800S20009B": {
        "common_name": "Sidney Road",
        "coordinates": [
            -3.016595,
            53.380115
        ]
    },
    "2800S20008B": {
        "common_name": "Green Lane Station",
        "coordinates": [
            -3.017539,
            53.382516
        ]
    },
    "2800S20010B": {
        "common_name": "Southwick Road",
        "coordinates": [
            -3.015968,
            53.377154
        ]
    },
    "2800S20011B": {
        "common_name": "St Pauls Road",
        "coordinates": [
            -3.015019,
            53.375167
        ]
    },
    "2800S20009A": {
        "common_name": "Mersey Walk",
        "coordinates": [
            -3.01681,
            53.379682
        ]
    },
    "2800S20010A": {
        "common_name": "Oriel Road",
        "coordinates": [
            -3.016013,
            53.376488
        ]
    },
    "2800S20012C": {
        "common_name": "Grove Road",
        "coordinates": [
            -3.012981,
            53.371624
        ]
    },
    "2800S20013B": {
        "common_name": "Byrne Avenue",
        "coordinates": [
            -3.014901,
            53.370197
        ]
    },
    "2800S20011A": {
        "common_name": "Old Chester Road",
        "coordinates": [
            -3.014572,
            53.374065
        ]
    },
    "2800S20012A": {
        "common_name": "Rockville Street",
        "coordinates": [
            -3.012967,
            53.372307
        ]
    },
    "2800S20014B": {
        "common_name": "Birkett Road",
        "coordinates": [
            -3.014452,
            53.368367
        ]
    },
    "2800S20015A": {
        "common_name": "Rock Lane West",
        "coordinates": [
            -3.013853,
            53.366574
        ]
    },
    "2800S20013A": {
        "common_name": "Byrne Avenue",
        "coordinates": [
            -3.01547,
            53.370758
        ]
    },
    "2800S20014A": {
        "common_name": "Green Lawn",
        "coordinates": [
            -3.014776,
            53.36875
        ]
    },
    "2800S20016B": {
        "common_name": "Woodland Road",
        "coordinates": [
            -3.014957,
            53.364353
        ]
    },
    "2800S20017B": {
        "common_name": "Town Lane",
        "coordinates": [
            -3.01012,
            53.361886
        ]
    },
    "2800S20015B": {
        "common_name": "Farlow Road",
        "coordinates": [
            -3.01428,
            53.36622
        ]
    },
    "2800S20016E": {
        "common_name": "Woodland Road",
        "coordinates": [
            -3.015103,
            53.364172
        ]
    },
    "2800S20017A": {
        "common_name": "Town Lane",
        "coordinates": [
            -3.011286,
            53.362254
        ]
    },
    "2800S20018B": {
        "common_name": "College Drive",
        "coordinates": [
            -3.007602,
            53.360227
        ]
    },
    "2800S20018A": {
        "common_name": "College Drive",
        "coordinates": [
            -3.007227,
            53.360275
        ]
    },
    "2800S20019B": {
        "common_name": "Bebington Station",
        "coordinates": [
            -3.003252,
            53.35736
        ]
    },
    "2800S20019A": {
        "common_name": "Bebington Station",
        "coordinates": [
            -3.003543,
            53.357368
        ]
    },
    "2800S27001B": {
        "common_name": "Parkside Road",
        "coordinates": [
            -3.004707,
            53.354067
        ]
    },
    "2800S27002B": {
        "common_name": "The Grove",
        "coordinates": [
            -3.00499,
            53.352707
        ]
    },
    "2800S27003B": {
        "common_name": "Civic Way",
        "coordinates": [
            -3.003899,
            53.351008
        ]
    },
    "2800S27001A": {
        "common_name": "Barlow Avenue",
        "coordinates": [
            -3.004506,
            53.355093
        ]
    },
    "2800S27003A": {
        "common_name": "Civic Way",
        "coordinates": [
            -3.004596,
            53.35129
        ]
    },
    "2800S27004B": {
        "common_name": "The Wiend",
        "coordinates": [
            -3.002746,
            53.349274
        ]
    },
    "2800S27005B": {
        "common_name": "Quarry Road East",
        "coordinates": [
            -3.003526,
            53.345384
        ]
    },
    "2800S27004A": {
        "common_name": "Civic Way",
        "coordinates": [
            -3.00359,
            53.348737
        ]
    },
    "2800S27005A": {
        "common_name": "Stanton Road",
        "coordinates": [
            -3.003734,
            53.345284
        ]
    },
    "2800S27006A": {
        "common_name": "Tudor Avenue",
        "coordinates": [
            -3.004815,
            53.342047
        ]
    },
    "2800S27006B": {
        "common_name": "Parkfield Road",
        "coordinates": [
            -3.004182,
            53.342619
        ]
    },
    "2800S27008B": {
        "common_name": "Beechway",
        "coordinates": [
            -3.01013,
            53.341346
        ]
    },
    "2800S27008A": {
        "common_name": "Beechway",
        "coordinates": [
            -3.011032,
            53.341375
        ]
    },
    "2800S27009B": {
        "common_name": "Old Clatterbridge Road",
        "coordinates": [
            -3.014161,
            53.340323
        ]
    },
    "2800S27009C": {
        "common_name": "M53",
        "coordinates": [
            -3.01802,
            53.339032
        ]
    },
    "2800S27010B": {
        "common_name": "Clatterbridge Hospital",
        "coordinates": [
            -3.020083,
            53.333585
        ]
    },
    "2800S27009A": {
        "common_name": "Needwood Drive",
        "coordinates": [
            -3.013077,
            53.340845
        ]
    },
    "2800S27013A": {
        "common_name": "Clatterbridge Hosp Outpatients",
        "coordinates": [
            -3.023574,
            53.332634
        ]
    },
    "2800S27011A": {
        "common_name": "Springview",
        "coordinates": [
            -3.025329,
            53.333792
        ]
    },
    "2800S27012A": {
        "common_name": "Cancer Centre",
        "coordinates": [
            -3.027515,
            53.332254
        ]
    }
}