{
    "2800S23075G": {
        "common_name": "Rowson Street",
        "coordinates": [
            -3.046349,
            53.43968
        ]
    },
    "2800S23075J": {
        "common_name": "Morrisons",
        "coordinates": [
            -3.047,
            53.439818
        ]
    },
    "2800S23003B": {
        "common_name": "Cressingham Road",
        "coordinates": [
            -3.043881,
            53.438488
        ]
    },
    "2800S23004A": {
        "common_name": "Seabank Road",
        "coordinates": [
            -3.042408,
            53.434878
        ]
    },
    "2800S23003A": {
        "common_name": "Cressingham Road",
        "coordinates": [
            -3.044057,
            53.438297
        ]
    },
    "2800S23004B": {
        "common_name": "Seabank Road",
        "coordinates": [
            -3.042636,
            53.434966
        ]
    },
    "2800S23045B": {
        "common_name": "Fern Hill",
        "coordinates": [
            -3.043241,
            53.433873
        ]
    },
    "2800S23033B": {
        "common_name": "Princess Road",
        "coordinates": [
            -3.042474,
            53.431444
        ]
    },
    "2800S23045A": {
        "common_name": "Sandbridge Road",
        "coordinates": [
            -3.043305,
            53.433414
        ]
    },
    "2800S23033A": {
        "common_name": "Princess Road",
        "coordinates": [
            -3.042232,
            53.430763
        ]
    },
    "2800S23046B": {
        "common_name": "Penkett Road",
        "coordinates": [
            -3.041765,
            53.428304
        ]
    },
    "2800S23047B": {
        "common_name": "Zig Zag Road",
        "coordinates": [
            -3.042074,
            53.426791
        ]
    },
    "2800S23046A": {
        "common_name": "Earlston Road",
        "coordinates": [
            -3.041916,
            53.428914
        ]
    },
    "2800S23047A": {
        "common_name": "Grange Avenue",
        "coordinates": [
            -3.042232,
            53.427095
        ]
    },
    "2800S24009B": {
        "common_name": "Mortuary Road",
        "coordinates": [
            -3.043648,
            53.424683
        ]
    },
    "2800S24010B": {
        "common_name": "Egerton Grove",
        "coordinates": [
            -3.043667,
            53.42177
        ]
    },
    "2800S24009A": {
        "common_name": "Mortuary Road",
        "coordinates": [
            -3.043461,
            53.425646
        ]
    },
    "2800S24010A": {
        "common_name": "Egerton Grove",
        "coordinates": [
            -3.043778,
            53.422003
        ]
    },
    "2800S24007C": {
        "common_name": "Monk Road",
        "coordinates": [
            -3.042786,
            53.419566
        ]
    },
    "2800S24003B": {
        "common_name": "Conway Street",
        "coordinates": [
            -3.046256,
            53.41995
        ]
    },
    "2800S24005F": {
        "common_name": "Belvidere Road",
        "coordinates": [
            -3.049906,
            53.419675
        ]
    },
    "2800S24003F": {
        "common_name": "Dominick House",
        "coordinates": [
            -3.046326,
            53.419122
        ]
    },
    "2800S24005G": {
        "common_name": "Rullerton Road",
        "coordinates": [
            -3.050343,
            53.419123
        ]
    },
    "2800S21034A": {
        "common_name": "Eric Road",
        "coordinates": [
            -3.050132,
            53.417255
        ]
    },
    "2800S21034B": {
        "common_name": "Eric Road",
        "coordinates": [
            -3.050399,
            53.417702
        ]
    },
    "2800S21035B": {
        "common_name": "Thorncliffe Road",
        "coordinates": [
            -3.0492,
            53.416067
        ]
    },
    "2800S21036B": {
        "common_name": "Love Lane",
        "coordinates": [
            -3.046278,
            53.414107
        ]
    },
    "2800S21035A": {
        "common_name": "Ruskin Avenue",
        "coordinates": [
            -3.048243,
            53.415078
        ]
    },
    "2800S21025D": {
        "common_name": "Poulton Road",
        "coordinates": [
            -3.043599,
            53.411622
        ]
    },
    "2800S21037B": {
        "common_name": "Gorsedale Road",
        "coordinates": [
            -3.041406,
            53.409313
        ]
    },
    "2800S21036A": {
        "common_name": "Love Lane",
        "coordinates": [
            -3.046379,
            53.413953
        ]
    },
    "2800S21025A": {
        "common_name": "Poulton Road",
        "coordinates": [
            -3.044349,
            53.412155
        ]
    },
    "2800S21037A": {
        "common_name": "Norwood Road",
        "coordinates": [
            -3.041567,
            53.409096
        ]
    },
    "2800S21038A": {
        "common_name": "Dock Road",
        "coordinates": [
            -3.036895,
            53.404435
        ]
    },
    "2800S21038B": {
        "common_name": "Dock Road",
        "coordinates": [
            -3.036592,
            53.404339
        ]
    },
    "2800S21016B": {
        "common_name": "Corporation Road",
        "coordinates": [
            -3.036068,
            53.400739
        ]
    },
    "2800S21016A": {
        "common_name": "Cleveland Street",
        "coordinates": [
            -3.036338,
            53.40071
        ]
    },
    "2800S21017A": {
        "common_name": "Birkenhead Park Station",
        "coordinates": [
            -3.038789,
            53.397578
        ]
    },
    "2800S21017B": {
        "common_name": "Birkenhead Park Station",
        "coordinates": [
            -3.038851,
            53.397056
        ]
    },
    "2800S22001A": {
        "common_name": "Livingtone Street",
        "coordinates": [
            -3.034746,
            53.39524
        ]
    },
    "2800S22002A": {
        "common_name": "Trinity Street",
        "coordinates": [
            -3.033081,
            53.394769
        ]
    },
    "2800S22001B": {
        "common_name": "Newling Street",
        "coordinates": [
            -3.035892,
            53.395365
        ]
    },
    "2800S22002B": {
        "common_name": "Park Road East",
        "coordinates": [
            -3.032759,
            53.39452
        ]
    },
    "2800S22004D": {
        "common_name": "Paterson Street",
        "coordinates": [
            -3.034881,
            53.390259
        ]
    },
    "2800S22033A": {
        "common_name": "Bentnick Street",
        "coordinates": [
            -3.031752,
            53.390196
        ]
    },
    "2800S22004C": {
        "common_name": "Cole Street",
        "coordinates": [
            -3.034606,
            53.390082
        ]
    },
    "2800S22033J": {
        "common_name": "Cardigan Avenue",
        "coordinates": [
            -3.026971,
            53.390867
        ]
    },
    "2800S22033E": {
        "common_name": "Catherine Street",
        "coordinates": [
            -3.028152,
            53.39056
        ]
    },
    "2800S22006A": {
        "common_name": "Claughton Road",
        "coordinates": [
            -3.025143,
            53.391746
        ]
    },
    "2800S22010A": {
        "common_name": "Price Street",
        "coordinates": [
            -3.017745,
            53.393031
        ]
    },
    "2800S22043C": {
        "common_name": "Birkenhead Bus Station",
        "coordinates": [
            -3.022794,
            53.391182
        ]
    },
    "2800S22043H": {
        "common_name": "Birkenhead Bus Station",
        "coordinates": [
            -3.022619,
            53.39121
        ]
    },
    "2800S22016A": {
        "common_name": "Argyle Street",
        "coordinates": [
            -3.016848,
            53.393866
        ]
    },
    "2800S22054A": {
        "common_name": "Hamilton Square Station",
        "coordinates": [
            -3.014007,
            53.394555
        ]
    },
    "2800S22009D": {
        "common_name": "Hamilton Square Station",
        "coordinates": [
            -3.013016,
            53.394618
        ]
    },
    "2800S22008C": {
        "common_name": "Woodside Bus Station",
        "coordinates": [
            -3.010514,
            53.395025
        ]
    },
    "2800S22008E": {
        "common_name": "Woodside Interchange",
        "coordinates": [
            -3.010815,
            53.39505
        ]
    }
}