{
    "2800S23075J": {
        "common_name": "Morrisons",
        "coordinates": [
            -3.047,
            53.439818
        ]
    },
    "2800S23003B": {
        "common_name": "Cressingham Road",
        "coordinates": [
            -3.043881,
            53.438488
        ]
    },
    "2800S23004D": {
        "common_name": "Rowson Street",
        "coordinates": [
            -3.041852,
            53.43491
        ]
    },
    "2800S23005B": {
        "common_name": "Magazine Lane",
        "coordinates": [
            -3.040477,
            53.432872
        ]
    },
    "2800S23006B": {
        "common_name": "Birch Grove",
        "coordinates": [
            -3.039184,
            53.431086
        ]
    },
    "2800S23007B": {
        "common_name": "Hale Road",
        "coordinates": [
            -3.036836,
            53.42858
        ]
    },
    "2800S23008B": {
        "common_name": "Radnor Drive",
        "coordinates": [
            -3.035846,
            53.42751
        ]
    },
    "2800S21001B": {
        "common_name": "Caithness Drive",
        "coordinates": [
            -3.034301,
            53.425843
        ]
    },
    "2800S21002A": {
        "common_name": "Manor Road",
        "coordinates": [
            -3.031863,
            53.424003
        ]
    },
    "2800S21003A": {
        "common_name": "St Brides Road",
        "coordinates": [
            -3.029517,
            53.421587
        ]
    },
    "2800S21004B": {
        "common_name": "Rice Lane",
        "coordinates": [
            -3.027727,
            53.419724
        ]
    },
    "2800S21005D": {
        "common_name": "Elmswood Road",
        "coordinates": [
            -3.025783,
            53.417745
        ]
    },
    "2800S21006B": {
        "common_name": "Queens Road",
        "coordinates": [
            -3.024241,
            53.416158
        ]
    },
    "2800S21007D": {
        "common_name": "Riverview Road",
        "coordinates": [
            -3.02256,
            53.414474
        ]
    },
    "2800S21007C": {
        "common_name": "Shirley Street",
        "coordinates": [
            -3.021301,
            53.412795
        ]
    },
    "2800S21008C": {
        "common_name": "Keegan Drive",
        "coordinates": [
            -3.020286,
            53.40999
        ]
    },
    "2800S21009C": {
        "common_name": "Seacombe Ferry Terminal",
        "coordinates": [
            -3.017002,
            53.40969
        ]
    },
    "2800S21010B": {
        "common_name": "Corbyn Street",
        "coordinates": [
            -3.01935,
            53.406699
        ]
    },
    "2800S21011B": {
        "common_name": "Kelvin Road",
        "coordinates": [
            -3.020755,
            53.405078
        ]
    },
    "2800S22068A": {
        "common_name": "Morpeth Wharf",
        "coordinates": [
            -3.019891,
            53.399782
        ]
    },
    "2800S22045B": {
        "common_name": "Taylor Street",
        "coordinates": [
            -3.018946,
            53.397363
        ]
    },
    "2800S22067B": {
        "common_name": "Cheshire Lines Building",
        "coordinates": [
            -3.013669,
            53.395547
        ]
    },
    "2800S22008B": {
        "common_name": "Woodside Interchange",
        "coordinates": [
            -3.010723,
            53.394961
        ]
    },
    "2800S22009D": {
        "common_name": "Hamilton Square Station",
        "coordinates": [
            -3.013016,
            53.394618
        ]
    },
    "2800S22016A": {
        "common_name": "Argyle Street",
        "coordinates": [
            -3.016848,
            53.393866
        ]
    },
    "2800S22043C": {
        "common_name": "Birkenhead Bus Station",
        "coordinates": [
            -3.022794,
            53.391182
        ]
    },
    "2800S22043H": {
        "common_name": "Birkenhead Bus Station",
        "coordinates": [
            -3.022619,
            53.39121
        ]
    },
    "2800S22033E": {
        "common_name": "Catherine Street",
        "coordinates": [
            -3.028152,
            53.39056
        ]
    },
    "2800S22044A": {
        "common_name": "Dover Close",
        "coordinates": [
            -3.026797,
            53.394887
        ]
    },
    "2800S22018A": {
        "common_name": "Corporation Road",
        "coordinates": [
            -3.024461,
            53.397801
        ]
    },
    "2800S22072A": {
        "common_name": "Tower Wharf",
        "coordinates": [
            -3.021717,
            53.400629
        ]
    },
    "2800S21011A": {
        "common_name": "Kelvin Road",
        "coordinates": [
            -3.021029,
            53.40521
        ]
    },
    "2800S21010A": {
        "common_name": "Wheatland Lane",
        "coordinates": [
            -3.019286,
            53.407149
        ]
    },
    "2800S21009B": {
        "common_name": "Seacombe Ferry Terminal",
        "coordinates": [
            -3.017002,
            53.40969
        ]
    },
    "2800S21008B": {
        "common_name": "Borough Road",
        "coordinates": [
            -3.020807,
            53.411001
        ]
    },
    "2800S21007B": {
        "common_name": "Brougham Road",
        "coordinates": [
            -3.022118,
            53.413588
        ]
    },
    "2800S21006A": {
        "common_name": "Bell Road",
        "coordinates": [
            -3.024265,
            53.415906
        ]
    },
    "2800S21005A": {
        "common_name": "Church Lane",
        "coordinates": [
            -3.026145,
            53.417751
        ]
    },
    "2800S21004A": {
        "common_name": "Union Street",
        "coordinates": [
            -3.027549,
            53.419222
        ]
    },
    "2800S21003C": {
        "common_name": "St Brides Road",
        "coordinates": [
            -3.029849,
            53.421602
        ]
    },
    "2800S21002B": {
        "common_name": "Manor Road",
        "coordinates": [
            -3.031888,
            53.423787
        ]
    },
    "2800S21001A": {
        "common_name": "Caithness Drive",
        "coordinates": [
            -3.034771,
            53.426009
        ]
    },
    "2800S23008A": {
        "common_name": "Elgin Drive",
        "coordinates": [
            -3.035729,
            53.427026
        ]
    },
    "2800S23007A": {
        "common_name": "Hale Road",
        "coordinates": [
            -3.037198,
            53.428631
        ]
    },
    "2800S23006A": {
        "common_name": "Sandfield Road",
        "coordinates": [
            -3.039626,
            53.431316
        ]
    },
    "2800S23004C": {
        "common_name": "Rowson Street",
        "coordinates": [
            -3.041982,
            53.434684
        ]
    },
    "2800S23003A": {
        "common_name": "Cressingham Road",
        "coordinates": [
            -3.044057,
            53.438297
        ]
    },
    "2800S23075G": {
        "common_name": "Rowson Street",
        "coordinates": [
            -3.046349,
            53.43968
        ]
    }
}