{
    "2800S22008C": {
        "common_name": "Woodside Bus Station",
        "coordinates": [
            -3.010514,
            53.395025
        ]
    },
    "2800S22009C": {
        "common_name": "Chester Street",
        "coordinates": [
            -3.012938,
            53.39452
        ]
    },
    "2800S22016B": {
        "common_name": "Argyle Street",
        "coordinates": [
            -3.016979,
            53.393694
        ]
    },
    "2800S22010A": {
        "common_name": "Price Street",
        "coordinates": [
            -3.017745,
            53.393031
        ]
    },
    "2800S22043C": {
        "common_name": "Birkenhead Bus Station",
        "coordinates": [
            -3.022794,
            53.391182
        ]
    },
    "2800S22043H": {
        "common_name": "Birkenhead Bus Station",
        "coordinates": [
            -3.022619,
            53.39121
        ]
    },
    "2800S22043B": {
        "common_name": "Birkenhead Bus Station",
        "coordinates": [
            -3.022619,
            53.39121
        ]
    },
    "2800S22033G": {
        "common_name": "Catherine Street",
        "coordinates": [
            -3.028616,
            53.390484
        ]
    },
    "2800S22025A": {
        "common_name": "Burlington Street",
        "coordinates": [
            -3.021265,
            53.391195
        ]
    },
    "2800S22005C": {
        "common_name": "Grange Road",
        "coordinates": [
            -3.020064,
            53.39
        ]
    },
    "2800S20001D": {
        "common_name": "Clifton Crescent",
        "coordinates": [
            -3.022714,
            53.388917
        ]
    },
    "2800S22011A": {
        "common_name": "Whetstone Lane",
        "coordinates": [
            -3.029182,
            53.388376
        ]
    },
    "2800S22012C": {
        "common_name": "Shaw Street",
        "coordinates": [
            -3.032269,
            53.386102
        ]
    },
    "2800S22013B": {
        "common_name": "Victoria Road",
        "coordinates": [
            -3.033336,
            53.382974
        ]
    },
    "2800S22012A": {
        "common_name": "Carnforth Close",
        "coordinates": [
            -3.032745,
            53.385882
        ]
    },
    "2800S22014C": {
        "common_name": "Victoria Fields",
        "coordinates": [
            -3.032838,
            53.381657
        ]
    },
    "2800S20002D": {
        "common_name": "Highgreen Road",
        "coordinates": [
            -3.034744,
            53.377784
        ]
    },
    "2800S22013A": {
        "common_name": "Briardale Road",
        "coordinates": [
            -3.033382,
            53.382371
        ]
    },
    "2800S22014B": {
        "common_name": "Elmswood Road",
        "coordinates": [
            -3.032944,
            53.381053
        ]
    },
    "2800S20003C": {
        "common_name": "Highpark Road",
        "coordinates": [
            -3.037641,
            53.375754
        ]
    },
    "2800S20002B": {
        "common_name": "Merlin Road",
        "coordinates": [
            -3.034008,
            53.379049
        ]
    },
    "2800S20037A": {
        "common_name": "Highpark Road",
        "coordinates": [
            -3.036668,
            53.376554
        ]
    },
    "2800S20004B": {
        "common_name": "Elm Road North",
        "coordinates": [
            -3.04365,
            53.373751
        ]
    },
    "2800S20005B": {
        "common_name": "Cambridge Road",
        "coordinates": [
            -3.04644,
            53.373502
        ]
    },
    "2800S20003A": {
        "common_name": "Moss Lane",
        "coordinates": [
            -3.040144,
            53.374824
        ]
    },
    "2800S20004E": {
        "common_name": "Storeton Road",
        "coordinates": [
            -3.043025,
            53.374026
        ]
    },
    "2800S20005A": {
        "common_name": "Curzon Road",
        "coordinates": [
            -3.045319,
            53.373772
        ]
    },
    "2800S20006B": {
        "common_name": "Osmaston Road",
        "coordinates": [
            -3.049916,
            53.373067
        ]
    },
    "2800S26001B": {
        "common_name": "Dovedale Close",
        "coordinates": [
            -3.054378,
            53.372371
        ]
    },
    "2800S20006A": {
        "common_name": "Osmaston Road",
        "coordinates": [
            -3.048767,
            53.373392
        ]
    },
    "2800S26002B": {
        "common_name": "Grainger Avenue",
        "coordinates": [
            -3.059149,
            53.371412
        ]
    },
    "2800S26003B": {
        "common_name": "Ennerdale Road",
        "coordinates": [
            -3.062954,
            53.370309
        ]
    },
    "2800S26001A": {
        "common_name": "Dovedale Close",
        "coordinates": [
            -3.053664,
            53.372656
        ]
    },
    "2800S26002A": {
        "common_name": "Holm Lane",
        "coordinates": [
            -3.0579,
            53.371936
        ]
    },
    "2800S26004B": {
        "common_name": "Palmwood Close",
        "coordinates": [
            -3.066364,
            53.370224
        ]
    },
    "2800S26003A": {
        "common_name": "Prenton Dell Road",
        "coordinates": [
            -3.06188,
            53.370624
        ]
    },
    "2800S26004A": {
        "common_name": "Palmwood Close",
        "coordinates": [
            -3.065331,
            53.370368
        ]
    },
    "2800S26006B": {
        "common_name": "Ackers Road",
        "coordinates": [
            -3.081295,
            53.370476
        ]
    },
    "2800S26006A": {
        "common_name": "Ackers Road",
        "coordinates": [
            -3.081043,
            53.370596
        ]
    },
    "2800S26007A": {
        "common_name": "Church Lane",
        "coordinates": [
            -3.087341,
            53.369424
        ]
    },
    "2800S26007B": {
        "common_name": "Arrowe Park Road",
        "coordinates": [
            -3.086845,
            53.369419
        ]
    },
    "2800S26042A": {
        "common_name": "Internal Grounds",
        "coordinates": [
            -3.094347,
            53.370097
        ]
    },
    "2800S26008A": {
        "common_name": "Pool Lane",
        "coordinates": [
            -3.095315,
            53.372668
        ]
    },
    "2800S25001C": {
        "common_name": "Arrowe Brook Road",
        "coordinates": [
            -3.096781,
            53.376493
        ]
    },
    "2800S26008B": {
        "common_name": "Pool Lane",
        "coordinates": [
            -3.094869,
            53.372276
        ]
    },
    "2800S25002B": {
        "common_name": "Leeswood Road",
        "coordinates": [
            -3.097528,
            53.378086
        ]
    },
    "2800S25001B": {
        "common_name": "Arrowe Brook Road",
        "coordinates": [
            -3.09612,
            53.37533
        ]
    },
    "2800S25003B": {
        "common_name": "Grey Stoke Close",
        "coordinates": [
            -3.098937,
            53.382603
        ]
    },
    "2800S25004D": {
        "common_name": "Newton Way",
        "coordinates": [
            -3.099136,
            53.38448
        ]
    },
    "2800S25002A": {
        "common_name": "Leeswood Road",
        "coordinates": [
            -3.097458,
            53.378266
        ]
    },
    "2800S25003A": {
        "common_name": "Sulivan Avenue",
        "coordinates": [
            -3.098715,
            53.382129
        ]
    },
    "2800S25005A": {
        "common_name": "Upland Road",
        "coordinates": [
            -3.101839,
            53.388437
        ]
    },
    "2800S25006A": {
        "common_name": "Warwick Road",
        "coordinates": [
            -3.103861,
            53.390423
        ]
    },
    "2800S25004C": {
        "common_name": "Ford Road",
        "coordinates": [
            -3.098929,
            53.384599
        ]
    },
    "2800S25005B": {
        "common_name": "Braeside Gardens",
        "coordinates": [
            -3.10088,
            53.387988
        ]
    },
    "2800S25007A": {
        "common_name": "M53 Motorway",
        "coordinates": [
            -3.105839,
            53.392481
        ]
    },
    "2800S25008A": {
        "common_name": "Seaforth Drive",
        "coordinates": [
            -3.109246,
            53.395695
        ]
    },
    "2800S25006B": {
        "common_name": "The Woodlands",
        "coordinates": [
            -3.10268,
            53.389553
        ]
    },
    "2800S25007B": {
        "common_name": "M53 Motorway",
        "coordinates": [
            -3.105389,
            53.392531
        ]
    },
    "2800S25009A": {
        "common_name": "Griffin Avenue",
        "coordinates": [
            -3.110294,
            53.398409
        ]
    },
    "2800S25010A": {
        "common_name": "Knutsford Road",
        "coordinates": [
            -3.110235,
            53.401358
        ]
    },
    "2800S25008B": {
        "common_name": "Croft Drive",
        "coordinates": [
            -3.108587,
            53.395243
        ]
    },
    "2800S25009B": {
        "common_name": "Marian Drive",
        "coordinates": [
            -3.109672,
            53.397633
        ]
    },
    "2800S25021A": {
        "common_name": "Chapelhill Road",
        "coordinates": [
            -3.105576,
            53.402084
        ]
    },
    "2800S25022A": {
        "common_name": "Danger Lane",
        "coordinates": [
            -3.103274,
            53.403202
        ]
    },
    "2800S25010C": {
        "common_name": "Glebelands Road",
        "coordinates": [
            -3.11066,
            53.399772
        ]
    },
    "2800S25023A": {
        "common_name": "Reeds Lane",
        "coordinates": [
            -3.099619,
            53.404369
        ]
    },
    "2800S25021B": {
        "common_name": "Alwyn Gardens",
        "coordinates": [
            -3.107093,
            53.401423
        ]
    },
    "2800S25022B": {
        "common_name": "Stuart Avenue",
        "coordinates": [
            -3.101358,
            53.403561
        ]
    },
    "2800S25023B": {
        "common_name": "Reeds Lane",
        "coordinates": [
            -3.099181,
            53.404301
        ]
    },
    "2800S25024B": {
        "common_name": "Leasowe Station",
        "coordinates": [
            -3.100324,
            53.409531
        ]
    },
    "2800S25024A": {
        "common_name": "Leasowe Station",
        "coordinates": [
            -3.099129,
            53.408697
        ]
    },
    "2800S25025B": {
        "common_name": "Birket Avenue",
        "coordinates": [
            -3.101462,
            53.410518
        ]
    },
    "2800S25025A": {
        "common_name": "Birket Avenue",
        "coordinates": [
            -3.102953,
            53.411133
        ]
    },
    "2800S25026A": {
        "common_name": "Birket Avenue",
        "coordinates": [
            -3.097658,
            53.412333
        ]
    },
    "2800S25030A": {
        "common_name": "Castleway North",
        "coordinates": [
            -3.097499,
            53.414339
        ]
    },
    "2800S25027A": {
        "common_name": "Hudson Road",
        "coordinates": [
            -3.093017,
            53.415
        ]
    },
    "2800S25026B": {
        "common_name": "Reeds Avenue East",
        "coordinates": [
            -3.098611,
            53.411956
        ]
    },
    "2800S25030B": {
        "common_name": "Twickenham Drive",
        "coordinates": [
            -3.097815,
            53.413752
        ]
    },
    "2800S23022A": {
        "common_name": "Cook Road",
        "coordinates": [
            -3.088875,
            53.416584
        ]
    },
    "2800S25027B": {
        "common_name": "Hudson Road",
        "coordinates": [
            -3.095232,
            53.414539
        ]
    },
    "2800S23022B": {
        "common_name": "Kingham Close",
        "coordinates": [
            -3.090212,
            53.415349
        ]
    },
    "2800S23023B": {
        "common_name": "Shackleton Road",
        "coordinates": [
            -3.08805,
            53.417886
        ]
    },
    "2800S23023A": {
        "common_name": "Raleigh Road",
        "coordinates": [
            -3.08839,
            53.418216
        ]
    },
    "2800S23024A": {
        "common_name": "Gardenside",
        "coordinates": [
            -3.088247,
            53.419673
        ]
    },
    "2800S23025A": {
        "common_name": "Heyes Drive",
        "coordinates": [
            -3.081459,
            53.420822
        ]
    },
    "2800S23025B": {
        "common_name": "Heyes Drive",
        "coordinates": [
            -3.081002,
            53.420611
        ]
    },
    "2800S23026A": {
        "common_name": "St Nicholas Road",
        "coordinates": [
            -3.074176,
            53.422012
        ]
    },
    "2800S23026B": {
        "common_name": "Southcroft Road",
        "coordinates": [
            -3.072518,
            53.421928
        ]
    },
    "2800S23027A": {
        "common_name": "Wallasey Village Station",
        "coordinates": [
            -3.069588,
            53.4227
        ]
    },
    "2800S23027B": {
        "common_name": "Wallasey Village Station",
        "coordinates": [
            -3.069252,
            53.422505
        ]
    },
    "2800S23028D": {
        "common_name": "Wallasey Village",
        "coordinates": [
            -3.065622,
            53.42296
        ]
    },
    "2800S23028C": {
        "common_name": "Perrin Road",
        "coordinates": [
            -3.064065,
            53.422696
        ]
    },
    "2800S23029A": {
        "common_name": "School Lane",
        "coordinates": [
            -3.061244,
            53.420599
        ]
    },
    "2800S23029B": {
        "common_name": "School Lane",
        "coordinates": [
            -3.062476,
            53.42111
        ]
    },
    "2800S21019A": {
        "common_name": "Loretto Road",
        "coordinates": [
            -3.056042,
            53.41954
        ]
    },
    "2800S21020C": {
        "common_name": "Millthwaite Road",
        "coordinates": [
            -3.059354,
            53.419609
        ]
    },
    "2800S24005F": {
        "common_name": "Belvidere Road",
        "coordinates": [
            -3.049906,
            53.419675
        ]
    },
    "2800S21019B": {
        "common_name": "Knaresborough Road",
        "coordinates": [
            -3.056444,
            53.419392
        ]
    },
    "2800S24005B": {
        "common_name": "Torrington Road",
        "coordinates": [
            -3.051074,
            53.419476
        ]
    },
    "2800S24003C": {
        "common_name": "Conway Street",
        "coordinates": [
            -3.045927,
            53.420051
        ]
    },
    "2800S24003E": {
        "common_name": "Dominick House",
        "coordinates": [
            -3.046158,
            53.419043
        ]
    },
    "2800S24007B": {
        "common_name": "Monk Road",
        "coordinates": [
            -3.042984,
            53.419691
        ]
    },
    "2800S24006B": {
        "common_name": "Silverlea Avenue",
        "coordinates": [
            -3.045631,
            53.420854
        ]
    },
    "2800S24006A": {
        "common_name": "Seaview Avenue",
        "coordinates": [
            -3.046609,
            53.422059
        ]
    },
    "2800S24004A": {
        "common_name": "Grasmere Drive",
        "coordinates": [
            -3.048019,
            53.424339
        ]
    },
    "2800S24008A": {
        "common_name": "Earlston Road",
        "coordinates": [
            -3.049641,
            53.426032
        ]
    },
    "2800S23040C": {
        "common_name": "Hose Side Road",
        "coordinates": [
            -3.052078,
            53.428411
        ]
    },
    "2800S24004B": {
        "common_name": "Thirlmere Drive",
        "coordinates": [
            -3.047269,
            53.423842
        ]
    },
    "2800S24008B": {
        "common_name": "Earlston Road",
        "coordinates": [
            -3.049356,
            53.426053
        ]
    },
    "2800S23039A": {
        "common_name": "Clwyd Street",
        "coordinates": [
            -3.04712,
            53.430639
        ]
    },
    "2800S23040B": {
        "common_name": "Mount Pleasant Road",
        "coordinates": [
            -3.051894,
            53.428296
        ]
    },
    "2800S23039C": {
        "common_name": "Kirkway",
        "coordinates": [
            -3.047818,
            53.430228
        ]
    },
    "2800S23033C": {
        "common_name": "Rake Lane",
        "coordinates": [
            -3.043342,
            53.431841
        ]
    },
    "2800S23005D": {
        "common_name": "Stanford Avenue",
        "coordinates": [
            -3.040814,
            53.432474
        ]
    },
    "2800S23033D": {
        "common_name": "Magazine Avenue",
        "coordinates": [
            -3.042232,
            53.432012
        ]
    },
    "2800S23005B": {
        "common_name": "Magazine Lane",
        "coordinates": [
            -3.040477,
            53.432872
        ]
    },
    "2800S23004C": {
        "common_name": "Rowson Street",
        "coordinates": [
            -3.041982,
            53.434684
        ]
    },
    "2800S23004D": {
        "common_name": "Rowson Street",
        "coordinates": [
            -3.041852,
            53.43491
        ]
    },
    "2800S23003A": {
        "common_name": "Cressingham Road",
        "coordinates": [
            -3.044057,
            53.438297
        ]
    },
    "2800S23003B": {
        "common_name": "Cressingham Road",
        "coordinates": [
            -3.043881,
            53.438488
        ]
    },
    "2800S23075G": {
        "common_name": "Rowson Street",
        "coordinates": [
            -3.046349,
            53.43968
        ]
    },
    "2800S23075J": {
        "common_name": "Morrisons",
        "coordinates": [
            -3.047,
            53.439818
        ]
    }
}