{
    "2800S27026A": {
        "common_name": "Pollitt Square",
        "coordinates": [
            -2.992013,
            53.362533
        ]
    },
    "2800S27025A": {
        "common_name": "Woodford Road",
        "coordinates": [
            -2.99421,
            53.363305
        ]
    },
    "2800S27024A": {
        "common_name": "Salisbury Drive",
        "coordinates": [
            -2.996307,
            53.361742
        ]
    },
    "2800S27030C": {
        "common_name": "Circular Drive",
        "coordinates": [
            -2.99731,
            53.359028
        ]
    },
    "2800S27023A": {
        "common_name": "Boundary Road",
        "coordinates": [
            -2.999552,
            53.359153
        ]
    },
    "2800S27022B": {
        "common_name": "Brook Street",
        "coordinates": [
            -3.001917,
            53.357479
        ]
    },
    "2800S20019A": {
        "common_name": "Bebington Station",
        "coordinates": [
            -3.003543,
            53.357368
        ]
    },
    "2800S20018B": {
        "common_name": "College Drive",
        "coordinates": [
            -3.007602,
            53.360227
        ]
    },
    "2800S20017A": {
        "common_name": "Town Lane",
        "coordinates": [
            -3.011286,
            53.362254
        ]
    },
    "2800S20016E": {
        "common_name": "Woodland Road",
        "coordinates": [
            -3.015103,
            53.364172
        ]
    },
    "2800S20015B": {
        "common_name": "Farlow Road",
        "coordinates": [
            -3.01428,
            53.36622
        ]
    },
    "2800S20014A": {
        "common_name": "Green Lawn",
        "coordinates": [
            -3.014776,
            53.36875
        ]
    },
    "2800S20041A": {
        "common_name": "Old Chester Road",
        "coordinates": [
            -3.016094,
            53.371067
        ]
    },
    "2800S20040B": {
        "common_name": "Albany Road",
        "coordinates": [
            -3.021512,
            53.370751
        ]
    },
    "2800S20047B": {
        "common_name": "Riviera Drive",
        "coordinates": [
            -3.026594,
            53.370169
        ]
    },
    "2800S20028B": {
        "common_name": "Cheviot Road",
        "coordinates": [
            -3.029504,
            53.369325
        ]
    },
    "2800S20031B": {
        "common_name": "Mendip Road",
        "coordinates": [
            -3.031153,
            53.368511
        ]
    },
    "2800S20030A": {
        "common_name": "Brecon Road",
        "coordinates": [
            -3.033043,
            53.367731
        ]
    },
    "2800S20029A": {
        "common_name": "Mendip Road",
        "coordinates": [
            -3.036569,
            53.369354
        ]
    },
    "2800S20024B": {
        "common_name": "Acrefield Road",
        "coordinates": [
            -3.038391,
            53.370741
        ]
    },
    "2800S20038B": {
        "common_name": "St Stephens Road",
        "coordinates": [
            -3.041262,
            53.369511
        ]
    },
    "2800S20039B": {
        "common_name": "Golf Links Road",
        "coordinates": [
            -3.044888,
            53.367214
        ]
    },
    "2800S26012A": {
        "common_name": "Prenton Dell Road",
        "coordinates": [
            -3.049795,
            53.36629
        ]
    },
    "2800S26011B": {
        "common_name": "Prenton Village Road",
        "coordinates": [
            -3.054045,
            53.366199
        ]
    },
    "2800S26010A": {
        "common_name": "Goldsmith Road",
        "coordinates": [
            -3.058062,
            53.367565
        ]
    },
    "2800S26009A": {
        "common_name": "Prenton Village Road",
        "coordinates": [
            -3.059272,
            53.36911
        ]
    },
    "2800S26003B": {
        "common_name": "Ennerdale Road",
        "coordinates": [
            -3.062954,
            53.370309
        ]
    },
    "2800S26004B": {
        "common_name": "Palmwood Close",
        "coordinates": [
            -3.066364,
            53.370224
        ]
    },
    "2800S26006B": {
        "common_name": "Ackers Road",
        "coordinates": [
            -3.081295,
            53.370476
        ]
    },
    "2800S26007B": {
        "common_name": "Arrowe Park Road",
        "coordinates": [
            -3.086845,
            53.369419
        ]
    },
    "2800S26042A": {
        "common_name": "Internal Grounds",
        "coordinates": [
            -3.094347,
            53.370097
        ]
    },
    "2800S26042B": {
        "common_name": "Arrowe Park Hospital",
        "coordinates": [
            -3.093895,
            53.370631
        ]
    },
    "2800S26008A": {
        "common_name": "Pool Lane",
        "coordinates": [
            -3.095315,
            53.372668
        ]
    },
    "2800S25001C": {
        "common_name": "Arrowe Brook Road",
        "coordinates": [
            -3.096781,
            53.376493
        ]
    },
    "2800S25002B": {
        "common_name": "Leeswood Road",
        "coordinates": [
            -3.097528,
            53.378086
        ]
    },
    "2800S25003B": {
        "common_name": "Grey Stoke Close",
        "coordinates": [
            -3.098937,
            53.382603
        ]
    },
    "2800S25004D": {
        "common_name": "Newton Way",
        "coordinates": [
            -3.099136,
            53.38448
        ]
    },
    "2800S25004A": {
        "common_name": "Tinas Way",
        "coordinates": [
            -3.098005,
            53.38494
        ]
    },
    "2800S25114A": {
        "common_name": "Wroxham Drive",
        "coordinates": [
            -3.091871,
            53.384349
        ]
    },
    "2800S25059C": {
        "common_name": "Ford Drive",
        "coordinates": [
            -3.089391,
            53.384965
        ]
    },
    "2800S25060A": {
        "common_name": "Upton By-Pass",
        "coordinates": [
            -3.087075,
            53.385544
        ]
    },
    "2800S25061C": {
        "common_name": "Warren Drive",
        "coordinates": [
            -3.083128,
            53.387593
        ]
    },
    "2800S25077A": {
        "common_name": "First Avenue",
        "coordinates": [
            -3.082858,
            53.388836
        ]
    },
    "2800S25076A": {
        "common_name": "Second Avenue",
        "coordinates": [
            -3.085481,
            53.389684
        ]
    },
    "2800S25075A": {
        "common_name": "Third Avenue",
        "coordinates": [
            -3.086296,
            53.39214
        ]
    },
    "2800S25088A": {
        "common_name": "Fifth Avenue",
        "coordinates": [
            -3.086001,
            53.394138
        ]
    },
    "2800S25074A": {
        "common_name": "Beechwood Drive",
        "coordinates": [
            -3.084723,
            53.396505
        ]
    },
    "2800S25073A": {
        "common_name": "Bidston Green Drive",
        "coordinates": [
            -3.084638,
            53.400281
        ]
    },
    "2800S25072B": {
        "common_name": "St Oswalds Ave",
        "coordinates": [
            -3.083945,
            53.402597
        ]
    },
    "2800S25071B": {
        "common_name": "Bidston Village Road",
        "coordinates": [
            -3.082414,
            53.403906
        ]
    },
    "2800S25070A": {
        "common_name": "Lennox Lane",
        "coordinates": [
            -3.078973,
            53.404062
        ]
    },
    "2800S25123B": {
        "common_name": "Compton Road",
        "coordinates": [
            -3.072798,
            53.405538
        ]
    },
    "2800S25048B": {
        "common_name": "Hurrell Road",
        "coordinates": [
            -3.069479,
            53.403968
        ]
    },
    "2800S21067A": {
        "common_name": "Gautby Road",
        "coordinates": [
            -3.067564,
            53.403149
        ]
    },
    "2800S21066A": {
        "common_name": "Mercer Road",
        "coordinates": [
            -3.062407,
            53.402054
        ]
    },
    "2800S21065D": {
        "common_name": "Miriam Place",
        "coordinates": [
            -3.056811,
            53.401402
        ]
    },
    "2800S21064B": {
        "common_name": "Connaught Way",
        "coordinates": [
            -3.054068,
            53.400591
        ]
    },
    "2800S21053B": {
        "common_name": "Brassey Street",
        "coordinates": [
            -3.048859,
            53.399162
        ]
    },
    "2800S21054A": {
        "common_name": "Morley Avenue",
        "coordinates": [
            -3.042863,
            53.397516
        ]
    },
    "2800S21093A": {
        "common_name": "Asquith Avenue",
        "coordinates": [
            -3.040062,
            53.396749
        ]
    },
    "2800S22001A": {
        "common_name": "Livingtone Street",
        "coordinates": [
            -3.034746,
            53.39524
        ]
    },
    "2800S22002A": {
        "common_name": "Trinity Street",
        "coordinates": [
            -3.033081,
            53.394769
        ]
    },
    "2800S22007B": {
        "common_name": "Watson Street",
        "coordinates": [
            -3.028463,
            53.393497
        ]
    },
    "2800S22026A": {
        "common_name": "Clwyd Street",
        "coordinates": [
            -3.023922,
            53.39225
        ]
    },
    "2800S22043B": {
        "common_name": "Birkenhead Bus Station",
        "coordinates": [
            -3.022619,
            53.39121
        ]
    },
    "2800S22026B": {
        "common_name": "Parkfield Avenue",
        "coordinates": [
            -3.026627,
            53.392785
        ]
    },
    "2800S22007A": {
        "common_name": "Exmouth Street",
        "coordinates": [
            -3.028549,
            53.393316
        ]
    },
    "2800S22002B": {
        "common_name": "Park Road East",
        "coordinates": [
            -3.032759,
            53.39452
        ]
    },
    "2800S22001B": {
        "common_name": "Newling Street",
        "coordinates": [
            -3.035892,
            53.395365
        ]
    },
    "2800S21093B": {
        "common_name": "Ashville Road",
        "coordinates": [
            -3.040209,
            53.396604
        ]
    },
    "2800S21054B": {
        "common_name": "Morley Avenue",
        "coordinates": [
            -3.043327,
            53.397422
        ]
    },
    "2800S21053A": {
        "common_name": "Plumer Street",
        "coordinates": [
            -3.050172,
            53.399339
        ]
    },
    "2800S21064A": {
        "common_name": "Dundonald Street",
        "coordinates": [
            -3.052307,
            53.399932
        ]
    },
    "2800S21065C": {
        "common_name": "Arkle Road",
        "coordinates": [
            -3.057244,
            53.4013
        ]
    },
    "2800S21066B": {
        "common_name": "Hablyn Road",
        "coordinates": [
            -3.064318,
            53.402082
        ]
    },
    "2800S21067B": {
        "common_name": "Worcester Road",
        "coordinates": [
            -3.06595,
            53.4024
        ]
    },
    "2800S25048A": {
        "common_name": "Hurrell Road",
        "coordinates": [
            -3.070921,
            53.404468
        ]
    },
    "2800S25123A": {
        "common_name": "Bidston Village Road",
        "coordinates": [
            -3.0727,
            53.405243
        ]
    },
    "2800S25070B": {
        "common_name": "School Lane",
        "coordinates": [
            -3.079137,
            53.40398
        ]
    },
    "2800S25071A": {
        "common_name": "Bidston Village Road",
        "coordinates": [
            -3.082575,
            53.403751
        ]
    },
    "2800S25072A": {
        "common_name": "St Oswalds Ave",
        "coordinates": [
            -3.083985,
            53.401788
        ]
    },
    "2800S25073B": {
        "common_name": "Bidston Green Drive",
        "coordinates": [
            -3.084532,
            53.399652
        ]
    },
    "2800S25074B": {
        "common_name": "Beechwood Drive",
        "coordinates": [
            -3.084899,
            53.395748
        ]
    },
    "2800S25088B": {
        "common_name": "Fifth Avenue",
        "coordinates": [
            -3.085842,
            53.393798
        ]
    },
    "2800S25075B": {
        "common_name": "Third Avenue",
        "coordinates": [
            -3.086039,
            53.391513
        ]
    },
    "2800S25076B": {
        "common_name": "Second Avenue",
        "coordinates": [
            -3.084814,
            53.388863
        ]
    },
    "2800S25077B": {
        "common_name": "First Avenue",
        "coordinates": [
            -3.081835,
            53.389402
        ]
    },
    "2800S25061B": {
        "common_name": "Noctorum Avenue",
        "coordinates": [
            -3.083405,
            53.387258
        ]
    },
    "2800S25060B": {
        "common_name": "Upton By-Pass",
        "coordinates": [
            -3.087729,
            53.385259
        ]
    },
    "2800S25059B": {
        "common_name": "Ford Drive",
        "coordinates": [
            -3.089729,
            53.384656
        ]
    },
    "2800S25004B": {
        "common_name": "Salacre Lane",
        "coordinates": [
            -3.097142,
            53.384696
        ]
    },
    "2800S25004C": {
        "common_name": "Ford Road",
        "coordinates": [
            -3.098929,
            53.384599
        ]
    },
    "2800S25003A": {
        "common_name": "Sulivan Avenue",
        "coordinates": [
            -3.098715,
            53.382129
        ]
    },
    "2800S25002A": {
        "common_name": "Leeswood Road",
        "coordinates": [
            -3.097458,
            53.378266
        ]
    },
    "2800S25001B": {
        "common_name": "Arrowe Brook Road",
        "coordinates": [
            -3.09612,
            53.37533
        ]
    },
    "2800S26008B": {
        "common_name": "Pool Lane",
        "coordinates": [
            -3.094869,
            53.372276
        ]
    },
    "2800S26007A": {
        "common_name": "Church Lane",
        "coordinates": [
            -3.087341,
            53.369424
        ]
    },
    "2800S26006A": {
        "common_name": "Ackers Road",
        "coordinates": [
            -3.081043,
            53.370596
        ]
    },
    "2800S26004A": {
        "common_name": "Palmwood Close",
        "coordinates": [
            -3.065331,
            53.370368
        ]
    },
    "2800S26003A": {
        "common_name": "Prenton Dell Road",
        "coordinates": [
            -3.06188,
            53.370624
        ]
    },
    "2800S26009B": {
        "common_name": "Waterpark Road",
        "coordinates": [
            -3.059003,
            53.369139
        ]
    },
    "2800S26010B": {
        "common_name": "Goldsmith Way",
        "coordinates": [
            -3.056544,
            53.366968
        ]
    },
    "2800S26011A": {
        "common_name": "Prenton Village Road",
        "coordinates": [
            -3.05414,
            53.366378
        ]
    },
    "2800S26012B": {
        "common_name": "Prenton Dell Road",
        "coordinates": [
            -3.049184,
            53.366511
        ]
    },
    "2800S20039A": {
        "common_name": "Osmaston Road",
        "coordinates": [
            -3.04488,
            53.367511
        ]
    },
    "2800S20038A": {
        "common_name": "Reservoir Road North",
        "coordinates": [
            -3.041981,
            53.369415
        ]
    },
    "2800S20024A": {
        "common_name": "Storeton Road",
        "coordinates": [
            -3.039499,
            53.37118
        ]
    },
    "2800S20029B": {
        "common_name": "Mendip Road",
        "coordinates": [
            -3.035746,
            53.368912
        ]
    },
    "2800S20030C": {
        "common_name": "Storeton Road",
        "coordinates": [
            -3.033434,
            53.367763
        ]
    },
    "2800S20031A": {
        "common_name": "Mendip Road",
        "coordinates": [
            -3.031009,
            53.368782
        ]
    },
    "2800S20028C": {
        "common_name": "Ben Nevis Road",
        "coordinates": [
            -3.028393,
            53.369982
        ]
    },
    "2800S20040A": {
        "common_name": "Bebington Road",
        "coordinates": [
            -3.023122,
            53.370801
        ]
    },
    "2800S20041B": {
        "common_name": "Clarke Avenue",
        "coordinates": [
            -3.017057,
            53.371113
        ]
    },
    "2800S20013B": {
        "common_name": "Byrne Avenue",
        "coordinates": [
            -3.014901,
            53.370197
        ]
    },
    "2800S20014B": {
        "common_name": "Birkett Road",
        "coordinates": [
            -3.014452,
            53.368367
        ]
    },
    "2800S20015A": {
        "common_name": "Rock Lane West",
        "coordinates": [
            -3.013853,
            53.366574
        ]
    },
    "2800S20016B": {
        "common_name": "Woodland Road",
        "coordinates": [
            -3.014957,
            53.364353
        ]
    },
    "2800S20017B": {
        "common_name": "Town Lane",
        "coordinates": [
            -3.01012,
            53.361886
        ]
    },
    "2800S20018A": {
        "common_name": "College Drive",
        "coordinates": [
            -3.007227,
            53.360275
        ]
    },
    "2800S20019B": {
        "common_name": "Bebington Station",
        "coordinates": [
            -3.003252,
            53.35736
        ]
    },
    "2800S27022A": {
        "common_name": "Sandringham Close",
        "coordinates": [
            -3.001421,
            53.358094
        ]
    },
    "2800S27023C": {
        "common_name": "Bebington Road",
        "coordinates": [
            -2.998928,
            53.359446
        ]
    },
    "2800S27030B": {
        "common_name": "Legh Road",
        "coordinates": [
            -2.99721,
            53.360521
        ]
    },
    "2800S27024B": {
        "common_name": "Salisbury Drive",
        "coordinates": [
            -2.996283,
            53.361994
        ]
    },
    "2800S27025B": {
        "common_name": "Woodford Road",
        "coordinates": [
            -2.994259,
            53.363503
        ]
    }
}