{
    "2800S23075G": {
        "common_name": "Rowson Street",
        "coordinates": [
            -3.046349,
            53.43968
        ]
    },
    "2800S23075H": {
        "common_name": "Morrisons",
        "coordinates": [
            -3.04622,
            53.439923
        ]
    },
    "2800S23003B": {
        "common_name": "Cressingham Road",
        "coordinates": [
            -3.043881,
            53.438488
        ]
    },
    "2800S23004D": {
        "common_name": "Rowson Street",
        "coordinates": [
            -3.041852,
            53.43491
        ]
    },
    "2800S23003A": {
        "common_name": "Cressingham Road",
        "coordinates": [
            -3.044057,
            53.438297
        ]
    },
    "2800S23005B": {
        "common_name": "Magazine Lane",
        "coordinates": [
            -3.040477,
            53.432872
        ]
    },
    "2800S23004C": {
        "common_name": "Rowson Street",
        "coordinates": [
            -3.041982,
            53.434684
        ]
    },
    "2800S23033D": {
        "common_name": "Magazine Avenue",
        "coordinates": [
            -3.042232,
            53.432012
        ]
    },
    "2800S23005D": {
        "common_name": "Stanford Avenue",
        "coordinates": [
            -3.040814,
            53.432474
        ]
    },
    "2800S23033C": {
        "common_name": "Rake Lane",
        "coordinates": [
            -3.043342,
            53.431841
        ]
    },
    "2800S23039C": {
        "common_name": "Kirkway",
        "coordinates": [
            -3.047818,
            53.430228
        ]
    },
    "2800S23040B": {
        "common_name": "Mount Pleasant Road",
        "coordinates": [
            -3.051894,
            53.428296
        ]
    },
    "2800S23039A": {
        "common_name": "Clwyd Street",
        "coordinates": [
            -3.04712,
            53.430639
        ]
    },
    "2800S23040C": {
        "common_name": "Hose Side Road",
        "coordinates": [
            -3.052078,
            53.428411
        ]
    },
    "2800S24008B": {
        "common_name": "Earlston Road",
        "coordinates": [
            -3.049356,
            53.426053
        ]
    },
    "2800S24004B": {
        "common_name": "Thirlmere Drive",
        "coordinates": [
            -3.047269,
            53.423842
        ]
    },
    "2800S24006B": {
        "common_name": "Silverlea Avenue",
        "coordinates": [
            -3.045631,
            53.420854
        ]
    },
    "2800S24008A": {
        "common_name": "Earlston Road",
        "coordinates": [
            -3.049641,
            53.426032
        ]
    },
    "2800S24004A": {
        "common_name": "Grasmere Drive",
        "coordinates": [
            -3.048019,
            53.424339
        ]
    },
    "2800S24006A": {
        "common_name": "Seaview Avenue",
        "coordinates": [
            -3.046609,
            53.422059
        ]
    },
    "2800S24003C": {
        "common_name": "Conway Street",
        "coordinates": [
            -3.045927,
            53.420051
        ]
    },
    "2800S24007C": {
        "common_name": "Monk Road",
        "coordinates": [
            -3.042786,
            53.419566
        ]
    },
    "2800S24003F": {
        "common_name": "Dominick House",
        "coordinates": [
            -3.046326,
            53.419122
        ]
    },
    "2800S24005A": {
        "common_name": "Wallasey Road",
        "coordinates": [
            -3.050407,
            53.419248
        ]
    },
    "2800S21034A": {
        "common_name": "Eric Road",
        "coordinates": [
            -3.050132,
            53.417255
        ]
    },
    "2800S24005F": {
        "common_name": "Belvidere Road",
        "coordinates": [
            -3.049906,
            53.419675
        ]
    },
    "2800S21035B": {
        "common_name": "Thorncliffe Road",
        "coordinates": [
            -3.0492,
            53.416067
        ]
    },
    "2800S21036B": {
        "common_name": "Love Lane",
        "coordinates": [
            -3.046278,
            53.414107
        ]
    },
    "2800S21034B": {
        "common_name": "Eric Road",
        "coordinates": [
            -3.050399,
            53.417702
        ]
    },
    "2800S21025D": {
        "common_name": "Poulton Road",
        "coordinates": [
            -3.043599,
            53.411622
        ]
    },
    "2800S21035A": {
        "common_name": "Ruskin Avenue",
        "coordinates": [
            -3.048243,
            53.415078
        ]
    },
    "2800S21037B": {
        "common_name": "Gorsedale Road",
        "coordinates": [
            -3.041406,
            53.409313
        ]
    },
    "2800S21036A": {
        "common_name": "Love Lane",
        "coordinates": [
            -3.046379,
            53.413953
        ]
    },
    "2800S21025A": {
        "common_name": "Poulton Road",
        "coordinates": [
            -3.044349,
            53.412155
        ]
    },
    "2800S21037A": {
        "common_name": "Norwood Road",
        "coordinates": [
            -3.041567,
            53.409096
        ]
    },
    "2800S42034B": {
        "common_name": "Leeds Street",
        "coordinates": [
            -2.982449,
            53.415152
        ]
    },
    "2800S42034A": {
        "common_name": "Juvenal Street",
        "coordinates": [
            -2.981921,
            53.415714
        ]
    },
    "2800S42042C": {
        "common_name": "Hood street",
        "coordinates": [
            -2.983506,
            53.408141
        ]
    },
    "2800S42029B": {
        "common_name": "The Metquarter",
        "coordinates": [
            -2.985441,
            53.407253
        ]
    }
}