{
    "2800S23075G": {
        "common_name": "Rowson Street",
        "coordinates": [
            -3.046349,
            53.43968
        ]
    },
    "2800S23075H": {
        "common_name": "Morrisons",
        "coordinates": [
            -3.04622,
            53.439923
        ]
    },
    "2800S23003B": {
        "common_name": "Cressingham Road",
        "coordinates": [
            -3.043881,
            53.438488
        ]
    },
    "2800S23004A": {
        "common_name": "Seabank Road",
        "coordinates": [
            -3.042408,
            53.434878
        ]
    },
    "2800S23003A": {
        "common_name": "Cressingham Road",
        "coordinates": [
            -3.044057,
            53.438297
        ]
    },
    "2800S23004B": {
        "common_name": "Seabank Road",
        "coordinates": [
            -3.042636,
            53.434966
        ]
    },
    "2800S23045B": {
        "common_name": "Fern Hill",
        "coordinates": [
            -3.043241,
            53.433873
        ]
    },
    "2800S23045A": {
        "common_name": "Sandbridge Road",
        "coordinates": [
            -3.043305,
            53.433414
        ]
    },
    "2800S23033B": {
        "common_name": "Princess Road",
        "coordinates": [
            -3.042474,
            53.431444
        ]
    },
    "2800S23033A": {
        "common_name": "Princess Road",
        "coordinates": [
            -3.042232,
            53.430763
        ]
    },
    "2800S23046B": {
        "common_name": "Penkett Road",
        "coordinates": [
            -3.041765,
            53.428304
        ]
    },
    "2800S23046A": {
        "common_name": "Earlston Road",
        "coordinates": [
            -3.041916,
            53.428914
        ]
    },
    "2800S23047B": {
        "common_name": "Zig Zag Road",
        "coordinates": [
            -3.042074,
            53.426791
        ]
    },
    "2800S24009B": {
        "common_name": "Mortuary Road",
        "coordinates": [
            -3.043648,
            53.424683
        ]
    },
    "2800S23047A": {
        "common_name": "Grange Avenue",
        "coordinates": [
            -3.042232,
            53.427095
        ]
    },
    "2800S24010B": {
        "common_name": "Egerton Grove",
        "coordinates": [
            -3.043667,
            53.42177
        ]
    },
    "2800S24009A": {
        "common_name": "Mortuary Road",
        "coordinates": [
            -3.043461,
            53.425646
        ]
    },
    "2800S24010A": {
        "common_name": "Egerton Grove",
        "coordinates": [
            -3.043778,
            53.422003
        ]
    },
    "2800S24003B": {
        "common_name": "Conway Street",
        "coordinates": [
            -3.046256,
            53.41995
        ]
    },
    "2800S24007C": {
        "common_name": "Monk Road",
        "coordinates": [
            -3.042786,
            53.419566
        ]
    },
    "2800S24011B": {
        "common_name": "Croxteth Avenue",
        "coordinates": [
            -3.041557,
            53.418561
        ]
    },
    "2800S24011A": {
        "common_name": "Liscard Road",
        "coordinates": [
            -3.043018,
            53.41863
        ]
    },
    "2800S21043A": {
        "common_name": "Martins Lane",
        "coordinates": [
            -3.039879,
            53.417614
        ]
    },
    "2800S21043B": {
        "common_name": "Martins Lane",
        "coordinates": [
            -3.038932,
            53.417649
        ]
    },
    "2800S21042B": {
        "common_name": "Eaton Avenue",
        "coordinates": [
            -3.036408,
            53.417204
        ]
    },
    "2800S21041C": {
        "common_name": "Parkside",
        "coordinates": [
            -3.03116,
            53.416081
        ]
    },
    "2800S21042A": {
        "common_name": "Chatsworth Avenue",
        "coordinates": [
            -3.036102,
            53.416982
        ]
    },
    "2800S21041B": {
        "common_name": "Church Street",
        "coordinates": [
            -3.033245,
            53.41644
        ]
    },
    "2800S21040A": {
        "common_name": "Littledale Road",
        "coordinates": [
            -3.02867,
            53.414538
        ]
    },
    "2800S21029A": {
        "common_name": "Wheatland Lane",
        "coordinates": [
            -3.027679,
            53.412111
        ]
    },
    "2800S21040B": {
        "common_name": "Walshingham Road",
        "coordinates": [
            -3.028512,
            53.414225
        ]
    },
    "2800S21029C": {
        "common_name": "Bulkeley Road",
        "coordinates": [
            -3.028043,
            53.412233
        ]
    },
    "2800S21028B": {
        "common_name": "Hallville Road",
        "coordinates": [
            -3.032918,
            53.412281
        ]
    },
    "2800S21028A": {
        "common_name": "Karslake Road",
        "coordinates": [
            -3.031216,
            53.412188
        ]
    },
    "2800S21027B": {
        "common_name": "Eastcroft Road",
        "coordinates": [
            -3.037071,
            53.412308
        ]
    },
    "2800S21026A": {
        "common_name": "Ilford Avenue",
        "coordinates": [
            -3.039399,
            53.412135
        ]
    },
    "2800S21025D": {
        "common_name": "Poulton Road",
        "coordinates": [
            -3.043599,
            53.411622
        ]
    },
    "2800S21037B": {
        "common_name": "Gorsedale Road",
        "coordinates": [
            -3.041406,
            53.409313
        ]
    },
    "2800S21027C": {
        "common_name": "Canterbury Road",
        "coordinates": [
            -3.035442,
            53.412727
        ]
    },
    "2800S21026B": {
        "common_name": "Clifford Road",
        "coordinates": [
            -3.039178,
            53.412335
        ]
    },
    "2800S21025B": {
        "common_name": "Oxton Road",
        "coordinates": [
            -3.043284,
            53.412254
        ]
    },
    "2800S21037A": {
        "common_name": "Norwood Road",
        "coordinates": [
            -3.041567,
            53.409096
        ]
    },
    "2800S42034B": {
        "common_name": "Leeds Street",
        "coordinates": [
            -2.982449,
            53.415152
        ]
    },
    "2800S42034A": {
        "common_name": "Juvenal Street",
        "coordinates": [
            -2.981921,
            53.415714
        ]
    },
    "2800S42042C": {
        "common_name": "Hood street",
        "coordinates": [
            -2.983506,
            53.408141
        ]
    },
    "2800S42018A": {
        "common_name": "Crosshall Street",
        "coordinates": [
            -2.986214,
            53.408802
        ]
    },
    "2800S42029B": {
        "common_name": "The Metquarter",
        "coordinates": [
            -2.985441,
            53.407253
        ]
    },
    "2800S42022E": {
        "common_name": "Derby Square",
        "coordinates": [
            -2.98944,
            53.405189
        ]
    },
    "2800S42061D": {
        "common_name": "Castle Street",
        "coordinates": [
            -2.990215,
            53.40618
        ]
    },
    "2800S42061B": {
        "common_name": "North John Street",
        "coordinates": [
            -2.989123,
            53.406441
        ]
    }
}