{
    "2800S42029B": {
        "common_name": "The Metquarter",
        "coordinates": [
            -2.985441,
            53.407253
        ]
    },
    "2800S42061D": {
        "common_name": "Castle Street",
        "coordinates": [
            -2.990215,
            53.40618
        ]
    },
    "2800S42022E": {
        "common_name": "Derby Square",
        "coordinates": [
            -2.98944,
            53.405189
        ]
    },
    "2800S42070A": {
        "common_name": "Preston Street",
        "coordinates": [
            -2.984219,
            53.408387
        ]
    },
    "2800S42018A": {
        "common_name": "Crosshall Street",
        "coordinates": [
            -2.986214,
            53.408802
        ]
    },
    "2800S42042C": {
        "common_name": "Hood street",
        "coordinates": [
            -2.983506,
            53.408141
        ]
    },
    "2800S22010C": {
        "common_name": "Hinson Street",
        "coordinates": [
            -3.016026,
            53.391581
        ]
    },
    "2800S22043B": {
        "common_name": "Birkenhead Bus Station",
        "coordinates": [
            -3.022619,
            53.39121
        ]
    },
    "2800S22043D": {
        "common_name": "Birkenhead Bus Station",
        "coordinates": [
            -3.022814,
            53.391199
        ]
    },
    "2800S22043E": {
        "common_name": "Birkenhead Bus Station",
        "coordinates": [
            -3.022619,
            53.39121
        ]
    },
    "2800S22026B": {
        "common_name": "Parkfield Avenue",
        "coordinates": [
            -3.026627,
            53.392785
        ]
    },
    "2800S22007A": {
        "common_name": "Exmouth Street",
        "coordinates": [
            -3.028549,
            53.393316
        ]
    },
    "2800S22026A": {
        "common_name": "Clwyd Street",
        "coordinates": [
            -3.023922,
            53.39225
        ]
    },
    "2800S22007B": {
        "common_name": "Watson Street",
        "coordinates": [
            -3.028463,
            53.393497
        ]
    },
    "2800S22002B": {
        "common_name": "Park Road East",
        "coordinates": [
            -3.032759,
            53.39452
        ]
    },
    "2800S22001B": {
        "common_name": "Newling Street",
        "coordinates": [
            -3.035892,
            53.395365
        ]
    },
    "2800S22002A": {
        "common_name": "Trinity Street",
        "coordinates": [
            -3.033081,
            53.394769
        ]
    },
    "2800S22001A": {
        "common_name": "Livingtone Street",
        "coordinates": [
            -3.034746,
            53.39524
        ]
    },
    "2800S21093C": {
        "common_name": "Ashville Road",
        "coordinates": [
            -3.040647,
            53.396699
        ]
    },
    "2800S21054B": {
        "common_name": "Morley Avenue",
        "coordinates": [
            -3.043327,
            53.397422
        ]
    },
    "2800S21093A": {
        "common_name": "Asquith Avenue",
        "coordinates": [
            -3.040062,
            53.396749
        ]
    },
    "2800S21054A": {
        "common_name": "Morley Avenue",
        "coordinates": [
            -3.042863,
            53.397516
        ]
    },
    "2800S21053C": {
        "common_name": "Mallaby Street",
        "coordinates": [
            -3.048279,
            53.398808
        ]
    },
    "2800S21052C": {
        "common_name": "Bidston Avenue",
        "coordinates": [
            -3.051128,
            53.397264
        ]
    },
    "2800S21053B": {
        "common_name": "Brassey Street",
        "coordinates": [
            -3.048859,
            53.399162
        ]
    },
    "2800S21052B": {
        "common_name": "Bidston Avenue",
        "coordinates": [
            -3.051371,
            53.397342
        ]
    },
    "2800S21051B": {
        "common_name": "Shrewsbury Road",
        "coordinates": [
            -3.055828,
            53.395137
        ]
    },
    "2800S21051A": {
        "common_name": "Alderley Avenue",
        "coordinates": [
            -3.055431,
            53.3955
        ]
    },
    "2800S21085C": {
        "common_name": "Wilfred Owen Drive",
        "coordinates": [
            -3.063238,
            53.39437
        ]
    },
    "2800S21085B": {
        "common_name": "Foxglove Road",
        "coordinates": [
            -3.060035,
            53.394353
        ]
    },
    "2800S21085D": {
        "common_name": "Hill Road",
        "coordinates": [
            -3.062619,
            53.39424
        ]
    },
    "2800S21084B": {
        "common_name": "Boundary Road",
        "coordinates": [
            -3.065328,
            53.393722
        ]
    },
    "2800S21084A": {
        "common_name": "Boundary Road",
        "coordinates": [
            -3.065094,
            53.394012
        ]
    },
    "2800S21083B": {
        "common_name": "Noctorum Lane",
        "coordinates": [
            -3.071128,
            53.391737
        ]
    },
    "2800S25063A": {
        "common_name": "Coral Ridge",
        "coordinates": [
            -3.07488,
            53.392665
        ]
    },
    "2800S21083A": {
        "common_name": "Noctorum Lane",
        "coordinates": [
            -3.070521,
            53.39212
        ]
    },
    "2800S25063B": {
        "common_name": "Coral Ridge",
        "coordinates": [
            -3.074933,
            53.39298
        ]
    },
    "2800S25062B": {
        "common_name": "Wirral Way",
        "coordinates": [
            -3.079927,
            53.388871
        ]
    },
    "2800S25062A": {
        "common_name": "Warren Drive",
        "coordinates": [
            -3.079633,
            53.389126
        ]
    },
    "2800S25061B": {
        "common_name": "Noctorum Avenue",
        "coordinates": [
            -3.083405,
            53.387258
        ]
    },
    "2800S25061C": {
        "common_name": "Warren Drive",
        "coordinates": [
            -3.083128,
            53.387593
        ]
    },
    "2800S25060B": {
        "common_name": "Upton By-Pass",
        "coordinates": [
            -3.087729,
            53.385259
        ]
    },
    "2800S25059B": {
        "common_name": "Ford Drive",
        "coordinates": [
            -3.089729,
            53.384656
        ]
    },
    "2800S25060A": {
        "common_name": "Upton By-Pass",
        "coordinates": [
            -3.087075,
            53.385544
        ]
    },
    "2800S25059C": {
        "common_name": "Ford Drive",
        "coordinates": [
            -3.089391,
            53.384965
        ]
    },
    "2800S25004B": {
        "common_name": "Salacre Lane",
        "coordinates": [
            -3.097142,
            53.384696
        ]
    },
    "2800S25069A": {
        "common_name": "Frankby Grove",
        "coordinates": [
            -3.103103,
            53.38439
        ]
    },
    "2800S25114A": {
        "common_name": "Wroxham Drive",
        "coordinates": [
            -3.091871,
            53.384349
        ]
    },
    "2800S25004A": {
        "common_name": "Tinas Way",
        "coordinates": [
            -3.098005,
            53.38494
        ]
    },
    "2800S25069B": {
        "common_name": "Welton Avenue",
        "coordinates": [
            -3.103706,
            53.384447
        ]
    },
    "2800S25068A": {
        "common_name": "Cortsway",
        "coordinates": [
            -3.108716,
            53.382854
        ]
    },
    "2800S25067A": {
        "common_name": "Brookdale Avenue North",
        "coordinates": [
            -3.111361,
            53.381652
        ]
    },
    "2800S25068B": {
        "common_name": "Cortsway",
        "coordinates": [
            -3.108751,
            53.383025
        ]
    },
    "2800S25067B": {
        "common_name": "Broadway",
        "coordinates": [
            -3.111544,
            53.381749
        ]
    },
    "2800S25066B": {
        "common_name": "Norwood Road",
        "coordinates": [
            -3.1153,
            53.379944
        ]
    },
    "2800S25066A": {
        "common_name": "Wood Lane",
        "coordinates": [
            -3.113906,
            53.38064
        ]
    },
    "2800S26039A": {
        "common_name": "Macdonald Drive",
        "coordinates": [
            -3.120373,
            53.377307
        ]
    },
    "2800S26039B": {
        "common_name": "MacDonald Drive",
        "coordinates": [
            -3.121389,
            53.377091
        ]
    },
    "2800S26044C": {
        "common_name": "Eastcott Close",
        "coordinates": [
            -3.125187,
            53.376318
        ]
    },
    "2800S26013A": {
        "common_name": "Old Pump Lane",
        "coordinates": [
            -3.122367,
            53.377118
        ]
    },
    "2800S31015B": {
        "common_name": "Millcroft Park",
        "coordinates": [
            -3.130241,
            53.375308
        ]
    },
    "2800S31014A": {
        "common_name": "Frankby Green",
        "coordinates": [
            -3.136371,
            53.372347
        ]
    },
    "2800S26044B": {
        "common_name": "Hillcrest Drive",
        "coordinates": [
            -3.126955,
            53.376095
        ]
    },
    "2800S31015A": {
        "common_name": "Millcroft Park",
        "coordinates": [
            -3.130378,
            53.375343
        ]
    },
    "2800S31017B": {
        "common_name": "Frankby Stiles",
        "coordinates": [
            -3.143081,
            53.370916
        ]
    },
    "2800S31018A": {
        "common_name": "Newton Park Road",
        "coordinates": [
            -3.151043,
            53.371865
        ]
    },
    "2800S31016A": {
        "common_name": "St Johns Church",
        "coordinates": [
            -3.133353,
            53.374182
        ]
    },
    "2800S31014B": {
        "common_name": "Frankby Green",
        "coordinates": [
            -3.136492,
            53.372391
        ]
    },
    "2800S31017A": {
        "common_name": "Baytree Road",
        "coordinates": [
            -3.143623,
            53.370938
        ]
    },
    "2800S31011B": {
        "common_name": "Newton Cross Lane",
        "coordinates": [
            -3.153858,
            53.37315
        ]
    },
    "2800S31011A": {
        "common_name": "China Farm Lane",
        "coordinates": [
            -3.152114,
            53.372573
        ]
    },
    "2800S31010B": {
        "common_name": "Fulton Avenue",
        "coordinates": [
            -3.15903,
            53.374835
        ]
    },
    "2800S31010A": {
        "common_name": "Woodland Road",
        "coordinates": [
            -3.157771,
            53.374424
        ]
    },
    "2800S31009C": {
        "common_name": "Wirral Mount",
        "coordinates": [
            -3.163761,
            53.375813
        ]
    },
    "2800S31008C": {
        "common_name": "Black Horse Close",
        "coordinates": [
            -3.167875,
            53.377265
        ]
    },
    "2800S31009A": {
        "common_name": "Wirral Mount",
        "coordinates": [
            -3.16233,
            53.375683
        ]
    },
    "2800S31008B": {
        "common_name": "Black Horse Close",
        "coordinates": [
            -3.167063,
            53.376707
        ]
    },
    "2800S31007B": {
        "common_name": "Abbots Way",
        "coordinates": [
            -3.170208,
            53.378474
        ]
    },
    "2800S31006B": {
        "common_name": "Gresford Avenue",
        "coordinates": [
            -3.171582,
            53.378703
        ]
    },
    "2800S31007A": {
        "common_name": "Gilroy Road",
        "coordinates": [
            -3.168711,
            53.378165
        ]
    },
    "2800S31013A": {
        "common_name": "Broxton Avenue",
        "coordinates": [
            -3.174388,
            53.379053
        ]
    },
    "2800S31005B": {
        "common_name": "Birkett Road",
        "coordinates": [
            -3.178535,
            53.378976
        ]
    },
    "2800S31004B": {
        "common_name": "Jubilee Drive",
        "coordinates": [
            -3.181242,
            53.379004
        ]
    },
    "2800S31006A": {
        "common_name": "Gresford Avenue",
        "coordinates": [
            -3.171886,
            53.378835
        ]
    },
    "2800S31005A": {
        "common_name": "Grainger Avenue",
        "coordinates": [
            -3.177276,
            53.379106
        ]
    },
    "2800S31003A": {
        "common_name": "Redhouse Lane",
        "coordinates": [
            -3.182981,
            53.377755
        ]
    },
    "2800S31002B": {
        "common_name": "Bridge Road",
        "coordinates": [
            -3.182979,
            53.376047
        ]
    },
    "2800S31004A": {
        "common_name": "Jubilee Drive",
        "coordinates": [
            -3.180823,
            53.37908
        ]
    },
    "2800S31003B": {
        "common_name": "Redhouse Lane",
        "coordinates": [
            -3.183166,
            53.377924
        ]
    },
    "2800S31001A": {
        "common_name": "West Kirby Station",
        "coordinates": [
            -3.182893,
            53.372964
        ]
    },
    "2800S31002C": {
        "common_name": "Bridge Road",
        "coordinates": [
            -3.182979,
            53.374959
        ]
    },
    "2800S31062B": {
        "common_name": "Grange Road",
        "coordinates": [
            -3.181925,
            53.373837
        ]
    }
}