{
    "2800S60019C": {
        "common_name": "Rufford Road",
        "coordinates": [
            -2.948676,
            53.675532
        ]
    },
    "2800S60088A": {
        "common_name": "Glencoyne Drive",
        "coordinates": [
            -2.955834,
            53.67365
        ]
    },
    "2800S60019D": {
        "common_name": "Bridge Wills Lane",
        "coordinates": [
            -2.949929,
            53.67562
        ]
    },
    "2800S60089A": {
        "common_name": "Merepark Drive",
        "coordinates": [
            -2.958343,
            53.672821
        ]
    },
    "2800S60034A": {
        "common_name": "Fairhaven Road",
        "coordinates": [
            -2.961518,
            53.672013
        ]
    },
    "2800S60033A": {
        "common_name": "Fylde Road",
        "coordinates": [
            -2.965833,
            53.671376
        ]
    },
    "2800S60088B": {
        "common_name": "Glencoyne Drive",
        "coordinates": [
            -2.955628,
            53.673912
        ]
    },
    "2800S60034C": {
        "common_name": "Fairhaven Road",
        "coordinates": [
            -2.960604,
            53.672416
        ]
    },
    "2800S60122A": {
        "common_name": "Inskip Road",
        "coordinates": [
            -2.968679,
            53.672693
        ]
    },
    "2800S60032A": {
        "common_name": "Pilling Close",
        "coordinates": [
            -2.971598,
            53.672588
        ]
    },
    "2800S60035B": {
        "common_name": "Singleton Close",
        "coordinates": [
            -2.964413,
            53.671487
        ]
    },
    "2800S60031C": {
        "common_name": "Elswick Road",
        "coordinates": [
            -2.974555,
            53.671512
        ]
    },
    "2800S60030A": {
        "common_name": "Fylde Road",
        "coordinates": [
            -2.971936,
            53.668873
        ]
    },
    "2800S60029A": {
        "common_name": "Lytham Road",
        "coordinates": [
            -2.970649,
            53.667544
        ]
    },
    "2800S60028A": {
        "common_name": "Larkfield Lane",
        "coordinates": [
            -2.968299,
            53.665361
        ]
    },
    "2800S60027A": {
        "common_name": "Cambridge Road",
        "coordinates": [
            -2.966396,
            53.662905
        ]
    },
    "2800S60122B": {
        "common_name": "Hornby Road",
        "coordinates": [
            -2.96838,
            53.672884
        ]
    },
    "2800S60085A": {
        "common_name": "Preston New Road",
        "coordinates": [
            -2.966943,
            53.661696
        ]
    },
    "2800S60032B": {
        "common_name": "Pilling Close",
        "coordinates": [
            -2.970985,
            53.672935
        ]
    },
    "2800S60031A": {
        "common_name": "Preesall Close",
        "coordinates": [
            -2.973783,
            53.672157
        ]
    },
    "2800S60026A": {
        "common_name": "Bibby Road",
        "coordinates": [
            -2.97058,
            53.660561
        ]
    },
    "2800S60025A": {
        "common_name": "Emmanuel Road",
        "coordinates": [
            -2.974311,
            53.660261
        ]
    },
    "2800S60030B": {
        "common_name": "Fleetwood Road",
        "coordinates": [
            -2.973233,
            53.669995
        ]
    },
    "2800S60029B": {
        "common_name": "Lytham Road",
        "coordinates": [
            -2.971032,
            53.667712
        ]
    },
    "2800S60028B": {
        "common_name": "Bakers Lane",
        "coordinates": [
            -2.968244,
            53.664948
        ]
    },
    "2800S60027B": {
        "common_name": "Cambridge Road",
        "coordinates": [
            -2.966404,
            53.662581
        ]
    },
    "2800S60026B": {
        "common_name": "Cambridge Avenue",
        "coordinates": [
            -2.969981,
            53.660835
        ]
    },
    "2800S60024A": {
        "common_name": "Cockle Dicks Lane",
        "coordinates": [
            -2.977299,
            53.65994
        ]
    },
    "2800S60023B": {
        "common_name": "Allerton Road",
        "coordinates": [
            -2.982592,
            53.657191
        ]
    },
    "2800S60025B": {
        "common_name": "Emmanuel Road",
        "coordinates": [
            -2.973829,
            53.660399
        ]
    },
    "2800S60024B": {
        "common_name": "Cockle Dicks Lane",
        "coordinates": [
            -2.976881,
            53.660159
        ]
    },
    "2800S60023A": {
        "common_name": "Brunlees Court",
        "coordinates": [
            -2.980765,
            53.658635
        ]
    },
    "2800S60022A": {
        "common_name": "Park Avenue",
        "coordinates": [
            -2.984324,
            53.656179
        ]
    },
    "2800S60021A": {
        "common_name": "Park Road",
        "coordinates": [
            -2.988009,
            53.654558
        ]
    },
    "2800S60022B": {
        "common_name": "Morley Road",
        "coordinates": [
            -2.984864,
            53.655977
        ]
    },
    "2800S60021B": {
        "common_name": "Park Road",
        "coordinates": [
            -2.987846,
            53.654739
        ]
    },
    "2800S60020B": {
        "common_name": "Alexandra Road",
        "coordinates": [
            -2.993598,
            53.652255
        ]
    },
    "2800S60003E": {
        "common_name": "Manchester Road",
        "coordinates": [
            -2.997171,
            53.650428
        ]
    },
    "2800S60020A": {
        "common_name": "Alexandra Road",
        "coordinates": [
            -2.992631,
            53.652946
        ]
    },
    "2800S60036A": {
        "common_name": "Church Street",
        "coordinates": [
            -2.999206,
            53.649485
        ]
    },
    "2800S63005D": {
        "common_name": "Southport Station",
        "coordinates": [
            -3.002002,
            53.648086
        ]
    },
    "2800S60003C": {
        "common_name": "Walton Street",
        "coordinates": [
            -2.996236,
            53.651191
        ]
    },
    "2800S60036B": {
        "common_name": "Union Street",
        "coordinates": [
            -2.998074,
            53.650222
        ]
    },
    "2800S63005C": {
        "common_name": "Southport Station",
        "coordinates": [
            -3.002331,
            53.647922
        ]
    },
    "2800S63002I": {
        "common_name": "The Monument",
        "coordinates": [
            -3.005233,
            53.648419
        ]
    },
    "2800S63004B": {
        "common_name": "Chapel Street",
        "coordinates": [
            -3.005476,
            53.645945
        ]
    },
    "2800S63005B": {
        "common_name": "Southport Station",
        "coordinates": [
            -3.002322,
            53.648147
        ]
    },
    "2800S63002M": {
        "common_name": "Nevill Street",
        "coordinates": [
            -3.006521,
            53.647887
        ]
    },
    "2800S61034B": {
        "common_name": "Part Street",
        "coordinates": [
            -3.003176,
            53.643996
        ]
    },
    "2800S63004A": {
        "common_name": "Princes Street",
        "coordinates": [
            -3.00544,
            53.645684
        ]
    },
    "2800S61034A": {
        "common_name": "Yellowhouse Lane",
        "coordinates": [
            -3.003278,
            53.643833
        ]
    },
    "2800S61035B": {
        "common_name": "Eastbank Street",
        "coordinates": [
            -2.999365,
            53.642769
        ]
    },
    "2800S61063B": {
        "common_name": "Holland Close",
        "coordinates": [
            -2.996884,
            53.643401
        ]
    },
    "2800S61035A": {
        "common_name": "Scarisbrick New Road",
        "coordinates": [
            -3.000136,
            53.64208
        ]
    },
    "2800S61064B": {
        "common_name": "Hodson Street",
        "coordinates": [
            -2.993945,
            53.643219
        ]
    },
    "2800S61065A": {
        "common_name": "Rose Hill",
        "coordinates": [
            -2.989768,
            53.64248
        ]
    },
    "2800S61063A": {
        "common_name": "Arbour Street",
        "coordinates": [
            -2.99848,
            53.643073
        ]
    },
    "2800S61064A": {
        "common_name": "Hampton Road",
        "coordinates": [
            -2.993457,
            53.643043
        ]
    },
    "2800S61066B": {
        "common_name": "Lethbridge Road",
        "coordinates": [
            -2.986207,
            53.641539
        ]
    },
    "2800S61065C": {
        "common_name": "Ash Street",
        "coordinates": [
            -2.990998,
            53.642686
        ]
    },
    "2800S61065B": {
        "common_name": "Chambres Road",
        "coordinates": [
            -2.988107,
            53.641928
        ]
    },
    "2800S61067B": {
        "common_name": "Curzon Road",
        "coordinates": [
            -2.982541,
            53.640679
        ]
    },
    "2800S61085D": {
        "common_name": "Argameols Close",
        "coordinates": [
            -2.97158,
            53.636958
        ]
    },
    "2800S61066A": {
        "common_name": "Pilkington Road",
        "coordinates": [
            -2.985869,
            53.641344
        ]
    },
    "2800S61067A": {
        "common_name": "Beatty Road",
        "coordinates": [
            -2.981304,
            53.640168
        ]
    },
    "2800S61068C": {
        "common_name": "Haig Avenue",
        "coordinates": [
            -2.978154,
            53.639349
        ]
    },
    "2800S61087A": {
        "common_name": "Moels Cop Retail Park",
        "coordinates": [
            -2.970473,
            53.635519
        ]
    },
    "2800S61108A": {
        "common_name": "Scarisbrick New Road",
        "coordinates": [
            -2.971743,
            53.632866
        ]
    },
    "2800S61085A": {
        "common_name": "Haig Avenue",
        "coordinates": [
            -2.973188,
            53.639147
        ]
    },
    "2800S61059A": {
        "common_name": "Aintree Crescent",
        "coordinates": [
            -2.974001,
            53.633073
        ]
    },
    "2800S61085C": {
        "common_name": "Argameols Close",
        "coordinates": [
            -2.971934,
            53.637215
        ]
    },
    "2800S61087B": {
        "common_name": "Meols Cop Retail Park",
        "coordinates": [
            -2.970458,
            53.634171
        ]
    },
    "2800S61059B": {
        "common_name": "Folkestone Road",
        "coordinates": [
            -2.97364,
            53.633139
        ]
    },
    "2800S61060A": {
        "common_name": "Southport Hospital",
        "coordinates": [
            -2.977516,
            53.632694
        ]
    },
    "2800S61061B": {
        "common_name": "Althorpe Drive",
        "coordinates": [
            -2.98084,
            53.631893
        ]
    },
    "2800S61060B": {
        "common_name": "Southport Hospital",
        "coordinates": [
            -2.978286,
            53.632642
        ]
    },
    "2800S61061A": {
        "common_name": "Althorpe Drive",
        "coordinates": [
            -2.981685,
            53.631806
        ]
    },
    "2800S61062D": {
        "common_name": "Town Lane",
        "coordinates": [
            -2.983096,
            53.631354
        ]
    },
    "2800S61117B": {
        "common_name": "Wight Moss Way",
        "coordinates": [
            -2.988949,
            53.630074
        ]
    },
    "2800S61062C": {
        "common_name": "Town Lane",
        "coordinates": [
            -2.983956,
            53.631257
        ]
    },
    "2800S61106B": {
        "common_name": "Town Lane Kew",
        "coordinates": [
            -2.99165,
            53.629189
        ]
    },
    "2800S61043A": {
        "common_name": "Kew Road",
        "coordinates": [
            -3.002518,
            53.623885
        ]
    },
    "2800S61117A": {
        "common_name": "Wight Moss Way",
        "coordinates": [
            -2.988772,
            53.630264
        ]
    },
    "2800S61106A": {
        "common_name": "Benthams Way",
        "coordinates": [
            -2.993527,
            53.628625
        ]
    },
    "2800S61044B": {
        "common_name": "Lyndhurst Road",
        "coordinates": [
            -3.004241,
            53.622585
        ]
    },
    "2800S61086A": {
        "common_name": "Stamford Road",
        "coordinates": [
            -3.000345,
            53.625377
        ]
    },
    "2800S61044A": {
        "common_name": "Shaws Avenue",
        "coordinates": [
            -3.00469,
            53.622392
        ]
    },
    "2800S61045B": {
        "common_name": "Grantham Road",
        "coordinates": [
            -3.006538,
            53.620004
        ]
    },
    "2800S61046B": {
        "common_name": "No. 137",
        "coordinates": [
            -3.007963,
            53.617655
        ]
    },
    "2800S61045A": {
        "common_name": "Grantham Road",
        "coordinates": [
            -3.006647,
            53.620147
        ]
    },
    "2800S61046A": {
        "common_name": "No. 164",
        "coordinates": [
            -3.007867,
            53.618033
        ]
    },
    "2800S61047B": {
        "common_name": "Shaftesbury Avenue",
        "coordinates": [
            -3.010031,
            53.616226
        ]
    },
    "2800S61048B": {
        "common_name": "Central Avenue",
        "coordinates": [
            -3.012654,
            53.613399
        ]
    },
    "2800S61047A": {
        "common_name": "Halsall Road",
        "coordinates": [
            -3.01081,
            53.615959
        ]
    },
    "2800S61048A": {
        "common_name": "Central Avenue",
        "coordinates": [
            -3.012557,
            53.614407
        ]
    },
    "2800S61049C": {
        "common_name": "Guildford Road",
        "coordinates": [
            -3.015967,
            53.611007
        ]
    },
    "2800S62001A": {
        "common_name": "Philip Drive",
        "coordinates": [
            -3.021324,
            53.60813
        ]
    },
    "2800S61049A": {
        "common_name": "Carr Lane",
        "coordinates": [
            -3.01427,
            53.6121
        ]
    },
    "2800S62001B": {
        "common_name": "Nixons Lane",
        "coordinates": [
            -3.020479,
            53.609414
        ]
    },
    "2800S62002B": {
        "common_name": "Mary Avenue",
        "coordinates": [
            -3.025899,
            53.60543
        ]
    },
    "2800S62003B": {
        "common_name": "George Drive",
        "coordinates": [
            -3.02879,
            53.604363
        ]
    },
    "2800S62002A": {
        "common_name": "Mary Avenue",
        "coordinates": [
            -3.02531,
            53.606092
        ]
    },
    "2800S62003A": {
        "common_name": "Oakwood Avenue",
        "coordinates": [
            -3.028135,
            53.604782
        ]
    },
    "2800S62035A": {
        "common_name": "Mill Road",
        "coordinates": [
            -3.032402,
            53.603136
        ]
    },
    "2800S62022B": {
        "common_name": "Liverpool Road",
        "coordinates": [
            -3.033201,
            53.600568
        ]
    },
    "2800S62035B": {
        "common_name": "Liverpool Road",
        "coordinates": [
            -3.031893,
            53.603321
        ]
    },
    "2800S62023A": {
        "common_name": "Leamington Road",
        "coordinates": [
            -3.034086,
            53.599697
        ]
    },
    "2800S62023B": {
        "common_name": "Staveley Road",
        "coordinates": [
            -3.035089,
            53.598044
        ]
    },
    "2800S62024D": {
        "common_name": "Orchard Lane",
        "coordinates": [
            -3.037079,
            53.59604
        ]
    },
    "2800S62015B": {
        "common_name": "Meadow Lane",
        "coordinates": [
            -3.038889,
            53.591575
        ]
    },
    "2800S62024A": {
        "common_name": "Kenilworth Road",
        "coordinates": [
            -3.035904,
            53.597416
        ]
    },
    "2800S62032A": {
        "common_name": "Ainsdale Sports Club",
        "coordinates": [
            -3.038089,
            53.595321
        ]
    },
    "2800S62015C": {
        "common_name": "Pinfold Lane",
        "coordinates": [
            -3.039177,
            53.592228
        ]
    },
    "2800S62017B": {
        "common_name": "Woodvale Road",
        "coordinates": [
            -3.04003,
            53.589443
        ]
    },
    "2800S62017A": {
        "common_name": "Woodvale Road",
        "coordinates": [
            -3.040131,
            53.588643
        ]
    },
    "2800S64002B": {
        "common_name": "Deansgate Lane",
        "coordinates": [
            -3.051224,
            53.567494
        ]
    },
    "2800S64002A": {
        "common_name": "Deansgate Lane North",
        "coordinates": [
            -3.050133,
            53.567962
        ]
    },
    "2800S64003B": {
        "common_name": "Ryeground Lane",
        "coordinates": [
            -3.054069,
            53.566552
        ]
    },
    "2800S64004B": {
        "common_name": "New Road",
        "coordinates": [
            -3.057393,
            53.563574
        ]
    },
    "2800S64003A": {
        "common_name": "Paradise Lane",
        "coordinates": [
            -3.053924,
            53.566778
        ]
    },
    "2800S64004A": {
        "common_name": "Green Lane",
        "coordinates": [
            -3.057275,
            53.564906
        ]
    },
    "2800S64005B": {
        "common_name": "Cable Street",
        "coordinates": [
            -3.057796,
            53.560973
        ]
    },
    "2800S64006B": {
        "common_name": "Church Close",
        "coordinates": [
            -3.056462,
            53.557749
        ]
    },
    "2800S64007B": {
        "common_name": "Cross Green Close",
        "coordinates": [
            -3.057027,
            53.554355
        ]
    },
    "2800S64005A": {
        "common_name": "Formby Gardens",
        "coordinates": [
            -3.057934,
            53.561682
        ]
    },
    "2800S64006A": {
        "common_name": "School Lane",
        "coordinates": [
            -3.056739,
            53.557944
        ]
    },
    "2800S64038B": {
        "common_name": "Elbow Lane",
        "coordinates": [
            -3.062125,
            53.554184
        ]
    },
    "2800S64007A": {
        "common_name": "Three Tuns Lane",
        "coordinates": [
            -3.057243,
            53.55456
        ]
    },
    "2800S64008A": {
        "common_name": "Birkey Lane",
        "coordinates": [
            -3.056727,
            53.552039
        ]
    },
    "2800S64023A": {
        "common_name": "Liverpool Road",
        "coordinates": [
            -3.057151,
            53.550866
        ]
    },
    "2800S64022A": {
        "common_name": "Glendale Way",
        "coordinates": [
            -3.060961,
            53.551102
        ]
    },
    "2800S64028B": {
        "common_name": "Formby Station",
        "coordinates": [
            -3.06729,
            53.553689
        ]
    },
    "2800S64021A": {
        "common_name": "Kings Road",
        "coordinates": [
            -3.065373,
            53.551297
        ]
    },
    "2800S64034A": {
        "common_name": "Sefton Road",
        "coordinates": [
            -3.072936,
            53.551346
        ]
    },
    "2800S64019B": {
        "common_name": "Formby Station",
        "coordinates": [
            -3.071129,
            53.553295
        ]
    }
}