{
    "2800S42061A": {
        "common_name": "Union Court",
        "coordinates": [
            -2.989781,
            53.406292
        ]
    },
    "2800S42061D": {
        "common_name": "Castle Street",
        "coordinates": [
            -2.990215,
            53.40618
        ]
    },
    "2800S42029A": {
        "common_name": "Whitechapel",
        "coordinates": [
            -2.985149,
            53.406977
        ]
    },
    "2800S42022E": {
        "common_name": "Derby Square",
        "coordinates": [
            -2.98944,
            53.405189
        ]
    },
    "2800S42029C": {
        "common_name": "The Metquarter",
        "coordinates": [
            -2.985518,
            53.407325
        ]
    },
    "2800S42070A": {
        "common_name": "Preston Street",
        "coordinates": [
            -2.984219,
            53.408387
        ]
    },
    "2800S42018B": {
        "common_name": "Cumberland Street",
        "coordinates": [
            -2.987333,
            53.408388
        ]
    },
    "2800S42018A": {
        "common_name": "Crosshall Street",
        "coordinates": [
            -2.986214,
            53.408802
        ]
    },
    "2800S42042C": {
        "common_name": "Hood street",
        "coordinates": [
            -2.983506,
            53.408141
        ]
    },
    "2800S22010C": {
        "common_name": "Hinson Street",
        "coordinates": [
            -3.016026,
            53.391581
        ]
    },
    "2800S22043J": {
        "common_name": "Birkenhead Bus Station",
        "coordinates": [
            -3.022619,
            53.39121
        ]
    },
    "2800S22033H": {
        "common_name": "Catherine Street",
        "coordinates": [
            -3.029066,
            53.390417
        ]
    },
    "2800S22005C": {
        "common_name": "Grange Road",
        "coordinates": [
            -3.020064,
            53.39
        ]
    },
    "2800S20001D": {
        "common_name": "Clifton Crescent",
        "coordinates": [
            -3.022714,
            53.388917
        ]
    },
    "2800S22012C": {
        "common_name": "Shaw Street",
        "coordinates": [
            -3.032269,
            53.386102
        ]
    },
    "2800S22011A": {
        "common_name": "Whetstone Lane",
        "coordinates": [
            -3.029182,
            53.388376
        ]
    },
    "2800S22012A": {
        "common_name": "Carnforth Close",
        "coordinates": [
            -3.032745,
            53.385882
        ]
    },
    "2800S22013B": {
        "common_name": "Victoria Road",
        "coordinates": [
            -3.033336,
            53.382974
        ]
    },
    "2800S22014C": {
        "common_name": "Victoria Fields",
        "coordinates": [
            -3.032838,
            53.381657
        ]
    },
    "2800S20002E": {
        "common_name": "Clarence Road",
        "coordinates": [
            -3.033489,
            53.377489
        ]
    },
    "2800S22013A": {
        "common_name": "Briardale Road",
        "coordinates": [
            -3.033382,
            53.382371
        ]
    },
    "2800S22014B": {
        "common_name": "Elmswood Road",
        "coordinates": [
            -3.032944,
            53.381053
        ]
    },
    "2800S20026B": {
        "common_name": "South Road",
        "coordinates": [
            -3.032449,
            53.37552
        ]
    },
    "2800S20002B": {
        "common_name": "Merlin Road",
        "coordinates": [
            -3.034008,
            53.379049
        ]
    },
    "2800S20002A": {
        "common_name": "Singleton Avenue",
        "coordinates": [
            -3.03384,
            53.377711
        ]
    },
    "2800S20026A": {
        "common_name": "Prenton Road West",
        "coordinates": [
            -3.032421,
            53.374954
        ]
    },
    "2800S20027B": {
        "common_name": "Irvine Road",
        "coordinates": [
            -3.030269,
            53.371746
        ]
    },
    "2800S20027A": {
        "common_name": "Irvine Road",
        "coordinates": [
            -3.030665,
            53.371985
        ]
    },
    "2800S20028A": {
        "common_name": "Mount Road",
        "coordinates": [
            -3.02922,
            53.37002
        ]
    },
    "2800S20028D": {
        "common_name": "Mount Road",
        "coordinates": [
            -3.028171,
            53.368896
        ]
    },
    "2800S20032A": {
        "common_name": "The Wiend",
        "coordinates": [
            -3.02825,
            53.368419
        ]
    },
    "2800S20033A": {
        "common_name": "Brimstage Avenue",
        "coordinates": [
            -3.027361,
            53.36582
        ]
    },
    "2800S20033B": {
        "common_name": "Cavendish Drive",
        "coordinates": [
            -3.027159,
            53.366173
        ]
    },
    "2800S20034B": {
        "common_name": "Thornton Avenue",
        "coordinates": [
            -3.026662,
            53.363651
        ]
    },
    "2800S20035B": {
        "common_name": "Kings Lane",
        "coordinates": [
            -3.026366,
            53.361972
        ]
    },
    "2800S20036A": {
        "common_name": "Bentfield Gardens",
        "coordinates": [
            -3.025554,
            53.358186
        ]
    },
    "2800S20034A": {
        "common_name": "Thornton Avenue",
        "coordinates": [
            -3.026935,
            53.363729
        ]
    },
    "2800S20035A": {
        "common_name": "Broadway",
        "coordinates": [
            -3.026479,
            53.361019
        ]
    },
    "2800S20036B": {
        "common_name": "Bentfield Gardens",
        "coordinates": [
            -3.025891,
            53.358453
        ]
    },
    "2800S27016A": {
        "common_name": "Village Road",
        "coordinates": [
            -3.024864,
            53.35572
        ]
    },
    "2800S27016B": {
        "common_name": "Roland Avenue",
        "coordinates": [
            -3.024249,
            53.354503
        ]
    },
    "2800S27017B": {
        "common_name": "Waterfield Close",
        "coordinates": [
            -3.023232,
            53.352831
        ]
    },
    "2800S27017A": {
        "common_name": "Waterfield Close",
        "coordinates": [
            -3.023316,
            53.352587
        ]
    },
    "2800S27018B": {
        "common_name": "Gorseville Road",
        "coordinates": [
            -3.021895,
            53.350936
        ]
    },
    "2800S27019A": {
        "common_name": "Brackenwood Primary School",
        "coordinates": [
            -3.01778,
            53.349749
        ]
    },
    "2800S27018A": {
        "common_name": "Brackenwood Road",
        "coordinates": [
            -3.022337,
            53.351211
        ]
    },
    "2800S27019B": {
        "common_name": "Brackenwood Primary School",
        "coordinates": [
            -3.019011,
            53.349703
        ]
    },
    "2800S27020A": {
        "common_name": "Cross Lane",
        "coordinates": [
            -3.013229,
            53.349141
        ]
    },
    "2800S27021A": {
        "common_name": "Pulford Road",
        "coordinates": [
            -3.010227,
            53.349885
        ]
    },
    "2800S27020B": {
        "common_name": "Wirral Grammar School for Girls",
        "coordinates": [
            -3.015454,
            53.34923
        ]
    },
    "2800S27021B": {
        "common_name": "Abbots Drive",
        "coordinates": [
            -3.010446,
            53.349632
        ]
    },
    "2800S27002A": {
        "common_name": "The Village",
        "coordinates": [
            -3.00559,
            53.352019
        ]
    },
    "2800S27001A": {
        "common_name": "Barlow Avenue",
        "coordinates": [
            -3.004506,
            53.355093
        ]
    },
    "2800S27022A": {
        "common_name": "Sandringham Close",
        "coordinates": [
            -3.001421,
            53.358094
        ]
    },
    "2800S27002B": {
        "common_name": "The Grove",
        "coordinates": [
            -3.00499,
            53.352707
        ]
    },
    "2800S27001B": {
        "common_name": "Parkside Road",
        "coordinates": [
            -3.004707,
            53.354067
        ]
    },
    "2800S27023C": {
        "common_name": "Bebington Road",
        "coordinates": [
            -2.998928,
            53.359446
        ]
    },
    "2800S27030B": {
        "common_name": "Legh Road",
        "coordinates": [
            -2.99721,
            53.360521
        ]
    },
    "2800S27022B": {
        "common_name": "Brook Street",
        "coordinates": [
            -3.001917,
            53.357479
        ]
    },
    "2800S27024B": {
        "common_name": "Salisbury Drive",
        "coordinates": [
            -2.996283,
            53.361994
        ]
    },
    "2800S27025B": {
        "common_name": "Woodford Road",
        "coordinates": [
            -2.994259,
            53.363503
        ]
    },
    "2800S27023A": {
        "common_name": "Boundary Road",
        "coordinates": [
            -2.999552,
            53.359153
        ]
    },
    "2800S27026A": {
        "common_name": "Pollitt Square",
        "coordinates": [
            -2.992013,
            53.362533
        ]
    },
    "2800S27030C": {
        "common_name": "Circular Drive",
        "coordinates": [
            -2.99731,
            53.359028
        ]
    },
    "2800S27024A": {
        "common_name": "Salisbury Drive",
        "coordinates": [
            -2.996307,
            53.361742
        ]
    },
    "2800S27025A": {
        "common_name": "Woodford Road",
        "coordinates": [
            -2.99421,
            53.363305
        ]
    }
}