{
    "2800S60056B": {
        "common_name": "Cobden Road",
        "coordinates": [
            -2.96302,
            53.644955
        ]
    },
    "2800S60053A": {
        "common_name": "Cobden Road",
        "coordinates": [
            -2.968126,
            53.644608
        ]
    },
    "2800S60052A": {
        "common_name": "Milton Street",
        "coordinates": [
            -2.969279,
            53.646729
        ]
    },
    "2800S60041B": {
        "common_name": "Wennington Road",
        "coordinates": [
            -2.972528,
            53.647251
        ]
    },
    "2800S60055A": {
        "common_name": "Crowland Close",
        "coordinates": [
            -2.963562,
            53.642146
        ]
    },
    "2800S60042B": {
        "common_name": "Meols Cop Station",
        "coordinates": [
            -2.975999,
            53.645578
        ]
    },
    "2800S60054A": {
        "common_name": "Crowland Street",
        "coordinates": [
            -2.966632,
            53.64213
        ]
    },
    "2800S60052B": {
        "common_name": "Milton Street",
        "coordinates": [
            -2.968765,
            53.646086
        ]
    },
    "2800S60096B": {
        "common_name": "Cypress Road",
        "coordinates": [
            -2.9752,
            53.643723
        ]
    },
    "2800S60041A": {
        "common_name": "Wennington Road",
        "coordinates": [
            -2.971433,
            53.647664
        ]
    },
    "2800S60042C": {
        "common_name": "Meols Cop Station",
        "coordinates": [
            -2.975467,
            53.646786
        ]
    },
    "2800S60058A": {
        "common_name": "Norwood Road",
        "coordinates": [
            -2.976059,
            53.642287
        ]
    },
    "2800S60059A": {
        "common_name": "Larch Street",
        "coordinates": [
            -2.97915,
            53.643143
        ]
    },
    "2800S60096A": {
        "common_name": "Meols Cop Station",
        "coordinates": [
            -2.976085,
            53.645388
        ]
    },
    "2800S60058B": {
        "common_name": "Fir Street",
        "coordinates": [
            -2.976794,
            53.642668
        ]
    },
    "2800S60059B": {
        "common_name": "Oak Street",
        "coordinates": [
            -2.97955,
            53.643445
        ]
    },
    "2800S60051A": {
        "common_name": "Lime Street",
        "coordinates": [
            -2.983138,
            53.644225
        ]
    },
    "2800S60050A": {
        "common_name": "St Lukes Road",
        "coordinates": [
            -2.987934,
            53.645525
        ]
    },
    "2800S60051B": {
        "common_name": "Tithebarn Road",
        "coordinates": [
            -2.98369,
            53.644535
        ]
    },
    "2800S60049A": {
        "common_name": "Zetland Street",
        "coordinates": [
            -2.991557,
            53.646501
        ]
    },
    "2800S60048A": {
        "common_name": "Hall Street",
        "coordinates": [
            -2.993414,
            53.647007
        ]
    },
    "2800S60050B": {
        "common_name": "St Lukes Road",
        "coordinates": [
            -2.986931,
            53.645353
        ]
    },
    "2800S60049B": {
        "common_name": "Zetland Street",
        "coordinates": [
            -2.990417,
            53.646286
        ]
    },
    "2800S60097A": {
        "common_name": "Sussex Road",
        "coordinates": [
            -2.995445,
            53.647143
        ]
    },
    "2800S60048B": {
        "common_name": "Ashley Road",
        "coordinates": [
            -2.993554,
            53.647159
        ]
    },
    "2800S60093B": {
        "common_name": "London Street",
        "coordinates": [
            -2.998025,
            53.646205
        ]
    },
    "2800S60093A": {
        "common_name": "Kensington Road",
        "coordinates": [
            -2.997902,
            53.646125
        ]
    },
    "2800S63902A": {
        "common_name": "Southport Station",
        "coordinates": [
            -3.003636,
            53.648091
        ]
    },
    "2800S63903A": {
        "common_name": "Southport Station",
        "coordinates": [
            -3.001461,
            53.646958
        ]
    },
    "2800S63002I": {
        "common_name": "The Monument",
        "coordinates": [
            -3.005233,
            53.648419
        ]
    },
    "2800S63004B": {
        "common_name": "Chapel Street",
        "coordinates": [
            -3.005476,
            53.645945
        ]
    },
    "2800S61034B": {
        "common_name": "Part Street",
        "coordinates": [
            -3.003176,
            53.643996
        ]
    },
    "2800S63002M": {
        "common_name": "Nevill Street",
        "coordinates": [
            -3.006521,
            53.647887
        ]
    },
    "2800S63004A": {
        "common_name": "Princes Street",
        "coordinates": [
            -3.00544,
            53.645684
        ]
    },
    "2800S61034A": {
        "common_name": "Yellowhouse Lane",
        "coordinates": [
            -3.003278,
            53.643833
        ]
    },
    "2800S61035E": {
        "common_name": "Southbank Road",
        "coordinates": [
            -3.001359,
            53.641377
        ]
    },
    "2800S61036B": {
        "common_name": "Duke Street",
        "coordinates": [
            -3.005102,
            53.639099
        ]
    },
    "2800S61035F": {
        "common_name": "Eastbank Street",
        "coordinates": [
            -3.001302,
            53.641521
        ]
    },
    "2800S61036A": {
        "common_name": "Duke Street",
        "coordinates": [
            -3.004973,
            53.639387
        ]
    },
    "2800S61037B": {
        "common_name": "Sefton Street",
        "coordinates": [
            -3.002685,
            53.636701
        ]
    },
    "2800S61038C": {
        "common_name": "Hampton Road",
        "coordinates": [
            -3.001148,
            53.635644
        ]
    },
    "2800S61037A": {
        "common_name": "Sefton Street",
        "coordinates": [
            -3.003452,
            53.637153
        ]
    },
    "2800S61039B": {
        "common_name": "Warwick Street",
        "coordinates": [
            -3.003676,
            53.633214
        ]
    },
    "2800S61040A": {
        "common_name": "Viking Close",
        "coordinates": [
            -3.006395,
            53.631789
        ]
    },
    "2800S61038A": {
        "common_name": "Boundary Street",
        "coordinates": [
            -3.001487,
            53.634653
        ]
    },
    "2800S61039A": {
        "common_name": "Upper Aughton Road",
        "coordinates": [
            -3.003261,
            53.633559
        ]
    },
    "2800S61040B": {
        "common_name": "Vaughan Road",
        "coordinates": [
            -3.00601,
            53.632152
        ]
    },
    "2800S61041A": {
        "common_name": "Brighton Road",
        "coordinates": [
            -3.007828,
            53.629746
        ]
    },
    "2800S61041B": {
        "common_name": "Eastbourne Road",
        "coordinates": [
            -3.00791,
            53.630023
        ]
    },
    "2800S61042B": {
        "common_name": "Bedford Road",
        "coordinates": [
            -3.004807,
            53.62605
        ]
    },
    "2800S61042A": {
        "common_name": "Bedford Road",
        "coordinates": [
            -3.005468,
            53.626529
        ]
    },
    "2800S61043B": {
        "common_name": "Guildford Road",
        "coordinates": [
            -3.002319,
            53.624417
        ]
    },
    "2800S61043A": {
        "common_name": "Kew Road",
        "coordinates": [
            -3.002518,
            53.623885
        ]
    },
    "2800S61044B": {
        "common_name": "Lyndhurst Road",
        "coordinates": [
            -3.004241,
            53.622585
        ]
    },
    "2800S61045B": {
        "common_name": "Grantham Road",
        "coordinates": [
            -3.006538,
            53.620004
        ]
    },
    "2800S61044A": {
        "common_name": "Shaws Avenue",
        "coordinates": [
            -3.00469,
            53.622392
        ]
    },
    "2800S61045A": {
        "common_name": "Grantham Road",
        "coordinates": [
            -3.006647,
            53.620147
        ]
    },
    "2800S61046B": {
        "common_name": "No. 137",
        "coordinates": [
            -3.007963,
            53.617655
        ]
    },
    "2800S61047B": {
        "common_name": "Shaftesbury Avenue",
        "coordinates": [
            -3.010031,
            53.616226
        ]
    },
    "2800S61046A": {
        "common_name": "No. 164",
        "coordinates": [
            -3.007867,
            53.618033
        ]
    },
    "2800S61047A": {
        "common_name": "Halsall Road",
        "coordinates": [
            -3.01081,
            53.615959
        ]
    },
    "2800S61048B": {
        "common_name": "Central Avenue",
        "coordinates": [
            -3.012654,
            53.613399
        ]
    },
    "2800S61049B": {
        "common_name": "Heathfield Road",
        "coordinates": [
            -3.016803,
            53.611809
        ]
    },
    "2800S62041A": {
        "common_name": "Leybourne Avenue",
        "coordinates": [
            -3.019644,
            53.612432
        ]
    },
    "2800S61048A": {
        "common_name": "Central Avenue",
        "coordinates": [
            -3.012557,
            53.614407
        ]
    },
    "2800S61049A": {
        "common_name": "Carr Lane",
        "coordinates": [
            -3.01427,
            53.6121
        ]
    },
    "2800S62041B": {
        "common_name": "Leybourne Avenue",
        "coordinates": [
            -3.017521,
            53.612136
        ]
    }
}