{
    "2800S60056B": {
        "common_name": "Cobden Road",
        "coordinates": [
            -2.96302,
            53.644955
        ]
    },
    "2800S60055A": {
        "common_name": "Crowland Close",
        "coordinates": [
            -2.963562,
            53.642146
        ]
    },
    "2800S60054A": {
        "common_name": "Crowland Street",
        "coordinates": [
            -2.966632,
            53.64213
        ]
    },
    "2800S60052B": {
        "common_name": "Milton Street",
        "coordinates": [
            -2.968765,
            53.646086
        ]
    },
    "2800S60041A": {
        "common_name": "Wennington Road",
        "coordinates": [
            -2.971433,
            53.647664
        ]
    },
    "2800S60042C": {
        "common_name": "Meols Cop Station",
        "coordinates": [
            -2.975467,
            53.646786
        ]
    },
    "2800S60096A": {
        "common_name": "Meols Cop Station",
        "coordinates": [
            -2.976085,
            53.645388
        ]
    },
    "2800S60058B": {
        "common_name": "Fir Street",
        "coordinates": [
            -2.976794,
            53.642668
        ]
    },
    "2800S60059B": {
        "common_name": "Oak Street",
        "coordinates": [
            -2.97955,
            53.643445
        ]
    },
    "2800S60051B": {
        "common_name": "Tithebarn Road",
        "coordinates": [
            -2.98369,
            53.644535
        ]
    },
    "2800S60050B": {
        "common_name": "St Lukes Road",
        "coordinates": [
            -2.986931,
            53.645353
        ]
    },
    "2800S60049B": {
        "common_name": "Zetland Street",
        "coordinates": [
            -2.990417,
            53.646286
        ]
    },
    "2800S60048B": {
        "common_name": "Ashley Road",
        "coordinates": [
            -2.993554,
            53.647159
        ]
    },
    "2800S60093B": {
        "common_name": "London Street",
        "coordinates": [
            -2.998025,
            53.646205
        ]
    },
    "2800S63903A": {
        "common_name": "Southport Station",
        "coordinates": [
            -3.001461,
            53.646958
        ]
    },
    "2800S63002M": {
        "common_name": "Nevill Street",
        "coordinates": [
            -3.006521,
            53.647887
        ]
    },
    "2800S63004A": {
        "common_name": "Princes Street",
        "coordinates": [
            -3.00544,
            53.645684
        ]
    },
    "2800S61034A": {
        "common_name": "Yellowhouse Lane",
        "coordinates": [
            -3.003278,
            53.643833
        ]
    },
    "2800S61035D": {
        "common_name": "Linaker Street",
        "coordinates": [
            -2.999898,
            53.641641
        ]
    },
    "2800S61052A": {
        "common_name": "Hampton Road",
        "coordinates": [
            -2.996214,
            53.64062
        ]
    },
    "2800S61051A": {
        "common_name": "Ash Street",
        "coordinates": [
            -2.993823,
            53.639948
        ]
    },
    "2800S61053A": {
        "common_name": "Cumberland Road",
        "coordinates": [
            -2.990565,
            53.639022
        ]
    },
    "2800S61054A": {
        "common_name": "Falkland Road",
        "coordinates": [
            -2.986987,
            53.638018
        ]
    },
    "2800S61055A": {
        "common_name": "Everard Road",
        "coordinates": [
            -2.983804,
            53.637109
        ]
    },
    "2800S61056A": {
        "common_name": "Ashdown Close",
        "coordinates": [
            -2.979266,
            53.63578
        ]
    },
    "2800S61057A": {
        "common_name": "No. 220",
        "coordinates": [
            -2.974594,
            53.634506
        ]
    },
    "2800S61058A": {
        "common_name": "Town Lane Kew",
        "coordinates": [
            -2.971412,
            53.63357
        ]
    },
    "2800S61059B": {
        "common_name": "Folkestone Road",
        "coordinates": [
            -2.97364,
            53.633139
        ]
    },
    "2800S61060B": {
        "common_name": "Southport Hospital",
        "coordinates": [
            -2.978286,
            53.632642
        ]
    },
    "2800S61061A": {
        "common_name": "Althorpe Drive",
        "coordinates": [
            -2.981685,
            53.631806
        ]
    },
    "2800S61062C": {
        "common_name": "Town Lane",
        "coordinates": [
            -2.983956,
            53.631257
        ]
    },
    "2800S61092B": {
        "common_name": "Loxley Road",
        "coordinates": [
            -2.98662,
            53.633967
        ]
    },
    "2800S61069B": {
        "common_name": "Falkland Road",
        "coordinates": [
            -2.989276,
            53.635671
        ]
    },
    "2800S61050B": {
        "common_name": "Portland Street",
        "coordinates": [
            -2.996518,
            53.637508
        ]
    },
    "2800S61038A": {
        "common_name": "Boundary Street",
        "coordinates": [
            -3.001487,
            53.634653
        ]
    },
    "2800S61039A": {
        "common_name": "Upper Aughton Road",
        "coordinates": [
            -3.003261,
            53.633559
        ]
    },
    "2800S61040B": {
        "common_name": "Vaughan Road",
        "coordinates": [
            -3.00601,
            53.632152
        ]
    },
    "2800S61041A": {
        "common_name": "Brighton Road",
        "coordinates": [
            -3.007828,
            53.629746
        ]
    },
    "2800S61042A": {
        "common_name": "Bedford Road",
        "coordinates": [
            -3.005468,
            53.626529
        ]
    },
    "2800S61043B": {
        "common_name": "Guildford Road",
        "coordinates": [
            -3.002319,
            53.624417
        ]
    },
    "2800S61044A": {
        "common_name": "Shaws Avenue",
        "coordinates": [
            -3.00469,
            53.622392
        ]
    },
    "2800S61045A": {
        "common_name": "Grantham Road",
        "coordinates": [
            -3.006647,
            53.620147
        ]
    },
    "2800S61046A": {
        "common_name": "No. 164",
        "coordinates": [
            -3.007867,
            53.618033
        ]
    },
    "2800S61047A": {
        "common_name": "Halsall Road",
        "coordinates": [
            -3.01081,
            53.615959
        ]
    },
    "2800S61048A": {
        "common_name": "Central Avenue",
        "coordinates": [
            -3.012557,
            53.614407
        ]
    },
    "2800S61049A": {
        "common_name": "Carr Lane",
        "coordinates": [
            -3.01427,
            53.6121
        ]
    },
    "2800S62001B": {
        "common_name": "Nixons Lane",
        "coordinates": [
            -3.020479,
            53.609414
        ]
    },
    "2800S62002A": {
        "common_name": "Mary Avenue",
        "coordinates": [
            -3.02531,
            53.606092
        ]
    },
    "2800S62003A": {
        "common_name": "Oakwood Avenue",
        "coordinates": [
            -3.028135,
            53.604782
        ]
    },
    "2800S62035B": {
        "common_name": "Liverpool Road",
        "coordinates": [
            -3.031893,
            53.603321
        ]
    },
    "2800S62023A": {
        "common_name": "Leamington Road",
        "coordinates": [
            -3.034086,
            53.599697
        ]
    },
    "2800S62024A": {
        "common_name": "Kenilworth Road",
        "coordinates": [
            -3.035904,
            53.597416
        ]
    },
    "2800S62032A": {
        "common_name": "Ainsdale Sports Club",
        "coordinates": [
            -3.038089,
            53.595321
        ]
    },
    "2800S62015C": {
        "common_name": "Pinfold Lane",
        "coordinates": [
            -3.039177,
            53.592228
        ]
    },
    "2800S62017B": {
        "common_name": "Woodvale Road",
        "coordinates": [
            -3.04003,
            53.589443
        ]
    },
    "2800S64002A": {
        "common_name": "Deansgate Lane North",
        "coordinates": [
            -3.050133,
            53.567962
        ]
    },
    "2800S64003A": {
        "common_name": "Paradise Lane",
        "coordinates": [
            -3.053924,
            53.566778
        ]
    },
    "2800S64004A": {
        "common_name": "Green Lane",
        "coordinates": [
            -3.057275,
            53.564906
        ]
    },
    "2800S64005A": {
        "common_name": "Formby Gardens",
        "coordinates": [
            -3.057934,
            53.561682
        ]
    },
    "2800S64006A": {
        "common_name": "School Lane",
        "coordinates": [
            -3.056739,
            53.557944
        ]
    },
    "2800S64007A": {
        "common_name": "Three Tuns Lane",
        "coordinates": [
            -3.057243,
            53.55456
        ]
    },
    "2800S64008A": {
        "common_name": "Birkey Lane",
        "coordinates": [
            -3.056727,
            53.552039
        ]
    },
    "2800S64009A": {
        "common_name": "Kent Road",
        "coordinates": [
            -3.055091,
            53.549357
        ]
    },
    "2800S64010A": {
        "common_name": "Lighthouse Lane",
        "coordinates": [
            -3.054916,
            53.547192
        ]
    }
}