{
    "2800S29001B": {
        "common_name": "Heswall Bus Station",
        "coordinates": [
            -3.097554,
            53.328214
        ]
    },
    "2800S29001D": {
        "common_name": "Heswall Bus Station",
        "coordinates": [
            -3.097836,
            53.328104
        ]
    },
    "2800S30010B": {
        "common_name": "Tesco",
        "coordinates": [
            -3.101212,
            53.329151
        ]
    },
    "2800S30009C": {
        "common_name": "Thurstaston Road",
        "coordinates": [
            -3.106787,
            53.332812
        ]
    },
    "2800S30011A": {
        "common_name": "Tower Road North",
        "coordinates": [
            -3.104364,
            53.334947
        ]
    },
    "2800S30055A": {
        "common_name": "Grange Road",
        "coordinates": [
            -3.101844,
            53.336211
        ]
    },
    "2800S30013B": {
        "common_name": "Quarry Road East",
        "coordinates": [
            -3.100824,
            53.336849
        ]
    },
    "2800S30010A": {
        "common_name": "Tesco",
        "coordinates": [
            -3.101459,
            53.329446
        ]
    },
    "2800S30009B": {
        "common_name": "Thurstaston Road",
        "coordinates": [
            -3.106454,
            53.332725
        ]
    },
    "2800S30012B": {
        "common_name": "Belldene Grove",
        "coordinates": [
            -3.104878,
            53.337963
        ]
    },
    "2800S30014B": {
        "common_name": "Kylemore Drive",
        "coordinates": [
            -3.109135,
            53.339946
        ]
    },
    "2800S30011B": {
        "common_name": "Tower Road North",
        "coordinates": [
            -3.104167,
            53.334841
        ]
    },
    "2800S30013A": {
        "common_name": "Richmond Way",
        "coordinates": [
            -3.101115,
            53.337071
        ]
    },
    "2800S30015A": {
        "common_name": "Fishers Lane",
        "coordinates": [
            -3.110751,
            53.342618
        ]
    },
    "2800S30016B": {
        "common_name": "Bridgenorth Road",
        "coordinates": [
            -3.112384,
            53.344185
        ]
    },
    "2800S30012A": {
        "common_name": "Pensall Drive",
        "coordinates": [
            -3.103339,
            53.337689
        ]
    },
    "2800S30014A": {
        "common_name": "Kylemore Drive",
        "coordinates": [
            -3.109096,
            53.340198
        ]
    },
    "2800S30017B": {
        "common_name": "Backford Road",
        "coordinates": [
            -3.117447,
            53.349379
        ]
    },
    "2800S30015B": {
        "common_name": "Fishers Lane",
        "coordinates": [
            -3.110181,
            53.342084
        ]
    },
    "2800S30016A": {
        "common_name": "Somerset Road",
        "coordinates": [
            -3.112636,
            53.344623
        ]
    },
    "2800S30017A": {
        "common_name": "Woodlands Road",
        "coordinates": [
            -3.117001,
            53.348987
        ]
    },
    "2800S30002D": {
        "common_name": "Thurstaston Road",
        "coordinates": [
            -3.119304,
            53.35204
        ]
    },
    "2800S30002B": {
        "common_name": "Thingwall Road",
        "coordinates": [
            -3.11894,
            53.351315
        ]
    },
    "2800S30001B": {
        "common_name": "Mill Hill Road",
        "coordinates": [
            -3.118169,
            53.352293
        ]
    },
    "2800S26033B": {
        "common_name": "Coombe Road",
        "coordinates": [
            -3.113024,
            53.353771
        ]
    },
    "2800S30001A": {
        "common_name": "Roslin Road",
        "coordinates": [
            -3.11658,
            53.353
        ]
    },
    "2800S26033A": {
        "common_name": "Coombe Road",
        "coordinates": [
            -3.11151,
            53.354468
        ]
    },
    "2800S26032A": {
        "common_name": "Glenwood Drive",
        "coordinates": [
            -3.107926,
            53.355301
        ]
    },
    "2800S26031A": {
        "common_name": "Whaley Lane",
        "coordinates": [
            -3.103106,
            53.356002
        ]
    },
    "2800S26032B": {
        "common_name": "Glenwood Drive",
        "coordinates": [
            -3.107114,
            53.355273
        ]
    },
    "2800S26031B": {
        "common_name": "Whaley Lane",
        "coordinates": [
            -3.101696,
            53.356114
        ]
    },
    "2800S26030A": {
        "common_name": "Thingwall Drive",
        "coordinates": [
            -3.097297,
            53.356802
        ]
    },
    "2800S26029D": {
        "common_name": "Arrowe Park Road",
        "coordinates": [
            -3.089512,
            53.358491
        ]
    },
    "2800S26030B": {
        "common_name": "Heywood Boulevard",
        "coordinates": [
            -3.096217,
            53.356875
        ]
    },
    "2800S26029C": {
        "common_name": "Barnston Road",
        "coordinates": [
            -3.089328,
            53.358358
        ]
    },
    "2800S26014A": {
        "common_name": "Landican Cemetery",
        "coordinates": [
            -3.089303,
            53.366233
        ]
    },
    "2800S26042A": {
        "common_name": "Internal Grounds",
        "coordinates": [
            -3.094347,
            53.370097
        ]
    },
    "2800S26014B": {
        "common_name": "Landican Cemetery",
        "coordinates": [
            -3.089101,
            53.365965
        ]
    },
    "2800S26007B": {
        "common_name": "Arrowe Park Road",
        "coordinates": [
            -3.086845,
            53.369419
        ]
    },
    "2800S26007A": {
        "common_name": "Church Lane",
        "coordinates": [
            -3.087341,
            53.369424
        ]
    },
    "2800S26006A": {
        "common_name": "Ackers Road",
        "coordinates": [
            -3.081043,
            53.370596
        ]
    },
    "2800S26006B": {
        "common_name": "Ackers Road",
        "coordinates": [
            -3.081295,
            53.370476
        ]
    },
    "2800S26004A": {
        "common_name": "Palmwood Close",
        "coordinates": [
            -3.065331,
            53.370368
        ]
    },
    "2800S26003A": {
        "common_name": "Prenton Dell Road",
        "coordinates": [
            -3.06188,
            53.370624
        ]
    },
    "2800S26004B": {
        "common_name": "Palmwood Close",
        "coordinates": [
            -3.066364,
            53.370224
        ]
    },
    "2800S26003B": {
        "common_name": "Ennerdale Road",
        "coordinates": [
            -3.062954,
            53.370309
        ]
    },
    "2800S26002A": {
        "common_name": "Holm Lane",
        "coordinates": [
            -3.0579,
            53.371936
        ]
    },
    "2800S26001A": {
        "common_name": "Dovedale Close",
        "coordinates": [
            -3.053664,
            53.372656
        ]
    },
    "2800S20006A": {
        "common_name": "Osmaston Road",
        "coordinates": [
            -3.048767,
            53.373392
        ]
    },
    "2800S26002B": {
        "common_name": "Grainger Avenue",
        "coordinates": [
            -3.059149,
            53.371412
        ]
    },
    "2800S26001B": {
        "common_name": "Dovedale Close",
        "coordinates": [
            -3.054378,
            53.372371
        ]
    },
    "2800S20005A": {
        "common_name": "Curzon Road",
        "coordinates": [
            -3.045319,
            53.373772
        ]
    },
    "2800S20006B": {
        "common_name": "Osmaston Road",
        "coordinates": [
            -3.049916,
            53.373067
        ]
    },
    "2800S20005B": {
        "common_name": "Cambridge Road",
        "coordinates": [
            -3.04644,
            53.373502
        ]
    },
    "2800S20004E": {
        "common_name": "Storeton Road",
        "coordinates": [
            -3.043025,
            53.374026
        ]
    },
    "2800S20003A": {
        "common_name": "Moss Lane",
        "coordinates": [
            -3.040144,
            53.374824
        ]
    },
    "2800S20004B": {
        "common_name": "Elm Road North",
        "coordinates": [
            -3.04365,
            53.373751
        ]
    },
    "2800S20037A": {
        "common_name": "Highpark Road",
        "coordinates": [
            -3.036668,
            53.376554
        ]
    },
    "2800S20002B": {
        "common_name": "Merlin Road",
        "coordinates": [
            -3.034008,
            53.379049
        ]
    },
    "2800S20003C": {
        "common_name": "Highpark Road",
        "coordinates": [
            -3.037641,
            53.375754
        ]
    },
    "2800S20002D": {
        "common_name": "Highgreen Road",
        "coordinates": [
            -3.034744,
            53.377784
        ]
    },
    "2800S22014B": {
        "common_name": "Elmswood Road",
        "coordinates": [
            -3.032944,
            53.381053
        ]
    },
    "2800S22013A": {
        "common_name": "Briardale Road",
        "coordinates": [
            -3.033382,
            53.382371
        ]
    },
    "2800S22014C": {
        "common_name": "Victoria Fields",
        "coordinates": [
            -3.032838,
            53.381657
        ]
    },
    "2800S22012A": {
        "common_name": "Carnforth Close",
        "coordinates": [
            -3.032745,
            53.385882
        ]
    },
    "2800S22011A": {
        "common_name": "Whetstone Lane",
        "coordinates": [
            -3.029182,
            53.388376
        ]
    },
    "2800S22013B": {
        "common_name": "Victoria Road",
        "coordinates": [
            -3.033336,
            53.382974
        ]
    },
    "2800S22012C": {
        "common_name": "Shaw Street",
        "coordinates": [
            -3.032269,
            53.386102
        ]
    },
    "2800S20001D": {
        "common_name": "Clifton Crescent",
        "coordinates": [
            -3.022714,
            53.388917
        ]
    },
    "2800S22005C": {
        "common_name": "Grange Road",
        "coordinates": [
            -3.020064,
            53.39
        ]
    },
    "2800S22033G": {
        "common_name": "Catherine Street",
        "coordinates": [
            -3.028616,
            53.390484
        ]
    },
    "2800S22043C": {
        "common_name": "Birkenhead Bus Station",
        "coordinates": [
            -3.022794,
            53.391182
        ]
    },
    "2800S22010C": {
        "common_name": "Hinson Street",
        "coordinates": [
            -3.016026,
            53.391581
        ]
    },
    "2800S42042C": {
        "common_name": "Hood street",
        "coordinates": [
            -2.983506,
            53.408141
        ]
    },
    "2800S42070A": {
        "common_name": "Preston Street",
        "coordinates": [
            -2.984219,
            53.408387
        ]
    },
    "2800S42018A": {
        "common_name": "Crosshall Street",
        "coordinates": [
            -2.986214,
            53.408802
        ]
    },
    "2800S42023N": {
        "common_name": "Queen Square Bus Station",
        "coordinates": [
            -2.98379,
            53.40736
        ]
    },
    "2800S42018B": {
        "common_name": "Cumberland Street",
        "coordinates": [
            -2.987333,
            53.408388
        ]
    },
    "2800S42029A": {
        "common_name": "Whitechapel",
        "coordinates": [
            -2.985149,
            53.406977
        ]
    },
    "2800S42022E": {
        "common_name": "Derby Square",
        "coordinates": [
            -2.98944,
            53.405189
        ]
    },
    "2800S42061D": {
        "common_name": "Castle Street",
        "coordinates": [
            -2.990215,
            53.40618
        ]
    },
    "2800S42061A": {
        "common_name": "Union Court",
        "coordinates": [
            -2.989781,
            53.406292
        ]
    }
}