{
    "2800S29001B": {
        "common_name": "Heswall Bus Station",
        "coordinates": [
            -3.097554,
            53.328214
        ]
    },
    "2800S29001D": {
        "common_name": "Heswall Bus Station",
        "coordinates": [
            -3.097836,
            53.328104
        ]
    },
    "2800S30026A": {
        "common_name": "Tower Road South",
        "coordinates": [
            -3.097724,
            53.330756
        ]
    },
    "2800S30022C": {
        "common_name": "Grange Road",
        "coordinates": [
            -3.097286,
            53.334743
        ]
    },
    "2800S30026B": {
        "common_name": "Daryl Road",
        "coordinates": [
            -3.097812,
            53.330081
        ]
    },
    "2800S30022B": {
        "common_name": "Whitfield Lane",
        "coordinates": [
            -3.096981,
            53.33515
        ]
    },
    "2800S30023A": {
        "common_name": "Downham Road North",
        "coordinates": [
            -3.096286,
            53.337916
        ]
    },
    "2800S30023B": {
        "common_name": "Downham Road North",
        "coordinates": [
            -3.096058,
            53.337792
        ]
    },
    "2800S30024A": {
        "common_name": "Kingsley Close",
        "coordinates": [
            -3.094638,
            53.340403
        ]
    },
    "2800S30025A": {
        "common_name": "Rosemead Avenue",
        "coordinates": [
            -3.094165,
            53.343644
        ]
    },
    "2800S30024B": {
        "common_name": "Belmont Drive",
        "coordinates": [
            -3.093417,
            53.34143
        ]
    },
    "2800S26045B": {
        "common_name": "Fishers Lane",
        "coordinates": [
            -3.094876,
            53.347952
        ]
    },
    "2800S30025B": {
        "common_name": "Fender Way",
        "coordinates": [
            -3.093978,
            53.343969
        ]
    },
    "2800S26045C": {
        "common_name": "Gills Lane",
        "coordinates": [
            -3.094526,
            53.3472
        ]
    },
    "2800S26046A": {
        "common_name": "Cornelius Drive",
        "coordinates": [
            -3.095994,
            53.351124
        ]
    },
    "2800S26047B": {
        "common_name": "Penrhyn Avenue",
        "coordinates": [
            -3.09253,
            53.354302
        ]
    },
    "2800S26046B": {
        "common_name": "Wimbourne Avenue",
        "coordinates": [
            -3.095762,
            53.350865
        ]
    },
    "2800S26047A": {
        "common_name": "Sparks Lane",
        "coordinates": [
            -3.093042,
            53.3532
        ]
    },
    "2800S26048A": {
        "common_name": "Richmond Way",
        "coordinates": [
            -3.091972,
            53.356563
        ]
    },
    "2800S26029D": {
        "common_name": "Arrowe Park Road",
        "coordinates": [
            -3.089512,
            53.358491
        ]
    },
    "2800S26048B": {
        "common_name": "Mill Road",
        "coordinates": [
            -3.091319,
            53.356911
        ]
    },
    "2800S26029C": {
        "common_name": "Barnston Road",
        "coordinates": [
            -3.089328,
            53.358358
        ]
    },
    "2800S26014A": {
        "common_name": "Landican Cemetery",
        "coordinates": [
            -3.089303,
            53.366233
        ]
    },
    "2800S26042A": {
        "common_name": "Internal Grounds",
        "coordinates": [
            -3.094347,
            53.370097
        ]
    },
    "2800S26014B": {
        "common_name": "Landican Cemetery",
        "coordinates": [
            -3.089101,
            53.365965
        ]
    },
    "2800S26007B": {
        "common_name": "Arrowe Park Road",
        "coordinates": [
            -3.086845,
            53.369419
        ]
    },
    "2800S26007A": {
        "common_name": "Church Lane",
        "coordinates": [
            -3.087341,
            53.369424
        ]
    },
    "2800S26006A": {
        "common_name": "Ackers Road",
        "coordinates": [
            -3.081043,
            53.370596
        ]
    },
    "2800S26006B": {
        "common_name": "Ackers Road",
        "coordinates": [
            -3.081295,
            53.370476
        ]
    },
    "2800S26004A": {
        "common_name": "Palmwood Close",
        "coordinates": [
            -3.065331,
            53.370368
        ]
    },
    "2800S26003A": {
        "common_name": "Prenton Dell Road",
        "coordinates": [
            -3.06188,
            53.370624
        ]
    },
    "2800S26004B": {
        "common_name": "Palmwood Close",
        "coordinates": [
            -3.066364,
            53.370224
        ]
    },
    "2800S26003B": {
        "common_name": "Ennerdale Road",
        "coordinates": [
            -3.062954,
            53.370309
        ]
    },
    "2800S26002A": {
        "common_name": "Holm Lane",
        "coordinates": [
            -3.0579,
            53.371936
        ]
    },
    "2800S26001A": {
        "common_name": "Dovedale Close",
        "coordinates": [
            -3.053664,
            53.372656
        ]
    },
    "2800S20006A": {
        "common_name": "Osmaston Road",
        "coordinates": [
            -3.048767,
            53.373392
        ]
    },
    "2800S26002B": {
        "common_name": "Grainger Avenue",
        "coordinates": [
            -3.059149,
            53.371412
        ]
    },
    "2800S26001B": {
        "common_name": "Dovedale Close",
        "coordinates": [
            -3.054378,
            53.372371
        ]
    },
    "2800S20005A": {
        "common_name": "Curzon Road",
        "coordinates": [
            -3.045319,
            53.373772
        ]
    },
    "2800S20006B": {
        "common_name": "Osmaston Road",
        "coordinates": [
            -3.049916,
            53.373067
        ]
    },
    "2800S20005B": {
        "common_name": "Cambridge Road",
        "coordinates": [
            -3.04644,
            53.373502
        ]
    },
    "2800S20004E": {
        "common_name": "Storeton Road",
        "coordinates": [
            -3.043025,
            53.374026
        ]
    },
    "2800S20003A": {
        "common_name": "Moss Lane",
        "coordinates": [
            -3.040144,
            53.374824
        ]
    },
    "2800S20004B": {
        "common_name": "Elm Road North",
        "coordinates": [
            -3.04365,
            53.373751
        ]
    },
    "2800S20037A": {
        "common_name": "Highpark Road",
        "coordinates": [
            -3.036668,
            53.376554
        ]
    },
    "2800S20003C": {
        "common_name": "Highpark Road",
        "coordinates": [
            -3.037641,
            53.375754
        ]
    },
    "2800S20002B": {
        "common_name": "Merlin Road",
        "coordinates": [
            -3.034008,
            53.379049
        ]
    },
    "2800S22014B": {
        "common_name": "Elmswood Road",
        "coordinates": [
            -3.032944,
            53.381053
        ]
    },
    "2800S20002D": {
        "common_name": "Highgreen Road",
        "coordinates": [
            -3.034744,
            53.377784
        ]
    },
    "2800S22013A": {
        "common_name": "Briardale Road",
        "coordinates": [
            -3.033382,
            53.382371
        ]
    },
    "2800S22014C": {
        "common_name": "Victoria Fields",
        "coordinates": [
            -3.032838,
            53.381657
        ]
    },
    "2800S22012A": {
        "common_name": "Carnforth Close",
        "coordinates": [
            -3.032745,
            53.385882
        ]
    },
    "2800S22011A": {
        "common_name": "Whetstone Lane",
        "coordinates": [
            -3.029182,
            53.388376
        ]
    },
    "2800S22013B": {
        "common_name": "Victoria Road",
        "coordinates": [
            -3.033336,
            53.382974
        ]
    },
    "2800S22012C": {
        "common_name": "Shaw Street",
        "coordinates": [
            -3.032269,
            53.386102
        ]
    },
    "2800S20001D": {
        "common_name": "Clifton Crescent",
        "coordinates": [
            -3.022714,
            53.388917
        ]
    },
    "2800S22005C": {
        "common_name": "Grange Road",
        "coordinates": [
            -3.020064,
            53.39
        ]
    },
    "2800S22033G": {
        "common_name": "Catherine Street",
        "coordinates": [
            -3.028616,
            53.390484
        ]
    },
    "2800S22043C": {
        "common_name": "Birkenhead Bus Station",
        "coordinates": [
            -3.022794,
            53.391182
        ]
    },
    "2800S22010C": {
        "common_name": "Hinson Street",
        "coordinates": [
            -3.016026,
            53.391581
        ]
    },
    "2800S42042C": {
        "common_name": "Hood street",
        "coordinates": [
            -2.983506,
            53.408141
        ]
    },
    "2800S42070A": {
        "common_name": "Preston Street",
        "coordinates": [
            -2.984219,
            53.408387
        ]
    },
    "2800S42018A": {
        "common_name": "Crosshall Street",
        "coordinates": [
            -2.986214,
            53.408802
        ]
    },
    "2800S42023N": {
        "common_name": "Queen Square Bus Station",
        "coordinates": [
            -2.98379,
            53.40736
        ]
    },
    "2800S42018B": {
        "common_name": "Cumberland Street",
        "coordinates": [
            -2.987333,
            53.408388
        ]
    },
    "2800S42029A": {
        "common_name": "Whitechapel",
        "coordinates": [
            -2.985149,
            53.406977
        ]
    },
    "2800S42022E": {
        "common_name": "Derby Square",
        "coordinates": [
            -2.98944,
            53.405189
        ]
    },
    "2800S42061D": {
        "common_name": "Castle Street",
        "coordinates": [
            -2.990215,
            53.40618
        ]
    },
    "2800S42061A": {
        "common_name": "Union Court",
        "coordinates": [
            -2.989781,
            53.406292
        ]
    }
}