{
    "2800S26052A": {
        "common_name": "Gills Lane",
        "coordinates": [
            -3.083076,
            53.345837
        ]
    },
    "2800S26053B": {
        "common_name": "Storeton Lane",
        "coordinates": [
            -3.082317,
            53.34199
        ]
    },
    "2800S29002B": {
        "common_name": "Margaret Milner Hall",
        "coordinates": [
            -3.079687,
            53.338975
        ]
    },
    "2800S29003B": {
        "common_name": "Whitehouse Lane",
        "coordinates": [
            -3.077946,
            53.333669
        ]
    },
    "2800S29004B": {
        "common_name": "Acre Lane",
        "coordinates": [
            -3.078919,
            53.331737
        ]
    },
    "2800S29036B": {
        "common_name": "Redmere Drive",
        "coordinates": [
            -3.076551,
            53.32774
        ]
    },
    "2800S29024A": {
        "common_name": "The Paddock",
        "coordinates": [
            -3.07953,
            53.325601
        ]
    },
    "2800S29007B": {
        "common_name": "Telegraph Road",
        "coordinates": [
            -3.085372,
            53.322132
        ]
    },
    "2800S29010B": {
        "common_name": "Moorland Park",
        "coordinates": [
            -3.089884,
            53.321273
        ]
    },
    "2800S29011B": {
        "common_name": "Gayton Road",
        "coordinates": [
            -3.094837,
            53.317695
        ]
    },
    "2800S29012B": {
        "common_name": "Lapwing Rise",
        "coordinates": [
            -3.098243,
            53.319983
        ]
    },
    "2800S29013C": {
        "common_name": "The Lydiate",
        "coordinates": [
            -3.102071,
            53.322311
        ]
    },
    "2800S29014A": {
        "common_name": "West Grove",
        "coordinates": [
            -3.10368,
            53.325892
        ]
    },
    "2800S29015A": {
        "common_name": "School Hill",
        "coordinates": [
            -3.10076,
            53.325605
        ]
    },
    "2800S29016A": {
        "common_name": "Mount Avenue",
        "coordinates": [
            -3.099863,
            53.32751
        ]
    },
    "2800S29001D": {
        "common_name": "Heswall Bus Station",
        "coordinates": [
            -3.097836,
            53.328104
        ]
    },
    "2800S30026A": {
        "common_name": "Tower Road South",
        "coordinates": [
            -3.097724,
            53.330756
        ]
    },
    "2800S30022C": {
        "common_name": "Grange Road",
        "coordinates": [
            -3.097286,
            53.334743
        ]
    },
    "2800S30023A": {
        "common_name": "Downham Road North",
        "coordinates": [
            -3.096286,
            53.337916
        ]
    },
    "2800S30024A": {
        "common_name": "Kingsley Close",
        "coordinates": [
            -3.094638,
            53.340403
        ]
    },
    "2800S30025A": {
        "common_name": "Rosemead Avenue",
        "coordinates": [
            -3.094165,
            53.343644
        ]
    },
    "2800S26045B": {
        "common_name": "Fishers Lane",
        "coordinates": [
            -3.094876,
            53.347952
        ]
    },
    "2800S26046A": {
        "common_name": "Cornelius Drive",
        "coordinates": [
            -3.095994,
            53.351124
        ]
    },
    "2800S26047B": {
        "common_name": "Penrhyn Avenue",
        "coordinates": [
            -3.09253,
            53.354302
        ]
    },
    "2800S26048A": {
        "common_name": "Richmond Way",
        "coordinates": [
            -3.091972,
            53.356563
        ]
    },
    "2800S26029D": {
        "common_name": "Arrowe Park Road",
        "coordinates": [
            -3.089512,
            53.358491
        ]
    },
    "2800S26014A": {
        "common_name": "Landican Cemetery",
        "coordinates": [
            -3.089303,
            53.366233
        ]
    },
    "2800S26042A": {
        "common_name": "Internal Grounds",
        "coordinates": [
            -3.094347,
            53.370097
        ]
    },
    "2800S26007A": {
        "common_name": "Church Lane",
        "coordinates": [
            -3.087341,
            53.369424
        ]
    },
    "2800S26006A": {
        "common_name": "Ackers Road",
        "coordinates": [
            -3.081043,
            53.370596
        ]
    },
    "2800S26004A": {
        "common_name": "Palmwood Close",
        "coordinates": [
            -3.065331,
            53.370368
        ]
    },
    "2800S26003A": {
        "common_name": "Prenton Dell Road",
        "coordinates": [
            -3.06188,
            53.370624
        ]
    },
    "2800S26002A": {
        "common_name": "Holm Lane",
        "coordinates": [
            -3.0579,
            53.371936
        ]
    },
    "2800S26001A": {
        "common_name": "Dovedale Close",
        "coordinates": [
            -3.053664,
            53.372656
        ]
    },
    "2800S20006A": {
        "common_name": "Osmaston Road",
        "coordinates": [
            -3.048767,
            53.373392
        ]
    },
    "2800S20005A": {
        "common_name": "Curzon Road",
        "coordinates": [
            -3.045319,
            53.373772
        ]
    },
    "2800S20004E": {
        "common_name": "Storeton Road",
        "coordinates": [
            -3.043025,
            53.374026
        ]
    },
    "2800S20003A": {
        "common_name": "Moss Lane",
        "coordinates": [
            -3.040144,
            53.374824
        ]
    },
    "2800S20037A": {
        "common_name": "Highpark Road",
        "coordinates": [
            -3.036668,
            53.376554
        ]
    },
    "2800S20002B": {
        "common_name": "Merlin Road",
        "coordinates": [
            -3.034008,
            53.379049
        ]
    },
    "2800S22014B": {
        "common_name": "Elmswood Road",
        "coordinates": [
            -3.032944,
            53.381053
        ]
    },
    "2800S22013A": {
        "common_name": "Briardale Road",
        "coordinates": [
            -3.033382,
            53.382371
        ]
    },
    "2800S22012A": {
        "common_name": "Carnforth Close",
        "coordinates": [
            -3.032745,
            53.385882
        ]
    },
    "2800S22011A": {
        "common_name": "Whetstone Lane",
        "coordinates": [
            -3.029182,
            53.388376
        ]
    },
    "2800S20001D": {
        "common_name": "Clifton Crescent",
        "coordinates": [
            -3.022714,
            53.388917
        ]
    },
    "2800S22005C": {
        "common_name": "Grange Road",
        "coordinates": [
            -3.020064,
            53.39
        ]
    },
    "2800S42042C": {
        "common_name": "Hood street",
        "coordinates": [
            -2.983506,
            53.408141
        ]
    },
    "2800S42018A": {
        "common_name": "Crosshall Street",
        "coordinates": [
            -2.986214,
            53.408802
        ]
    },
    "2800S42018B": {
        "common_name": "Cumberland Street",
        "coordinates": [
            -2.987333,
            53.408388
        ]
    },
    "2800S42022E": {
        "common_name": "Derby Square",
        "coordinates": [
            -2.98944,
            53.405189
        ]
    },
    "2800S42061D": {
        "common_name": "Castle Street",
        "coordinates": [
            -2.990215,
            53.40618
        ]
    }
}