{
    "2800S60019D": {
        "common_name": "Bridge Wills Lane",
        "coordinates": [
            -2.949929,
            53.67562
        ]
    },
    "2800S60019C": {
        "common_name": "Rufford Road",
        "coordinates": [
            -2.948676,
            53.675532
        ]
    },
    "2800S60061A": {
        "common_name": "Fylde Road",
        "coordinates": [
            -2.954098,
            53.673205
        ]
    },
    "2800S60062A": {
        "common_name": "North Road",
        "coordinates": [
            -2.958451,
            53.668937
        ]
    },
    "2800S60063A": {
        "common_name": "Rathmore Crescent",
        "coordinates": [
            -2.960389,
            53.666962
        ]
    },
    "2800S60061B": {
        "common_name": "Fylde Road",
        "coordinates": [
            -2.954637,
            53.672931
        ]
    },
    "2800S60062B": {
        "common_name": "Fairhaven Road",
        "coordinates": [
            -2.956946,
            53.670639
        ]
    },
    "2800S60064B": {
        "common_name": "Larkfield Primary School",
        "coordinates": [
            -2.962403,
            53.665004
        ]
    },
    "2800S60065A": {
        "common_name": "Mallee Crescent",
        "coordinates": [
            -2.963869,
            53.663599
        ]
    },
    "2800S60063B": {
        "common_name": "Lexton Drive",
        "coordinates": [
            -2.960885,
            53.666778
        ]
    },
    "2800S60064A": {
        "common_name": "Larkfield Primary School",
        "coordinates": [
            -2.962958,
            53.664784
        ]
    },
    "2800S60085A": {
        "common_name": "Preston New Road",
        "coordinates": [
            -2.966943,
            53.661696
        ]
    },
    "2800S60026A": {
        "common_name": "Bibby Road",
        "coordinates": [
            -2.97058,
            53.660561
        ]
    },
    "2800S60065B": {
        "common_name": "Marshside Road",
        "coordinates": [
            -2.965341,
            53.662455
        ]
    },
    "2800S60025A": {
        "common_name": "Emmanuel Road",
        "coordinates": [
            -2.974311,
            53.660261
        ]
    },
    "2800S60024A": {
        "common_name": "Cockle Dicks Lane",
        "coordinates": [
            -2.977299,
            53.65994
        ]
    },
    "2800S60026B": {
        "common_name": "Cambridge Avenue",
        "coordinates": [
            -2.969981,
            53.660835
        ]
    },
    "2800S60025B": {
        "common_name": "Emmanuel Road",
        "coordinates": [
            -2.973829,
            53.660399
        ]
    },
    "2800S60023B": {
        "common_name": "Allerton Road",
        "coordinates": [
            -2.982592,
            53.657191
        ]
    },
    "2800S60024B": {
        "common_name": "Cockle Dicks Lane",
        "coordinates": [
            -2.976881,
            53.660159
        ]
    },
    "2800S60023A": {
        "common_name": "Brunlees Court",
        "coordinates": [
            -2.980765,
            53.658635
        ]
    },
    "2800S60068A": {
        "common_name": "Park Crescent",
        "coordinates": [
            -2.987907,
            53.657965
        ]
    },
    "2800S60123A": {
        "common_name": "Brocklebank Road",
        "coordinates": [
            -2.98422,
            53.657555
        ]
    },
    "2800S60068C": {
        "common_name": "Argyle Road",
        "coordinates": [
            -2.986236,
            53.658356
        ]
    },
    "2800S60069B": {
        "common_name": "Park Road",
        "coordinates": [
            -2.992195,
            53.655628
        ]
    },
    "2800S60070A": {
        "common_name": "Alexandra Road",
        "coordinates": [
            -2.995406,
            53.653831
        ]
    },
    "2800S60069A": {
        "common_name": "Park Road West",
        "coordinates": [
            -2.990302,
            53.656858
        ]
    },
    "2800S60070B": {
        "common_name": "Alexandra Road",
        "coordinates": [
            -2.994872,
            53.654303
        ]
    },
    "2800S60002B": {
        "common_name": "Leicester Street",
        "coordinates": [
            -2.999353,
            53.651848
        ]
    },
    "2800S60002A": {
        "common_name": "Union Street",
        "coordinates": [
            -2.999916,
            53.651331
        ]
    },
    "2800S60001A": {
        "common_name": "Hill Street",
        "coordinates": [
            -3.001558,
            53.650418
        ]
    },
    "2800S63002J": {
        "common_name": "The Monument",
        "coordinates": [
            -3.004889,
            53.648592
        ]
    },
    "2800S60001B": {
        "common_name": "Bold Street",
        "coordinates": [
            -3.001802,
            53.65047
        ]
    },
    "2800S63002N": {
        "common_name": "Nevill Street",
        "coordinates": [
            -3.005745,
            53.648343
        ]
    },
    "2800S63001A": {
        "common_name": "Eastbank Street",
        "coordinates": [
            -3.00762,
            53.647032
        ]
    },
    "2800S61015A": {
        "common_name": "Duke Street",
        "coordinates": [
            -3.011791,
            53.64493
        ]
    },
    "2800S61015B": {
        "common_name": "Wellington Street",
        "coordinates": [
            -3.011756,
            53.644741
        ]
    },
    "2800S61014B": {
        "common_name": "Westcliffe Road",
        "coordinates": [
            -3.014402,
            53.642786
        ]
    },
    "2800S61014A": {
        "common_name": "Westcliffe Road",
        "coordinates": [
            -3.014901,
            53.642782
        ]
    },
    "2800S61013A": {
        "common_name": "Gloucester Road",
        "coordinates": [
            -3.017525,
            53.639335
        ]
    },
    "2800S61012A": {
        "common_name": "Weld Road",
        "coordinates": [
            -3.021187,
            53.636239
        ]
    },
    "2800S61013B": {
        "common_name": "Palatine Road",
        "coordinates": [
            -3.017989,
            53.639107
        ]
    },
    "2800S61012B": {
        "common_name": "Weld Road",
        "coordinates": [
            -3.020332,
            53.63719
        ]
    },
    "2800S61075B": {
        "common_name": "Lismore Park",
        "coordinates": [
            -3.023347,
            53.634252
        ]
    },
    "2800S61028D": {
        "common_name": "Grosvenor Road",
        "coordinates": [
            -3.025332,
            53.631287
        ]
    },
    "2800S61075A": {
        "common_name": "Lancaster Road",
        "coordinates": [
            -3.023248,
            53.634558
        ]
    },
    "2800S61028E": {
        "common_name": "Grosvenor Road",
        "coordinates": [
            -3.025584,
            53.631114
        ]
    },
    "2800S61076B": {
        "common_name": "Selworthy Road",
        "coordinates": [
            -3.027514,
            53.627744
        ]
    },
    "2800S61077B": {
        "common_name": "Royal Birkdale Golf Club",
        "coordinates": [
            -3.027685,
            53.62484
        ]
    },
    "2800S61076A": {
        "common_name": "Selworthy Road",
        "coordinates": [
            -3.027234,
            53.628664
        ]
    },
    "2800S61077A": {
        "common_name": "Royal Birkdale Golf Club",
        "coordinates": [
            -3.027835,
            53.624793
        ]
    },
    "2800S61078A": {
        "common_name": "Hillside Station",
        "coordinates": [
            -3.025035,
            53.622184
        ]
    },
    "2800S61078B": {
        "common_name": "Hillside Station",
        "coordinates": [
            -3.024625,
            53.622115
        ]
    },
    "2800S61079B": {
        "common_name": "Sandon Road",
        "coordinates": [
            -3.022458,
            53.619383
        ]
    },
    "2800S61080B": {
        "common_name": "Arundel Road",
        "coordinates": [
            -3.021855,
            53.618211
        ]
    },
    "2800S61079A": {
        "common_name": "Lynton Road",
        "coordinates": [
            -3.022667,
            53.619283
        ]
    },
    "2800S61080A": {
        "common_name": "Arundel Road",
        "coordinates": [
            -3.022002,
            53.618057
        ]
    },
    "2800S61081B": {
        "common_name": "Dunbar Crescent",
        "coordinates": [
            -3.020541,
            53.615768
        ]
    },
    "2800S61081A": {
        "common_name": "Ryder Crescent",
        "coordinates": [
            -3.020688,
            53.615587
        ]
    },
    "2800S62027B": {
        "common_name": "Carr Lane",
        "coordinates": [
            -3.021455,
            53.611653
        ]
    },
    "2800S62019B": {
        "common_name": "Nixons Lane",
        "coordinates": [
            -3.022699,
            53.609979
        ]
    },
    "2800S61001B": {
        "common_name": "Liverpool Road",
        "coordinates": [
            -3.020253,
            53.613838
        ]
    },
    "2800S62019A": {
        "common_name": "Nixons Lane",
        "coordinates": [
            -3.02255,
            53.610691
        ]
    },
    "2800S62020A": {
        "common_name": "Welwyn Avenue",
        "coordinates": [
            -3.027121,
            53.607218
        ]
    },
    "2800S62021B": {
        "common_name": "Oakwood Avenue",
        "coordinates": [
            -3.030467,
            53.60496
        ]
    },
    "2800S62020B": {
        "common_name": "Welwyn Avenue",
        "coordinates": [
            -3.026834,
            53.607822
        ]
    },
    "2800S62021A": {
        "common_name": "Bradshaws Lane",
        "coordinates": [
            -3.03056,
            53.605058
        ]
    },
    "2800S62036B": {
        "common_name": "Segar's Lane",
        "coordinates": [
            -3.032969,
            53.603464
        ]
    },
    "2800S62022B": {
        "common_name": "Liverpool Road",
        "coordinates": [
            -3.033201,
            53.600568
        ]
    },
    "2800S62036A": {
        "common_name": "Burnley Road",
        "coordinates": [
            -3.032916,
            53.603743
        ]
    },
    "2800S62023A": {
        "common_name": "Leamington Road",
        "coordinates": [
            -3.034086,
            53.599697
        ]
    },
    "2800S62023B": {
        "common_name": "Staveley Road",
        "coordinates": [
            -3.035089,
            53.598044
        ]
    },
    "2800S62024D": {
        "common_name": "Orchard Lane",
        "coordinates": [
            -3.037079,
            53.59604
        ]
    },
    "2800S62015B": {
        "common_name": "Meadow Lane",
        "coordinates": [
            -3.038889,
            53.591575
        ]
    },
    "2800S62024A": {
        "common_name": "Kenilworth Road",
        "coordinates": [
            -3.035904,
            53.597416
        ]
    },
    "2800S62032A": {
        "common_name": "Ainsdale Sports Club",
        "coordinates": [
            -3.038089,
            53.595321
        ]
    },
    "2800S62015C": {
        "common_name": "Pinfold Lane",
        "coordinates": [
            -3.039177,
            53.592228
        ]
    },
    "2800S62017B": {
        "common_name": "Woodvale Road",
        "coordinates": [
            -3.04003,
            53.589443
        ]
    },
    "2800S62017A": {
        "common_name": "Woodvale Road",
        "coordinates": [
            -3.040131,
            53.588643
        ]
    },
    "2800S64002B": {
        "common_name": "Deansgate Lane",
        "coordinates": [
            -3.051224,
            53.567494
        ]
    },
    "2800S64002A": {
        "common_name": "Deansgate Lane North",
        "coordinates": [
            -3.050133,
            53.567962
        ]
    },
    "2800S64003B": {
        "common_name": "Ryeground Lane",
        "coordinates": [
            -3.054069,
            53.566552
        ]
    },
    "2800S64004B": {
        "common_name": "New Road",
        "coordinates": [
            -3.057393,
            53.563574
        ]
    },
    "2800S64003A": {
        "common_name": "Paradise Lane",
        "coordinates": [
            -3.053924,
            53.566778
        ]
    },
    "2800S64004A": {
        "common_name": "Green Lane",
        "coordinates": [
            -3.057275,
            53.564906
        ]
    },
    "2800S64005B": {
        "common_name": "Cable Street",
        "coordinates": [
            -3.057796,
            53.560973
        ]
    },
    "2800S64006B": {
        "common_name": "Church Close",
        "coordinates": [
            -3.056462,
            53.557749
        ]
    },
    "2800S64007B": {
        "common_name": "Cross Green Close",
        "coordinates": [
            -3.057027,
            53.554355
        ]
    },
    "2800S64005A": {
        "common_name": "Formby Gardens",
        "coordinates": [
            -3.057934,
            53.561682
        ]
    },
    "2800S64006A": {
        "common_name": "School Lane",
        "coordinates": [
            -3.056739,
            53.557944
        ]
    },
    "2800S64008B": {
        "common_name": "Coronation Avenue",
        "coordinates": [
            -3.056393,
            53.551934
        ]
    },
    "2800S64007A": {
        "common_name": "Three Tuns Lane",
        "coordinates": [
            -3.057243,
            53.55456
        ]
    },
    "2800S64009B": {
        "common_name": "Kent Road",
        "coordinates": [
            -3.054818,
            53.549305
        ]
    },
    "2800S64008A": {
        "common_name": "Birkey Lane",
        "coordinates": [
            -3.056727,
            53.552039
        ]
    },
    "2800S64010B": {
        "common_name": "Alt Road",
        "coordinates": [
            -3.054588,
            53.54733
        ]
    },
    "2800S64009A": {
        "common_name": "Kent Road",
        "coordinates": [
            -3.055091,
            53.549357
        ]
    },
    "2800S64010A": {
        "common_name": "Lighthouse Lane",
        "coordinates": [
            -3.054916,
            53.547192
        ]
    },
    "2800S66004A": {
        "common_name": "Moor Lane",
        "coordinates": [
            -3.026113,
            53.523838
        ]
    },
    "2800S66004B": {
        "common_name": "Carr House Lane",
        "coordinates": [
            -3.025795,
            53.523796
        ]
    },
    "2800S66003B": {
        "common_name": "The Round House",
        "coordinates": [
            -3.018843,
            53.516314
        ]
    },
    "2800S66003A": {
        "common_name": "The Round House",
        "coordinates": [
            -3.018227,
            53.515789
        ]
    },
    "2800S66002A": {
        "common_name": "Park Wall Road",
        "coordinates": [
            -3.01256,
            53.511513
        ]
    },
    "2800S54043B": {
        "common_name": "Ince Lane",
        "coordinates": [
            -3.006918,
            53.505691
        ]
    },
    "2800S54043A": {
        "common_name": "Long Lane",
        "coordinates": [
            -3.006599,
            53.505604
        ]
    },
    "2800S54042B": {
        "common_name": "Green Lane",
        "coordinates": [
            -3.003738,
            53.501925
        ]
    },
    "2800S54031A": {
        "common_name": "Edge Lane",
        "coordinates": [
            -3.006544,
            53.499447
        ]
    },
    "2800S54031B": {
        "common_name": "Virgins Lane",
        "coordinates": [
            -3.005736,
            53.500353
        ]
    },
    "2800S54093A": {
        "common_name": "Virgins Lane",
        "coordinates": [
            -3.007229,
            53.4991
        ]
    },
    "2800S54030A": {
        "common_name": "Edgemoor Drive",
        "coordinates": [
            -3.009423,
            53.496924
        ]
    },
    "2800S54037A": {
        "common_name": "Moor Close",
        "coordinates": [
            -3.015182,
            53.494394
        ]
    },
    "2800S54030B": {
        "common_name": "Edgemoor Drive",
        "coordinates": [
            -3.00912,
            53.497457
        ]
    },
    "2800S54036A": {
        "common_name": "Moor Coppice",
        "coordinates": [
            -3.012717,
            53.49535
        ]
    },
    "2800S54038A": {
        "common_name": "Moor Drive",
        "coordinates": [
            -3.019227,
            53.493991
        ]
    },
    "2800S54038B": {
        "common_name": "Park Avenue",
        "coordinates": [
            -3.0186,
            53.49423
        ]
    },
    "2800S54012F": {
        "common_name": "Crosby Village",
        "coordinates": [
            -3.027294,
            53.492129
        ]
    },
    "2800S54041B": {
        "common_name": "St Lukes Road",
        "coordinates": [
            -3.025105,
            53.490822
        ]
    },
    "2800S54041A": {
        "common_name": "York Road",
        "coordinates": [
            -3.024738,
            53.490636
        ]
    },
    "2800S54040C": {
        "common_name": "Fairholme Road",
        "coordinates": [
            -3.023719,
            53.488362
        ]
    },
    "2800S54064A": {
        "common_name": "Myers Road West",
        "coordinates": [
            -3.0236,
            53.485297
        ]
    },
    "2800S54040B": {
        "common_name": "Queens Road",
        "coordinates": [
            -3.024223,
            53.489265
        ]
    },
    "2800S54064B": {
        "common_name": "Coronation Drive",
        "coordinates": [
            -3.02408,
            53.485824
        ]
    },
    "2800S54063A": {
        "common_name": "Marldon Avenue",
        "coordinates": [
            -3.023112,
            53.483198
        ]
    },
    "2800S54002A": {
        "common_name": "Milton Road",
        "coordinates": [
            -3.023312,
            53.480841
        ]
    },
    "2800S54063B": {
        "common_name": "Marldon Avenue",
        "coordinates": [
            -3.023526,
            53.484085
        ]
    },
    "2800S54002B": {
        "common_name": "Sycamore Road",
        "coordinates": [
            -3.023608,
            53.480605
        ]
    },
    "2800S54001A": {
        "common_name": "Galloway Road",
        "coordinates": [
            -3.023342,
            53.479574
        ]
    },
    "2800S47058A": {
        "common_name": "South Road",
        "coordinates": [
            -3.022465,
            53.475716
        ]
    },
    "2800S47058C": {
        "common_name": "Handfield Road",
        "coordinates": [
            -3.023166,
            53.477274
        ]
    },
    "2800S47057A": {
        "common_name": "Sandringham Road",
        "coordinates": [
            -3.020993,
            53.472753
        ]
    },
    "2800S47074A": {
        "common_name": "Parker Avenue",
        "coordinates": [
            -3.018373,
            53.468434
        ]
    },
    "2800S47055B": {
        "common_name": "Riversdale Road",
        "coordinates": [
            -3.016692,
            53.465536
        ]
    },
    "2800S47026A": {
        "common_name": "Elm Drive",
        "coordinates": [
            -3.015564,
            53.463703
        ]
    },
    "2800S47057B": {
        "common_name": "Bramhall Road",
        "coordinates": [
            -3.021735,
            53.47352
        ]
    },
    "2800S47056A": {
        "common_name": "Marlborough Road",
        "coordinates": [
            -3.020023,
            53.470622
        ]
    },
    "2800S47074B": {
        "common_name": "Durham Road",
        "coordinates": [
            -3.019202,
            53.469056
        ]
    },
    "2800S47055A": {
        "common_name": "Liverpool Freeport",
        "coordinates": [
            -3.018173,
            53.465092
        ]
    },
    "2800S47108A": {
        "common_name": "Seaforth Road",
        "coordinates": [
            -3.01128,
            53.460261
        ]
    },
    "2800S47070B": {
        "common_name": "Bulwer Street",
        "coordinates": [
            -3.008458,
            53.45943
        ]
    },
    "2800S47108B": {
        "common_name": "Seaforth Road",
        "coordinates": [
            -3.011453,
            53.459971
        ]
    },
    "2800S47054B": {
        "common_name": "Cowper Street",
        "coordinates": [
            -3.00513,
            53.460097
        ]
    },
    "2800S47053A": {
        "common_name": "Norton Street",
        "coordinates": [
            -3.001311,
            53.459733
        ]
    },
    "2800S47070A": {
        "common_name": "Byron Street",
        "coordinates": [
            -3.007989,
            53.459345
        ]
    },
    "2800S47054A": {
        "common_name": "Gray Street",
        "coordinates": [
            -3.003093,
            53.459925
        ]
    },
    "2800S47052B": {
        "common_name": "Hornby Road",
        "coordinates": [
            -2.997122,
            53.458977
        ]
    },
    "2800S47053B": {
        "common_name": "Percy Street",
        "coordinates": [
            -3.00117,
            53.459492
        ]
    },
    "2800S47030A": {
        "common_name": "Linacre Lane",
        "coordinates": [
            -2.992121,
            53.45768
        ]
    },
    "2800S47052A": {
        "common_name": "Hornby Road",
        "coordinates": [
            -2.996345,
            53.458633
        ]
    },
    "2800S47030B": {
        "common_name": "Melling Road",
        "coordinates": [
            -2.992329,
            53.457561
        ]
    },
    "2800S47029A": {
        "common_name": "Marsh Lane",
        "coordinates": [
            -2.991164,
            53.454083
        ]
    },
    "2800S47029B": {
        "common_name": "Marsh Lane",
        "coordinates": [
            -2.99175,
            53.455319
        ]
    },
    "2800S47028A": {
        "common_name": "Bootle Strand Shopping Centre",
        "coordinates": [
            -2.990688,
            53.452406
        ]
    },
    "2800S47027C": {
        "common_name": "Park Street",
        "coordinates": [
            -2.989859,
            53.44915
        ]
    },
    "2800S47028D": {
        "common_name": "Bootle Strand Shopping Centre",
        "coordinates": [
            -2.990719,
            53.451777
        ]
    },
    "2800S47189A": {
        "common_name": "Trinity Road",
        "coordinates": [
            -2.989395,
            53.447311
        ]
    },
    "2800S40048E": {
        "common_name": "Balliol Road",
        "coordinates": [
            -2.988788,
            53.445121
        ]
    },
    "2800S47027B": {
        "common_name": "Trinity Road",
        "coordinates": [
            -2.989685,
            53.447497
        ]
    },
    "2800S40048B": {
        "common_name": "Balliol Road",
        "coordinates": [
            -2.989369,
            53.446179
        ]
    },
    "2800S40047B": {
        "common_name": "Beatrice Street",
        "coordinates": [
            -2.988028,
            53.442244
        ]
    },
    "2800S40046A": {
        "common_name": "Celia Street",
        "coordinates": [
            -2.987366,
            53.439687
        ]
    },
    "2800S40045A": {
        "common_name": "Bank Hall Station",
        "coordinates": [
            -2.986286,
            53.436613
        ]
    },
    "2800S40047A": {
        "common_name": "Keble Road",
        "coordinates": [
            -2.988613,
            53.44347
        ]
    },
    "2800S40046B": {
        "common_name": "Wolsey Street",
        "coordinates": [
            -2.987886,
            53.440699
        ]
    },
    "2800S40084B": {
        "common_name": "Briar Street",
        "coordinates": [
            -2.985008,
            53.433433
        ]
    },
    "2800S40045B": {
        "common_name": "Bank Hall Station",
        "coordinates": [
            -2.987006,
            53.437785
        ]
    },
    "2800S40123C": {
        "common_name": "Commercial Road",
        "coordinates": [
            -2.986151,
            53.435311
        ]
    },
    "2800S40083D": {
        "common_name": "Easby Road",
        "coordinates": [
            -2.984095,
            53.431696
        ]
    },
    "2800S40082A": {
        "common_name": "Sterling Way",
        "coordinates": [
            -2.982744,
            53.428588
        ]
    },
    "2800S40084A": {
        "common_name": "Pansy Street",
        "coordinates": [
            -2.984917,
            53.432714
        ]
    },
    "2800S40083A": {
        "common_name": "Latham Street",
        "coordinates": [
            -2.983463,
            53.429724
        ]
    },
    "2800S40082B": {
        "common_name": "Major Street",
        "coordinates": [
            -2.982858,
            53.426987
        ]
    },
    "2800S40063D": {
        "common_name": "Boundary Street",
        "coordinates": [
            -2.982435,
            53.425624
        ]
    },
    "2800S40062A": {
        "common_name": "Newsham Street",
        "coordinates": [
            -2.98178,
            53.422664
        ]
    },
    "2800S40063C": {
        "common_name": "Cranmer Street",
        "coordinates": [
            -2.982668,
            53.425272
        ]
    },
    "2800S40062C": {
        "common_name": "Westmorland Place",
        "coordinates": [
            -2.982216,
            53.422669
        ]
    },
    "2800S42034A": {
        "common_name": "Juvenal Street",
        "coordinates": [
            -2.981921,
            53.415714
        ]
    },
    "2800S42034B": {
        "common_name": "Leeds Street",
        "coordinates": [
            -2.982449,
            53.415152
        ]
    },
    "2800S42023L": {
        "common_name": "Queen Square Bus Station",
        "coordinates": [
            -2.982547,
            53.407697
        ]
    },
    "2800S42023J": {
        "common_name": "Queen Square Bus Station",
        "coordinates": [
            -2.982476,
            53.407584
        ]
    }
}