{
    "2800S42029A": {
        "common_name": "Whitechapel",
        "coordinates": [
            -2.985149,
            53.406977
        ]
    },
    "2800S42042C": {
        "common_name": "Hood street",
        "coordinates": [
            -2.983506,
            53.408141
        ]
    },
    "2800S42070A": {
        "common_name": "Preston Street",
        "coordinates": [
            -2.984219,
            53.408387
        ]
    },
    "2800S22010C": {
        "common_name": "Hinson Street",
        "coordinates": [
            -3.016026,
            53.391581
        ]
    },
    "2800S22043J": {
        "common_name": "Birkenhead Bus Station",
        "coordinates": [
            -3.022619,
            53.39121
        ]
    },
    "2800S22043E": {
        "common_name": "Birkenhead Bus Station",
        "coordinates": [
            -3.022619,
            53.39121
        ]
    },
    "2800S22033H": {
        "common_name": "Catherine Street",
        "coordinates": [
            -3.029066,
            53.390417
        ]
    },
    "2800S22029B": {
        "common_name": "Maple Street",
        "coordinates": [
            -3.027336,
            53.386046
        ]
    },
    "2800S22005C": {
        "common_name": "Grange Road",
        "coordinates": [
            -3.020064,
            53.39
        ]
    },
    "2800S20001D": {
        "common_name": "Clifton Crescent",
        "coordinates": [
            -3.022714,
            53.388917
        ]
    },
    "2800S20057B": {
        "common_name": "Frodsham Street",
        "coordinates": [
            -3.023658,
            53.383147
        ]
    },
    "2800S22011A": {
        "common_name": "Whetstone Lane",
        "coordinates": [
            -3.029182,
            53.388376
        ]
    },
    "2800S20058B": {
        "common_name": "Seymour Street",
        "coordinates": [
            -3.024303,
            53.381829
        ]
    },
    "2800S22029A": {
        "common_name": "Maple Street",
        "coordinates": [
            -3.027756,
            53.385997
        ]
    },
    "2800S20057A": {
        "common_name": "Whetstone Lane",
        "coordinates": [
            -3.023714,
            53.383578
        ]
    },
    "2800S20058A": {
        "common_name": "Whitfield Street",
        "coordinates": [
            -3.024487,
            53.38198
        ]
    },
    "2800S20022A": {
        "common_name": "Elm Road",
        "coordinates": [
            -3.025213,
            53.379008
        ]
    },
    "2800S20060B": {
        "common_name": "Dial Road",
        "coordinates": [
            -3.025085,
            53.377463
        ]
    },
    "2800S20022B": {
        "common_name": "Church Terrace",
        "coordinates": [
            -3.025509,
            53.379463
        ]
    },
    "2800S20060A": {
        "common_name": "Dial Road",
        "coordinates": [
            -3.025291,
            53.377263
        ]
    },
    "2800S20056A": {
        "common_name": "Bebington Road",
        "coordinates": [
            -3.02553,
            53.374052
        ]
    },
    "2800S20059B": {
        "common_name": "St Georges Avenue",
        "coordinates": [
            -3.026519,
            53.372066
        ]
    },
    "2800S20056C": {
        "common_name": "Prenton Road East",
        "coordinates": [
            -3.02526,
            53.375358
        ]
    },
    "2800S20047C": {
        "common_name": "Bedford Drive",
        "coordinates": [
            -3.027142,
            53.370487
        ]
    },
    "2800S20032E": {
        "common_name": "Borough Road",
        "coordinates": [
            -3.027441,
            53.368552
        ]
    },
    "2800S20059A": {
        "common_name": "Irvine Road",
        "coordinates": [
            -3.026515,
            53.372533
        ]
    },
    "2800S20047A": {
        "common_name": "Cressington Avenue",
        "coordinates": [
            -3.02734,
            53.370594
        ]
    },
    "2800S20032B": {
        "common_name": "Borough Road",
        "coordinates": [
            -3.027679,
            53.368415
        ]
    },
    "2800S20033A": {
        "common_name": "Brimstage Avenue",
        "coordinates": [
            -3.027361,
            53.36582
        ]
    },
    "2800S20033B": {
        "common_name": "Cavendish Drive",
        "coordinates": [
            -3.027159,
            53.366173
        ]
    },
    "2800S20034B": {
        "common_name": "Thornton Avenue",
        "coordinates": [
            -3.026662,
            53.363651
        ]
    },
    "2800S20035B": {
        "common_name": "Kings Lane",
        "coordinates": [
            -3.026366,
            53.361972
        ]
    },
    "2800S20036A": {
        "common_name": "Bentfield Gardens",
        "coordinates": [
            -3.025554,
            53.358186
        ]
    },
    "2800S20034A": {
        "common_name": "Thornton Avenue",
        "coordinates": [
            -3.026935,
            53.363729
        ]
    },
    "2800S20035A": {
        "common_name": "Broadway",
        "coordinates": [
            -3.026479,
            53.361019
        ]
    },
    "2800S27016B": {
        "common_name": "Roland Avenue",
        "coordinates": [
            -3.024249,
            53.354503
        ]
    },
    "2800S27017B": {
        "common_name": "Waterfield Close",
        "coordinates": [
            -3.023232,
            53.352831
        ]
    },
    "2800S20036B": {
        "common_name": "Bentfield Gardens",
        "coordinates": [
            -3.025891,
            53.358453
        ]
    },
    "2800S27016A": {
        "common_name": "Village Road",
        "coordinates": [
            -3.024864,
            53.35572
        ]
    },
    "2800S27018B": {
        "common_name": "Gorseville Road",
        "coordinates": [
            -3.021895,
            53.350936
        ]
    },
    "2800S27019A": {
        "common_name": "Brackenwood Primary School",
        "coordinates": [
            -3.01778,
            53.349749
        ]
    },
    "2800S27017A": {
        "common_name": "Waterfield Close",
        "coordinates": [
            -3.023316,
            53.352587
        ]
    },
    "2800S27018A": {
        "common_name": "Brackenwood Road",
        "coordinates": [
            -3.022337,
            53.351211
        ]
    },
    "2800S27019B": {
        "common_name": "Brackenwood Primary School",
        "coordinates": [
            -3.019011,
            53.349703
        ]
    },
    "2800S27020A": {
        "common_name": "Cross Lane",
        "coordinates": [
            -3.013229,
            53.349141
        ]
    },
    "2800S27021A": {
        "common_name": "Pulford Road",
        "coordinates": [
            -3.010227,
            53.349885
        ]
    },
    "2800S27020B": {
        "common_name": "Wirral Grammar School for Girls",
        "coordinates": [
            -3.015454,
            53.34923
        ]
    },
    "2800S27002A": {
        "common_name": "The Village",
        "coordinates": [
            -3.00559,
            53.352019
        ]
    },
    "2800S27021B": {
        "common_name": "Abbots Drive",
        "coordinates": [
            -3.010446,
            53.349632
        ]
    },
    "2800S27003B": {
        "common_name": "Civic Way",
        "coordinates": [
            -3.003899,
            53.351008
        ]
    },
    "2800S27004B": {
        "common_name": "The Wiend",
        "coordinates": [
            -3.002746,
            53.349274
        ]
    },
    "2800S27003A": {
        "common_name": "Civic Way",
        "coordinates": [
            -3.004596,
            53.35129
        ]
    },
    "2800S27004A": {
        "common_name": "Civic Way",
        "coordinates": [
            -3.00359,
            53.348737
        ]
    },
    "2800S27005B": {
        "common_name": "Quarry Road East",
        "coordinates": [
            -3.003526,
            53.345384
        ]
    },
    "2800S27005A": {
        "common_name": "Stanton Road",
        "coordinates": [
            -3.003734,
            53.345284
        ]
    },
    "2800S27006A": {
        "common_name": "Tudor Avenue",
        "coordinates": [
            -3.004815,
            53.342047
        ]
    },
    "2800S27006B": {
        "common_name": "Parkfield Road",
        "coordinates": [
            -3.004182,
            53.342619
        ]
    },
    "2800S27008B": {
        "common_name": "Beechway",
        "coordinates": [
            -3.01013,
            53.341346
        ]
    },
    "2800S27008A": {
        "common_name": "Beechway",
        "coordinates": [
            -3.011032,
            53.341375
        ]
    },
    "2800S27009B": {
        "common_name": "Old Clatterbridge Road",
        "coordinates": [
            -3.014161,
            53.340323
        ]
    },
    "2800S27009C": {
        "common_name": "M53",
        "coordinates": [
            -3.01802,
            53.339032
        ]
    },
    "2800S27010B": {
        "common_name": "Clatterbridge Hospital",
        "coordinates": [
            -3.020083,
            53.333585
        ]
    },
    "2800S27009A": {
        "common_name": "Needwood Drive",
        "coordinates": [
            -3.013077,
            53.340845
        ]
    },
    "2800S27086B": {
        "common_name": "Clatterbridge Road",
        "coordinates": [
            -3.02523,
            53.324642
        ]
    },
    "2800S27086C": {
        "common_name": "Willaston Road",
        "coordinates": [
            -3.025137,
            53.324526
        ]
    },
    "2800S28040B": {
        "common_name": "Ivy Cottage",
        "coordinates": [
            -3.037921,
            53.323597
        ]
    },
    "2800S28040A": {
        "common_name": "Ivy Cottage",
        "coordinates": [
            -3.037701,
            53.323815
        ]
    },
    "2800S28041B": {
        "common_name": "Manor Road",
        "coordinates": [
            -3.045407,
            53.320898
        ]
    },
    "2800S28041A": {
        "common_name": "Church Road",
        "coordinates": [
            -3.04463,
            53.321031
        ]
    },
    "2800S28042B": {
        "common_name": "Oxford Drive",
        "coordinates": [
            -3.050897,
            53.317668
        ]
    },
    "2800S28043B": {
        "common_name": "Parkgate Lane",
        "coordinates": [
            -3.053376,
            53.315299
        ]
    },
    "2800S28042A": {
        "common_name": "Oxford Drive",
        "coordinates": [
            -3.051644,
            53.31749
        ]
    },
    "2800S28043A": {
        "common_name": "Parkgate Lane",
        "coordinates": [
            -3.053473,
            53.315559
        ]
    },
    "2800S28044C": {
        "common_name": "Liverpool Road",
        "coordinates": [
            -3.052931,
            53.311861
        ]
    },
    "2800S28081B": {
        "common_name": "County Boundary",
        "coordinates": [
            -3.0527,
            53.310397
        ]
    },
    "2800S28044B": {
        "common_name": "LIverpool Road",
        "coordinates": [
            -3.053206,
            53.312047
        ]
    },
    "2800S28081A": {
        "common_name": "County Boundary",
        "coordinates": [
            -3.052849,
            53.310333
        ]
    },
    "0610EP1368": {
        "common_name": "Red Gates",
        "coordinates": [
            -3.053994,
            53.305667
        ]
    },
    "0610EP1412": {
        "common_name": "Red Gates",
        "coordinates": [
            -3.053708,
            53.305633
        ]
    },
    "0610EP1346": {
        "common_name": "Chester High Road",
        "coordinates": [
            -3.053732,
            53.302918
        ]
    },
    "0610EP1344": {
        "common_name": "Clayhill",
        "coordinates": [
            -3.056226,
            53.299426
        ]
    },
    "0610EP1342": {
        "common_name": "Westlands Close",
        "coordinates": [
            -3.058111,
            53.297351
        ]
    },
    "0610EP1340": {
        "common_name": "Drake Road",
        "coordinates": [
            -3.06104,
            53.295671
        ]
    },
    "0610EP1345": {
        "common_name": "Chester High Road",
        "coordinates": [
            -3.053721,
            53.303098
        ]
    },
    "0610EP17375": {
        "common_name": "Clayhill",
        "coordinates": [
            -3.056512,
            53.299451
        ]
    },
    "0610EP1338": {
        "common_name": "New Hayes",
        "coordinates": [
            -3.063972,
            53.294099
        ]
    },
    "0610EP1337": {
        "common_name": "Malt Shovel Inn",
        "coordinates": [
            -3.06461,
            53.293212
        ]
    },
    "0610EP1343": {
        "common_name": "Westlands Close",
        "coordinates": [
            -3.05766,
            53.297948
        ]
    },
    "0610EP1341": {
        "common_name": "Drake Road",
        "coordinates": [
            -3.060423,
            53.296189
        ]
    },
    "0610EP1335": {
        "common_name": "Railway Station",
        "coordinates": [
            -3.063411,
            53.291443
        ]
    },
    "0610EP1339": {
        "common_name": "Drake Road",
        "coordinates": [
            -3.062273,
            53.295184
        ]
    },
    "0610EP1336": {
        "common_name": "Malt Shovel Inn",
        "coordinates": [
            -3.06485,
            53.293228
        ]
    },
    "0610EP1334": {
        "common_name": "Tesco",
        "coordinates": [
            -3.063627,
            53.289877
        ]
    },
    "0610EP1408": {
        "common_name": "Breezehill Road",
        "coordinates": [
            -3.056883,
            53.290171
        ]
    },
    "0610EP1324": {
        "common_name": "The Quillet",
        "coordinates": [
            -3.055089,
            53.288578
        ]
    },
    "0610EP1329": {
        "common_name": "Health Centre",
        "coordinates": [
            -3.054122,
            53.287085
        ]
    },
    "0610EP17241": {
        "common_name": "Royal Oak",
        "coordinates": [
            -3.052919,
            53.283922
        ]
    },
    "0610EP1325": {
        "common_name": "The Quillet",
        "coordinates": [
            -3.055312,
            53.288522
        ]
    },
    "0610EP1330": {
        "common_name": "Health Centre",
        "coordinates": [
            -3.054375,
            53.287029
        ]
    },
    "0610EP1306": {
        "common_name": "Talbot Avenue",
        "coordinates": [
            -3.058579,
            53.284133
        ]
    },
    "0610EP17239": {
        "common_name": "Thirlmere Road",
        "coordinates": [
            -3.062037,
            53.283851
        ]
    },
    "0610EP1328": {
        "common_name": "Royal Oak",
        "coordinates": [
            -3.053115,
            53.283975
        ]
    },
    "0610EP1309": {
        "common_name": "West Vale Shops",
        "coordinates": [
            -3.065166,
            53.283005
        ]
    },
    "0610EP1307": {
        "common_name": "Talbot Avenue",
        "coordinates": [
            -3.058402,
            53.284233
        ]
    },
    "0610EP1308": {
        "common_name": "Thirlmere Road",
        "coordinates": [
            -3.06213,
            53.283985
        ]
    },
    "0610EP1312": {
        "common_name": "West Vale",
        "coordinates": [
            -3.064787,
            53.281021
        ]
    },
    "0610EP1313": {
        "common_name": "Marshlands Road",
        "coordinates": [
            -3.062763,
            53.279269
        ]
    },
    "0610EP1310": {
        "common_name": "West Vale Shops",
        "coordinates": [
            -3.065155,
            53.283184
        ]
    },
    "0610EP1315": {
        "common_name": "Colliery Green Close",
        "coordinates": [
            -3.060451,
            53.278561
        ]
    },
    "0610EP1316": {
        "common_name": "Brook Well",
        "coordinates": [
            -3.057282,
            53.277169
        ]
    },
    "0610EP1317": {
        "common_name": "Turrocks Croft",
        "coordinates": [
            -3.058101,
            53.279373
        ]
    },
    "0610EP1311": {
        "common_name": "West Vale",
        "coordinates": [
            -3.065026,
            53.280992
        ]
    },
    "0610EP1319": {
        "common_name": "The Court",
        "coordinates": [
            -3.057101,
            53.281377
        ]
    },
    "0610EP1303": {
        "common_name": "School Lane",
        "coordinates": [
            -3.051641,
            53.279511
        ]
    },
    "0610EP1314": {
        "common_name": "Marshlands Road",
        "coordinates": [
            -3.062972,
            53.279222
        ]
    },
    "0610EP18914": {
        "common_name": "Colliery Green Close",
        "coordinates": [
            -3.060814,
            53.278666
        ]
    },
    "0610EP19007": {
        "common_name": "Brook Well",
        "coordinates": [
            -3.057145,
            53.277062
        ]
    },
    "0610EP1318": {
        "common_name": "Turrocks Croft",
        "coordinates": [
            -3.057863,
            53.279438
        ]
    },
    "0610EP1382": {
        "common_name": "The Court",
        "coordinates": [
            -3.056963,
            53.281271
        ]
    },
    "0610EP1301": {
        "common_name": "The Wheatsheaf",
        "coordinates": [
            -3.04775,
            53.276183
        ]
    },
    "0610EP19024": {
        "common_name": "School Lane",
        "coordinates": [
            -3.051634,
            53.279223
        ]
    },
    "0610EP1425": {
        "common_name": "Ness Botanic Gardens",
        "coordinates": [
            -3.041584,
            53.272399
        ]
    },
    "0610EP1302": {
        "common_name": "The Wheatsheaf",
        "coordinates": [
            -3.048628,
            53.276517
        ]
    },
    "0610EP1379": {
        "common_name": "Ness Botanic Gardens",
        "coordinates": [
            -3.041838,
            53.272352
        ]
    },
    "0610EP1424": {
        "common_name": "Neston Road Turning Circle",
        "coordinates": [
            -3.04041,
            53.269739
        ]
    }
}