{
    "2800S42029A": {
        "common_name": "Whitechapel",
        "coordinates": [
            -2.985149,
            53.406977
        ]
    },
    "2800S42070A": {
        "common_name": "Preston Street",
        "coordinates": [
            -2.984219,
            53.408387
        ]
    },
    "2800S22010C": {
        "common_name": "Hinson Street",
        "coordinates": [
            -3.016026,
            53.391581
        ]
    },
    "2800S22043J": {
        "common_name": "Birkenhead Bus Station",
        "coordinates": [
            -3.022619,
            53.39121
        ]
    },
    "2800S22033H": {
        "common_name": "Catherine Street",
        "coordinates": [
            -3.029066,
            53.390417
        ]
    },
    "2800S22029B": {
        "common_name": "Maple Street",
        "coordinates": [
            -3.027336,
            53.386046
        ]
    },
    "2800S20057B": {
        "common_name": "Frodsham Street",
        "coordinates": [
            -3.023658,
            53.383147
        ]
    },
    "2800S20058B": {
        "common_name": "Seymour Street",
        "coordinates": [
            -3.024303,
            53.381829
        ]
    },
    "2800S20022A": {
        "common_name": "Elm Road",
        "coordinates": [
            -3.025213,
            53.379008
        ]
    },
    "2800S20060B": {
        "common_name": "Dial Road",
        "coordinates": [
            -3.025085,
            53.377463
        ]
    },
    "2800S20056A": {
        "common_name": "Bebington Road",
        "coordinates": [
            -3.02553,
            53.374052
        ]
    },
    "2800S20059B": {
        "common_name": "St Georges Avenue",
        "coordinates": [
            -3.026519,
            53.372066
        ]
    },
    "2800S20047C": {
        "common_name": "Bedford Drive",
        "coordinates": [
            -3.027142,
            53.370487
        ]
    },
    "2800S20032E": {
        "common_name": "Borough Road",
        "coordinates": [
            -3.027441,
            53.368552
        ]
    },
    "2800S20033B": {
        "common_name": "Cavendish Drive",
        "coordinates": [
            -3.027159,
            53.366173
        ]
    },
    "2800S20034B": {
        "common_name": "Thornton Avenue",
        "coordinates": [
            -3.026662,
            53.363651
        ]
    },
    "2800S20035B": {
        "common_name": "Kings Lane",
        "coordinates": [
            -3.026366,
            53.361972
        ]
    },
    "2800S20036A": {
        "common_name": "Bentfield Gardens",
        "coordinates": [
            -3.025554,
            53.358186
        ]
    },
    "2800S27016B": {
        "common_name": "Roland Avenue",
        "coordinates": [
            -3.024249,
            53.354503
        ]
    },
    "2800S27017B": {
        "common_name": "Waterfield Close",
        "coordinates": [
            -3.023232,
            53.352831
        ]
    },
    "2800S27018B": {
        "common_name": "Gorseville Road",
        "coordinates": [
            -3.021895,
            53.350936
        ]
    },
    "2800S27019A": {
        "common_name": "Brackenwood Primary School",
        "coordinates": [
            -3.01778,
            53.349749
        ]
    },
    "2800S27020A": {
        "common_name": "Cross Lane",
        "coordinates": [
            -3.013229,
            53.349141
        ]
    },
    "2800S27021A": {
        "common_name": "Pulford Road",
        "coordinates": [
            -3.010227,
            53.349885
        ]
    },
    "2800S27002A": {
        "common_name": "The Village",
        "coordinates": [
            -3.00559,
            53.352019
        ]
    },
    "2800S27003B": {
        "common_name": "Civic Way",
        "coordinates": [
            -3.003899,
            53.351008
        ]
    },
    "2800S27004B": {
        "common_name": "The Wiend",
        "coordinates": [
            -3.002746,
            53.349274
        ]
    },
    "2800S27005B": {
        "common_name": "Quarry Road East",
        "coordinates": [
            -3.003526,
            53.345384
        ]
    },
    "2800S27006B": {
        "common_name": "Parkfield Road",
        "coordinates": [
            -3.004182,
            53.342619
        ]
    },
    "2800S27008B": {
        "common_name": "Beechway",
        "coordinates": [
            -3.01013,
            53.341346
        ]
    },
    "2800S27009B": {
        "common_name": "Old Clatterbridge Road",
        "coordinates": [
            -3.014161,
            53.340323
        ]
    },
    "2800S27009C": {
        "common_name": "M53",
        "coordinates": [
            -3.01802,
            53.339032
        ]
    },
    "2800S27010B": {
        "common_name": "Clatterbridge Hospital",
        "coordinates": [
            -3.020083,
            53.333585
        ]
    },
    "2800S27086C": {
        "common_name": "Willaston Road",
        "coordinates": [
            -3.025137,
            53.324526
        ]
    },
    "2800S28040B": {
        "common_name": "Ivy Cottage",
        "coordinates": [
            -3.037921,
            53.323597
        ]
    },
    "2800S28041A": {
        "common_name": "Church Road",
        "coordinates": [
            -3.04463,
            53.321031
        ]
    },
    "2800S28042B": {
        "common_name": "Oxford Drive",
        "coordinates": [
            -3.050897,
            53.317668
        ]
    },
    "2800S28043B": {
        "common_name": "Parkgate Lane",
        "coordinates": [
            -3.053376,
            53.315299
        ]
    },
    "2800S28044C": {
        "common_name": "Liverpool Road",
        "coordinates": [
            -3.052931,
            53.311861
        ]
    },
    "2800S28081B": {
        "common_name": "County Boundary",
        "coordinates": [
            -3.0527,
            53.310397
        ]
    },
    "0610EP1412": {
        "common_name": "Red Gates",
        "coordinates": [
            -3.053708,
            53.305633
        ]
    },
    "0610EP1346": {
        "common_name": "Chester High Road",
        "coordinates": [
            -3.053732,
            53.302918
        ]
    },
    "0610EP1344": {
        "common_name": "Clayhill",
        "coordinates": [
            -3.056226,
            53.299426
        ]
    },
    "0610EP1342": {
        "common_name": "Westlands Close",
        "coordinates": [
            -3.058111,
            53.297351
        ]
    },
    "0610EP1340": {
        "common_name": "Drake Road",
        "coordinates": [
            -3.06104,
            53.295671
        ]
    },
    "0610EP1338": {
        "common_name": "New Hayes",
        "coordinates": [
            -3.063972,
            53.294099
        ]
    },
    "0610EP1337": {
        "common_name": "Malt Shovel Inn",
        "coordinates": [
            -3.06461,
            53.293212
        ]
    },
    "0610EP1335": {
        "common_name": "Railway Station",
        "coordinates": [
            -3.063411,
            53.291443
        ]
    },
    "0610EP1334": {
        "common_name": "Tesco",
        "coordinates": [
            -3.063627,
            53.289877
        ]
    },
    "0610EP17239": {
        "common_name": "Thirlmere Road",
        "coordinates": [
            -3.062037,
            53.283851
        ]
    },
    "0610EP1309": {
        "common_name": "West Vale Shops",
        "coordinates": [
            -3.065166,
            53.283005
        ]
    },
    "0610EP1312": {
        "common_name": "West Vale",
        "coordinates": [
            -3.064787,
            53.281021
        ]
    },
    "0610EP1313": {
        "common_name": "Marshlands Road",
        "coordinates": [
            -3.062763,
            53.279269
        ]
    },
    "0610EP1315": {
        "common_name": "Colliery Green Close",
        "coordinates": [
            -3.060451,
            53.278561
        ]
    },
    "0610EP1316": {
        "common_name": "Brook Well",
        "coordinates": [
            -3.057282,
            53.277169
        ]
    },
    "0610EP1317": {
        "common_name": "Turrocks Croft",
        "coordinates": [
            -3.058101,
            53.279373
        ]
    },
    "0610EP1319": {
        "common_name": "The Court",
        "coordinates": [
            -3.057101,
            53.281377
        ]
    },
    "0610EP1304": {
        "common_name": "Bull Hill",
        "coordinates": [
            -3.056542,
            53.282407
        ]
    },
    "0610EP1328": {
        "common_name": "Royal Oak",
        "coordinates": [
            -3.053115,
            53.283975
        ]
    }
}