{
    "2800S22005C": {
        "common_name": "Grange Road",
        "coordinates": [
            -3.020064,
            53.39
        ]
    },
    "2800S20001D": {
        "common_name": "Clifton Crescent",
        "coordinates": [
            -3.022714,
            53.388917
        ]
    },
    "2800S22011A": {
        "common_name": "Whetstone Lane",
        "coordinates": [
            -3.029182,
            53.388376
        ]
    },
    "2800S22031A": {
        "common_name": "Barton Street",
        "coordinates": [
            -3.031874,
            53.388407
        ]
    },
    "2800S22021A": {
        "common_name": "Grange View",
        "coordinates": [
            -3.034301,
            53.386786
        ]
    },
    "2800S21045A": {
        "common_name": "Town View",
        "coordinates": [
            -3.035708,
            53.385901
        ]
    },
    "2800S22022A": {
        "common_name": "South Hill Road",
        "coordinates": [
            -3.036934,
            53.382547
        ]
    },
    "2800S22023A": {
        "common_name": "Heatherdale Close",
        "coordinates": [
            -3.037413,
            53.379981
        ]
    },
    "2800S22024A": {
        "common_name": "Gorsefield Road",
        "coordinates": [
            -3.037951,
            53.376767
        ]
    },
    "2800S20003A": {
        "common_name": "Moss Lane",
        "coordinates": [
            -3.040144,
            53.374824
        ]
    },
    "2800S20099B": {
        "common_name": "Fairview Road",
        "coordinates": [
            -3.043235,
            53.375211
        ]
    },
    "2800S22035B": {
        "common_name": "Mount Olive",
        "coordinates": [
            -3.047042,
            53.378432
        ]
    },
    "2800S25089A": {
        "common_name": "Hillside View",
        "coordinates": [
            -3.050074,
            53.379475
        ]
    },
    "2800S25085B": {
        "common_name": "Village Road",
        "coordinates": [
            -3.05082,
            53.380475
        ]
    },
    "2800S25092A": {
        "common_name": "Bidston Road",
        "coordinates": [
            -3.053161,
            53.381506
        ]
    },
    "2800S25084B": {
        "common_name": "Flatt Lane",
        "coordinates": [
            -3.056416,
            53.380012
        ]
    },
    "2800S25083B": {
        "common_name": "Hargrave Avenue",
        "coordinates": [
            -3.061059,
            53.37811
        ]
    },
    "2800S25082B": {
        "common_name": "Hogarth Drive",
        "coordinates": [
            -3.068235,
            53.3789
        ]
    },
    "2800S25081B": {
        "common_name": "Moorfields Avenue",
        "coordinates": [
            -3.072706,
            53.381566
        ]
    },
    "2800S25081C": {
        "common_name": "Eastview Close",
        "coordinates": [
            -3.074441,
            53.380597
        ]
    },
    "2800S25080B": {
        "common_name": "Ormond Way",
        "coordinates": [
            -3.077468,
            53.380219
        ]
    },
    "2800S25079B": {
        "common_name": "St Peters Way",
        "coordinates": [
            -3.07953,
            53.381486
        ]
    },
    "2800S25078B": {
        "common_name": "Beryl Road",
        "coordinates": [
            -3.082211,
            53.384653
        ]
    },
    "2800S25061B": {
        "common_name": "Noctorum Avenue",
        "coordinates": [
            -3.083405,
            53.387258
        ]
    },
    "2800S25077B": {
        "common_name": "First Avenue",
        "coordinates": [
            -3.081835,
            53.389402
        ]
    },
    "2800S25076B": {
        "common_name": "Second Avenue",
        "coordinates": [
            -3.084814,
            53.388863
        ]
    },
    "2800S25075B": {
        "common_name": "Third Avenue",
        "coordinates": [
            -3.086039,
            53.391513
        ]
    },
    "2800S25088B": {
        "common_name": "Fifth Avenue",
        "coordinates": [
            -3.085842,
            53.393798
        ]
    },
    "2800S25074B": {
        "common_name": "Beechwood Drive",
        "coordinates": [
            -3.084899,
            53.395748
        ]
    },
    "2800S25073B": {
        "common_name": "Bidston Green Drive",
        "coordinates": [
            -3.084532,
            53.399652
        ]
    },
    "2800S25072A": {
        "common_name": "St Oswalds Ave",
        "coordinates": [
            -3.083985,
            53.401788
        ]
    },
    "2800S25071A": {
        "common_name": "Bidston Village Road",
        "coordinates": [
            -3.082575,
            53.403751
        ]
    },
    "2800S25070B": {
        "common_name": "School Lane",
        "coordinates": [
            -3.079137,
            53.40398
        ]
    },
    "2800S25123A": {
        "common_name": "Bidston Village Road",
        "coordinates": [
            -3.0727,
            53.405243
        ]
    },
    "2800S25048A": {
        "common_name": "Hurrell Road",
        "coordinates": [
            -3.070921,
            53.404468
        ]
    },
    "2800S21067B": {
        "common_name": "Worcester Road",
        "coordinates": [
            -3.06595,
            53.4024
        ]
    },
    "2800S21066B": {
        "common_name": "Hablyn Road",
        "coordinates": [
            -3.064318,
            53.402082
        ]
    },
    "2800S21065C": {
        "common_name": "Arkle Road",
        "coordinates": [
            -3.057244,
            53.4013
        ]
    },
    "2800S21064A": {
        "common_name": "Dundonald Street",
        "coordinates": [
            -3.052307,
            53.399932
        ]
    },
    "2800S21053A": {
        "common_name": "Plumer Street",
        "coordinates": [
            -3.050172,
            53.399339
        ]
    },
    "2800S21052B": {
        "common_name": "Bidston Avenue",
        "coordinates": [
            -3.051371,
            53.397342
        ]
    },
    "2800S21051D": {
        "common_name": "Upton Road",
        "coordinates": [
            -3.056076,
            53.394811
        ]
    },
    "2800S21050A": {
        "common_name": "Tollemache Road",
        "coordinates": [
            -3.055733,
            53.392495
        ]
    },
    "2800S21111A": {
        "common_name": "Shrewsbury Close",
        "coordinates": [
            -3.055051,
            53.389876
        ]
    },
    "2800S21049A": {
        "common_name": "Kingsmead Road",
        "coordinates": [
            -3.054297,
            53.38795
        ]
    },
    "2800S21048A": {
        "common_name": "Beresford Road",
        "coordinates": [
            -3.052739,
            53.385752
        ]
    },
    "2800S21047A": {
        "common_name": "Arnside Road",
        "coordinates": [
            -3.048867,
            53.383566
        ]
    },
    "2800S21103B": {
        "common_name": "Columbia Road",
        "coordinates": [
            -3.046215,
            53.383329
        ]
    },
    "2800S21046A": {
        "common_name": "Lynn Bank",
        "coordinates": [
            -3.041346,
            53.384037
        ]
    },
    "2800S21045B": {
        "common_name": "Woodchurch Road",
        "coordinates": [
            -3.036504,
            53.385247
        ]
    },
    "2800S22021B": {
        "common_name": "Oak Bank",
        "coordinates": [
            -3.034028,
            53.386698
        ]
    },
    "2800S22031B": {
        "common_name": "Cook Street",
        "coordinates": [
            -3.031499,
            53.388446
        ]
    },
    "2800S22033F": {
        "common_name": "Catherine Street",
        "coordinates": [
            -3.028422,
            53.390522
        ]
    },
    "2800S22043B": {
        "common_name": "Birkenhead Bus Station",
        "coordinates": [
            -3.022619,
            53.39121
        ]
    }
}