{
    "2800S20001D": {
        "common_name": "Clifton Crescent",
        "coordinates": [
            -3.022714,
            53.388917
        ]
    },
    "2800S22005C": {
        "common_name": "Grange Road",
        "coordinates": [
            -3.020064,
            53.39
        ]
    },
    "2800S22043B": {
        "common_name": "Birkenhead Bus Station",
        "coordinates": [
            -3.022619,
            53.39121
        ]
    },
    "2800S22033F": {
        "common_name": "Catherine Street",
        "coordinates": [
            -3.028422,
            53.390522
        ]
    },
    "2800S22031B": {
        "common_name": "Cook Street",
        "coordinates": [
            -3.031499,
            53.388446
        ]
    },
    "2800S22021B": {
        "common_name": "Oak Bank",
        "coordinates": [
            -3.034028,
            53.386698
        ]
    },
    "2800S21045C": {
        "common_name": "Mount Grove",
        "coordinates": [
            -3.035921,
            53.384758
        ]
    },
    "2800S22022B": {
        "common_name": "Woodville Road",
        "coordinates": [
            -3.036748,
            53.382288
        ]
    },
    "2800S22023B": {
        "common_name": "Kingsland Road",
        "coordinates": [
            -3.037221,
            53.380117
        ]
    },
    "2800S22024B": {
        "common_name": "Highgreen Road",
        "coordinates": [
            -3.037283,
            53.377726
        ]
    },
    "2800S20003B": {
        "common_name": "Gorsefield Road",
        "coordinates": [
            -3.038306,
            53.37591
        ]
    },
    "2800S20099A": {
        "common_name": "Fairview Road",
        "coordinates": [
            -3.043076,
            53.374889
        ]
    },
    "2800S22034A": {
        "common_name": "Storeton Close",
        "coordinates": [
            -3.045214,
            53.37807
        ]
    },
    "2800S22035A": {
        "common_name": "Mount Olive",
        "coordinates": [
            -3.047469,
            53.378086
        ]
    },
    "2800S25089B": {
        "common_name": "Hillside View",
        "coordinates": [
            -3.050159,
            53.379285
        ]
    },
    "2800S25085A": {
        "common_name": "Village Road",
        "coordinates": [
            -3.05114,
            53.380643
        ]
    },
    "2800S25092B": {
        "common_name": "Talbot Road",
        "coordinates": [
            -3.054104,
            53.380725
        ]
    },
    "2800S25084A": {
        "common_name": "Flatt Lane",
        "coordinates": [
            -3.057141,
            53.37952
        ]
    },
    "2800S25083A": {
        "common_name": "Churton Avenue",
        "coordinates": [
            -3.06092,
            53.377949
        ]
    },
    "2800S25082A": {
        "common_name": "Hogarth Drive",
        "coordinates": [
            -3.068017,
            53.378614
        ]
    },
    "2800S25081A": {
        "common_name": "Moorfields Avenue",
        "coordinates": [
            -3.073294,
            53.381021
        ]
    },
    "2800S25080A": {
        "common_name": "Ormond Way",
        "coordinates": [
            -3.078195,
            53.380437
        ]
    },
    "2800S25079A": {
        "common_name": "St Peters Way",
        "coordinates": [
            -3.080711,
            53.382419
        ]
    },
    "2800S25078A": {
        "common_name": "Beryl Road",
        "coordinates": [
            -3.082454,
            53.384741
        ]
    },
    "2800S25061A": {
        "common_name": "Upton Station",
        "coordinates": [
            -3.083187,
            53.385777
        ]
    },
    "2800S25077A": {
        "common_name": "First Avenue",
        "coordinates": [
            -3.082858,
            53.388836
        ]
    },
    "2800S25076A": {
        "common_name": "Second Avenue",
        "coordinates": [
            -3.085481,
            53.389684
        ]
    },
    "2800S25075A": {
        "common_name": "Third Avenue",
        "coordinates": [
            -3.086296,
            53.39214
        ]
    },
    "2800S25088A": {
        "common_name": "Fifth Avenue",
        "coordinates": [
            -3.086001,
            53.394138
        ]
    },
    "2800S25074A": {
        "common_name": "Beechwood Drive",
        "coordinates": [
            -3.084723,
            53.396505
        ]
    },
    "2800S25073A": {
        "common_name": "Bidston Green Drive",
        "coordinates": [
            -3.084638,
            53.400281
        ]
    },
    "2800S25072B": {
        "common_name": "St Oswalds Ave",
        "coordinates": [
            -3.083945,
            53.402597
        ]
    },
    "2800S25071B": {
        "common_name": "Bidston Village Road",
        "coordinates": [
            -3.082414,
            53.403906
        ]
    },
    "2800S25070A": {
        "common_name": "Lennox Lane",
        "coordinates": [
            -3.078973,
            53.404062
        ]
    },
    "2800S25123B": {
        "common_name": "Compton Road",
        "coordinates": [
            -3.072798,
            53.405538
        ]
    },
    "2800S25048B": {
        "common_name": "Hurrell Road",
        "coordinates": [
            -3.069479,
            53.403968
        ]
    },
    "2800S21067A": {
        "common_name": "Gautby Road",
        "coordinates": [
            -3.067564,
            53.403149
        ]
    },
    "2800S21066A": {
        "common_name": "Mercer Road",
        "coordinates": [
            -3.062407,
            53.402054
        ]
    },
    "2800S21065D": {
        "common_name": "Miriam Place",
        "coordinates": [
            -3.056811,
            53.401402
        ]
    },
    "2800S21064B": {
        "common_name": "Connaught Way",
        "coordinates": [
            -3.054068,
            53.400591
        ]
    },
    "2800S21053B": {
        "common_name": "Brassey Street",
        "coordinates": [
            -3.048859,
            53.399162
        ]
    },
    "2800S21052C": {
        "common_name": "Bidston Avenue",
        "coordinates": [
            -3.051128,
            53.397264
        ]
    },
    "2800S21051C": {
        "common_name": "Upton Road",
        "coordinates": [
            -3.055812,
            53.394499
        ]
    },
    "2800S21050C": {
        "common_name": "Tollemache Road",
        "coordinates": [
            -3.055622,
            53.392882
        ]
    },
    "2800S21050B": {
        "common_name": "Tollemache Road",
        "coordinates": [
            -3.055351,
            53.391644
        ]
    },
    "2800S21111B": {
        "common_name": "Shrewsbury Close",
        "coordinates": [
            -3.055075,
            53.390235
        ]
    },
    "2800S21049C": {
        "common_name": "Kingsmead Road",
        "coordinates": [
            -3.053771,
            53.387343
        ]
    },
    "2800S21048B": {
        "common_name": "Beresford Road",
        "coordinates": [
            -3.05169,
            53.385276
        ]
    },
    "2800S21103A": {
        "common_name": "Alton Road",
        "coordinates": [
            -3.046863,
            53.383422
        ]
    },
    "2800S21046B": {
        "common_name": "Slatey Road",
        "coordinates": [
            -3.040812,
            53.384338
        ]
    },
    "2800S21045D": {
        "common_name": "Oxton Road",
        "coordinates": [
            -3.035349,
            53.385365
        ]
    },
    "2800S22012A": {
        "common_name": "Carnforth Close",
        "coordinates": [
            -3.032745,
            53.385882
        ]
    },
    "2800S22011A": {
        "common_name": "Whetstone Lane",
        "coordinates": [
            -3.029182,
            53.388376
        ]
    }
}