{
    "2800S60019B": {
        "common_name": "Preston New Road",
        "coordinates": [
            -2.948203,
            53.675598
        ]
    },
    "2800S60018A": {
        "common_name": "Pool Street",
        "coordinates": [
            -2.948451,
            53.672522
        ]
    },
    "2800S60017B": {
        "common_name": "New Lane",
        "coordinates": [
            -2.94856,
            53.669923
        ]
    },
    "2800S60018B": {
        "common_name": "Brook Street",
        "coordinates": [
            -2.948566,
            53.672242
        ]
    },
    "2800S60017A": {
        "common_name": "North Road",
        "coordinates": [
            -2.948602,
            53.670462
        ]
    },
    "2800S60016A": {
        "common_name": "The Crescent",
        "coordinates": [
            -2.950161,
            53.667789
        ]
    },
    "2800S60015A": {
        "common_name": "Blundell Lane",
        "coordinates": [
            -2.954239,
            53.664063
        ]
    },
    "2800S60014A": {
        "common_name": "Verulam Road",
        "coordinates": [
            -2.956683,
            53.66238
        ]
    },
    "2800S60016B": {
        "common_name": "Slackeys Lane",
        "coordinates": [
            -2.950134,
            53.667898
        ]
    },
    "2800S60015B": {
        "common_name": "Merlewood Avenue",
        "coordinates": [
            -2.953753,
            53.664624
        ]
    },
    "2800S60013A": {
        "common_name": "Botanic Gardens",
        "coordinates": [
            -2.961264,
            53.659503
        ]
    },
    "2800S60014B": {
        "common_name": "Verulam Road",
        "coordinates": [
            -2.956526,
            53.662777
        ]
    },
    "2800S60012A": {
        "common_name": "Off Botanic Road",
        "coordinates": [
            -2.964408,
            53.658696
        ]
    },
    "2800S60013B": {
        "common_name": "Botanic Gardens",
        "coordinates": [
            -2.960527,
            53.659725
        ]
    },
    "2800S60012C": {
        "common_name": "Botanic Road",
        "coordinates": [
            -2.965096,
            53.658978
        ]
    },
    "2800S60011A": {
        "common_name": "Peets Lane",
        "coordinates": [
            -2.965754,
            53.656663
        ]
    },
    "2800S60010A": {
        "common_name": "High Park Place",
        "coordinates": [
            -2.966163,
            53.654044
        ]
    },
    "2800S60011B": {
        "common_name": "Peets Lane",
        "coordinates": [
            -2.966021,
            53.657092
        ]
    },
    "2800S60010B": {
        "common_name": "Bibby Road",
        "coordinates": [
            -2.966453,
            53.65414
        ]
    },
    "2800S60009B": {
        "common_name": "Derwent Avenue",
        "coordinates": [
            -2.970647,
            53.653603
        ]
    },
    "2800S60009A": {
        "common_name": "Hesketh Drive",
        "coordinates": [
            -2.972032,
            53.653313
        ]
    },
    "2800S60008B": {
        "common_name": "Wennington Road",
        "coordinates": [
            -2.975138,
            53.652847
        ]
    },
    "2800S60008A": {
        "common_name": "Hesketh Drive",
        "coordinates": [
            -2.973664,
            53.65321
        ]
    },
    "2800S60007B": {
        "common_name": "Norwood Avenue",
        "coordinates": [
            -2.97809,
            53.652275
        ]
    },
    "2800S60006A": {
        "common_name": "Grange Avenue",
        "coordinates": [
            -2.982832,
            53.651238
        ]
    },
    "2800S60007A": {
        "common_name": "Parklands",
        "coordinates": [
            -2.977852,
            53.652439
        ]
    },
    "2800S60006B": {
        "common_name": "Park Avenue",
        "coordinates": [
            -2.982037,
            53.651542
        ]
    },
    "2800S60005A": {
        "common_name": "Zetland Street",
        "coordinates": [
            -2.987918,
            53.650037
        ]
    },
    "2800S60004A": {
        "common_name": "Mount Street",
        "coordinates": [
            -2.992354,
            53.649524
        ]
    },
    "2800S60005B": {
        "common_name": "Leyland Road",
        "coordinates": [
            -2.987091,
            53.650269
        ]
    },
    "2800S60004B": {
        "common_name": "Hawkshead Street",
        "coordinates": [
            -2.991904,
            53.649689
        ]
    },
    "2800S60003B": {
        "common_name": "Hoghton Street",
        "coordinates": [
            -2.997413,
            53.651037
        ]
    },
    "2800S60002A": {
        "common_name": "Union Street",
        "coordinates": [
            -2.999916,
            53.651331
        ]
    },
    "2800S60001A": {
        "common_name": "Hill Street",
        "coordinates": [
            -3.001558,
            53.650418
        ]
    },
    "2800S60003A": {
        "common_name": "Thistleton Mews",
        "coordinates": [
            -2.99526,
            53.650219
        ]
    },
    "2800S63002J": {
        "common_name": "The Monument",
        "coordinates": [
            -3.004889,
            53.648592
        ]
    },
    "2800S60002B": {
        "common_name": "Leicester Street",
        "coordinates": [
            -2.999353,
            53.651848
        ]
    },
    "2800S60001B": {
        "common_name": "Bold Street",
        "coordinates": [
            -3.001802,
            53.65047
        ]
    },
    "2800S63001E": {
        "common_name": "Eastbank Street",
        "coordinates": [
            -3.007755,
            53.646959
        ]
    },
    "2800S61015B": {
        "common_name": "Wellington Street",
        "coordinates": [
            -3.011756,
            53.644741
        ]
    },
    "2800S63002M": {
        "common_name": "Nevill Street",
        "coordinates": [
            -3.006521,
            53.647887
        ]
    },
    "2800S61014B": {
        "common_name": "Westcliffe Road",
        "coordinates": [
            -3.014402,
            53.642786
        ]
    },
    "2800S61013A": {
        "common_name": "Gloucester Road",
        "coordinates": [
            -3.017525,
            53.639335
        ]
    },
    "2800S61015A": {
        "common_name": "Duke Street",
        "coordinates": [
            -3.011791,
            53.64493
        ]
    },
    "2800S61014A": {
        "common_name": "Westcliffe Road",
        "coordinates": [
            -3.014901,
            53.642782
        ]
    },
    "2800S61013B": {
        "common_name": "Palatine Road",
        "coordinates": [
            -3.017989,
            53.639107
        ]
    },
    "2800S61012C": {
        "common_name": "Lulworth Road",
        "coordinates": [
            -3.020318,
            53.636615
        ]
    },
    "2800S61011B": {
        "common_name": "York Road",
        "coordinates": [
            -3.015675,
            53.634695
        ]
    },
    "2800S61012B": {
        "common_name": "Weld Road",
        "coordinates": [
            -3.020332,
            53.63719
        ]
    },
    "2800S61011A": {
        "common_name": "Trafalgar Road",
        "coordinates": [
            -3.016528,
            53.634948
        ]
    },
    "2800S61010B": {
        "common_name": "Birkdale Station",
        "coordinates": [
            -3.013286,
            53.634122
        ]
    },
    "2800S61009A": {
        "common_name": "Bolton Road",
        "coordinates": [
            -3.011817,
            53.632112
        ]
    },
    "2800S61010A": {
        "common_name": "Birkdale Station",
        "coordinates": [
            -3.013708,
            53.634055
        ]
    },
    "2800S61009B": {
        "common_name": "Rivington Close",
        "coordinates": [
            -3.011678,
            53.630756
        ]
    },
    "2800S61008A": {
        "common_name": "Eastbourne Road",
        "coordinates": [
            -3.011597,
            53.629264
        ]
    },
    "2800S61007A": {
        "common_name": "Stanley Avenue",
        "coordinates": [
            -3.011854,
            53.627366
        ]
    },
    "2800S61008C": {
        "common_name": "College Close",
        "coordinates": [
            -3.011859,
            53.62884
        ]
    },
    "2800S61007B": {
        "common_name": "Carlisle Road",
        "coordinates": [
            -3.012328,
            53.626328
        ]
    },
    "2800S61006B": {
        "common_name": "Barrett Road",
        "coordinates": [
            -3.012465,
            53.625086
        ]
    },
    "2800S61006A": {
        "common_name": "Richmond Road",
        "coordinates": [
            -3.012834,
            53.624697
        ]
    },
    "2800S61005A": {
        "common_name": "St Johns Road",
        "coordinates": [
            -3.012581,
            53.622362
        ]
    },
    "2800S61005B": {
        "common_name": "Clifford Road",
        "coordinates": [
            -3.012407,
            53.622022
        ]
    },
    "2800S61004B": {
        "common_name": "Sandon Road",
        "coordinates": [
            -3.015182,
            53.61985
        ]
    },
    "2800S61004A": {
        "common_name": "Sandon Road",
        "coordinates": [
            -3.014952,
            53.620328
        ]
    },
    "2800S61003B": {
        "common_name": "Halsall Road",
        "coordinates": [
            -3.016146,
            53.61719
        ]
    },
    "2800S61002B": {
        "common_name": "Central Avenue",
        "coordinates": [
            -3.017143,
            53.615285
        ]
    },
    "2800S61001C": {
        "common_name": "Waterloo Road",
        "coordinates": [
            -3.018551,
            53.614113
        ]
    },
    "2800S61003A": {
        "common_name": "Arundel Road",
        "coordinates": [
            -3.016104,
            53.617936
        ]
    },
    "2800S61002A": {
        "common_name": "Central Avenue",
        "coordinates": [
            -3.017003,
            53.615736
        ]
    },
    "2800S62041B": {
        "common_name": "Leybourne Avenue",
        "coordinates": [
            -3.017521,
            53.612136
        ]
    },
    "2800S61001A": {
        "common_name": "Waterloo Road",
        "coordinates": [
            -3.01915,
            53.613884
        ]
    },
    "2800S62041A": {
        "common_name": "Leybourne Avenue",
        "coordinates": [
            -3.019644,
            53.612432
        ]
    },
    "2800S61049C": {
        "common_name": "Guildford Road",
        "coordinates": [
            -3.015967,
            53.611007
        ]
    },
    "2800S62001A": {
        "common_name": "Philip Drive",
        "coordinates": [
            -3.021324,
            53.60813
        ]
    },
    "2800S61049B": {
        "common_name": "Heathfield Road",
        "coordinates": [
            -3.016803,
            53.611809
        ]
    },
    "2800S62001B": {
        "common_name": "Nixons Lane",
        "coordinates": [
            -3.020479,
            53.609414
        ]
    },
    "2800S62002B": {
        "common_name": "Mary Avenue",
        "coordinates": [
            -3.025899,
            53.60543
        ]
    },
    "2800S62003B": {
        "common_name": "George Drive",
        "coordinates": [
            -3.02879,
            53.604363
        ]
    },
    "2800S62002A": {
        "common_name": "Mary Avenue",
        "coordinates": [
            -3.02531,
            53.606092
        ]
    },
    "2800S62003A": {
        "common_name": "Oakwood Avenue",
        "coordinates": [
            -3.028135,
            53.604782
        ]
    },
    "2800S62035A": {
        "common_name": "Mill Road",
        "coordinates": [
            -3.032402,
            53.603136
        ]
    },
    "2800S62035B": {
        "common_name": "Liverpool Road",
        "coordinates": [
            -3.031893,
            53.603321
        ]
    },
    "2800S62004A": {
        "common_name": "No. 664",
        "coordinates": [
            -3.034617,
            53.602866
        ]
    },
    "2800S62004B": {
        "common_name": "Liverpool Road",
        "coordinates": [
            -3.0355,
            53.602489
        ]
    },
    "2800S62005A": {
        "common_name": "Leamington Road",
        "coordinates": [
            -3.038256,
            53.602106
        ]
    },
    "2800S62006B": {
        "common_name": "Ainsdale Station",
        "coordinates": [
            -3.042032,
            53.602028
        ]
    },
    "2800S62005B": {
        "common_name": "Fairfield Road",
        "coordinates": [
            -3.036558,
            53.602516
        ]
    },
    "2800S62006A": {
        "common_name": "Ainsdale Station",
        "coordinates": [
            -3.04184,
            53.602201
        ]
    },
    "2800S62007B": {
        "common_name": "Delamere Road",
        "coordinates": [
            -3.045748,
            53.603209
        ]
    },
    "2800S62008B": {
        "common_name": "Shore Road",
        "coordinates": [
            -3.04889,
            53.603766
        ]
    },
    "2800S62009C": {
        "common_name": "Sevenoaks Avenue",
        "coordinates": [
            -3.049636,
            53.600937
        ]
    },
    "2800S62007A": {
        "common_name": "Tudor Road",
        "coordinates": [
            -3.04557,
            53.603328
        ]
    },
    "2800S62008A": {
        "common_name": "Kenilworth Road",
        "coordinates": [
            -3.048914,
            53.604116
        ]
    },
    "2800S62010B": {
        "common_name": "Westminster Drive",
        "coordinates": [
            -3.048176,
            53.599934
        ]
    },
    "2800S62009A": {
        "common_name": "Sevenoaks Avenue",
        "coordinates": [
            -3.050057,
            53.601464
        ]
    },
    "2800S62010A": {
        "common_name": "Westminster Drive",
        "coordinates": [
            -3.04773,
            53.599605
        ]
    },
    "2800S62011A": {
        "common_name": "Frailey Close",
        "coordinates": [
            -3.040935,
            53.597975
        ]
    },
    "2800S62024B": {
        "common_name": "Liverpool Road",
        "coordinates": [
            -3.036138,
            53.596461
        ]
    },
    "2800S62011B": {
        "common_name": "Bridgend Drive",
        "coordinates": [
            -3.042873,
            53.598147
        ]
    },
    "2800S62012A": {
        "common_name": "Longcliffe Drive",
        "coordinates": [
            -3.040707,
            53.597312
        ]
    },
    "2800S62025B": {
        "common_name": "Orchard Lane",
        "coordinates": [
            -3.034886,
            53.595322
        ]
    },
    "2800S62026A": {
        "common_name": "Brookdale",
        "coordinates": [
            -3.035952,
            53.593173
        ]
    },
    "2800S62016B": {
        "common_name": "Lilac Avenue",
        "coordinates": [
            -3.035607,
            53.59021
        ]
    },
    "2800S62013A": {
        "common_name": "Easedale Drive",
        "coordinates": [
            -3.043307,
            53.594898
        ]
    },
    "2800S62014A": {
        "common_name": "Pinfold Lane",
        "coordinates": [
            -3.045152,
            53.592509
        ]
    },
    "2800S62015A": {
        "common_name": "Liverpool Road",
        "coordinates": [
            -3.039654,
            53.591982
        ]
    },
    "2800S62038B": {
        "common_name": "Vale Crescent",
        "coordinates": [
            -3.039605,
            53.588746
        ]
    }
}