{
    "2800S60019B": {
        "common_name": "Preston New Road",
        "coordinates": [
            -2.948203,
            53.675598
        ]
    },
    "2800S60018B": {
        "common_name": "Brook Street",
        "coordinates": [
            -2.948566,
            53.672242
        ]
    },
    "2800S60017A": {
        "common_name": "North Road",
        "coordinates": [
            -2.948602,
            53.670462
        ]
    },
    "2800S60016B": {
        "common_name": "Slackeys Lane",
        "coordinates": [
            -2.950134,
            53.667898
        ]
    },
    "2800S60015B": {
        "common_name": "Merlewood Avenue",
        "coordinates": [
            -2.953753,
            53.664624
        ]
    },
    "2800S60014B": {
        "common_name": "Verulam Road",
        "coordinates": [
            -2.956526,
            53.662777
        ]
    },
    "2800S60013B": {
        "common_name": "Botanic Gardens",
        "coordinates": [
            -2.960527,
            53.659725
        ]
    },
    "2800S60012C": {
        "common_name": "Botanic Road",
        "coordinates": [
            -2.965096,
            53.658978
        ]
    },
    "2800S60011B": {
        "common_name": "Peets Lane",
        "coordinates": [
            -2.966021,
            53.657092
        ]
    },
    "2800S60010B": {
        "common_name": "Bibby Road",
        "coordinates": [
            -2.966453,
            53.65414
        ]
    },
    "2800S60009B": {
        "common_name": "Derwent Avenue",
        "coordinates": [
            -2.970647,
            53.653603
        ]
    },
    "2800S60008A": {
        "common_name": "Hesketh Drive",
        "coordinates": [
            -2.973664,
            53.65321
        ]
    },
    "2800S60007A": {
        "common_name": "Parklands",
        "coordinates": [
            -2.977852,
            53.652439
        ]
    },
    "2800S60006B": {
        "common_name": "Park Avenue",
        "coordinates": [
            -2.982037,
            53.651542
        ]
    },
    "2800S60005B": {
        "common_name": "Leyland Road",
        "coordinates": [
            -2.987091,
            53.650269
        ]
    },
    "2800S60004B": {
        "common_name": "Hawkshead Street",
        "coordinates": [
            -2.991904,
            53.649689
        ]
    },
    "2800S60003A": {
        "common_name": "Thistleton Mews",
        "coordinates": [
            -2.99526,
            53.650219
        ]
    },
    "2800S60002B": {
        "common_name": "Leicester Street",
        "coordinates": [
            -2.999353,
            53.651848
        ]
    },
    "2800S60001B": {
        "common_name": "Bold Street",
        "coordinates": [
            -3.001802,
            53.65047
        ]
    },
    "2800S63002M": {
        "common_name": "Nevill Street",
        "coordinates": [
            -3.006521,
            53.647887
        ]
    },
    "2800S61015A": {
        "common_name": "Duke Street",
        "coordinates": [
            -3.011791,
            53.64493
        ]
    },
    "2800S61014A": {
        "common_name": "Westcliffe Road",
        "coordinates": [
            -3.014901,
            53.642782
        ]
    },
    "2800S61013B": {
        "common_name": "Palatine Road",
        "coordinates": [
            -3.017989,
            53.639107
        ]
    },
    "2800S61012B": {
        "common_name": "Weld Road",
        "coordinates": [
            -3.020332,
            53.63719
        ]
    },
    "2800S61011A": {
        "common_name": "Trafalgar Road",
        "coordinates": [
            -3.016528,
            53.634948
        ]
    },
    "2800S61010A": {
        "common_name": "Birkdale Station",
        "coordinates": [
            -3.013708,
            53.634055
        ]
    },
    "2800S61009B": {
        "common_name": "Rivington Close",
        "coordinates": [
            -3.011678,
            53.630756
        ]
    },
    "2800S61008C": {
        "common_name": "College Close",
        "coordinates": [
            -3.011859,
            53.62884
        ]
    },
    "2800S61007B": {
        "common_name": "Carlisle Road",
        "coordinates": [
            -3.012328,
            53.626328
        ]
    },
    "2800S61006A": {
        "common_name": "Richmond Road",
        "coordinates": [
            -3.012834,
            53.624697
        ]
    },
    "2800S61005A": {
        "common_name": "St Johns Road",
        "coordinates": [
            -3.012581,
            53.622362
        ]
    },
    "2800S61004A": {
        "common_name": "Sandon Road",
        "coordinates": [
            -3.014952,
            53.620328
        ]
    },
    "2800S61003A": {
        "common_name": "Arundel Road",
        "coordinates": [
            -3.016104,
            53.617936
        ]
    },
    "2800S61002A": {
        "common_name": "Central Avenue",
        "coordinates": [
            -3.017003,
            53.615736
        ]
    },
    "2800S61001A": {
        "common_name": "Waterloo Road",
        "coordinates": [
            -3.01915,
            53.613884
        ]
    },
    "2800S62041A": {
        "common_name": "Leybourne Avenue",
        "coordinates": [
            -3.019644,
            53.612432
        ]
    },
    "2800S61049B": {
        "common_name": "Heathfield Road",
        "coordinates": [
            -3.016803,
            53.611809
        ]
    },
    "2800S62001B": {
        "common_name": "Nixons Lane",
        "coordinates": [
            -3.020479,
            53.609414
        ]
    },
    "2800S62002A": {
        "common_name": "Mary Avenue",
        "coordinates": [
            -3.02531,
            53.606092
        ]
    },
    "2800S62003A": {
        "common_name": "Oakwood Avenue",
        "coordinates": [
            -3.028135,
            53.604782
        ]
    },
    "2800S62035B": {
        "common_name": "Liverpool Road",
        "coordinates": [
            -3.031893,
            53.603321
        ]
    },
    "2800S62004A": {
        "common_name": "No. 664",
        "coordinates": [
            -3.034617,
            53.602866
        ]
    },
    "2800S62005B": {
        "common_name": "Fairfield Road",
        "coordinates": [
            -3.036558,
            53.602516
        ]
    },
    "2800S62006A": {
        "common_name": "Ainsdale Station",
        "coordinates": [
            -3.04184,
            53.602201
        ]
    },
    "2800S62007A": {
        "common_name": "Tudor Road",
        "coordinates": [
            -3.04557,
            53.603328
        ]
    },
    "2800S62008A": {
        "common_name": "Kenilworth Road",
        "coordinates": [
            -3.048914,
            53.604116
        ]
    },
    "2800S62009A": {
        "common_name": "Sevenoaks Avenue",
        "coordinates": [
            -3.050057,
            53.601464
        ]
    },
    "2800S62010A": {
        "common_name": "Westminster Drive",
        "coordinates": [
            -3.04773,
            53.599605
        ]
    },
    "2800S62011B": {
        "common_name": "Bridgend Drive",
        "coordinates": [
            -3.042873,
            53.598147
        ]
    },
    "2800S62012A": {
        "common_name": "Longcliffe Drive",
        "coordinates": [
            -3.040707,
            53.597312
        ]
    },
    "2800S62013A": {
        "common_name": "Easedale Drive",
        "coordinates": [
            -3.043307,
            53.594898
        ]
    },
    "2800S62014A": {
        "common_name": "Pinfold Lane",
        "coordinates": [
            -3.045152,
            53.592509
        ]
    },
    "2800S62015A": {
        "common_name": "Liverpool Road",
        "coordinates": [
            -3.039654,
            53.591982
        ]
    },
    "2800S62038B": {
        "common_name": "Vale Crescent",
        "coordinates": [
            -3.039605,
            53.588746
        ]
    },
    "2800S62016B": {
        "common_name": "Lilac Avenue",
        "coordinates": [
            -3.035607,
            53.59021
        ]
    },
    "2800S62026A": {
        "common_name": "Brookdale",
        "coordinates": [
            -3.035952,
            53.593173
        ]
    },
    "2800S62025B": {
        "common_name": "Orchard Lane",
        "coordinates": [
            -3.034886,
            53.595322
        ]
    }
}