{
    "2800S48089B": {
        "common_name": "Liverpool John Lennon Airport",
        "coordinates": [
            -2.854484,
            53.337745
        ]
    },
    "2800S48185A": {
        "common_name": "Leeward Drive",
        "coordinates": [
            -2.872552,
            53.345866
        ]
    },
    "2800S48184A": {
        "common_name": "Windward Drive",
        "coordinates": [
            -2.875543,
            53.347426
        ]
    },
    "2800S43021A": {
        "common_name": "New Mersey Shopping Park",
        "coordinates": [
            -2.879173,
            53.348604
        ]
    },
    "2800S43010B": {
        "common_name": "Whitehedge Road",
        "coordinates": [
            -2.907298,
            53.357975
        ]
    },
    "2800S43005B": {
        "common_name": "Lynmouth Road",
        "coordinates": [
            -2.925395,
            53.367275
        ]
    },
    "2800S43004A": {
        "common_name": "Brabant Road",
        "coordinates": [
            -2.930907,
            53.369875
        ]
    },
    "2800S43149B": {
        "common_name": "Silver Leigh",
        "coordinates": [
            -2.935196,
            53.371495
        ]
    },
    "2800S43177A": {
        "common_name": "Jericho Farm Close",
        "coordinates": [
            -2.93769,
            53.369399
        ]
    },
    "2800S43150A": {
        "common_name": "Otterspool Drive",
        "coordinates": [
            -2.939965,
            53.367583
        ]
    },
    "2800S41166A": {
        "common_name": "Bempton Road",
        "coordinates": [
            -2.946398,
            53.369681
        ]
    },
    "2800S41167A": {
        "common_name": "Festival Gardens",
        "coordinates": [
            -2.954302,
            53.373618
        ]
    },
    "2800S41168B": {
        "common_name": "Promenade Gardens",
        "coordinates": [
            -2.958612,
            53.374797
        ]
    },
    "2800S41206A": {
        "common_name": "Brittannia Inn",
        "coordinates": [
            -2.964234,
            53.37414
        ]
    },
    "2800S41212A": {
        "common_name": "Royden Way",
        "coordinates": [
            -2.970958,
            53.377646
        ]
    },
    "2800S41164A": {
        "common_name": "Royden Way",
        "coordinates": [
            -2.973596,
            53.380617
        ]
    },
    "2800S41103A": {
        "common_name": "Brunswick Station",
        "coordinates": [
            -2.976911,
            53.383575
        ]
    },
    "2800S41006B": {
        "common_name": "Navigation wharf",
        "coordinates": [
            -2.980426,
            53.388022
        ]
    },
    "2800S41004A": {
        "common_name": "Pleasant Hill Street",
        "coordinates": [
            -2.982025,
            53.391524
        ]
    },
    "2800S41003A": {
        "common_name": "Parliament Street",
        "coordinates": [
            -2.982893,
            53.393305
        ]
    },
    "2800S41002A": {
        "common_name": "Queens Wharf",
        "coordinates": [
            -2.985801,
            53.396787
        ]
    },
    "2800S41001A": {
        "common_name": "Gower Street",
        "coordinates": [
            -2.98743,
            53.398922
        ]
    },
    "2800S42098G": {
        "common_name": "Liverpool One Bus Station",
        "coordinates": [
            -2.988079,
            53.401947
        ]
    },
    "2800S42080C": {
        "common_name": "School Lane",
        "coordinates": [
            -2.982692,
            53.404166
        ]
    },
    "2800S42038B": {
        "common_name": "Lime Street",
        "coordinates": [
            -2.97987,
            53.40644
        ]
    },
    "2800S42037C": {
        "common_name": "Brownlow Hill",
        "coordinates": [
            -2.977542,
            53.404559
        ]
    },
    "2800S42037F": {
        "common_name": "Benson Street",
        "coordinates": [
            -2.976569,
            53.403452
        ]
    },
    "2800S41050A": {
        "common_name": "Bold Place",
        "coordinates": [
            -2.975714,
            53.401589
        ]
    },
    "2800S41049B": {
        "common_name": "Upper Duke Street",
        "coordinates": [
            -2.976117,
            53.398799
        ]
    },
    "2800S41048B": {
        "common_name": "Parliament Street",
        "coordinates": [
            -2.976053,
            53.396679
        ]
    },
    "2800S41004B": {
        "common_name": "Pleasant Hill Street",
        "coordinates": [
            -2.98171,
            53.391535
        ]
    },
    "2800S41005A": {
        "common_name": "Hill Street",
        "coordinates": [
            -2.981182,
            53.390155
        ]
    },
    "2800S41006A": {
        "common_name": "Navigation Wharf",
        "coordinates": [
            -2.980124,
            53.387962
        ]
    },
    "2800S41103B": {
        "common_name": "Brunswick Station",
        "coordinates": [
            -2.976688,
            53.383666
        ]
    },
    "2800S41164B": {
        "common_name": "Riverside Drive",
        "coordinates": [
            -2.972977,
            53.380497
        ]
    },
    "2800S41212B": {
        "common_name": "Armstrong Quay",
        "coordinates": [
            -2.970019,
            53.377366
        ]
    },
    "2800S41206B": {
        "common_name": "Brittannia Inn",
        "coordinates": [
            -2.963681,
            53.374262
        ]
    },
    "2800S41168A": {
        "common_name": "Promenade Gardens",
        "coordinates": [
            -2.960562,
            53.374628
        ]
    },
    "2800S41167B": {
        "common_name": "Festival Gardens",
        "coordinates": [
            -2.9537,
            53.373596
        ]
    },
    "2800S41166B": {
        "common_name": "Bempton Road",
        "coordinates": [
            -2.946592,
            53.3703
        ]
    },
    "2800S43150B": {
        "common_name": "Riverside Drive",
        "coordinates": [
            -2.939894,
            53.367791
        ]
    },
    "2800S43177B": {
        "common_name": "Jericho Farm Close",
        "coordinates": [
            -2.937604,
            53.369606
        ]
    },
    "2800S43149A": {
        "common_name": "Jericho Close",
        "coordinates": [
            -2.934973,
            53.372279
        ]
    },
    "2800S43003E": {
        "common_name": "Lisburn Road",
        "coordinates": [
            -2.933456,
            53.372354
        ]
    },
    "2800S43004B": {
        "common_name": "Milner Road",
        "coordinates": [
            -2.93087,
            53.37027
        ]
    },
    "2800S43005A": {
        "common_name": "Chequers Gardens",
        "coordinates": [
            -2.923188,
            53.366681
        ]
    },
    "2800S43010A": {
        "common_name": "Whitehedge Road",
        "coordinates": [
            -2.907474,
            53.358468
        ]
    },
    "2800S43021B": {
        "common_name": "New Mersey Shopping Park",
        "coordinates": [
            -2.879029,
            53.348919
        ]
    },
    "2800S48184B": {
        "common_name": "Estuary Banks",
        "coordinates": [
            -2.875293,
            53.346933
        ]
    },
    "2800S48185B": {
        "common_name": "Leeward Drive",
        "coordinates": [
            -2.872511,
            53.346082
        ]
    },
    "2800S48026A": {
        "common_name": "Western Avenue",
        "coordinates": [
            -2.853077,
            53.339454
        ]
    }
}