{
    "2800S42029C": {
        "common_name": "The Metquarter",
        "coordinates": [
            -2.985518,
            53.407325
        ]
    },
    "2800S42034B": {
        "common_name": "Leeds Street",
        "coordinates": [
            -2.982449,
            53.415152
        ]
    },
    "2800S40062C": {
        "common_name": "Westmorland Place",
        "coordinates": [
            -2.982216,
            53.422669
        ]
    },
    "2800S42023J": {
        "common_name": "Queen Square Bus Station",
        "coordinates": [
            -2.982476,
            53.407584
        ]
    },
    "2800S42034A": {
        "common_name": "Juvenal Street",
        "coordinates": [
            -2.981921,
            53.415714
        ]
    },
    "2800S40063C": {
        "common_name": "Cranmer Street",
        "coordinates": [
            -2.982668,
            53.425272
        ]
    },
    "2800S40062A": {
        "common_name": "Newsham Street",
        "coordinates": [
            -2.98178,
            53.422664
        ]
    },
    "2800S40063D": {
        "common_name": "Boundary Street",
        "coordinates": [
            -2.982435,
            53.425624
        ]
    },
    "2800S40082B": {
        "common_name": "Major Street",
        "coordinates": [
            -2.982858,
            53.426987
        ]
    },
    "2800S40083A": {
        "common_name": "Latham Street",
        "coordinates": [
            -2.983463,
            53.429724
        ]
    },
    "2800S40082A": {
        "common_name": "Sterling Way",
        "coordinates": [
            -2.982744,
            53.428588
        ]
    },
    "2800S40083D": {
        "common_name": "Easby Road",
        "coordinates": [
            -2.984095,
            53.431696
        ]
    },
    "2800S40084A": {
        "common_name": "Pansy Street",
        "coordinates": [
            -2.984917,
            53.432714
        ]
    },
    "2800S40123C": {
        "common_name": "Commercial Road",
        "coordinates": [
            -2.986151,
            53.435311
        ]
    },
    "2800S40045B": {
        "common_name": "Bank Hall Station",
        "coordinates": [
            -2.987006,
            53.437785
        ]
    },
    "2800S40084B": {
        "common_name": "Briar Street",
        "coordinates": [
            -2.985008,
            53.433433
        ]
    },
    "2800S40045A": {
        "common_name": "Bank Hall Station",
        "coordinates": [
            -2.986286,
            53.436613
        ]
    },
    "2800S40046B": {
        "common_name": "Wolsey Street",
        "coordinates": [
            -2.987886,
            53.440699
        ]
    },
    "2800S40047A": {
        "common_name": "Keble Road",
        "coordinates": [
            -2.988613,
            53.44347
        ]
    },
    "2800S40048C": {
        "common_name": "Trinity Road",
        "coordinates": [
            -2.989451,
            53.446502
        ]
    },
    "2800S40046A": {
        "common_name": "Celia Street",
        "coordinates": [
            -2.987366,
            53.439687
        ]
    },
    "2800S40047B": {
        "common_name": "Beatrice Street",
        "coordinates": [
            -2.988028,
            53.442244
        ]
    },
    "2800S47027B": {
        "common_name": "Trinity Road",
        "coordinates": [
            -2.989685,
            53.447497
        ]
    },
    "2800S40048E": {
        "common_name": "Balliol Road",
        "coordinates": [
            -2.988788,
            53.445121
        ]
    },
    "2800S47189A": {
        "common_name": "Trinity Road",
        "coordinates": [
            -2.989395,
            53.447311
        ]
    },
    "2800S47028C": {
        "common_name": "Bootle Strand Shopping Centre",
        "coordinates": [
            -2.990716,
            53.45166
        ]
    },
    "2800S47029C": {
        "common_name": "Hornby Road",
        "coordinates": [
            -2.991783,
            53.455462
        ]
    },
    "2800S47027C": {
        "common_name": "Park Street",
        "coordinates": [
            -2.989859,
            53.44915
        ]
    },
    "2800S47028A": {
        "common_name": "Bootle Strand Shopping Centre",
        "coordinates": [
            -2.990688,
            53.452406
        ]
    },
    "2800S47029A": {
        "common_name": "Marsh Lane",
        "coordinates": [
            -2.991164,
            53.454083
        ]
    },
    "2800S47030C": {
        "common_name": "Knowsley Road",
        "coordinates": [
            -2.992428,
            53.457929
        ]
    },
    "2800S47107A": {
        "common_name": "Thornton Road",
        "coordinates": [
            -2.991906,
            53.458787
        ]
    },
    "2800S47030A": {
        "common_name": "Linacre Lane",
        "coordinates": [
            -2.992121,
            53.45768
        ]
    },
    "2800S47062C": {
        "common_name": "Sefton Road",
        "coordinates": [
            -2.984616,
            53.460061
        ]
    },
    "2800S47062D": {
        "common_name": "Hawthorne Road",
        "coordinates": [
            -2.986704,
            53.459828
        ]
    },
    "2800S47061A": {
        "common_name": "Fernhill Road",
        "coordinates": [
            -2.982236,
            53.46071
        ]
    },
    "2800S47061B": {
        "common_name": "Monfa Road",
        "coordinates": [
            -2.981957,
            53.461018
        ]
    },
    "2800S47045B": {
        "common_name": "Watts Lane",
        "coordinates": [
            -2.977853,
            53.463343
        ]
    },
    "2800S47103B": {
        "common_name": "Menai Road",
        "coordinates": [
            -2.98092,
            53.465718
        ]
    },
    "2800S47045A": {
        "common_name": "Bailey Drive",
        "coordinates": [
            -2.977243,
            53.464328
        ]
    },
    "2800S47103A": {
        "common_name": "Park Lane",
        "coordinates": [
            -2.980972,
            53.465996
        ]
    },
    "2800S47097B": {
        "common_name": "Staley Drive",
        "coordinates": [
            -2.9886,
            53.462356
        ]
    },
    "2800S47098B": {
        "common_name": "Havelock Road",
        "coordinates": [
            -2.990922,
            53.464404
        ]
    },
    "2800S47099A": {
        "common_name": "Orrell Mount",
        "coordinates": [
            -2.99272,
            53.465935
        ]
    },
    "2800S47100B": {
        "common_name": "Rimmers Close",
        "coordinates": [
            -2.996819,
            53.469191
        ]
    },
    "2800S47105B": {
        "common_name": "Harris Drive",
        "coordinates": [
            -2.985921,
            53.467628
        ]
    },
    "2800S47084B": {
        "common_name": "Spooner Avenue",
        "coordinates": [
            -2.991888,
            53.469655
        ]
    },
    "2800S47083B": {
        "common_name": "Church Road",
        "coordinates": [
            -2.994653,
            53.470629
        ]
    },
    "2800S47035A": {
        "common_name": "Orrell Road",
        "coordinates": [
            -2.995651,
            53.470783
        ]
    },
    "2800S47019B": {
        "common_name": "Marina Avenue",
        "coordinates": [
            -2.999574,
            53.470418
        ]
    },
    "2800S47105A": {
        "common_name": "Orrell Hey",
        "coordinates": [
            -2.986317,
            53.467813
        ]
    },
    "2800S47084A": {
        "common_name": "Spooner Avenue",
        "coordinates": [
            -2.990754,
            53.469466
        ]
    },
    "2800S47018B": {
        "common_name": "School Lane",
        "coordinates": [
            -2.998658,
            53.472448
        ]
    },
    "2800S47017B": {
        "common_name": "Mitchell Crescent",
        "coordinates": [
            -2.997825,
            53.473551
        ]
    },
    "2800S47083A": {
        "common_name": "Church Road",
        "coordinates": [
            -2.993348,
            53.470245
        ]
    },
    "2800S47016A": {
        "common_name": "Sonning Avenue",
        "coordinates": [
            -2.996031,
            53.478007
        ]
    },
    "2800S47035B": {
        "common_name": "Wilsons Lane",
        "coordinates": [
            -2.996673,
            53.470703
        ]
    },
    "2800S47018A": {
        "common_name": "School Lane",
        "coordinates": [
            -2.998607,
            53.472205
        ]
    },
    "2800S47015A": {
        "common_name": "Kirkstone Road West",
        "coordinates": [
            -2.996449,
            53.479783
        ]
    },
    "2800S47017A": {
        "common_name": "Alexandra Mount",
        "coordinates": [
            -2.997395,
            53.473852
        ]
    },
    "2800S47016B": {
        "common_name": "Osborne Road",
        "coordinates": [
            -2.99618,
            53.475992
        ]
    },
    "2800S47015B": {
        "common_name": "Pankhurst Road",
        "coordinates": [
            -2.996169,
            53.479417
        ]
    },
    "2800S47014B": {
        "common_name": "Green Lane",
        "coordinates": [
            -2.996356,
            53.482229
        ]
    },
    "2800S47012B": {
        "common_name": "Randall Drive",
        "coordinates": [
            -2.995426,
            53.483711
        ]
    },
    "2800S47014A": {
        "common_name": "Sterrix Lane",
        "coordinates": [
            -2.996155,
            53.482015
        ]
    },
    "2800S47012A": {
        "common_name": "Gorsey Avenue",
        "coordinates": [
            -2.994586,
            53.484509
        ]
    },
    "2800S47013A": {
        "common_name": "Dale Acre Drive",
        "coordinates": [
            -2.990895,
            53.488432
        ]
    },
    "2800S53011A": {
        "common_name": "Almonds Turn",
        "coordinates": [
            -2.986294,
            53.490231
        ]
    },
    "2800S47013B": {
        "common_name": "Dale Acre Drive",
        "coordinates": [
            -2.990933,
            53.488126
        ]
    },
    "2800S53003B": {
        "common_name": "Pattens Close",
        "coordinates": [
            -2.981619,
            53.490108
        ]
    },
    "2800S53002A": {
        "common_name": "Eden Vale",
        "coordinates": [
            -2.977151,
            53.489812
        ]
    },
    "2800S53011B": {
        "common_name": "Gorsey Lane",
        "coordinates": [
            -2.986969,
            53.490073
        ]
    },
    "2800S53003C": {
        "common_name": "St Nicholas' Drive",
        "coordinates": [
            -2.984014,
            53.490044
        ]
    },
    "2800S53002B": {
        "common_name": "St Ambrose Croft",
        "coordinates": [
            -2.977191,
            53.489614
        ]
    },
    "2800S53001B": {
        "common_name": "Magdalene Square",
        "coordinates": [
            -2.972382,
            53.488242
        ]
    },
    "2800S53001C": {
        "common_name": "St Oswalds Lane",
        "coordinates": [
            -2.972284,
            53.487919
        ]
    }
}