{
    "2800S42023J": {
        "common_name": "Queen Square Bus Station",
        "coordinates": [
            -2.982476,
            53.407584
        ]
    },
    "2800S42023M": {
        "common_name": "Queen Square Bus Station",
        "coordinates": [
            -2.982547,
            53.407697
        ]
    },
    "2800S42035B": {
        "common_name": "Great Richmond Street",
        "coordinates": [
            -2.977929,
            53.413535
        ]
    },
    "2800S40132B": {
        "common_name": "Virgil Street",
        "coordinates": [
            -2.978209,
            53.419187
        ]
    },
    "2800S40133A": {
        "common_name": "Wilbraham Street",
        "coordinates": [
            -2.978396,
            53.421433
        ]
    },
    "2800S42024A": {
        "common_name": "Lord Nelson Street",
        "coordinates": [
            -2.978909,
            53.408386
        ]
    },
    "2800S42014B": {
        "common_name": "Kempston Street",
        "coordinates": [
            -2.97519,
            53.410223
        ]
    },
    "2800S40134B": {
        "common_name": "Buckingham Street",
        "coordinates": [
            -2.978729,
            53.423498
        ]
    },
    "2800S40135A": {
        "common_name": "Boundary Street East",
        "coordinates": [
            -2.97924,
            53.426738
        ]
    },
    "2800S42035A": {
        "common_name": "Mansfield Street",
        "coordinates": [
            -2.977339,
            53.413414
        ]
    },
    "2800S40066A": {
        "common_name": "Rose Place",
        "coordinates": [
            -2.978858,
            53.415991
        ]
    },
    "2800S40132A": {
        "common_name": "Virgil Street",
        "coordinates": [
            -2.977774,
            53.419254
        ]
    },
    "2800S40133B": {
        "common_name": "Penrhyn Street",
        "coordinates": [
            -2.978254,
            53.421812
        ]
    },
    "2800S40114B": {
        "common_name": "Sterling Way",
        "coordinates": [
            -2.979436,
            53.428696
        ]
    },
    "2800S40089B": {
        "common_name": "Leison Street",
        "coordinates": [
            -2.979493,
            53.430539
        ]
    },
    "2800S40083B": {
        "common_name": "Sharpeville Close",
        "coordinates": [
            -2.982054,
            53.430625
        ]
    },
    "2800S40134A": {
        "common_name": "Buckingham Street",
        "coordinates": [
            -2.978455,
            53.423347
        ]
    },
    "2800S40135B": {
        "common_name": "Kirkdale Road",
        "coordinates": [
            -2.979043,
            53.427315
        ]
    },
    "2800S40114A": {
        "common_name": "Whittle Street",
        "coordinates": [
            -2.979198,
            53.428851
        ]
    },
    "2800S40089C": {
        "common_name": "Maregreen Road",
        "coordinates": [
            -2.982388,
            53.430784
        ]
    },
    "2800S40083D": {
        "common_name": "Easby Road",
        "coordinates": [
            -2.984095,
            53.431696
        ]
    },
    "2800S40084A": {
        "common_name": "Pansy Street",
        "coordinates": [
            -2.984917,
            53.432714
        ]
    },
    "2800S40123C": {
        "common_name": "Commercial Road",
        "coordinates": [
            -2.986151,
            53.435311
        ]
    },
    "2800S40045B": {
        "common_name": "Bank Hall Station",
        "coordinates": [
            -2.987006,
            53.437785
        ]
    },
    "2800S40084B": {
        "common_name": "Briar Street",
        "coordinates": [
            -2.985008,
            53.433433
        ]
    },
    "2800S40045A": {
        "common_name": "Bank Hall Station",
        "coordinates": [
            -2.986286,
            53.436613
        ]
    },
    "2800S40046B": {
        "common_name": "Wolsey Street",
        "coordinates": [
            -2.987886,
            53.440699
        ]
    },
    "2800S40047A": {
        "common_name": "Keble Road",
        "coordinates": [
            -2.988613,
            53.44347
        ]
    },
    "2800S40048B": {
        "common_name": "Balliol Road",
        "coordinates": [
            -2.989369,
            53.446179
        ]
    },
    "2800S40046A": {
        "common_name": "Celia Street",
        "coordinates": [
            -2.987366,
            53.439687
        ]
    },
    "2800S40047B": {
        "common_name": "Beatrice Street",
        "coordinates": [
            -2.988028,
            53.442244
        ]
    },
    "2800S47027B": {
        "common_name": "Trinity Road",
        "coordinates": [
            -2.989685,
            53.447497
        ]
    },
    "2800S40048E": {
        "common_name": "Balliol Road",
        "coordinates": [
            -2.988788,
            53.445121
        ]
    },
    "2800S47189A": {
        "common_name": "Trinity Road",
        "coordinates": [
            -2.989395,
            53.447311
        ]
    },
    "2800S47028D": {
        "common_name": "Bootle Strand Shopping Centre",
        "coordinates": [
            -2.990719,
            53.451777
        ]
    },
    "2800S47029B": {
        "common_name": "Marsh Lane",
        "coordinates": [
            -2.99175,
            53.455319
        ]
    },
    "2800S47027C": {
        "common_name": "Park Street",
        "coordinates": [
            -2.989859,
            53.44915
        ]
    },
    "2800S47028A": {
        "common_name": "Bootle Strand Shopping Centre",
        "coordinates": [
            -2.990688,
            53.452406
        ]
    },
    "2800S47029A": {
        "common_name": "Marsh Lane",
        "coordinates": [
            -2.991164,
            53.454083
        ]
    },
    "2800S47030B": {
        "common_name": "Melling Road",
        "coordinates": [
            -2.992329,
            53.457561
        ]
    },
    "2800S47031B": {
        "common_name": "Alpha Street",
        "coordinates": [
            -2.995701,
            53.461335
        ]
    },
    "2800S47030A": {
        "common_name": "Linacre Lane",
        "coordinates": [
            -2.992121,
            53.45768
        ]
    },
    "2800S47032B": {
        "common_name": "Bowden Street",
        "coordinates": [
            -2.998137,
            53.463733
        ]
    },
    "2800S47033B": {
        "common_name": "Scarisbrick Avenue",
        "coordinates": [
            -3.000122,
            53.467429
        ]
    },
    "2800S47034A": {
        "common_name": "Penryhn Avenue",
        "coordinates": [
            -3.002084,
            53.467592
        ]
    },
    "2800S47031A": {
        "common_name": "Croxteth Road",
        "coordinates": [
            -2.994433,
            53.460591
        ]
    },
    "2800S47032A": {
        "common_name": "Hartwell Street",
        "coordinates": [
            -2.997453,
            53.463487
        ]
    },
    "2800S47033A": {
        "common_name": "Linacre Road",
        "coordinates": [
            -3.00038,
            53.468155
        ]
    },
    "2800S47022B": {
        "common_name": "Seaforth Station",
        "coordinates": [
            -3.006241,
            53.466281
        ]
    },
    "2800S47022A": {
        "common_name": "Seaforth Station",
        "coordinates": [
            -3.00644,
            53.466414
        ]
    },
    "2800S47023B": {
        "common_name": "Hawarden Grove",
        "coordinates": [
            -3.007728,
            53.46421
        ]
    },
    "2800S47023A": {
        "common_name": "Lime Grove",
        "coordinates": [
            -3.007659,
            53.463851
        ]
    },
    "2800S47153B": {
        "common_name": "Woolfall Terrace",
        "coordinates": [
            -3.009254,
            53.463765
        ]
    },
    "2800S47095B": {
        "common_name": "Claremont Road",
        "coordinates": [
            -3.012281,
            53.468783
        ]
    },
    "2800S47153A": {
        "common_name": "Elm Road",
        "coordinates": [
            -3.008962,
            53.464154
        ]
    },
    "2800S47096A": {
        "common_name": "Sandy Road",
        "coordinates": [
            -3.010833,
            53.467464
        ]
    },
    "2800S47095A": {
        "common_name": "Sandown Road",
        "coordinates": [
            -3.013014,
            53.469837
        ]
    },
    "2800S47094A": {
        "common_name": "Dewlands Road",
        "coordinates": [
            -3.016155,
            53.470772
        ]
    },
    "2800S47056A": {
        "common_name": "Marlborough Road",
        "coordinates": [
            -3.020023,
            53.470622
        ]
    },
    "2800S47094B": {
        "common_name": "Dewlands Road",
        "coordinates": [
            -3.016054,
            53.470989
        ]
    },
    "2800S47057A": {
        "common_name": "Sandringham Road",
        "coordinates": [
            -3.020993,
            53.472753
        ]
    },
    "2800S47057B": {
        "common_name": "Bramhall Road",
        "coordinates": [
            -3.021735,
            53.47352
        ]
    },
    "2800S47058B": {
        "common_name": "Crosby Road North",
        "coordinates": [
            -3.023242,
            53.476042
        ]
    },
    "2800S47059A": {
        "common_name": "Waterloo Station",
        "coordinates": [
            -3.026238,
            53.474695
        ]
    },
    "2800S47058A": {
        "common_name": "South Road",
        "coordinates": [
            -3.022465,
            53.475716
        ]
    },
    "2800S47059B": {
        "common_name": "Waterloo Station",
        "coordinates": [
            -3.026496,
            53.474801
        ]
    },
    "2800S47093B": {
        "common_name": "Duke Street",
        "coordinates": [
            -3.02932,
            53.474435
        ]
    },
    "2800S54013B": {
        "common_name": "Blucher Street",
        "coordinates": [
            -3.032233,
            53.477124
        ]
    },
    "2800S47093A": {
        "common_name": "South Road",
        "coordinates": [
            -3.028571,
            53.473974
        ]
    },
    "2800S54013A": {
        "common_name": "Wellington Street",
        "coordinates": [
            -3.03132,
            53.476746
        ]
    },
    "2800S54014B": {
        "common_name": "Sandheys Avenue",
        "coordinates": [
            -3.035438,
            53.479434
        ]
    },
    "2800S54015B": {
        "common_name": "Brooke Road West",
        "coordinates": [
            -3.037063,
            53.48057
        ]
    },
    "2800S54014A": {
        "common_name": "Courtenay Road",
        "coordinates": [
            -3.034922,
            53.479258
        ]
    },
    "2800S54015A": {
        "common_name": "Brooke Road West",
        "coordinates": [
            -3.036532,
            53.480395
        ]
    },
    "2800S54016A": {
        "common_name": "Holden Road",
        "coordinates": [
            -3.038604,
            53.481959
        ]
    },
    "2800S54017B": {
        "common_name": "Riverslea Road",
        "coordinates": [
            -3.040404,
            53.484083
        ]
    },
    "2800S54018B": {
        "common_name": "Waverley Road",
        "coordinates": [
            -3.034843,
            53.48716
        ]
    },
    "2800S54018E": {
        "common_name": "Carnegie Avenue",
        "coordinates": [
            -3.032038,
            53.487724
        ]
    },
    "2800S54017A": {
        "common_name": "Harlech Road",
        "coordinates": [
            -3.039728,
            53.48354
        ]
    },
    "2800S54018A": {
        "common_name": "College Road",
        "coordinates": [
            -3.032977,
            53.487275
        ]
    },
    "2800S54019A": {
        "common_name": "York Avenue",
        "coordinates": [
            -3.029385,
            53.489571
        ]
    },
    "2800S54012F": {
        "common_name": "Crosby Village",
        "coordinates": [
            -3.027294,
            53.492129
        ]
    },
    "2800S54019B": {
        "common_name": "Harrington Road",
        "coordinates": [
            -3.028979,
            53.489602
        ]
    },
    "2800S54012A": {
        "common_name": "Islington",
        "coordinates": [
            -3.027063,
            53.490778
        ]
    },
    "2800S54012D": {
        "common_name": "Crosby Village",
        "coordinates": [
            -3.027294,
            53.492129
        ]
    }
}