{
    "2800S42029C": {
        "common_name": "The Metquarter",
        "coordinates": [
            -2.985518,
            53.407325
        ]
    },
    "2800S42022A": {
        "common_name": "Castle Street",
        "coordinates": [
            -2.989353,
            53.405351
        ]
    },
    "2800S42061C": {
        "common_name": "Cook Street",
        "coordinates": [
            -2.990296,
            53.405793
        ]
    },
    "2800S42034B": {
        "common_name": "Leeds Street",
        "coordinates": [
            -2.982449,
            53.415152
        ]
    },
    "2800S40062C": {
        "common_name": "Westmorland Place",
        "coordinates": [
            -2.982216,
            53.422669
        ]
    },
    "2800S42055A": {
        "common_name": "Dale Street",
        "coordinates": [
            -2.985745,
            53.408662
        ]
    },
    "2800S42023J": {
        "common_name": "Queen Square Bus Station",
        "coordinates": [
            -2.982476,
            53.407584
        ]
    },
    "2800S42034A": {
        "common_name": "Juvenal Street",
        "coordinates": [
            -2.981921,
            53.415714
        ]
    },
    "2800S40062A": {
        "common_name": "Newsham Street",
        "coordinates": [
            -2.98178,
            53.422664
        ]
    },
    "2800S40063C": {
        "common_name": "Cranmer Street",
        "coordinates": [
            -2.982668,
            53.425272
        ]
    },
    "2800S40082B": {
        "common_name": "Major Street",
        "coordinates": [
            -2.982858,
            53.426987
        ]
    },
    "2800S40063D": {
        "common_name": "Boundary Street",
        "coordinates": [
            -2.982435,
            53.425624
        ]
    },
    "2800S40082A": {
        "common_name": "Sterling Way",
        "coordinates": [
            -2.982744,
            53.428588
        ]
    },
    "2800S40083A": {
        "common_name": "Latham Street",
        "coordinates": [
            -2.983463,
            53.429724
        ]
    },
    "2800S40084A": {
        "common_name": "Pansy Street",
        "coordinates": [
            -2.984917,
            53.432714
        ]
    },
    "2800S40083D": {
        "common_name": "Easby Road",
        "coordinates": [
            -2.984095,
            53.431696
        ]
    },
    "2800S40123C": {
        "common_name": "Commercial Road",
        "coordinates": [
            -2.986151,
            53.435311
        ]
    },
    "2800S40045B": {
        "common_name": "Bank Hall Station",
        "coordinates": [
            -2.987006,
            53.437785
        ]
    },
    "2800S40084B": {
        "common_name": "Briar Street",
        "coordinates": [
            -2.985008,
            53.433433
        ]
    },
    "2800S40045A": {
        "common_name": "Bank Hall Station",
        "coordinates": [
            -2.986286,
            53.436613
        ]
    },
    "2800S40046B": {
        "common_name": "Wolsey Street",
        "coordinates": [
            -2.987886,
            53.440699
        ]
    },
    "2800S40047A": {
        "common_name": "Keble Road",
        "coordinates": [
            -2.988613,
            53.44347
        ]
    },
    "2800S40046A": {
        "common_name": "Celia Street",
        "coordinates": [
            -2.987366,
            53.439687
        ]
    },
    "2800S40048C": {
        "common_name": "Trinity Road",
        "coordinates": [
            -2.989451,
            53.446502
        ]
    },
    "2800S40047B": {
        "common_name": "Beatrice Street",
        "coordinates": [
            -2.988028,
            53.442244
        ]
    },
    "2800S40048E": {
        "common_name": "Balliol Road",
        "coordinates": [
            -2.988788,
            53.445121
        ]
    },
    "2800S47189A": {
        "common_name": "Trinity Road",
        "coordinates": [
            -2.989395,
            53.447311
        ]
    },
    "2800S47028C": {
        "common_name": "Bootle Strand Shopping Centre",
        "coordinates": [
            -2.990716,
            53.45166
        ]
    },
    "2800S47029C": {
        "common_name": "Hornby Road",
        "coordinates": [
            -2.991783,
            53.455462
        ]
    },
    "2800S47027C": {
        "common_name": "Park Street",
        "coordinates": [
            -2.989859,
            53.44915
        ]
    },
    "2800S47028A": {
        "common_name": "Bootle Strand Shopping Centre",
        "coordinates": [
            -2.990688,
            53.452406
        ]
    },
    "2800S47029A": {
        "common_name": "Marsh Lane",
        "coordinates": [
            -2.991164,
            53.454083
        ]
    },
    "2800S47030C": {
        "common_name": "Knowsley Road",
        "coordinates": [
            -2.992428,
            53.457929
        ]
    },
    "2800S47031B": {
        "common_name": "Alpha Street",
        "coordinates": [
            -2.995701,
            53.461335
        ]
    },
    "2800S47030A": {
        "common_name": "Linacre Lane",
        "coordinates": [
            -2.992121,
            53.45768
        ]
    },
    "2800S47032B": {
        "common_name": "Bowden Street",
        "coordinates": [
            -2.998137,
            53.463733
        ]
    },
    "2800S47033B": {
        "common_name": "Scarisbrick Avenue",
        "coordinates": [
            -3.000122,
            53.467429
        ]
    },
    "2800S47034A": {
        "common_name": "Penryhn Avenue",
        "coordinates": [
            -3.002084,
            53.467592
        ]
    },
    "2800S47021B": {
        "common_name": "Ash Road",
        "coordinates": [
            -3.002943,
            53.468241
        ]
    },
    "2800S47031A": {
        "common_name": "Croxteth Road",
        "coordinates": [
            -2.994433,
            53.460591
        ]
    },
    "2800S47032A": {
        "common_name": "Hartwell Street",
        "coordinates": [
            -2.997453,
            53.463487
        ]
    },
    "2800S47033A": {
        "common_name": "Linacre Road",
        "coordinates": [
            -3.00038,
            53.468155
        ]
    },
    "2800S47019B": {
        "common_name": "Marina Avenue",
        "coordinates": [
            -2.999574,
            53.470418
        ]
    },
    "2800S47021A": {
        "common_name": "Bridge Road",
        "coordinates": [
            -3.002771,
            53.467982
        ]
    },
    "2800S47020A": {
        "common_name": "Hawthorne Road",
        "coordinates": [
            -2.998618,
            53.469455
        ]
    },
    "2800S47018B": {
        "common_name": "School Lane",
        "coordinates": [
            -2.998658,
            53.472448
        ]
    },
    "2800S47017B": {
        "common_name": "Mitchell Crescent",
        "coordinates": [
            -2.997825,
            53.473551
        ]
    },
    "2800S47019A": {
        "common_name": "Marina Avenue",
        "coordinates": [
            -2.999412,
            53.470554
        ]
    },
    "2800S47018A": {
        "common_name": "School Lane",
        "coordinates": [
            -2.998607,
            53.472205
        ]
    },
    "2800S47017A": {
        "common_name": "Alexandra Mount",
        "coordinates": [
            -2.997395,
            53.473852
        ]
    },
    "2800S47016A": {
        "common_name": "Sonning Avenue",
        "coordinates": [
            -2.996031,
            53.478007
        ]
    },
    "2800S47015A": {
        "common_name": "Kirkstone Road West",
        "coordinates": [
            -2.996449,
            53.479783
        ]
    },
    "2800S47016B": {
        "common_name": "Osborne Road",
        "coordinates": [
            -2.99618,
            53.475992
        ]
    },
    "2800S47015B": {
        "common_name": "Pankhurst Road",
        "coordinates": [
            -2.996169,
            53.479417
        ]
    },
    "2800S47014B": {
        "common_name": "Green Lane",
        "coordinates": [
            -2.996356,
            53.482229
        ]
    },
    "2800S47012B": {
        "common_name": "Randall Drive",
        "coordinates": [
            -2.995426,
            53.483711
        ]
    },
    "2800S47014A": {
        "common_name": "Sterrix Lane",
        "coordinates": [
            -2.996155,
            53.482015
        ]
    },
    "2800S47012A": {
        "common_name": "Gorsey Avenue",
        "coordinates": [
            -2.994586,
            53.484509
        ]
    },
    "2800S47013A": {
        "common_name": "Dale Acre Drive",
        "coordinates": [
            -2.990895,
            53.488432
        ]
    },
    "2800S53011A": {
        "common_name": "Almonds Turn",
        "coordinates": [
            -2.986294,
            53.490231
        ]
    },
    "2800S47013B": {
        "common_name": "Dale Acre Drive",
        "coordinates": [
            -2.990933,
            53.488126
        ]
    },
    "2800S53011B": {
        "common_name": "Gorsey Lane",
        "coordinates": [
            -2.986969,
            53.490073
        ]
    },
    "2800S53026A": {
        "common_name": "Granams Croft",
        "coordinates": [
            -2.98624,
            53.491796
        ]
    },
    "2800S53026B": {
        "common_name": "Granams Croft",
        "coordinates": [
            -2.986485,
            53.491947
        ]
    },
    "2800S53012C": {
        "common_name": "Great Hey",
        "coordinates": [
            -2.985118,
            53.494106
        ]
    },
    "2800S53013A": {
        "common_name": "Stonyfield",
        "coordinates": [
            -2.979121,
            53.495504
        ]
    },
    "2800S53012A": {
        "common_name": "Red Lomes",
        "coordinates": [
            -2.98535,
            53.493709
        ]
    },
    "2800S53013B": {
        "common_name": "Higher End Park",
        "coordinates": [
            -2.979993,
            53.495434
        ]
    },
    "2800S53014B": {
        "common_name": "Parkway",
        "coordinates": [
            -2.973366,
            53.494985
        ]
    },
    "2800S53024A": {
        "common_name": "Northern Perimeter Road",
        "coordinates": [
            -2.967366,
            53.494305
        ]
    },
    "2800S53025A": {
        "common_name": "Fernbank Drive",
        "coordinates": [
            -2.962651,
            53.492456
        ]
    },
    "2800S53022B": {
        "common_name": "Northern Perimeter Road",
        "coordinates": [
            -2.959414,
            53.489282
        ]
    },
    "2800S53028B": {
        "common_name": "Prospect Way",
        "coordinates": [
            -2.955242,
            53.487383
        ]
    },
    "2800S53014A": {
        "common_name": "Waterside",
        "coordinates": [
            -2.974325,
            53.494761
        ]
    },
    "2800S53024B": {
        "common_name": "Chapel Lane",
        "coordinates": [
            -2.967803,
            53.494976
        ]
    },
    "2800S53027A": {
        "common_name": "Hollinhey Close",
        "coordinates": [
            -2.958842,
            53.493997
        ]
    },
    "2800S53029F": {
        "common_name": "Old Roan Station",
        "coordinates": [
            -2.951378,
            53.486488
        ]
    },
    "2800S53023B": {
        "common_name": "Corwen Drive",
        "coordinates": [
            -2.956874,
            53.490956
        ]
    },
    "2800S53028A": {
        "common_name": "Dunnings Bridge Road",
        "coordinates": [
            -2.956333,
            53.487671
        ]
    },
    "2800S53029D": {
        "common_name": "Old Roan Station",
        "coordinates": [
            -2.951651,
            53.48653
        ]
    }
}