{
    "2800S42022A": {
        "common_name": "Castle Street",
        "coordinates": [
            -2.989353,
            53.405351
        ]
    },
    "2800S42061C": {
        "common_name": "Cook Street",
        "coordinates": [
            -2.990296,
            53.405793
        ]
    },
    "2800S42079D": {
        "common_name": "Cumberland Street",
        "coordinates": [
            -2.986679,
            53.407414
        ]
    },
    "2800S42069A": {
        "common_name": "Moorefields",
        "coordinates": [
            -2.988571,
            53.407929
        ]
    },
    "2800S42055A": {
        "common_name": "Dale Street",
        "coordinates": [
            -2.985745,
            53.408662
        ]
    },
    "2800S42023J": {
        "common_name": "Queen Square Bus Station",
        "coordinates": [
            -2.982476,
            53.407584
        ]
    },
    "2800S42034A": {
        "common_name": "Juvenal Street",
        "coordinates": [
            -2.981921,
            53.415714
        ]
    },
    "2800S40062A": {
        "common_name": "Newsham Street",
        "coordinates": [
            -2.98178,
            53.422664
        ]
    },
    "2800S40063D": {
        "common_name": "Boundary Street",
        "coordinates": [
            -2.982435,
            53.425624
        ]
    },
    "2800S40082A": {
        "common_name": "Sterling Way",
        "coordinates": [
            -2.982744,
            53.428588
        ]
    },
    "2800S40083D": {
        "common_name": "Easby Road",
        "coordinates": [
            -2.984095,
            53.431696
        ]
    },
    "2800S40084B": {
        "common_name": "Briar Street",
        "coordinates": [
            -2.985008,
            53.433433
        ]
    },
    "2800S40045A": {
        "common_name": "Bank Hall Station",
        "coordinates": [
            -2.986286,
            53.436613
        ]
    },
    "2800S40046A": {
        "common_name": "Celia Street",
        "coordinates": [
            -2.987366,
            53.439687
        ]
    },
    "2800S40047B": {
        "common_name": "Beatrice Street",
        "coordinates": [
            -2.988028,
            53.442244
        ]
    },
    "2800S40048E": {
        "common_name": "Balliol Road",
        "coordinates": [
            -2.988788,
            53.445121
        ]
    },
    "2800S47189A": {
        "common_name": "Trinity Road",
        "coordinates": [
            -2.989395,
            53.447311
        ]
    },
    "2800S47027C": {
        "common_name": "Park Street",
        "coordinates": [
            -2.989859,
            53.44915
        ]
    },
    "2800S47028A": {
        "common_name": "Bootle Strand Shopping Centre",
        "coordinates": [
            -2.990688,
            53.452406
        ]
    },
    "2800S47029A": {
        "common_name": "Marsh Lane",
        "coordinates": [
            -2.991164,
            53.454083
        ]
    },
    "2800S47030A": {
        "common_name": "Linacre Lane",
        "coordinates": [
            -2.992121,
            53.45768
        ]
    },
    "2800S47031A": {
        "common_name": "Croxteth Road",
        "coordinates": [
            -2.994433,
            53.460591
        ]
    },
    "2800S47032A": {
        "common_name": "Hartwell Street",
        "coordinates": [
            -2.997453,
            53.463487
        ]
    },
    "2800S47033A": {
        "common_name": "Linacre Road",
        "coordinates": [
            -3.00038,
            53.468155
        ]
    },
    "2800S47021A": {
        "common_name": "Bridge Road",
        "coordinates": [
            -3.002771,
            53.467982
        ]
    },
    "2800S47020A": {
        "common_name": "Hawthorne Road",
        "coordinates": [
            -2.998618,
            53.469455
        ]
    },
    "2800S47019A": {
        "common_name": "Marina Avenue",
        "coordinates": [
            -2.999412,
            53.470554
        ]
    },
    "2800S47018A": {
        "common_name": "School Lane",
        "coordinates": [
            -2.998607,
            53.472205
        ]
    },
    "2800S47017A": {
        "common_name": "Alexandra Mount",
        "coordinates": [
            -2.997395,
            53.473852
        ]
    },
    "2800S47016B": {
        "common_name": "Osborne Road",
        "coordinates": [
            -2.99618,
            53.475992
        ]
    },
    "2800S47015B": {
        "common_name": "Pankhurst Road",
        "coordinates": [
            -2.996169,
            53.479417
        ]
    },
    "2800S47014A": {
        "common_name": "Sterrix Lane",
        "coordinates": [
            -2.996155,
            53.482015
        ]
    },
    "2800S47012A": {
        "common_name": "Gorsey Avenue",
        "coordinates": [
            -2.994586,
            53.484509
        ]
    },
    "2800S47013B": {
        "common_name": "Dale Acre Drive",
        "coordinates": [
            -2.990933,
            53.488126
        ]
    },
    "2800S53011B": {
        "common_name": "Gorsey Lane",
        "coordinates": [
            -2.986969,
            53.490073
        ]
    },
    "2800S53026A": {
        "common_name": "Granams Croft",
        "coordinates": [
            -2.98624,
            53.491796
        ]
    },
    "2800S53012A": {
        "common_name": "Red Lomes",
        "coordinates": [
            -2.98535,
            53.493709
        ]
    },
    "2800S53013B": {
        "common_name": "Higher End Park",
        "coordinates": [
            -2.979993,
            53.495434
        ]
    },
    "2800S53014A": {
        "common_name": "Waterside",
        "coordinates": [
            -2.974325,
            53.494761
        ]
    },
    "2800S53024B": {
        "common_name": "Chapel Lane",
        "coordinates": [
            -2.967803,
            53.494976
        ]
    },
    "2800S53027A": {
        "common_name": "Hollinhey Close",
        "coordinates": [
            -2.958842,
            53.493997
        ]
    },
    "2800S53023B": {
        "common_name": "Corwen Drive",
        "coordinates": [
            -2.956874,
            53.490956
        ]
    },
    "2800S53028A": {
        "common_name": "Dunnings Bridge Road",
        "coordinates": [
            -2.956333,
            53.487671
        ]
    },
    "2800S53029D": {
        "common_name": "Old Roan Station",
        "coordinates": [
            -2.951651,
            53.48653
        ]
    }
}