{
    "2800S53001C": {
        "common_name": "St Oswalds Lane",
        "coordinates": [
            -2.972284,
            53.487919
        ]
    },
    "2800S53002B": {
        "common_name": "St Ambrose Croft",
        "coordinates": [
            -2.977191,
            53.489614
        ]
    },
    "2800S53003C": {
        "common_name": "St Nicholas' Drive",
        "coordinates": [
            -2.984014,
            53.490044
        ]
    },
    "2800S53011B": {
        "common_name": "Gorsey Lane",
        "coordinates": [
            -2.986969,
            53.490073
        ]
    },
    "2800S47013B": {
        "common_name": "Dale Acre Drive",
        "coordinates": [
            -2.990933,
            53.488126
        ]
    },
    "2800S47012A": {
        "common_name": "Gorsey Avenue",
        "coordinates": [
            -2.994586,
            53.484509
        ]
    },
    "2800S47051B": {
        "common_name": "Sterrix Avenue",
        "coordinates": [
            -2.98994,
            53.482408
        ]
    },
    "2800S47050A": {
        "common_name": "Nunsford Close",
        "coordinates": [
            -2.987281,
            53.482106
        ]
    },
    "2800S47049B": {
        "common_name": "Boundary Road",
        "coordinates": [
            -2.983715,
            53.481048
        ]
    },
    "2800S47190B": {
        "common_name": "Litherland Sports Park",
        "coordinates": [
            -2.981717,
            53.480004
        ]
    },
    "2800S47075A": {
        "common_name": "Moss Lane",
        "coordinates": [
            -2.981084,
            53.478679
        ]
    },
    "2800S47038D": {
        "common_name": "Dunnings Bridge Road",
        "coordinates": [
            -2.978904,
            53.474984
        ]
    },
    "2800S47048A": {
        "common_name": "Captains Lane",
        "coordinates": [
            -2.978119,
            53.47358
        ]
    },
    "2800S47047A": {
        "common_name": "Bridle Road",
        "coordinates": [
            -2.975217,
            53.469891
        ]
    },
    "2800S47109A": {
        "common_name": "Orrell Lane",
        "coordinates": [
            -2.974596,
            53.467793
        ]
    },
    "2800S47045D": {
        "common_name": "Pennington Avenue",
        "coordinates": [
            -2.9763,
            53.464588
        ]
    },
    "2800S47044C": {
        "common_name": "Marsh Avenue",
        "coordinates": [
            -2.976,
            53.461354
        ]
    },
    "2800S47043A": {
        "common_name": "Keir Hardie Avenue",
        "coordinates": [
            -2.975444,
            53.459435
        ]
    },
    "2800S46065A": {
        "common_name": "Aintree Road",
        "coordinates": [
            -2.975193,
            53.455707
        ]
    },
    "2800S46064A": {
        "common_name": "Maguire Avenue",
        "coordinates": [
            -2.975867,
            53.452942
        ]
    },
    "2800S46081A": {
        "common_name": "Harrison Drive",
        "coordinates": [
            -2.976261,
            53.451069
        ]
    },
    "2800S40096A": {
        "common_name": "Breeze Hill",
        "coordinates": [
            -2.976618,
            53.448261
        ]
    },
    "2800S40095A": {
        "common_name": "Roxburgh Street",
        "coordinates": [
            -2.976995,
            53.443692
        ]
    },
    "2800S40122A": {
        "common_name": "Kirkdale Station",
        "coordinates": [
            -2.979277,
            53.441426
        ]
    },
    "2800S40094A": {
        "common_name": "Suffield Road",
        "coordinates": [
            -2.981364,
            53.439251
        ]
    },
    "2800S40044A": {
        "common_name": "St Agnes Road",
        "coordinates": [
            -2.984609,
            53.435674
        ]
    },
    "2800S40123A": {
        "common_name": "Crocus Street",
        "coordinates": [
            -2.98664,
            53.433707
        ]
    },
    "2800S40049B": {
        "common_name": "Great Mersey Street",
        "coordinates": [
            -2.98748,
            53.428387
        ]
    },
    "2800S40041C": {
        "common_name": "Boundary Street",
        "coordinates": [
            -2.988338,
            53.425117
        ]
    },
    "2800S40040B": {
        "common_name": "Gem Street",
        "coordinates": [
            -2.988904,
            53.422299
        ]
    },
    "2800S40039B": {
        "common_name": "Tatlock Street",
        "coordinates": [
            -2.989369,
            53.420264
        ]
    },
    "2800S40038A": {
        "common_name": "Eldon Street",
        "coordinates": [
            -2.989746,
            53.417079
        ]
    },
    "2800S42031A": {
        "common_name": "Oriel Street",
        "coordinates": [
            -2.989487,
            53.41433
        ]
    },
    "2800S42030A": {
        "common_name": "Pickop Street",
        "coordinates": [
            -2.988036,
            53.411448
        ]
    },
    "2800S42013B": {
        "common_name": "Johnson Street",
        "coordinates": [
            -2.986194,
            53.411193
        ]
    },
    "2800S42042C": {
        "common_name": "Hood street",
        "coordinates": [
            -2.983506,
            53.408141
        ]
    },
    "2800S42012C": {
        "common_name": "Moorfields",
        "coordinates": [
            -2.990196,
            53.409254
        ]
    },
    "2800S42012E": {
        "common_name": "Moorfields Station",
        "coordinates": [
            -2.989813,
            53.408925
        ]
    },
    "2800S42079C": {
        "common_name": "Temple Street",
        "coordinates": [
            -2.987602,
            53.407002
        ]
    },
    "2800S42029D": {
        "common_name": "Victoria Street",
        "coordinates": [
            -2.985688,
            53.407494
        ]
    },
    "2800S42029C": {
        "common_name": "The Metquarter",
        "coordinates": [
            -2.985518,
            53.407325
        ]
    },
    "2800S42054A": {
        "common_name": "Dale Street",
        "coordinates": [
            -2.986679,
            53.410012
        ]
    },
    "2800S42030B": {
        "common_name": "Cockspur Street",
        "coordinates": [
            -2.988635,
            53.411973
        ]
    },
    "2800S42031B": {
        "common_name": "Paul Street",
        "coordinates": [
            -2.989855,
            53.414642
        ]
    },
    "2800S40038B": {
        "common_name": "Eldon Street",
        "coordinates": [
            -2.989999,
            53.417616
        ]
    },
    "2800S40039A": {
        "common_name": "Eldonian Way",
        "coordinates": [
            -2.989527,
            53.420586
        ]
    },
    "2800S40041D": {
        "common_name": "Boundary Street",
        "coordinates": [
            -2.988603,
            53.42489
        ]
    },
    "2800S40041B": {
        "common_name": "Boundary Street",
        "coordinates": [
            -2.988317,
            53.426169
        ]
    },
    "2800S40049A": {
        "common_name": "Sandhills Lane",
        "coordinates": [
            -2.987544,
            53.429178
        ]
    },
    "2800S40123B": {
        "common_name": "Opposite Crocus Street",
        "coordinates": [
            -2.987218,
            53.433306
        ]
    },
    "2800S40044B": {
        "common_name": "Stanley Road",
        "coordinates": [
            -2.985409,
            53.435146
        ]
    },
    "2800S40093A": {
        "common_name": "Alfonso Road",
        "coordinates": [
            -2.983234,
            53.437438
        ]
    },
    "2800S40094B": {
        "common_name": "Kirkdale Station",
        "coordinates": [
            -2.98068,
            53.440273
        ]
    },
    "2800S40095B": {
        "common_name": "Bedford Road",
        "coordinates": [
            -2.976931,
            53.444852
        ]
    },
    "2800S40096B": {
        "common_name": "Hillside Close",
        "coordinates": [
            -2.977252,
            53.447016
        ]
    },
    "2800S46063A": {
        "common_name": "Oxford Road",
        "coordinates": [
            -2.977148,
            53.449021
        ]
    },
    "2800S46081B": {
        "common_name": "Harrison Drive",
        "coordinates": [
            -2.97656,
            53.451624
        ]
    },
    "2800S46064B": {
        "common_name": "Earl Road",
        "coordinates": [
            -2.976,
            53.454127
        ]
    },
    "2800S46065B": {
        "common_name": "Aintree Road",
        "coordinates": [
            -2.975386,
            53.456928
        ]
    },
    "2800S47043B": {
        "common_name": "Burnie Avenue",
        "coordinates": [
            -2.975801,
            53.459234
        ]
    },
    "2800S47044A": {
        "common_name": "Ballantyne Grove",
        "coordinates": [
            -2.976695,
            53.462769
        ]
    },
    "2800S47045C": {
        "common_name": "Pennington Avenue",
        "coordinates": [
            -2.976754,
            53.464656
        ]
    },
    "2800S47109B": {
        "common_name": "Marmion Avenue",
        "coordinates": [
            -2.974989,
            53.467834
        ]
    },
    "2800S47047B": {
        "common_name": "Bridle Road",
        "coordinates": [
            -2.976718,
            53.470966
        ]
    },
    "2800S47048B": {
        "common_name": "Captains Lane",
        "coordinates": [
            -2.978787,
            53.473835
        ]
    },
    "2800S47038C": {
        "common_name": "Church Road",
        "coordinates": [
            -2.979929,
            53.475623
        ]
    },
    "2800S47075B": {
        "common_name": "Moss Lane",
        "coordinates": [
            -2.981182,
            53.478381
        ]
    },
    "2800S47190A": {
        "common_name": "Litherland Sports Park",
        "coordinates": [
            -2.981938,
            53.479795
        ]
    },
    "2800S47049A": {
        "common_name": "Boundary Road",
        "coordinates": [
            -2.983246,
            53.480971
        ]
    },
    "2800S47050B": {
        "common_name": "Nunsford Close",
        "coordinates": [
            -2.987264,
            53.482026
        ]
    },
    "2800S47051A": {
        "common_name": "Sterrix Avenue",
        "coordinates": [
            -2.990828,
            53.482347
        ]
    },
    "2800S47012B": {
        "common_name": "Randall Drive",
        "coordinates": [
            -2.995426,
            53.483711
        ]
    },
    "2800S47013A": {
        "common_name": "Dale Acre Drive",
        "coordinates": [
            -2.990895,
            53.488432
        ]
    },
    "2800S53011A": {
        "common_name": "Almonds Turn",
        "coordinates": [
            -2.986294,
            53.490231
        ]
    },
    "2800S53003B": {
        "common_name": "Pattens Close",
        "coordinates": [
            -2.981619,
            53.490108
        ]
    },
    "2800S53002A": {
        "common_name": "Eden Vale",
        "coordinates": [
            -2.977151,
            53.489812
        ]
    },
    "2800S53001B": {
        "common_name": "Magdalene Square",
        "coordinates": [
            -2.972382,
            53.488242
        ]
    }
}