{
    "2800S42029D": {
        "common_name": "Victoria Street",
        "coordinates": [
            -2.985688,
            53.407494
        ]
    },
    "2800S42023J": {
        "common_name": "Queen Square Bus Station",
        "coordinates": [
            -2.982476,
            53.407584
        ]
    },
    "2800S42035B": {
        "common_name": "Great Richmond Street",
        "coordinates": [
            -2.977929,
            53.413535
        ]
    },
    "2800S40132B": {
        "common_name": "Virgil Street",
        "coordinates": [
            -2.978209,
            53.419187
        ]
    },
    "2800S40133A": {
        "common_name": "Wilbraham Street",
        "coordinates": [
            -2.978396,
            53.421433
        ]
    },
    "2800S42035A": {
        "common_name": "Mansfield Street",
        "coordinates": [
            -2.977339,
            53.413414
        ]
    },
    "2800S40134B": {
        "common_name": "Buckingham Street",
        "coordinates": [
            -2.978729,
            53.423498
        ]
    },
    "2800S40066A": {
        "common_name": "Rose Place",
        "coordinates": [
            -2.978858,
            53.415991
        ]
    },
    "2800S40132A": {
        "common_name": "Virgil Street",
        "coordinates": [
            -2.977774,
            53.419254
        ]
    },
    "2800S40135A": {
        "common_name": "Boundary Street East",
        "coordinates": [
            -2.97924,
            53.426738
        ]
    },
    "2800S40133B": {
        "common_name": "Penrhyn Street",
        "coordinates": [
            -2.978254,
            53.421812
        ]
    },
    "2800S40134A": {
        "common_name": "Buckingham Street",
        "coordinates": [
            -2.978455,
            53.423347
        ]
    },
    "2800S40135B": {
        "common_name": "Kirkdale Road",
        "coordinates": [
            -2.979043,
            53.427315
        ]
    },
    "2800S40114A": {
        "common_name": "Whittle Street",
        "coordinates": [
            -2.979198,
            53.428851
        ]
    },
    "2800S40114B": {
        "common_name": "Sterling Way",
        "coordinates": [
            -2.979436,
            53.428696
        ]
    },
    "2800S40089B": {
        "common_name": "Leison Street",
        "coordinates": [
            -2.979493,
            53.430539
        ]
    },
    "2800S40113B": {
        "common_name": "Medlock Street",
        "coordinates": [
            -2.976349,
            53.43389
        ]
    },
    "2800S40120B": {
        "common_name": "Tawd Street",
        "coordinates": [
            -2.974927,
            53.436886
        ]
    },
    "2800S40089A": {
        "common_name": "Foley Street",
        "coordinates": [
            -2.977981,
            53.431531
        ]
    },
    "2800S40113A": {
        "common_name": "Witsun Drive",
        "coordinates": [
            -2.976653,
            53.432728
        ]
    },
    "2800S40101D": {
        "common_name": "Rumney Road",
        "coordinates": [
            -2.976391,
            53.438339
        ]
    },
    "2800S40120A": {
        "common_name": "Bradewell Street",
        "coordinates": [
            -2.975132,
            53.435986
        ]
    },
    "2800S40101C": {
        "common_name": "Goodall Street",
        "coordinates": [
            -2.976133,
            53.438252
        ]
    },
    "2800S40140A": {
        "common_name": "Kirkdale Station",
        "coordinates": [
            -2.980934,
            53.441484
        ]
    },
    "2800S40141A": {
        "common_name": "Wadham Road",
        "coordinates": [
            -2.982553,
            53.444455
        ]
    },
    "2800S40140B": {
        "common_name": "Kirkdale Station",
        "coordinates": [
            -2.980602,
            53.441433
        ]
    },
    "2800S40106B": {
        "common_name": "Trinity Road",
        "coordinates": [
            -2.983853,
            53.447905
        ]
    },
    "2800S47066B": {
        "common_name": "Hawthorne Road",
        "coordinates": [
            -2.985392,
            53.448728
        ]
    },
    "2800S40141B": {
        "common_name": "Bedford Road",
        "coordinates": [
            -2.981718,
            53.443509
        ]
    },
    "2800S40106A": {
        "common_name": "Trinity Road",
        "coordinates": [
            -2.983615,
            53.448033
        ]
    },
    "2800S47066A": {
        "common_name": "Hawthorne Road",
        "coordinates": [
            -2.984674,
            53.448896
        ]
    },
    "2800S47028C": {
        "common_name": "Bootle Strand Shopping Centre",
        "coordinates": [
            -2.990716,
            53.45166
        ]
    },
    "2800S47029C": {
        "common_name": "Hornby Road",
        "coordinates": [
            -2.991783,
            53.455462
        ]
    },
    "2800S47027C": {
        "common_name": "Park Street",
        "coordinates": [
            -2.989859,
            53.44915
        ]
    },
    "2800S47028A": {
        "common_name": "Bootle Strand Shopping Centre",
        "coordinates": [
            -2.990688,
            53.452406
        ]
    },
    "2800S47029A": {
        "common_name": "Marsh Lane",
        "coordinates": [
            -2.991164,
            53.454083
        ]
    },
    "2800S47030C": {
        "common_name": "Knowsley Road",
        "coordinates": [
            -2.992428,
            53.457929
        ]
    },
    "2800S47107A": {
        "common_name": "Thornton Road",
        "coordinates": [
            -2.991906,
            53.458787
        ]
    },
    "2800S47030A": {
        "common_name": "Linacre Lane",
        "coordinates": [
            -2.992121,
            53.45768
        ]
    },
    "2800S47062C": {
        "common_name": "Sefton Road",
        "coordinates": [
            -2.984616,
            53.460061
        ]
    },
    "2800S47062D": {
        "common_name": "Hawthorne Road",
        "coordinates": [
            -2.986704,
            53.459828
        ]
    },
    "2800S47061B": {
        "common_name": "Monfa Road",
        "coordinates": [
            -2.981957,
            53.461018
        ]
    },
    "2800S47061A": {
        "common_name": "Fernhill Road",
        "coordinates": [
            -2.982236,
            53.46071
        ]
    },
    "2800S47045B": {
        "common_name": "Watts Lane",
        "coordinates": [
            -2.977853,
            53.463343
        ]
    },
    "2800S47103B": {
        "common_name": "Menai Road",
        "coordinates": [
            -2.98092,
            53.465718
        ]
    },
    "2800S47045A": {
        "common_name": "Bailey Drive",
        "coordinates": [
            -2.977243,
            53.464328
        ]
    },
    "2800S47103A": {
        "common_name": "Park Lane",
        "coordinates": [
            -2.980972,
            53.465996
        ]
    },
    "2800S47104B": {
        "common_name": "Gardner Avenue",
        "coordinates": [
            -2.976385,
            53.468272
        ]
    },
    "2800S47104A": {
        "common_name": "Gardner Avenue",
        "coordinates": [
            -2.975813,
            53.468286
        ]
    },
    "2800S47047A": {
        "common_name": "Bridle Road",
        "coordinates": [
            -2.975217,
            53.469891
        ]
    },
    "2800S47092A": {
        "common_name": "Bridle Way",
        "coordinates": [
            -2.970823,
            53.470106
        ]
    },
    "2800S47064B": {
        "common_name": "Farriers Way",
        "coordinates": [
            -2.968143,
            53.47153
        ]
    },
    "2800S47063A": {
        "common_name": "Bridle Way",
        "coordinates": [
            -2.966133,
            53.472571
        ]
    },
    "2800S47064A": {
        "common_name": "Bridle Way",
        "coordinates": [
            -2.96729,
            53.47178
        ]
    },
    "2800S47091B": {
        "common_name": "Hereford Drive",
        "coordinates": [
            -2.963284,
            53.473817
        ]
    },
    "2800S47091A": {
        "common_name": "Hereford Drive",
        "coordinates": [
            -2.9629,
            53.47418
        ]
    },
    "2800S53009B": {
        "common_name": "Lingfield Close",
        "coordinates": [
            -2.96156,
            53.476222
        ]
    },
    "2800S53010B": {
        "common_name": "Brecon Walk",
        "coordinates": [
            -2.964571,
            53.478759
        ]
    },
    "2800S53030B": {
        "common_name": "Dunnings Bridge Road",
        "coordinates": [
            -2.966562,
            53.480181
        ]
    },
    "2800S47042C": {
        "common_name": "Stand Park Avenue",
        "coordinates": [
            -2.96865,
            53.481872
        ]
    },
    "2800S53009A": {
        "common_name": "Abbeystead Avenue",
        "coordinates": [
            -2.961103,
            53.475992
        ]
    },
    "2800S53010A": {
        "common_name": "Breacon Walk",
        "coordinates": [
            -2.964562,
            53.479038
        ]
    },
    "2800S53004B": {
        "common_name": "Elton Avenue",
        "coordinates": [
            -2.972151,
            53.484729
        ]
    },
    "2800S53030A": {
        "common_name": "Dunnings Bridge Road",
        "coordinates": [
            -2.96603,
            53.479961
        ]
    },
    "2800S47042E": {
        "common_name": "Stand Park Avenue",
        "coordinates": [
            -2.969299,
            53.482595
        ]
    },
    "2800S53004A": {
        "common_name": "Leonard Cheshire Drive",
        "coordinates": [
            -2.971389,
            53.484367
        ]
    },
    "2800S53005B": {
        "common_name": "The Marion Way",
        "coordinates": [
            -2.972737,
            53.486612
        ]
    },
    "2800S53005A": {
        "common_name": "The Marian Way",
        "coordinates": [
            -2.972051,
            53.486923
        ]
    },
    "2800S53001B": {
        "common_name": "Magdalene Square",
        "coordinates": [
            -2.972382,
            53.488242
        ]
    }
}