{
    "2800S47067U": {
        "common_name": "Bootle New Strand Station",
        "coordinates": [
            -2.992871,
            53.453044
        ]
    },
    "2800S47175C": {
        "common_name": "Bootle Bus Station",
        "coordinates": [
            -2.993083,
            53.452413
        ]
    },
    "2800S47027F": {
        "common_name": "Washington Parade",
        "coordinates": [
            -2.991554,
            53.448848
        ]
    },
    "2800S47027E": {
        "common_name": "Stanley Road",
        "coordinates": [
            -2.989461,
            53.448866
        ]
    },
    "2800S47066A": {
        "common_name": "Hawthorne Road",
        "coordinates": [
            -2.984674,
            53.448896
        ]
    },
    "2800S47027D": {
        "common_name": "St Albans Road",
        "coordinates": [
            -2.990962,
            53.448673
        ]
    },
    "2800S47066B": {
        "common_name": "Hawthorne Road",
        "coordinates": [
            -2.985392,
            53.448728
        ]
    },
    "2800S47110A": {
        "common_name": "Worcester Road",
        "coordinates": [
            -2.9814,
            53.447997
        ]
    },
    "2800S40096D": {
        "common_name": "Southport Road",
        "coordinates": [
            -2.978941,
            53.447757
        ]
    },
    "2800S40097A": {
        "common_name": "Stuart Road",
        "coordinates": [
            -2.974603,
            53.447702
        ]
    },
    "2800S40117A": {
        "common_name": "Peveril Street",
        "coordinates": [
            -2.969481,
            53.4476
        ]
    },
    "2800S40116B": {
        "common_name": "Moor Lane",
        "coordinates": [
            -2.965524,
            53.44774
        ]
    },
    "2800S40097B": {
        "common_name": "Hill Crest",
        "coordinates": [
            -2.974113,
            53.447347
        ]
    },
    "2800S40117B": {
        "common_name": "Astor Street",
        "coordinates": [
            -2.969185,
            53.447171
        ]
    },
    "2800S40043B": {
        "common_name": "Haggerston Road",
        "coordinates": [
            -2.959467,
            53.445533
        ]
    },
    "2800S40116A": {
        "common_name": "Delf Lane",
        "coordinates": [
            -2.965107,
            53.447258
        ]
    },
    "2800S40043A": {
        "common_name": "Haggerston Road",
        "coordinates": [
            -2.960723,
            53.445828
        ]
    },
    "2800S40075E": {
        "common_name": "Walton Hall Avenue",
        "coordinates": [
            -2.955373,
            53.443588
        ]
    },
    "2800S40075B": {
        "common_name": "Walton Hall Avenue",
        "coordinates": [
            -2.955363,
            53.443175
        ]
    },
    "2800S40098A": {
        "common_name": "Stanley Park Avenue North",
        "coordinates": [
            -2.950691,
            53.441603
        ]
    },
    "2800S40098B": {
        "common_name": "Stanley Park Avenue North",
        "coordinates": [
            -2.951441,
            53.442127
        ]
    },
    "2800S40099B": {
        "common_name": "Atheldene Road",
        "coordinates": [
            -2.945195,
            53.440874
        ]
    },
    "2800S40061A": {
        "common_name": "Utting Avenue",
        "coordinates": [
            -2.94008,
            53.439691
        ]
    },
    "2800S40099A": {
        "common_name": "Curtis Road",
        "coordinates": [
            -2.946592,
            53.440755
        ]
    },
    "2800S40061C": {
        "common_name": "Sandeman Road",
        "coordinates": [
            -2.940075,
            53.439431
        ]
    },
    "2800S40037A": {
        "common_name": "Townsend Avenue",
        "coordinates": [
            -2.933591,
            53.436893
        ]
    },
    "2800S40037D": {
        "common_name": "Lowerson Road",
        "coordinates": [
            -2.931761,
            53.436521
        ]
    },
    "2800S40115A": {
        "common_name": "Monash Road",
        "coordinates": [
            -2.927719,
            53.434772
        ]
    },
    "2800S40068B": {
        "common_name": "Muirhead Avenue",
        "coordinates": [
            -2.92434,
            53.432381
        ]
    },
    "2800S40115B": {
        "common_name": "Monash Road",
        "coordinates": [
            -2.928059,
            53.4345
        ]
    },
    "2800S40068D": {
        "common_name": "Adshead Road",
        "coordinates": [
            -2.924495,
            53.431858
        ]
    },
    "2800S41118A": {
        "common_name": "Three But Lane",
        "coordinates": [
            -2.921145,
            53.429385
        ]
    },
    "2800S41118B": {
        "common_name": "Hewitson Road",
        "coordinates": [
            -2.922233,
            53.429592
        ]
    },
    "2800S41117B": {
        "common_name": "Mill Bank",
        "coordinates": [
            -2.91846,
            53.427734
        ]
    },
    "2800S41116A": {
        "common_name": "North Drive",
        "coordinates": [
            -2.915144,
            53.424002
        ]
    },
    "2800S41117A": {
        "common_name": "Mill Bank",
        "coordinates": [
            -2.918983,
            53.427532
        ]
    },
    "2800S41123A": {
        "common_name": "Quarry Road",
        "coordinates": [
            -2.915947,
            53.424939
        ]
    },
    "2800S41039A": {
        "common_name": "Queens Drive",
        "coordinates": [
            -2.914162,
            53.42169
        ]
    },
    "2800S41116B": {
        "common_name": "Moscow Drive",
        "coordinates": [
            -2.915432,
            53.423379
        ]
    },
    "2800S41039B": {
        "common_name": "Guernsey Road",
        "coordinates": [
            -2.914599,
            53.421049
        ]
    },
    "2800S41038B": {
        "common_name": "Albany Road",
        "coordinates": [
            -2.915088,
            53.41718
        ]
    },
    "2800S41038A": {
        "common_name": "Ionic Road",
        "coordinates": [
            -2.915004,
            53.417477
        ]
    },
    "2800S41037A": {
        "common_name": "Prescot Road",
        "coordinates": [
            -2.914107,
            53.414221
        ]
    },
    "2800S41037B": {
        "common_name": "St Oswald Street",
        "coordinates": [
            -2.914392,
            53.414183
        ]
    },
    "2800S41211A": {
        "common_name": "Maddocks Street",
        "coordinates": [
            -2.91589,
            53.411097
        ]
    },
    "2800S41115A": {
        "common_name": "Binns Road",
        "coordinates": [
            -2.918536,
            53.408209
        ]
    },
    "2800S41114A": {
        "common_name": "Wavertree Station",
        "coordinates": [
            -2.923849,
            53.403458
        ]
    },
    "2800S41124B": {
        "common_name": "Davidson Road",
        "coordinates": [
            -2.915634,
            53.411791
        ]
    },
    "2800S41065C": {
        "common_name": "Stephenson Road",
        "coordinates": [
            -2.918329,
            53.409074
        ]
    },
    "2800S41115B": {
        "common_name": "Sapphire Street",
        "coordinates": [
            -2.920135,
            53.407028
        ]
    },
    "2800S41114B": {
        "common_name": "Wavertree Station",
        "coordinates": [
            -2.923959,
            53.403691
        ]
    },
    "2800S41076E": {
        "common_name": "Picton Road",
        "coordinates": [
            -2.925387,
            53.400192
        ]
    },
    "2800S41119A": {
        "common_name": "Wimbledon Street",
        "coordinates": [
            -2.927323,
            53.397912
        ]
    },
    "2800S41076D": {
        "common_name": "Picton Road",
        "coordinates": [
            -2.925653,
            53.399983
        ]
    },
    "2800S41113A": {
        "common_name": "Jamieson Road",
        "coordinates": [
            -2.930706,
            53.395135
        ]
    },
    "2800S41112B": {
        "common_name": "Smithdown Road",
        "coordinates": [
            -2.933055,
            53.393211
        ]
    },
    "2800S41119B": {
        "common_name": "Liberty Street",
        "coordinates": [
            -2.92956,
            53.396375
        ]
    },
    "2800S41112A": {
        "common_name": "Garmoyle Road",
        "coordinates": [
            -2.931923,
            53.394362
        ]
    },
    "2800S41085B": {
        "common_name": "Arundel Avenue",
        "coordinates": [
            -2.932893,
            53.391954
        ]
    },
    "2800S41086F": {
        "common_name": "Lathbury Lane",
        "coordinates": [
            -2.932052,
            53.389974
        ]
    },
    "2800S41110C": {
        "common_name": "Cumberland Avenue",
        "coordinates": [
            -2.935367,
            53.389606
        ]
    },
    "2800S41086B": {
        "common_name": "Hawarden Avenue",
        "coordinates": [
            -2.930833,
            53.390613
        ]
    },
    "2800S41110A": {
        "common_name": "Halkyn Avenue",
        "coordinates": [
            -2.933137,
            53.390073
        ]
    },
    "2800S41109A": {
        "common_name": "Cheltenham Avenue",
        "coordinates": [
            -2.939045,
            53.389326
        ]
    },
    "2800S41108D": {
        "common_name": "Ullet Road",
        "coordinates": [
            -2.944285,
            53.388979
        ]
    },
    "2800S41099E": {
        "common_name": "Sefton Park Road",
        "coordinates": [
            -2.948665,
            53.389178
        ]
    },
    "2800S41109C": {
        "common_name": "York Avenue",
        "coordinates": [
            -2.937713,
            53.389624
        ]
    },
    "2800S41108A": {
        "common_name": "Hartington Road",
        "coordinates": [
            -2.945404,
            53.38924
        ]
    },
    "2800S41107B": {
        "common_name": "Aigburth Drive",
        "coordinates": [
            -2.948444,
            53.386645
        ]
    },
    "2800S41099B": {
        "common_name": "Sefton Drive",
        "coordinates": [
            -2.948985,
            53.388025
        ]
    },
    "2800S41107A": {
        "common_name": "Windermere Terrace",
        "coordinates": [
            -2.948997,
            53.386515
        ]
    },
    "2800S41015A": {
        "common_name": "Belvidere Road",
        "coordinates": [
            -2.955348,
            53.382104
        ]
    },
    "2800S41015B": {
        "common_name": "Ullet Road",
        "coordinates": [
            -2.955094,
            53.381468
        ]
    },
    "2800S41015D": {
        "common_name": "Belvidere Road",
        "coordinates": [
            -2.953946,
            53.383266
        ]
    },
    "2800S41051B": {
        "common_name": "Parkfield Road",
        "coordinates": [
            -2.950379,
            53.37969
        ]
    },
    "2800S41047D": {
        "common_name": "Lark Lane",
        "coordinates": [
            -2.947787,
            53.37874
        ]
    },
    "2800S41051A": {
        "common_name": "Errol Street",
        "coordinates": [
            -2.952539,
            53.380176
        ]
    },
    "2800S41047A": {
        "common_name": "St Michael's Road",
        "coordinates": [
            -2.947612,
            53.37831
        ]
    },
    "2800S43001B": {
        "common_name": "Roxburgh Avenue",
        "coordinates": [
            -2.943021,
            53.376692
        ]
    },
    "2800S43002C": {
        "common_name": "Ashbourne Road",
        "coordinates": [
            -2.939111,
            53.375258
        ]
    },
    "2800S43003B": {
        "common_name": "Aigburth Vale",
        "coordinates": [
            -2.935101,
            53.374022
        ]
    },
    "2800S43001A": {
        "common_name": "Fulwood Drive",
        "coordinates": [
            -2.94397,
            53.376756
        ]
    },
    "2800S43002B": {
        "common_name": "Larkfield Road",
        "coordinates": [
            -2.940879,
            53.375648
        ]
    },
    "2800S43003H": {
        "common_name": "Jericho Lane",
        "coordinates": [
            -2.935637,
            53.373802
        ]
    }
}