{
    "2800S47067U": {
        "common_name": "Bootle New Strand Station",
        "coordinates": [
            -2.992871,
            53.453044
        ]
    },
    "2800S47027D": {
        "common_name": "St Albans Road",
        "coordinates": [
            -2.990962,
            53.448673
        ]
    },
    "2800S47066B": {
        "common_name": "Hawthorne Road",
        "coordinates": [
            -2.985392,
            53.448728
        ]
    },
    "2800S47110A": {
        "common_name": "Worcester Road",
        "coordinates": [
            -2.9814,
            53.447997
        ]
    },
    "2800S40097B": {
        "common_name": "Hill Crest",
        "coordinates": [
            -2.974113,
            53.447347
        ]
    },
    "2800S40117B": {
        "common_name": "Astor Street",
        "coordinates": [
            -2.969185,
            53.447171
        ]
    },
    "2800S40116A": {
        "common_name": "Delf Lane",
        "coordinates": [
            -2.965107,
            53.447258
        ]
    },
    "2800S40043A": {
        "common_name": "Haggerston Road",
        "coordinates": [
            -2.960723,
            53.445828
        ]
    },
    "2800S40075B": {
        "common_name": "Walton Hall Avenue",
        "coordinates": [
            -2.955363,
            53.443175
        ]
    },
    "2800S40098A": {
        "common_name": "Stanley Park Avenue North",
        "coordinates": [
            -2.950691,
            53.441603
        ]
    },
    "2800S40099A": {
        "common_name": "Curtis Road",
        "coordinates": [
            -2.946592,
            53.440755
        ]
    },
    "2800S40061C": {
        "common_name": "Sandeman Road",
        "coordinates": [
            -2.940075,
            53.439431
        ]
    },
    "2800S40037A": {
        "common_name": "Townsend Avenue",
        "coordinates": [
            -2.933591,
            53.436893
        ]
    },
    "2800S40115B": {
        "common_name": "Monash Road",
        "coordinates": [
            -2.928059,
            53.4345
        ]
    },
    "2800S40068D": {
        "common_name": "Adshead Road",
        "coordinates": [
            -2.924495,
            53.431858
        ]
    },
    "2800S41118B": {
        "common_name": "Hewitson Road",
        "coordinates": [
            -2.922233,
            53.429592
        ]
    },
    "2800S41117A": {
        "common_name": "Mill Bank",
        "coordinates": [
            -2.918983,
            53.427532
        ]
    },
    "2800S41123A": {
        "common_name": "Quarry Road",
        "coordinates": [
            -2.915947,
            53.424939
        ]
    },
    "2800S41116B": {
        "common_name": "Moscow Drive",
        "coordinates": [
            -2.915432,
            53.423379
        ]
    },
    "2800S41039B": {
        "common_name": "Guernsey Road",
        "coordinates": [
            -2.914599,
            53.421049
        ]
    },
    "2800S41038B": {
        "common_name": "Albany Road",
        "coordinates": [
            -2.915088,
            53.41718
        ]
    },
    "2800S41037B": {
        "common_name": "St Oswald Street",
        "coordinates": [
            -2.914392,
            53.414183
        ]
    },
    "2800S41124B": {
        "common_name": "Davidson Road",
        "coordinates": [
            -2.915634,
            53.411791
        ]
    },
    "2800S41065C": {
        "common_name": "Stephenson Road",
        "coordinates": [
            -2.918329,
            53.409074
        ]
    },
    "2800S41115B": {
        "common_name": "Sapphire Street",
        "coordinates": [
            -2.920135,
            53.407028
        ]
    },
    "2800S41114B": {
        "common_name": "Wavertree Station",
        "coordinates": [
            -2.923959,
            53.403691
        ]
    },
    "2800S41076D": {
        "common_name": "Picton Road",
        "coordinates": [
            -2.925653,
            53.399983
        ]
    },
    "2800S41119B": {
        "common_name": "Liberty Street",
        "coordinates": [
            -2.92956,
            53.396375
        ]
    },
    "2800S41112A": {
        "common_name": "Garmoyle Road",
        "coordinates": [
            -2.931923,
            53.394362
        ]
    },
    "2800S41085B": {
        "common_name": "Arundel Avenue",
        "coordinates": [
            -2.932893,
            53.391954
        ]
    },
    "2800S41086B": {
        "common_name": "Hawarden Avenue",
        "coordinates": [
            -2.930833,
            53.390613
        ]
    },
    "2800S41110A": {
        "common_name": "Halkyn Avenue",
        "coordinates": [
            -2.933137,
            53.390073
        ]
    },
    "2800S41109C": {
        "common_name": "York Avenue",
        "coordinates": [
            -2.937713,
            53.389624
        ]
    },
    "2800S41108A": {
        "common_name": "Hartington Road",
        "coordinates": [
            -2.945404,
            53.38924
        ]
    },
    "2800S41099B": {
        "common_name": "Sefton Drive",
        "coordinates": [
            -2.948985,
            53.388025
        ]
    },
    "2800S41107A": {
        "common_name": "Windermere Terrace",
        "coordinates": [
            -2.948997,
            53.386515
        ]
    },
    "2800S41015D": {
        "common_name": "Belvidere Road",
        "coordinates": [
            -2.953946,
            53.383266
        ]
    },
    "2800S41051A": {
        "common_name": "Errol Street",
        "coordinates": [
            -2.952539,
            53.380176
        ]
    },
    "2800S41047A": {
        "common_name": "St Michael's Road",
        "coordinates": [
            -2.947612,
            53.37831
        ]
    },
    "2800S43001A": {
        "common_name": "Fulwood Drive",
        "coordinates": [
            -2.94397,
            53.376756
        ]
    },
    "2800S43002B": {
        "common_name": "Larkfield Road",
        "coordinates": [
            -2.940879,
            53.375648
        ]
    },
    "2800S43003H": {
        "common_name": "Jericho Lane",
        "coordinates": [
            -2.935637,
            53.373802
        ]
    }
}