{
    "2800S47067U": {
        "common_name": "Bootle New Strand Station",
        "coordinates": [
            -2.992871,
            53.453044
        ]
    },
    "2800S47175E": {
        "common_name": "Bootle Bus Station",
        "coordinates": [
            -2.993372,
            53.452537
        ]
    },
    "2800S47087B": {
        "common_name": "Hornby Road",
        "coordinates": [
            -2.993125,
            53.45422
        ]
    },
    "2800S47029C": {
        "common_name": "Hornby Road",
        "coordinates": [
            -2.991783,
            53.455462
        ]
    },
    "2800S47087A": {
        "common_name": "Stanley Road",
        "coordinates": [
            -2.993179,
            53.453949
        ]
    },
    "2800S47030A": {
        "common_name": "Linacre Lane",
        "coordinates": [
            -2.992121,
            53.45768
        ]
    },
    "2800S47030C": {
        "common_name": "Knowsley Road",
        "coordinates": [
            -2.992428,
            53.457929
        ]
    },
    "2800S47107A": {
        "common_name": "Thornton Road",
        "coordinates": [
            -2.991906,
            53.458787
        ]
    },
    "2800S47062D": {
        "common_name": "Hawthorne Road",
        "coordinates": [
            -2.986704,
            53.459828
        ]
    },
    "2800S47062C": {
        "common_name": "Sefton Road",
        "coordinates": [
            -2.984616,
            53.460061
        ]
    },
    "2800S47061A": {
        "common_name": "Fernhill Road",
        "coordinates": [
            -2.982236,
            53.46071
        ]
    },
    "2800S47061B": {
        "common_name": "Monfa Road",
        "coordinates": [
            -2.981957,
            53.461018
        ]
    },
    "2800S47044B": {
        "common_name": "Ballantyne Grove",
        "coordinates": [
            -2.977654,
            53.461898
        ]
    },
    "2800S47060B": {
        "common_name": "Moss Lane",
        "coordinates": [
            -2.97365,
            53.462668
        ]
    },
    "2800S46067A": {
        "common_name": "Burwen Drive",
        "coordinates": [
            -2.967884,
            53.462777
        ]
    },
    "2800S47044D": {
        "common_name": "Marsh Avenue",
        "coordinates": [
            -2.975491,
            53.462149
        ]
    },
    "2800S47060A": {
        "common_name": "Whinfield Road",
        "coordinates": [
            -2.971636,
            53.462837
        ]
    },
    "2800S46070B": {
        "common_name": "Orrell Park Station",
        "coordinates": [
            -2.963952,
            53.462081
        ]
    },
    "2800S46050A": {
        "common_name": "Orrell Park Station",
        "coordinates": [
            -2.961858,
            53.462071
        ]
    },
    "2800S46067B": {
        "common_name": "Hanford Avenue",
        "coordinates": [
            -2.968364,
            53.462702
        ]
    },
    "2800S46070A": {
        "common_name": "Orrell Park Station",
        "coordinates": [
            -2.964414,
            53.46188
        ]
    },
    "2800S46049D": {
        "common_name": "Warbreck Moor",
        "coordinates": [
            -2.956886,
            53.464673
        ]
    },
    "2800S46071A": {
        "common_name": "Brookfield Drive",
        "coordinates": [
            -2.950194,
            53.460474
        ]
    },
    "2800S46050C": {
        "common_name": "Orrell Park Station",
        "coordinates": [
            -2.960227,
            53.462543
        ]
    },
    "2800S46049B": {
        "common_name": "Solar Road",
        "coordinates": [
            -2.955804,
            53.464825
        ]
    },
    "2800S46071B": {
        "common_name": "Hartley Avenue",
        "coordinates": [
            -2.951591,
            53.461668
        ]
    },
    "2800S46072A": {
        "common_name": "Brookfield Drive",
        "coordinates": [
            -2.948474,
            53.459005
        ]
    },
    "2800S46073B": {
        "common_name": "Hanson Road",
        "coordinates": [
            -2.946176,
            53.456578
        ]
    },
    "2800S46072B": {
        "common_name": "Brookfield Drive",
        "coordinates": [
            -2.948777,
            53.459048
        ]
    },
    "2800S46074A": {
        "common_name": "Stopgate Lane",
        "coordinates": [
            -2.941312,
            53.454522
        ]
    },
    "2800S46075A": {
        "common_name": "Long Lane",
        "coordinates": [
            -2.938264,
            53.452928
        ]
    },
    "2800S46043C": {
        "common_name": "Tilston Road",
        "coordinates": [
            -2.936934,
            53.451321
        ]
    },
    "2800S46073A": {
        "common_name": "Hanson Road",
        "coordinates": [
            -2.946801,
            53.456906
        ]
    },
    "2800S46074B": {
        "common_name": "LIver Industrial Estate",
        "coordinates": [
            -2.943125,
            53.454814
        ]
    },
    "2800S46076B": {
        "common_name": "Parthenon Drive",
        "coordinates": [
            -2.933448,
            53.446845
        ]
    },
    "2800S46075B": {
        "common_name": "Mater Close",
        "coordinates": [
            -2.938132,
            53.452372
        ]
    },
    "2800S46043D": {
        "common_name": "Ardville Road",
        "coordinates": [
            -2.935644,
            53.449515
        ]
    },
    "2800S46076A": {
        "common_name": "Scarisbrick Drive",
        "coordinates": [
            -2.933815,
            53.44712
        ]
    },
    "2800S46013C": {
        "common_name": "Utting Avenue East",
        "coordinates": [
            -2.931823,
            53.442785
        ]
    },
    "2800S46176B": {
        "common_name": "Porchester Road",
        "coordinates": [
            -2.924941,
            53.441338
        ]
    },
    "2800S46013D": {
        "common_name": "Townsend Avenue",
        "coordinates": [
            -2.93215,
            53.443277
        ]
    },
    "2800S46001C": {
        "common_name": "Back Broadway",
        "coordinates": [
            -2.930821,
            53.442398
        ]
    },
    "2800S46002A": {
        "common_name": "Lorenzo Drive",
        "coordinates": [
            -2.928339,
            53.44319
        ]
    },
    "2800S46034C": {
        "common_name": "Muirhead Avenue East",
        "coordinates": [
            -2.919097,
            53.436996
        ]
    },
    "2800S46176A": {
        "common_name": "Broad Lane",
        "coordinates": [
            -2.925395,
            53.441433
        ]
    },
    "2800S46034B": {
        "common_name": "Circular Road East",
        "coordinates": [
            -2.918819,
            53.436675
        ]
    },
    "2800S46068B": {
        "common_name": "Haymans Green",
        "coordinates": [
            -2.91359,
            53.434315
        ]
    },
    "2800S46068A": {
        "common_name": "Almonds Grove",
        "coordinates": [
            -2.913319,
            53.434344
        ]
    },
    "2800S44052B": {
        "common_name": "Meadow Lane",
        "coordinates": [
            -2.909763,
            53.432744
        ]
    },
    "2800S44052A": {
        "common_name": "Mill Lane",
        "coordinates": [
            -2.909927,
            53.432653
        ]
    },
    "2800S44053C": {
        "common_name": "Marlfield Road",
        "coordinates": [
            -2.903828,
            53.429706
        ]
    },
    "2800S44062B": {
        "common_name": "Deysbrook Lane",
        "coordinates": [
            -2.899379,
            53.428562
        ]
    },
    "2800S44053B": {
        "common_name": "Norris Green Road",
        "coordinates": [
            -2.903899,
            53.42949
        ]
    },
    "2800S44062A": {
        "common_name": "Sandfield Park East",
        "coordinates": [
            -2.89889,
            53.428188
        ]
    },
    "2800S44063B": {
        "common_name": "Thornhead Lane",
        "coordinates": [
            -2.895907,
            53.427321
        ]
    },
    "2800S44064A": {
        "common_name": "Kendal Park",
        "coordinates": [
            -2.893614,
            53.426349
        ]
    },
    "2800S44027C": {
        "common_name": "Martlett Road",
        "coordinates": [
            -2.890763,
            53.42389
        ]
    },
    "2800S44063A": {
        "common_name": "Alvanley Road",
        "coordinates": [
            -2.896329,
            53.427381
        ]
    },
    "2800S44027A": {
        "common_name": "Martlett Road",
        "coordinates": [
            -2.891515,
            53.425286
        ]
    },
    "2800S44026A": {
        "common_name": "Honey's Green Close",
        "coordinates": [
            -2.892012,
            53.423143
        ]
    },
    "2800S44190A": {
        "common_name": "Honeys Green Lane",
        "coordinates": [
            -2.896059,
            53.420956
        ]
    },
    "2800S44026B": {
        "common_name": "Blackmoor Drive",
        "coordinates": [
            -2.893222,
            53.42273
        ]
    },
    "2800S44190B": {
        "common_name": "Honeys Green Lane",
        "coordinates": [
            -2.89607,
            53.420767
        ]
    },
    "2800S44107A": {
        "common_name": "East Prescot Road",
        "coordinates": [
            -2.893943,
            53.419084
        ]
    },
    "2800S44107B": {
        "common_name": "Meadowcroft Park",
        "coordinates": [
            -2.893367,
            53.418872
        ]
    },
    "2800S44003A": {
        "common_name": "Thomas Lane",
        "coordinates": [
            -2.894033,
            53.417663
        ]
    },
    "2800S44002B": {
        "common_name": "Rudyard Road",
        "coordinates": [
            -2.898816,
            53.416845
        ]
    },
    "2800S44001C": {
        "common_name": "Queens Drive",
        "coordinates": [
            -2.904552,
            53.415579
        ]
    },
    "2800S44197A": {
        "common_name": "Alder Hey Hospital",
        "coordinates": [
            -2.895407,
            53.417886
        ]
    },
    "2800S44002A": {
        "common_name": "Chatterton Road",
        "coordinates": [
            -2.901386,
            53.416709
        ]
    },
    "2800S41033D": {
        "common_name": "Munster Road",
        "coordinates": [
            -2.909126,
            53.414169
        ]
    },
    "2800S44001A": {
        "common_name": "Queens Drive",
        "coordinates": [
            -2.906994,
            53.415111
        ]
    },
    "2800S44111B": {
        "common_name": "Prescot Road",
        "coordinates": [
            -2.913011,
            53.412917
        ]
    },
    "2800S44111C": {
        "common_name": "Aylesford Road",
        "coordinates": [
            -2.912268,
            53.412644
        ]
    },
    "2800S44112B": {
        "common_name": "Oakhill Road",
        "coordinates": [
            -2.909649,
            53.41119
        ]
    },
    "2800S44074B": {
        "common_name": "The Green",
        "coordinates": [
            -2.90426,
            53.40821
        ]
    },
    "2800S44112A": {
        "common_name": "Stapehill Close",
        "coordinates": [
            -2.908106,
            53.410069
        ]
    },
    "2800S44074C": {
        "common_name": "Edge Lane Drive",
        "coordinates": [
            -2.904605,
            53.408181
        ]
    },
    "2800S45001A": {
        "common_name": "Waldgrave Road",
        "coordinates": [
            -2.901187,
            53.405897
        ]
    },
    "2800S45001B": {
        "common_name": "Bowring Park Road",
        "coordinates": [
            -2.899736,
            53.40553
        ]
    },
    "2800S43039B": {
        "common_name": "Rocky Lane",
        "coordinates": [
            -2.898308,
            53.401298
        ]
    },
    "2800S43039A": {
        "common_name": "Thingwall Road",
        "coordinates": [
            -2.899236,
            53.402531
        ]
    },
    "2800S43142B": {
        "common_name": "Childwall Valley Road",
        "coordinates": [
            -2.897017,
            53.397847
        ]
    },
    "2800S43041D": {
        "common_name": "Childwall Park Avenue",
        "coordinates": [
            -2.89135,
            53.394384
        ]
    },
    "2800S43052A": {
        "common_name": "Charnley Drive",
        "coordinates": [
            -2.898406,
            53.400255
        ]
    },
    "2800S43142C": {
        "common_name": "Corbridge Road",
        "coordinates": [
            -2.895851,
            53.39675
        ]
    },
    "2800S43042A": {
        "common_name": "Irene Road",
        "coordinates": [
            -2.89283,
            53.391802
        ]
    },
    "2800S43043D": {
        "common_name": "Woolton Road",
        "coordinates": [
            -2.893759,
            53.38953
        ]
    },
    "2800S43041A": {
        "common_name": "Dunbabin Road",
        "coordinates": [
            -2.892066,
            53.3941
        ]
    },
    "2800S43025B": {
        "common_name": "Menlove Avenue",
        "coordinates": [
            -2.895282,
            53.385401
        ]
    },
    "2800S43024A": {
        "common_name": "Calder Drive",
        "coordinates": [
            -2.90032,
            53.386208
        ]
    },
    "2800S43023A": {
        "common_name": "Addingham Road",
        "coordinates": [
            -2.905473,
            53.387419
        ]
    },
    "2800S43042B": {
        "common_name": "Irene Road",
        "coordinates": [
            -2.893199,
            53.391485
        ]
    },
    "2800S43043A": {
        "common_name": "Woolton Road",
        "coordinates": [
            -2.894003,
            53.389654
        ]
    },
    "2800S43022C": {
        "common_name": "Wyndcote Road",
        "coordinates": [
            -2.908265,
            53.387883
        ]
    },
    "2800S43022A": {
        "common_name": "Ensworth Road",
        "coordinates": [
            -2.909651,
            53.387306
        ]
    },
    "2800S43025D": {
        "common_name": "Cromptons Lane",
        "coordinates": [
            -2.895939,
            53.385208
        ]
    },
    "2800S43024B": {
        "common_name": "Green Lane",
        "coordinates": [
            -2.900431,
            53.386477
        ]
    },
    "2800S43023B": {
        "common_name": "Addingham Road",
        "coordinates": [
            -2.904964,
            53.387513
        ]
    },
    "2800S43022B": {
        "common_name": "Queens Drive",
        "coordinates": [
            -2.90824,
            53.388144
        ]
    },
    "2800S43098B": {
        "common_name": "Wembley Road",
        "coordinates": [
            -2.907244,
            53.385131
        ]
    },
    "2800S43051A": {
        "common_name": "Mather Avenue",
        "coordinates": [
            -2.909184,
            53.382339
        ]
    },
    "2800S43098A": {
        "common_name": "Garthdale Road",
        "coordinates": [
            -2.908233,
            53.385708
        ]
    },
    "2800S43051C": {
        "common_name": "Rose Lane",
        "coordinates": [
            -2.907948,
            53.383607
        ]
    },
    "2800S43045A": {
        "common_name": "Rose Brae",
        "coordinates": [
            -2.911311,
            53.381271
        ]
    },
    "2800S43046A": {
        "common_name": "Mossley Hill Station",
        "coordinates": [
            -2.913897,
            53.379894
        ]
    },
    "2800S43047B": {
        "common_name": "Mossley Hill Station",
        "coordinates": [
            -2.917245,
            53.378277
        ]
    },
    "2800S43048A": {
        "common_name": "Mossley Hill Road",
        "coordinates": [
            -2.922567,
            53.376187
        ]
    },
    "2800S43045B": {
        "common_name": "Reedale Road",
        "coordinates": [
            -2.910304,
            53.38198
        ]
    },
    "2800S43046C": {
        "common_name": "Ribbledale Road",
        "coordinates": [
            -2.913232,
            53.380402
        ]
    },
    "2800S43047C": {
        "common_name": "Mossley Hill Station",
        "coordinates": [
            -2.917264,
            53.378448
        ]
    },
    "2800S43048B": {
        "common_name": "North Mossley Hill Road",
        "coordinates": [
            -2.921941,
            53.376434
        ]
    },
    "2800S43049A": {
        "common_name": "Rosemont Road",
        "coordinates": [
            -2.925903,
            53.375478
        ]
    },
    "2800S43050B": {
        "common_name": "Ashfield Road",
        "coordinates": [
            -2.93055,
            53.375549
        ]
    },
    "2800S43049B": {
        "common_name": "Gladeville Road",
        "coordinates": [
            -2.926913,
            53.375596
        ]
    },
    "2800S43050A": {
        "common_name": "Elmswood Road",
        "coordinates": [
            -2.932359,
            53.375113
        ]
    },
    "2800S43003A": {
        "common_name": "Ashfield Road",
        "coordinates": [
            -2.934588,
            53.373927
        ]
    }
}