{
    "2800S47030B": {
        "common_name": "Melling Road",
        "coordinates": [
            -2.992329,
            53.457561
        ]
    },
    "2800S47030A": {
        "common_name": "Linacre Lane",
        "coordinates": [
            -2.992121,
            53.45768
        ]
    },
    "2800S47029A": {
        "common_name": "Marsh Lane",
        "coordinates": [
            -2.991164,
            53.454083
        ]
    },
    "2800S47028A": {
        "common_name": "Bootle Strand Shopping Centre",
        "coordinates": [
            -2.990688,
            53.452406
        ]
    },
    "2800S47029B": {
        "common_name": "Marsh Lane",
        "coordinates": [
            -2.99175,
            53.455319
        ]
    },
    "2800S47027C": {
        "common_name": "Park Street",
        "coordinates": [
            -2.989859,
            53.44915
        ]
    },
    "2800S47028D": {
        "common_name": "Bootle Strand Shopping Centre",
        "coordinates": [
            -2.990719,
            53.451777
        ]
    },
    "2800S47189A": {
        "common_name": "Trinity Road",
        "coordinates": [
            -2.989395,
            53.447311
        ]
    },
    "2800S40048F": {
        "common_name": "Stanley Road",
        "coordinates": [
            -2.987933,
            53.445948
        ]
    },
    "2800S40106C": {
        "common_name": "Hawthorne Road",
        "coordinates": [
            -2.983034,
            53.447022
        ]
    },
    "2800S40096D": {
        "common_name": "Southport Road",
        "coordinates": [
            -2.978941,
            53.447757
        ]
    },
    "2800S40097A": {
        "common_name": "Stuart Road",
        "coordinates": [
            -2.974603,
            53.447702
        ]
    },
    "2800S40117A": {
        "common_name": "Peveril Street",
        "coordinates": [
            -2.969481,
            53.4476
        ]
    },
    "2800S47027B": {
        "common_name": "Trinity Road",
        "coordinates": [
            -2.989685,
            53.447497
        ]
    },
    "2800S40048B": {
        "common_name": "Balliol Road",
        "coordinates": [
            -2.989369,
            53.446179
        ]
    },
    "2800S40106D": {
        "common_name": "Hawthorne Road",
        "coordinates": [
            -2.984182,
            53.446509
        ]
    },
    "2800S40096C": {
        "common_name": "Balliol Road East",
        "coordinates": [
            -2.978918,
            53.447451
        ]
    },
    "2800S40097B": {
        "common_name": "Hill Crest",
        "coordinates": [
            -2.974113,
            53.447347
        ]
    },
    "2800S40117B": {
        "common_name": "Astor Street",
        "coordinates": [
            -2.969185,
            53.447171
        ]
    },
    "2800S46054B": {
        "common_name": "Denbigh Road",
        "coordinates": [
            -2.966594,
            53.448424
        ]
    },
    "2800S46054A": {
        "common_name": "York Street",
        "coordinates": [
            -2.966953,
            53.448349
        ]
    },
    "2800S46053B": {
        "common_name": "Clock Tower Drive",
        "coordinates": [
            -2.964269,
            53.452173
        ]
    },
    "2800S46053C": {
        "common_name": "Cavendish Drive",
        "coordinates": [
            -2.964262,
            53.451867
        ]
    },
    "2800S46052C": {
        "common_name": "Rawcliffe Road",
        "coordinates": [
            -2.961994,
            53.454762
        ]
    },
    "2800S46051C": {
        "common_name": "Rice Lane Station",
        "coordinates": [
            -2.962475,
            53.458704
        ]
    },
    "2800S46052B": {
        "common_name": "Fazakerley Road",
        "coordinates": [
            -2.961602,
            53.454729
        ]
    },
    "2800S46051D": {
        "common_name": "Rice Lane Station",
        "coordinates": [
            -2.962157,
            53.458635
        ]
    },
    "2800S46050B": {
        "common_name": "Orrell Park Station",
        "coordinates": [
            -2.961804,
            53.461011
        ]
    },
    "2800S46049D": {
        "common_name": "Warbreck Moor",
        "coordinates": [
            -2.956886,
            53.464673
        ]
    },
    "2800S46050C": {
        "common_name": "Orrell Park Station",
        "coordinates": [
            -2.960227,
            53.462543
        ]
    },
    "2800S46089A": {
        "common_name": "Grace Road",
        "coordinates": [
            -2.959028,
            53.463505
        ]
    },
    "2800S46048B": {
        "common_name": "Goodacre Road",
        "coordinates": [
            -2.952396,
            53.465967
        ]
    },
    "2800S46047B": {
        "common_name": "Greenwich Road",
        "coordinates": [
            -2.948579,
            53.467058
        ]
    },
    "2800S46049B": {
        "common_name": "Solar Road",
        "coordinates": [
            -2.955804,
            53.464825
        ]
    },
    "2800S46046B": {
        "common_name": "Seeds Lane",
        "coordinates": [
            -2.943264,
            53.468547
        ]
    },
    "2800S46080B": {
        "common_name": "Sixth Avenue",
        "coordinates": [
            -2.940376,
            53.468759
        ]
    },
    "2800S46045B": {
        "common_name": "Fazakerley Station",
        "coordinates": [
            -2.935952,
            53.468955
        ]
    },
    "2800S46048A": {
        "common_name": "Goodacre Road",
        "coordinates": [
            -2.952406,
            53.46576
        ]
    },
    "2800S46047A": {
        "common_name": "Bradville Road",
        "coordinates": [
            -2.948498,
            53.466834
        ]
    },
    "2800S46046A": {
        "common_name": "Higher Lane",
        "coordinates": [
            -2.944665,
            53.467889
        ]
    },
    "2800S46080A": {
        "common_name": "Seventh Avenue",
        "coordinates": [
            -2.94034,
            53.468499
        ]
    },
    "2800S46029A": {
        "common_name": "Fazakerley Methodist Church",
        "coordinates": [
            -2.931784,
            53.468512
        ]
    },
    "2800S46028A": {
        "common_name": "Aintree Hospital",
        "coordinates": [
            -2.928286,
            53.465609
        ]
    },
    "2800S46045A": {
        "common_name": "Fazakerley Station",
        "coordinates": [
            -2.935675,
            53.468715
        ]
    },
    "2800S46029B": {
        "common_name": "Longmoor Lane",
        "coordinates": [
            -2.931995,
            53.468528
        ]
    },
    "2800S46028B": {
        "common_name": "Moss Pits Lane",
        "coordinates": [
            -2.930367,
            53.467076
        ]
    },
    "2800S46027A": {
        "common_name": "Aintree Hospital",
        "coordinates": [
            -2.927121,
            53.463991
        ]
    },
    "2800S46151B": {
        "common_name": "Police Station",
        "coordinates": [
            -2.922206,
            53.457548
        ]
    },
    "2800S46027B": {
        "common_name": "Aintree Hospital",
        "coordinates": [
            -2.92809,
            53.464927
        ]
    },
    "2800S46025A": {
        "common_name": "Long Lane",
        "coordinates": [
            -2.921002,
            53.456191
        ]
    },
    "2800S46018D": {
        "common_name": "East Lancashire Road",
        "coordinates": [
            -2.919141,
            53.453697
        ]
    },
    "2800S46039A": {
        "common_name": "West Derby Cemetery",
        "coordinates": [
            -2.916186,
            53.451419
        ]
    },
    "2800S46151A": {
        "common_name": "Police Station",
        "coordinates": [
            -2.922951,
            53.457857
        ]
    },
    "2800S46025B": {
        "common_name": "Ternhall Road",
        "coordinates": [
            -2.920981,
            53.455885
        ]
    },
    "2800S46018C": {
        "common_name": "East Lancashire Road",
        "coordinates": [
            -2.919608,
            53.453703
        ]
    },
    "2800S46039B": {
        "common_name": "West Derby Cemetery",
        "coordinates": [
            -2.916589,
            53.451272
        ]
    },
    "2800S46005D": {
        "common_name": "Storrington Avenue",
        "coordinates": [
            -2.911651,
            53.448514
        ]
    },
    "2800S46038A": {
        "common_name": "Carr Lane East",
        "coordinates": [
            -2.909121,
            53.446394
        ]
    },
    "2800S46005C": {
        "common_name": "Utting Avenue East",
        "coordinates": [
            -2.913673,
            53.449416
        ]
    },
    "2800S46162A": {
        "common_name": "Etal Close",
        "coordinates": [
            -2.906437,
            53.443367
        ]
    },
    "2800S46038B": {
        "common_name": "Carr Lane",
        "coordinates": [
            -2.910465,
            53.447265
        ]
    },
    "2800S46162B": {
        "common_name": "Etal Close",
        "coordinates": [
            -2.907598,
            53.44414
        ]
    },
    "2800S46037B": {
        "common_name": "Wingrave Way",
        "coordinates": [
            -2.906833,
            53.44216
        ]
    },
    "2800S46037A": {
        "common_name": "Kerman Close",
        "coordinates": [
            -2.907346,
            53.441509
        ]
    },
    "2800S46036A": {
        "common_name": "Meadow Lane",
        "coordinates": [
            -2.909667,
            53.440242
        ]
    },
    "2800S46035A": {
        "common_name": "Marldon Road",
        "coordinates": [
            -2.912913,
            53.438545
        ]
    },
    "2800S46034A": {
        "common_name": "Almonds Green",
        "coordinates": [
            -2.916993,
            53.436464
        ]
    },
    "2800S46036B": {
        "common_name": "Stalisfield Avenue",
        "coordinates": [
            -2.910332,
            53.440371
        ]
    },
    "2800S46035B": {
        "common_name": "Lewisham Road",
        "coordinates": [
            -2.913488,
            53.438693
        ]
    },
    "2800S46033A": {
        "common_name": "Liddell Road",
        "coordinates": [
            -2.921558,
            53.433858
        ]
    },
    "2800S46034D": {
        "common_name": "Lorenzo Drive",
        "coordinates": [
            -2.918004,
            53.436582
        ]
    },
    "2800S46033B": {
        "common_name": "Altham Road",
        "coordinates": [
            -2.921751,
            53.434459
        ]
    },
    "2800S40068E": {
        "common_name": "Culme Road",
        "coordinates": [
            -2.92325,
            53.432083
        ]
    },
    "2800S41118A": {
        "common_name": "Three But Lane",
        "coordinates": [
            -2.921145,
            53.429385
        ]
    },
    "2800S40068C": {
        "common_name": "Queens Drive",
        "coordinates": [
            -2.923964,
            53.432365
        ]
    },
    "2800S41040A": {
        "common_name": "Bankfield Road",
        "coordinates": [
            -2.924784,
            53.426462
        ]
    },
    "2800S40026D": {
        "common_name": "Santon Avenue",
        "coordinates": [
            -2.929274,
            53.424621
        ]
    },
    "2800S40068A": {
        "common_name": "Adshead Road",
        "coordinates": [
            -2.924926,
            53.430938
        ]
    },
    "2800S40067A": {
        "common_name": "Delamain Road",
        "coordinates": [
            -2.927166,
            53.428736
        ]
    },
    "2800S41034B": {
        "common_name": "Rockbank Lane",
        "coordinates": [
            -2.927537,
            53.422953
        ]
    },
    "2800S40026A": {
        "common_name": "Lisburn Lane",
        "coordinates": [
            -2.92886,
            53.426377
        ]
    },
    "2800S40026B": {
        "common_name": "Santon Avenue",
        "coordinates": [
            -2.929623,
            53.42478
        ]
    },
    "2800S41034A": {
        "common_name": "Sutton Street",
        "coordinates": [
            -2.927054,
            53.422202
        ]
    },
    "2800S41035A": {
        "common_name": "Tynwald Hill",
        "coordinates": [
            -2.924364,
            53.42029
        ]
    },
    "2800S41036A": {
        "common_name": "Brelade Road",
        "coordinates": [
            -2.92182,
            53.418171
        ]
    },
    "2800S41035B": {
        "common_name": "Woburn Hill",
        "coordinates": [
            -2.924005,
            53.419709
        ]
    },
    "2800S41036B": {
        "common_name": "Sark Road",
        "coordinates": [
            -2.92252,
            53.418507
        ]
    },
    "2800S41031C": {
        "common_name": "Bolan Street",
        "coordinates": [
            -2.920164,
            53.416718
        ]
    },
    "2800S41032D": {
        "common_name": "Greenfield Road",
        "coordinates": [
            -2.91625,
            53.414555
        ]
    },
    "2800S41031B": {
        "common_name": "Bolan Street",
        "coordinates": [
            -2.920093,
            53.416224
        ]
    },
    "2800S41032C": {
        "common_name": "Booth Street",
        "coordinates": [
            -2.9157,
            53.414128
        ]
    },
    "2800S41124A": {
        "common_name": "Prescot Road",
        "coordinates": [
            -2.914007,
            53.41308
        ]
    },
    "2800S41211A": {
        "common_name": "Maddocks Street",
        "coordinates": [
            -2.91589,
            53.411097
        ]
    },
    "2800S41124C": {
        "common_name": "Tesco",
        "coordinates": [
            -2.914382,
            53.413041
        ]
    },
    "2800S41124B": {
        "common_name": "Davidson Road",
        "coordinates": [
            -2.915634,
            53.411791
        ]
    },
    "2800S41065A": {
        "common_name": "Mill Lane",
        "coordinates": [
            -2.915541,
            53.409554
        ]
    },
    "2800S41065B": {
        "common_name": "St Oswald Street",
        "coordinates": [
            -2.915715,
            53.40993
        ]
    },
    "2800S41210A": {
        "common_name": "Domville Road",
        "coordinates": [
            -2.914335,
            53.408026
        ]
    },
    "2800S41064B": {
        "common_name": "Charlton Road",
        "coordinates": [
            -2.913812,
            53.406789
        ]
    },
    "2800S41063B": {
        "common_name": "Waldgrave Road",
        "coordinates": [
            -2.913242,
            53.404735
        ]
    },
    "2800S41064A": {
        "common_name": "Binns Road",
        "coordinates": [
            -2.914136,
            53.407164
        ]
    },
    "2800S41063A": {
        "common_name": "Birch Grove",
        "coordinates": [
            -2.913566,
            53.405128
        ]
    },
    "2800S41062B": {
        "common_name": "Crossley Drive",
        "coordinates": [
            -2.913043,
            53.40249
        ]
    },
    "2800S41061B": {
        "common_name": "Old Mill Lane",
        "coordinates": [
            -2.914156,
            53.400369
        ]
    },
    "2800S41062A": {
        "common_name": "Deverell Road",
        "coordinates": [
            -2.913209,
            53.403216
        ]
    },
    "2800S41060F": {
        "common_name": "Wellstead Road",
        "coordinates": [
            -2.914015,
            53.398716
        ]
    },
    "2800S41060C": {
        "common_name": "Childwall Road",
        "coordinates": [
            -2.915217,
            53.397268
        ]
    },
    "2800S41061A": {
        "common_name": "Valencia Road",
        "coordinates": [
            -2.914354,
            53.400511
        ]
    },
    "2800S41060E": {
        "common_name": "Mill Lane",
        "coordinates": [
            -2.914735,
            53.39862
        ]
    },
    "2800S43019B": {
        "common_name": "Woolton Road",
        "coordinates": [
            -2.915222,
            53.394706
        ]
    },
    "2800S43018A": {
        "common_name": "Hereford Road",
        "coordinates": [
            -2.914841,
            53.392327
        ]
    },
    "2800S43020A": {
        "common_name": "Coventry Road",
        "coordinates": [
            -2.914496,
            53.390272
        ]
    },
    "2800S41060B": {
        "common_name": "Hunters Lane",
        "coordinates": [
            -2.91542,
            53.396925
        ]
    },
    "2800S43019A": {
        "common_name": "Fir Lane",
        "coordinates": [
            -2.915525,
            53.395468
        ]
    },
    "2800S43018B": {
        "common_name": "Beverley Road",
        "coordinates": [
            -2.915159,
            53.394045
        ]
    },
    "2800S43017C": {
        "common_name": "Penny Lane",
        "coordinates": [
            -2.914634,
            53.389722
        ]
    }
}