{
    "2800S47175E": {
        "common_name": "Bootle Bus Station",
        "coordinates": [
            -2.993372,
            53.452537
        ]
    },
    "2800S47087B": {
        "common_name": "Hornby Road",
        "coordinates": [
            -2.993125,
            53.45422
        ]
    },
    "2800S47028D": {
        "common_name": "Bootle Strand Shopping Centre",
        "coordinates": [
            -2.990719,
            53.451777
        ]
    },
    "2800S47029B": {
        "common_name": "Marsh Lane",
        "coordinates": [
            -2.99175,
            53.455319
        ]
    },
    "2800S47030B": {
        "common_name": "Melling Road",
        "coordinates": [
            -2.992329,
            53.457561
        ]
    },
    "2800S47052A": {
        "common_name": "Hornby Road",
        "coordinates": [
            -2.996345,
            53.458633
        ]
    },
    "2800S47053B": {
        "common_name": "Percy Street",
        "coordinates": [
            -3.00117,
            53.459492
        ]
    },
    "2800S47054A": {
        "common_name": "Gray Street",
        "coordinates": [
            -3.003093,
            53.459925
        ]
    },
    "2800S47070A": {
        "common_name": "Byron Street",
        "coordinates": [
            -3.007989,
            53.459345
        ]
    },
    "2800S47108B": {
        "common_name": "Seaforth Road",
        "coordinates": [
            -3.011453,
            53.459971
        ]
    },
    "2800S47055A": {
        "common_name": "Liverpool Freeport",
        "coordinates": [
            -3.018173,
            53.465092
        ]
    },
    "2800S47074B": {
        "common_name": "Durham Road",
        "coordinates": [
            -3.019202,
            53.469056
        ]
    },
    "2800S47056A": {
        "common_name": "Marlborough Road",
        "coordinates": [
            -3.020023,
            53.470622
        ]
    },
    "2800S47057B": {
        "common_name": "Bramhall Road",
        "coordinates": [
            -3.021735,
            53.47352
        ]
    },
    "2800S47058C": {
        "common_name": "Handfield Road",
        "coordinates": [
            -3.023166,
            53.477274
        ]
    },
    "2800S54002B": {
        "common_name": "Sycamore Road",
        "coordinates": [
            -3.023608,
            53.480605
        ]
    },
    "2800S54002D": {
        "common_name": "College Avenue",
        "coordinates": [
            -3.026035,
            53.481897
        ]
    },
    "2800S54060B": {
        "common_name": "Brook Road East",
        "coordinates": [
            -3.029987,
            53.483939
        ]
    },
    "2800S54018C": {
        "common_name": "Brompton Avenue",
        "coordinates": [
            -3.033646,
            53.486892
        ]
    },
    "2800S54018E": {
        "common_name": "Carnegie Avenue",
        "coordinates": [
            -3.032038,
            53.487724
        ]
    },
    "2800S54019A": {
        "common_name": "York Avenue",
        "coordinates": [
            -3.029385,
            53.489571
        ]
    },
    "2800S54012F": {
        "common_name": "Crosby Village",
        "coordinates": [
            -3.027294,
            53.492129
        ]
    },
    "2800S54038B": {
        "common_name": "Park Avenue",
        "coordinates": [
            -3.0186,
            53.49423
        ]
    },
    "2800S54036A": {
        "common_name": "Moor Coppice",
        "coordinates": [
            -3.012717,
            53.49535
        ]
    },
    "2800S54030B": {
        "common_name": "Edgemoor Drive",
        "coordinates": [
            -3.00912,
            53.497457
        ]
    },
    "2800S54093A": {
        "common_name": "Virgins Lane",
        "coordinates": [
            -3.007229,
            53.4991
        ]
    },
    "2800S54031C": {
        "common_name": "Water Street",
        "coordinates": [
            -3.003946,
            53.499253
        ]
    },
    "2800S54032A": {
        "common_name": "Stannyfield Drive",
        "coordinates": [
            -3.000813,
            53.497464
        ]
    },
    "2800S53038B": {
        "common_name": "Tanhouse Road",
        "coordinates": [
            -2.997832,
            53.495664
        ]
    },
    "2800S53011A": {
        "common_name": "Almonds Turn",
        "coordinates": [
            -2.986294,
            53.490231
        ]
    },
    "2800S53003B": {
        "common_name": "Pattens Close",
        "coordinates": [
            -2.981619,
            53.490108
        ]
    },
    "2800S53002A": {
        "common_name": "Eden Vale",
        "coordinates": [
            -2.977151,
            53.489812
        ]
    },
    "2800S53001B": {
        "common_name": "Magdalene Square",
        "coordinates": [
            -2.972382,
            53.488242
        ]
    },
    "2800S53005A": {
        "common_name": "The Marian Way",
        "coordinates": [
            -2.972051,
            53.486923
        ]
    },
    "2800S53004A": {
        "common_name": "Leonard Cheshire Drive",
        "coordinates": [
            -2.971389,
            53.484367
        ]
    },
    "2800S47042E": {
        "common_name": "Stand Park Avenue",
        "coordinates": [
            -2.969299,
            53.482595
        ]
    },
    "2800S53030A": {
        "common_name": "Dunnings Bridge Road",
        "coordinates": [
            -2.96603,
            53.479961
        ]
    },
    "2800S53010A": {
        "common_name": "Breacon Walk",
        "coordinates": [
            -2.964562,
            53.479038
        ]
    },
    "2800S53009A": {
        "common_name": "Abbeystead Avenue",
        "coordinates": [
            -2.961103,
            53.475992
        ]
    },
    "2800S46077B": {
        "common_name": "Aintree Station",
        "coordinates": [
            -2.956974,
            53.473292
        ]
    },
    "2800S46061A": {
        "common_name": "Aintree Station",
        "coordinates": [
            -2.955261,
            53.472155
        ]
    },
    "2800S46059A": {
        "common_name": "Eastbourne Road",
        "coordinates": [
            -2.955664,
            53.467963
        ]
    },
    "2800S46090A": {
        "common_name": "Sydney Street",
        "coordinates": [
            -2.957496,
            53.465045
        ]
    },
    "2800S46049D": {
        "common_name": "Warbreck Moor",
        "coordinates": [
            -2.956886,
            53.464673
        ]
    },
    "2800S46071A": {
        "common_name": "Brookfield Drive",
        "coordinates": [
            -2.950194,
            53.460474
        ]
    },
    "2800S46069A": {
        "common_name": "Altcourse Prison",
        "coordinates": [
            -2.935792,
            53.460336
        ]
    },
    "2800S46106A": {
        "common_name": "Lower Lane",
        "coordinates": [
            -2.928157,
            53.464513
        ]
    },
    "2800S46027B": {
        "common_name": "Aintree Hospital",
        "coordinates": [
            -2.92809,
            53.464927
        ]
    },
    "2800S46028B": {
        "common_name": "Moss Pits Lane",
        "coordinates": [
            -2.930367,
            53.467076
        ]
    },
    "2800S46029B": {
        "common_name": "Longmoor Lane",
        "coordinates": [
            -2.931995,
            53.468528
        ]
    },
    "2800S46045A": {
        "common_name": "Fazakerley Station",
        "coordinates": [
            -2.935675,
            53.468715
        ]
    },
    "2800S46080A": {
        "common_name": "Seventh Avenue",
        "coordinates": [
            -2.94034,
            53.468499
        ]
    },
    "2800S46046A": {
        "common_name": "Higher Lane",
        "coordinates": [
            -2.944665,
            53.467889
        ]
    },
    "2800S46047A": {
        "common_name": "Bradville Road",
        "coordinates": [
            -2.948498,
            53.466834
        ]
    },
    "2800S46048A": {
        "common_name": "Goodacre Road",
        "coordinates": [
            -2.952406,
            53.46576
        ]
    },
    "2800S46049A": {
        "common_name": "Longmoor Lane",
        "coordinates": [
            -2.954934,
            53.46565
        ]
    },
    "2800S46059B": {
        "common_name": "Albany Road",
        "coordinates": [
            -2.956083,
            53.467151
        ]
    },
    "2800S46060A": {
        "common_name": "Church Avenue",
        "coordinates": [
            -2.955788,
            53.469473
        ]
    },
    "2800S46061B": {
        "common_name": "Aintree Station",
        "coordinates": [
            -2.955618,
            53.471946
        ]
    },
    "2800S46077A": {
        "common_name": "Aintree Station",
        "coordinates": [
            -2.956865,
            53.473113
        ]
    },
    "2800S53009B": {
        "common_name": "Lingfield Close",
        "coordinates": [
            -2.96156,
            53.476222
        ]
    },
    "2800S53010B": {
        "common_name": "Brecon Walk",
        "coordinates": [
            -2.964571,
            53.478759
        ]
    },
    "2800S53030B": {
        "common_name": "Dunnings Bridge Road",
        "coordinates": [
            -2.966562,
            53.480181
        ]
    },
    "2800S47042C": {
        "common_name": "Stand Park Avenue",
        "coordinates": [
            -2.96865,
            53.481872
        ]
    },
    "2800S53004B": {
        "common_name": "Elton Avenue",
        "coordinates": [
            -2.972151,
            53.484729
        ]
    },
    "2800S53005B": {
        "common_name": "The Marion Way",
        "coordinates": [
            -2.972737,
            53.486612
        ]
    },
    "2800S53001C": {
        "common_name": "St Oswalds Lane",
        "coordinates": [
            -2.972284,
            53.487919
        ]
    },
    "2800S53002B": {
        "common_name": "St Ambrose Croft",
        "coordinates": [
            -2.977191,
            53.489614
        ]
    },
    "2800S53003C": {
        "common_name": "St Nicholas' Drive",
        "coordinates": [
            -2.984014,
            53.490044
        ]
    },
    "2800S53011B": {
        "common_name": "Gorsey Lane",
        "coordinates": [
            -2.986969,
            53.490073
        ]
    },
    "2800S53038A": {
        "common_name": "Tanhouse Road",
        "coordinates": [
            -2.997857,
            53.495466
        ]
    },
    "2800S54032B": {
        "common_name": "Larchfield Road",
        "coordinates": [
            -3.001345,
            53.497612
        ]
    },
    "2800S54031A": {
        "common_name": "Edge Lane",
        "coordinates": [
            -3.006544,
            53.499447
        ]
    },
    "2800S54030A": {
        "common_name": "Edgemoor Drive",
        "coordinates": [
            -3.009423,
            53.496924
        ]
    },
    "2800S54029A": {
        "common_name": "Millcroft",
        "coordinates": [
            -3.010308,
            53.494831
        ]
    },
    "2800S54028B": {
        "common_name": "Newborough Avenue",
        "coordinates": [
            -3.006895,
            53.492001
        ]
    },
    "2800S54027A": {
        "common_name": "Preston Way",
        "coordinates": [
            -3.005272,
            53.489669
        ]
    },
    "2800S54026A": {
        "common_name": "Eden Drive North",
        "coordinates": [
            -3.008741,
            53.487878
        ]
    },
    "2800S54094A": {
        "common_name": "Nazeby Avenue",
        "coordinates": [
            -3.011447,
            53.486318
        ]
    },
    "2800S54006A": {
        "common_name": "Moorgate Avenue",
        "coordinates": [
            -3.014765,
            53.488312
        ]
    },
    "2800S54010B": {
        "common_name": "Moorside Road",
        "coordinates": [
            -3.017814,
            53.490399
        ]
    },
    "2800S54007B": {
        "common_name": "Enfield Avenue",
        "coordinates": [
            -3.020273,
            53.491106
        ]
    },
    "2800S54011B": {
        "common_name": "The Bypass",
        "coordinates": [
            -3.021487,
            53.492677
        ]
    },
    "2800S54092A": {
        "common_name": "Little Crosby Road",
        "coordinates": [
            -3.025795,
            53.493216
        ]
    },
    "2800S54012C": {
        "common_name": "Crosby Village",
        "coordinates": [
            -3.027294,
            53.492129
        ]
    },
    "2800S54012A": {
        "common_name": "Islington",
        "coordinates": [
            -3.027063,
            53.490778
        ]
    },
    "2800S54019B": {
        "common_name": "Harrington Road",
        "coordinates": [
            -3.028979,
            53.489602
        ]
    },
    "2800S54018A": {
        "common_name": "College Road",
        "coordinates": [
            -3.032977,
            53.487275
        ]
    },
    "2800S54060A": {
        "common_name": "Lancaster Avenue",
        "coordinates": [
            -3.030328,
            53.484341
        ]
    },
    "2800S54002C": {
        "common_name": "Lawton Road",
        "coordinates": [
            -3.025401,
            53.481866
        ]
    },
    "2800S54002A": {
        "common_name": "Milton Road",
        "coordinates": [
            -3.023312,
            53.480841
        ]
    },
    "2800S54001A": {
        "common_name": "Galloway Road",
        "coordinates": [
            -3.023342,
            53.479574
        ]
    },
    "2800S47058A": {
        "common_name": "South Road",
        "coordinates": [
            -3.022465,
            53.475716
        ]
    },
    "2800S47057A": {
        "common_name": "Sandringham Road",
        "coordinates": [
            -3.020993,
            53.472753
        ]
    },
    "2800S47074A": {
        "common_name": "Parker Avenue",
        "coordinates": [
            -3.018373,
            53.468434
        ]
    },
    "2800S47055B": {
        "common_name": "Riversdale Road",
        "coordinates": [
            -3.016692,
            53.465536
        ]
    },
    "2800S47026A": {
        "common_name": "Elm Drive",
        "coordinates": [
            -3.015564,
            53.463703
        ]
    },
    "2800S47108A": {
        "common_name": "Seaforth Road",
        "coordinates": [
            -3.01128,
            53.460261
        ]
    },
    "2800S47070B": {
        "common_name": "Bulwer Street",
        "coordinates": [
            -3.008458,
            53.45943
        ]
    },
    "2800S47054B": {
        "common_name": "Cowper Street",
        "coordinates": [
            -3.00513,
            53.460097
        ]
    },
    "2800S47053A": {
        "common_name": "Norton Street",
        "coordinates": [
            -3.001311,
            53.459733
        ]
    },
    "2800S47052B": {
        "common_name": "Hornby Road",
        "coordinates": [
            -2.997122,
            53.458977
        ]
    },
    "2800S47030A": {
        "common_name": "Linacre Lane",
        "coordinates": [
            -2.992121,
            53.45768
        ]
    },
    "2800S47029A": {
        "common_name": "Marsh Lane",
        "coordinates": [
            -2.991164,
            53.454083
        ]
    },
    "2800S47087A": {
        "common_name": "Stanley Road",
        "coordinates": [
            -2.993179,
            53.453949
        ]
    },
    "2800S47028A": {
        "common_name": "Bootle Strand Shopping Centre",
        "coordinates": [
            -2.990688,
            53.452406
        ]
    },
    "2800S47067U": {
        "common_name": "Bootle New Strand Station",
        "coordinates": [
            -2.992871,
            53.453044
        ]
    }
}