{
    "2800S46077A": {
        "common_name": "Aintree Station",
        "coordinates": [
            -2.956865,
            53.473113
        ]
    },
    "2800S53009B": {
        "common_name": "Lingfield Close",
        "coordinates": [
            -2.96156,
            53.476222
        ]
    },
    "2800S53010B": {
        "common_name": "Brecon Walk",
        "coordinates": [
            -2.964571,
            53.478759
        ]
    },
    "2800S53030B": {
        "common_name": "Dunnings Bridge Road",
        "coordinates": [
            -2.966562,
            53.480181
        ]
    },
    "2800S47042C": {
        "common_name": "Stand Park Avenue",
        "coordinates": [
            -2.96865,
            53.481872
        ]
    },
    "2800S53004B": {
        "common_name": "Elton Avenue",
        "coordinates": [
            -2.972151,
            53.484729
        ]
    },
    "2800S53005B": {
        "common_name": "The Marion Way",
        "coordinates": [
            -2.972737,
            53.486612
        ]
    },
    "2800S53001C": {
        "common_name": "St Oswalds Lane",
        "coordinates": [
            -2.972284,
            53.487919
        ]
    },
    "2800S53002B": {
        "common_name": "St Ambrose Croft",
        "coordinates": [
            -2.977191,
            53.489614
        ]
    },
    "2800S53003C": {
        "common_name": "St Nicholas' Drive",
        "coordinates": [
            -2.984014,
            53.490044
        ]
    },
    "2800S53011B": {
        "common_name": "Gorsey Lane",
        "coordinates": [
            -2.986969,
            53.490073
        ]
    },
    "2800S53038A": {
        "common_name": "Tanhouse Road",
        "coordinates": [
            -2.997857,
            53.495466
        ]
    },
    "2800S54032B": {
        "common_name": "Larchfield Road",
        "coordinates": [
            -3.001345,
            53.497612
        ]
    },
    "2800S54031A": {
        "common_name": "Edge Lane",
        "coordinates": [
            -3.006544,
            53.499447
        ]
    },
    "2800S54030A": {
        "common_name": "Edgemoor Drive",
        "coordinates": [
            -3.009423,
            53.496924
        ]
    },
    "2800S54037A": {
        "common_name": "Moor Close",
        "coordinates": [
            -3.015182,
            53.494394
        ]
    },
    "2800S54038A": {
        "common_name": "Moor Drive",
        "coordinates": [
            -3.019227,
            53.493991
        ]
    },
    "2800S54092A": {
        "common_name": "Little Crosby Road",
        "coordinates": [
            -3.025795,
            53.493216
        ]
    },
    "2800S54012C": {
        "common_name": "Crosby Village",
        "coordinates": [
            -3.027294,
            53.492129
        ]
    },
    "2800S54012A": {
        "common_name": "Islington",
        "coordinates": [
            -3.027063,
            53.490778
        ]
    },
    "2800S54019B": {
        "common_name": "Harrington Road",
        "coordinates": [
            -3.028979,
            53.489602
        ]
    },
    "2800S54018A": {
        "common_name": "College Road",
        "coordinates": [
            -3.032977,
            53.487275
        ]
    },
    "2800S54060A": {
        "common_name": "Lancaster Avenue",
        "coordinates": [
            -3.030328,
            53.484341
        ]
    },
    "2800S54002C": {
        "common_name": "Lawton Road",
        "coordinates": [
            -3.025401,
            53.481866
        ]
    },
    "2800S54002A": {
        "common_name": "Milton Road",
        "coordinates": [
            -3.023312,
            53.480841
        ]
    },
    "2800S54001A": {
        "common_name": "Galloway Road",
        "coordinates": [
            -3.023342,
            53.479574
        ]
    },
    "2800S47058A": {
        "common_name": "South Road",
        "coordinates": [
            -3.022465,
            53.475716
        ]
    },
    "2800S47057A": {
        "common_name": "Sandringham Road",
        "coordinates": [
            -3.020993,
            53.472753
        ]
    },
    "2800S47074A": {
        "common_name": "Parker Avenue",
        "coordinates": [
            -3.018373,
            53.468434
        ]
    },
    "2800S47055B": {
        "common_name": "Riversdale Road",
        "coordinates": [
            -3.016692,
            53.465536
        ]
    },
    "2800S47026A": {
        "common_name": "Elm Drive",
        "coordinates": [
            -3.015564,
            53.463703
        ]
    },
    "2800S47108A": {
        "common_name": "Seaforth Road",
        "coordinates": [
            -3.01128,
            53.460261
        ]
    },
    "2800S47070B": {
        "common_name": "Bulwer Street",
        "coordinates": [
            -3.008458,
            53.45943
        ]
    },
    "2800S47054B": {
        "common_name": "Cowper Street",
        "coordinates": [
            -3.00513,
            53.460097
        ]
    },
    "2800S47053A": {
        "common_name": "Norton Street",
        "coordinates": [
            -3.001311,
            53.459733
        ]
    },
    "2800S47052B": {
        "common_name": "Hornby Road",
        "coordinates": [
            -2.997122,
            53.458977
        ]
    },
    "2800S47030A": {
        "common_name": "Linacre Lane",
        "coordinates": [
            -2.992121,
            53.45768
        ]
    },
    "2800S47087A": {
        "common_name": "Stanley Road",
        "coordinates": [
            -2.993179,
            53.453949
        ]
    },
    "2800S47067U": {
        "common_name": "Bootle New Strand Station",
        "coordinates": [
            -2.992871,
            53.453044
        ]
    },
    "2800S47027D": {
        "common_name": "St Albans Road",
        "coordinates": [
            -2.990962,
            53.448673
        ]
    }
}