{
    "2800S47067U": {
        "common_name": "Bootle New Strand Station",
        "coordinates": [
            -2.992871,
            53.453044
        ]
    },
    "2800S47175F": {
        "common_name": "Bootle Bus Station",
        "coordinates": [
            -2.993368,
            53.452375
        ]
    },
    "2800S47029D": {
        "common_name": "Thornton Road",
        "coordinates": [
            -2.990714,
            53.454797
        ]
    },
    "2800S47069B": {
        "common_name": "Gloucester Road",
        "coordinates": [
            -2.983008,
            53.456335
        ]
    },
    "2800S47069A": {
        "common_name": "Hawthorne Road",
        "coordinates": [
            -2.984525,
            53.45616
        ]
    },
    "2800S47068B": {
        "common_name": "Fernhill Road",
        "coordinates": [
            -2.980358,
            53.456348
        ]
    },
    "2800S46065D": {
        "common_name": "Connolly Avenue",
        "coordinates": [
            -2.973868,
            53.45641
        ]
    },
    "2800S47068A": {
        "common_name": "Fernhill Road",
        "coordinates": [
            -2.980369,
            53.45615
        ]
    },
    "2800S46065C": {
        "common_name": "Connolly Avenue",
        "coordinates": [
            -2.973651,
            53.456142
        ]
    },
    "2800S46079A": {
        "common_name": "Walton Prison",
        "coordinates": [
            -2.970917,
            53.456425
        ]
    },
    "2800S46078A": {
        "common_name": "Walton Station",
        "coordinates": [
            -2.966721,
            53.457349
        ]
    },
    "2800S46079B": {
        "common_name": "Walton Prison",
        "coordinates": [
            -2.971303,
            53.456197
        ]
    },
    "2800S46078B": {
        "common_name": "Walton Station",
        "coordinates": [
            -2.966041,
            53.457237
        ]
    },
    "2800S46051A": {
        "common_name": "Rice Lane Station",
        "coordinates": [
            -2.963165,
            53.457944
        ]
    },
    "2800S46052B": {
        "common_name": "Fazakerley Road",
        "coordinates": [
            -2.961602,
            53.454729
        ]
    },
    "2800S46051B": {
        "common_name": "Rice Lane Station",
        "coordinates": [
            -2.962996,
            53.457774
        ]
    },
    "2800S46052C": {
        "common_name": "Rawcliffe Road",
        "coordinates": [
            -2.961994,
            53.454762
        ]
    },
    "2800S46053C": {
        "common_name": "Cavendish Drive",
        "coordinates": [
            -2.964262,
            53.451867
        ]
    },
    "2800S46054B": {
        "common_name": "Denbigh Road",
        "coordinates": [
            -2.966594,
            53.448424
        ]
    },
    "2800S46053A": {
        "common_name": "Clock Tower Drive",
        "coordinates": [
            -2.964448,
            53.452064
        ]
    },
    "2800S46054A": {
        "common_name": "York Street",
        "coordinates": [
            -2.966953,
            53.448349
        ]
    },
    "2800S40076B": {
        "common_name": "Bedford Road",
        "coordinates": [
            -2.967683,
            53.446015
        ]
    },
    "2800S40167A": {
        "common_name": "Pym Street",
        "coordinates": [
            -2.96964,
            53.444003
        ]
    },
    "2800S40076C": {
        "common_name": "Bedford Road",
        "coordinates": [
            -2.967977,
            53.446336
        ]
    },
    "2800S40077A": {
        "common_name": "Lind Street",
        "coordinates": [
            -2.970621,
            53.441461
        ]
    },
    "2800S40078C": {
        "common_name": "Eton Street",
        "coordinates": [
            -2.970948,
            53.439292
        ]
    },
    "2800S40077C": {
        "common_name": "Makin Street",
        "coordinates": [
            -2.97031,
            53.443683
        ]
    },
    "2800S40077D": {
        "common_name": "Arundel Street",
        "coordinates": [
            -2.970898,
            53.441719
        ]
    },
    "2800S40072A": {
        "common_name": "Spellow Lane",
        "coordinates": [
            -2.966616,
            53.437484
        ]
    },
    "2800S40078D": {
        "common_name": "Eton Street",
        "coordinates": [
            -2.971203,
            53.439254
        ]
    },
    "2800S40103B": {
        "common_name": "Walton Lane",
        "coordinates": [
            -2.962656,
            53.437453
        ]
    },
    "2800S40104A": {
        "common_name": "Anfield Cemetery",
        "coordinates": [
            -2.958796,
            53.435821
        ]
    },
    "2800S40072D": {
        "common_name": "Walton Lane",
        "coordinates": [
            -2.967974,
            53.437608
        ]
    },
    "2800S40103A": {
        "common_name": "Priory Road",
        "coordinates": [
            -2.964255,
            53.437575
        ]
    },
    "2800S40104B": {
        "common_name": "Anfield Cemetery",
        "coordinates": [
            -2.957858,
            53.434957
        ]
    },
    "2800S40057C": {
        "common_name": "Utting Avenue",
        "coordinates": [
            -2.954912,
            53.43312
        ]
    },
    "2800S40105B": {
        "common_name": "Wenlock Road",
        "coordinates": [
            -2.951338,
            53.43011
        ]
    },
    "2800S40057A": {
        "common_name": "Arkles Lane",
        "coordinates": [
            -2.95535,
            53.433179
        ]
    },
    "2800S40105A": {
        "common_name": "Feltwell Road",
        "coordinates": [
            -2.951841,
            53.430421
        ]
    },
    "2800S40033A": {
        "common_name": "Townsend Lane",
        "coordinates": [
            -2.949328,
            53.427735
        ]
    },
    "2800S40091A": {
        "common_name": "Richmond Park",
        "coordinates": [
            -2.94657,
            53.426193
        ]
    },
    "2800S40033E": {
        "common_name": "Hanwell Street",
        "coordinates": [
            -2.948936,
            53.427001
        ]
    },
    "2800S40092A": {
        "common_name": "Breckside Park",
        "coordinates": [
            -2.944717,
            53.425416
        ]
    },
    "2800S40024A": {
        "common_name": "March Road",
        "coordinates": [
            -2.940988,
            53.423549
        ]
    },
    "2800S40091B": {
        "common_name": "Richmond Park",
        "coordinates": [
            -2.946278,
            53.425934
        ]
    },
    "2800S40092B": {
        "common_name": "August Road",
        "coordinates": [
            -2.942784,
            53.424434
        ]
    },
    "2800S40024B": {
        "common_name": "Rocky Lane",
        "coordinates": [
            -2.940811,
            53.423002
        ]
    },
    "2800S40025E": {
        "common_name": "Windsor Road",
        "coordinates": [
            -2.935427,
            53.424368
        ]
    },
    "2800S40025B": {
        "common_name": "New Road",
        "coordinates": [
            -2.934427,
            53.423785
        ]
    },
    "2800S40026B": {
        "common_name": "Santon Avenue",
        "coordinates": [
            -2.929623,
            53.42478
        ]
    },
    "2800S40026D": {
        "common_name": "Santon Avenue",
        "coordinates": [
            -2.929274,
            53.424621
        ]
    },
    "2800S41034B": {
        "common_name": "Rockbank Lane",
        "coordinates": [
            -2.927537,
            53.422953
        ]
    },
    "2800S41035A": {
        "common_name": "Tynwald Hill",
        "coordinates": [
            -2.924364,
            53.42029
        ]
    },
    "2800S41034A": {
        "common_name": "Sutton Street",
        "coordinates": [
            -2.927054,
            53.422202
        ]
    },
    "2800S41035B": {
        "common_name": "Woburn Hill",
        "coordinates": [
            -2.924005,
            53.419709
        ]
    },
    "2800S41036A": {
        "common_name": "Brelade Road",
        "coordinates": [
            -2.92182,
            53.418171
        ]
    },
    "2800S41036B": {
        "common_name": "Sark Road",
        "coordinates": [
            -2.92252,
            53.418507
        ]
    },
    "2800S41031B": {
        "common_name": "Bolan Street",
        "coordinates": [
            -2.920093,
            53.416224
        ]
    },
    "2800S41031C": {
        "common_name": "Bolan Street",
        "coordinates": [
            -2.920164,
            53.416718
        ]
    },
    "2800S41032D": {
        "common_name": "Greenfield Road",
        "coordinates": [
            -2.91625,
            53.414555
        ]
    },
    "2800S44111C": {
        "common_name": "Aylesford Road",
        "coordinates": [
            -2.912268,
            53.412644
        ]
    },
    "2800S41032C": {
        "common_name": "Booth Street",
        "coordinates": [
            -2.9157,
            53.414128
        ]
    },
    "2800S44111B": {
        "common_name": "Prescot Road",
        "coordinates": [
            -2.913011,
            53.412917
        ]
    },
    "2800S44112B": {
        "common_name": "Oakhill Road",
        "coordinates": [
            -2.909649,
            53.41119
        ]
    },
    "2800S44112A": {
        "common_name": "Stapehill Close",
        "coordinates": [
            -2.908106,
            53.410069
        ]
    },
    "2800S44074C": {
        "common_name": "Edge Lane Drive",
        "coordinates": [
            -2.904605,
            53.408181
        ]
    },
    "2800S44074B": {
        "common_name": "The Green",
        "coordinates": [
            -2.90426,
            53.40821
        ]
    },
    "2800S44076B": {
        "common_name": "Broadgreen Station",
        "coordinates": [
            -2.892669,
            53.40641
        ]
    },
    "2800S44073A": {
        "common_name": "Queens Drive",
        "coordinates": [
            -2.900893,
            53.409027
        ]
    },
    "2800S44072B": {
        "common_name": "Lingfield Road",
        "coordinates": [
            -2.896353,
            53.409924
        ]
    },
    "2800S45001B": {
        "common_name": "Bowring Park Road",
        "coordinates": [
            -2.899736,
            53.40553
        ]
    },
    "2800S44077B": {
        "common_name": "Broadgreen Station",
        "coordinates": [
            -2.89282,
            53.40837
        ]
    },
    "2800S45003A": {
        "common_name": "Queens Drive",
        "coordinates": [
            -2.900342,
            53.401471
        ]
    },
    "2800S45001A": {
        "common_name": "Waldgrave Road",
        "coordinates": [
            -2.901187,
            53.405897
        ]
    },
    "2800S43039A": {
        "common_name": "Thingwall Road",
        "coordinates": [
            -2.899236,
            53.402531
        ]
    },
    "2800S45003B": {
        "common_name": "Field Way",
        "coordinates": [
            -2.899985,
            53.401672
        ]
    },
    "2800S45002B": {
        "common_name": "South Way",
        "coordinates": [
            -2.906088,
            53.400772
        ]
    },
    "2800S45002A": {
        "common_name": "Westway",
        "coordinates": [
            -2.904926,
            53.400601
        ]
    },
    "2800S43083A": {
        "common_name": "Childwall Road",
        "coordinates": [
            -2.910014,
            53.398692
        ]
    },
    "2800S43083D": {
        "common_name": "Canvey Close",
        "coordinates": [
            -2.911047,
            53.397786
        ]
    },
    "2800S41060C": {
        "common_name": "Childwall Road",
        "coordinates": [
            -2.915217,
            53.397268
        ]
    },
    "2800S43083B": {
        "common_name": "Childwall Road",
        "coordinates": [
            -2.910307,
            53.39834
        ]
    },
    "2800S41060A": {
        "common_name": "Mill Lane",
        "coordinates": [
            -2.912562,
            53.398295
        ]
    },
    "2800S41060B": {
        "common_name": "Hunters Lane",
        "coordinates": [
            -2.91542,
            53.396925
        ]
    },
    "2800S43019B": {
        "common_name": "Woolton Road",
        "coordinates": [
            -2.915222,
            53.394706
        ]
    },
    "2800S43018A": {
        "common_name": "Hereford Road",
        "coordinates": [
            -2.914841,
            53.392327
        ]
    },
    "2800S43020A": {
        "common_name": "Coventry Road",
        "coordinates": [
            -2.914496,
            53.390272
        ]
    },
    "2800S43019A": {
        "common_name": "Fir Lane",
        "coordinates": [
            -2.915525,
            53.395468
        ]
    },
    "2800S43018B": {
        "common_name": "Beverley Road",
        "coordinates": [
            -2.915159,
            53.394045
        ]
    },
    "2800S43017C": {
        "common_name": "Penny Lane",
        "coordinates": [
            -2.914634,
            53.389722
        ]
    },
    "2800S43017F": {
        "common_name": "Plattsville Road",
        "coordinates": [
            -2.913654,
            53.388885
        ]
    },
    "2800S43022A": {
        "common_name": "Ensworth Road",
        "coordinates": [
            -2.909651,
            53.387306
        ]
    },
    "2800S43098B": {
        "common_name": "Wembley Road",
        "coordinates": [
            -2.907244,
            53.385131
        ]
    },
    "2800S43022D": {
        "common_name": "Mapledale Road",
        "coordinates": [
            -2.909736,
            53.387054
        ]
    },
    "2800S43098A": {
        "common_name": "Garthdale Road",
        "coordinates": [
            -2.908233,
            53.385708
        ]
    },
    "2800S43051A": {
        "common_name": "Mather Avenue",
        "coordinates": [
            -2.909184,
            53.382339
        ]
    },
    "2800S43051C": {
        "common_name": "Rose Lane",
        "coordinates": [
            -2.907948,
            53.383607
        ]
    },
    "2800S43045B": {
        "common_name": "Reedale Road",
        "coordinates": [
            -2.910304,
            53.38198
        ]
    },
    "2800S43045D": {
        "common_name": "Rose Lane",
        "coordinates": [
            -2.912255,
            53.381812
        ]
    },
    "2800S43076A": {
        "common_name": "Gorsedale Road",
        "coordinates": [
            -2.914628,
            53.383808
        ]
    },
    "2800S43045C": {
        "common_name": "Rose Lane",
        "coordinates": [
            -2.911888,
            53.381536
        ]
    },
    "2800S43076B": {
        "common_name": "Meredale Road",
        "coordinates": [
            -2.914814,
            53.384076
        ]
    },
    "2800S43075A": {
        "common_name": "North Mossley Hill Road",
        "coordinates": [
            -2.921965,
            53.381729
        ]
    },
    "2800S43074A": {
        "common_name": "Park Avenue",
        "coordinates": [
            -2.929513,
            53.379719
        ]
    },
    "2800S43075C": {
        "common_name": "North Mossley Hill Road",
        "coordinates": [
            -2.921745,
            53.381982
        ]
    },
    "2800S43074B": {
        "common_name": "Park Avenue",
        "coordinates": [
            -2.929476,
            53.380061
        ]
    },
    "2800S43073A": {
        "common_name": "Irwell Lane",
        "coordinates": [
            -2.930635,
            53.376681
        ]
    },
    "2800S43050C": {
        "common_name": "Elmswood Road",
        "coordinates": [
            -2.933269,
            53.375465
        ]
    },
    "2800S43073B": {
        "common_name": "Carnatic Road",
        "coordinates": [
            -2.929762,
            53.37801
        ]
    },
    "2800S43050A": {
        "common_name": "Elmswood Road",
        "coordinates": [
            -2.932359,
            53.375113
        ]
    },
    "2800S43003A": {
        "common_name": "Ashfield Road",
        "coordinates": [
            -2.934588,
            53.373927
        ]
    }
}