{
    "2800S47067U": {
        "common_name": "Bootle New Strand Station",
        "coordinates": [
            -2.992871,
            53.453044
        ]
    },
    "2800S47175F": {
        "common_name": "Bootle Bus Station",
        "coordinates": [
            -2.993368,
            53.452375
        ]
    },
    "2800S47029D": {
        "common_name": "Thornton Road",
        "coordinates": [
            -2.990714,
            53.454797
        ]
    },
    "2800S47069B": {
        "common_name": "Gloucester Road",
        "coordinates": [
            -2.983008,
            53.456335
        ]
    },
    "2800S47069A": {
        "common_name": "Hawthorne Road",
        "coordinates": [
            -2.984525,
            53.45616
        ]
    },
    "2800S47068B": {
        "common_name": "Fernhill Road",
        "coordinates": [
            -2.980358,
            53.456348
        ]
    },
    "2800S46065D": {
        "common_name": "Connolly Avenue",
        "coordinates": [
            -2.973868,
            53.45641
        ]
    },
    "2800S47068A": {
        "common_name": "Fernhill Road",
        "coordinates": [
            -2.980369,
            53.45615
        ]
    },
    "2800S46065C": {
        "common_name": "Connolly Avenue",
        "coordinates": [
            -2.973651,
            53.456142
        ]
    },
    "2800S46079A": {
        "common_name": "Walton Prison",
        "coordinates": [
            -2.970917,
            53.456425
        ]
    },
    "2800S46078A": {
        "common_name": "Walton Station",
        "coordinates": [
            -2.966721,
            53.457349
        ]
    },
    "2800S46079B": {
        "common_name": "Walton Prison",
        "coordinates": [
            -2.971303,
            53.456197
        ]
    },
    "2800S46078B": {
        "common_name": "Walton Station",
        "coordinates": [
            -2.966041,
            53.457237
        ]
    },
    "2800S46051A": {
        "common_name": "Rice Lane Station",
        "coordinates": [
            -2.963165,
            53.457944
        ]
    },
    "2800S46052B": {
        "common_name": "Fazakerley Road",
        "coordinates": [
            -2.961602,
            53.454729
        ]
    },
    "2800S46051B": {
        "common_name": "Rice Lane Station",
        "coordinates": [
            -2.962996,
            53.457774
        ]
    },
    "2800S46052C": {
        "common_name": "Rawcliffe Road",
        "coordinates": [
            -2.961994,
            53.454762
        ]
    },
    "2800S46053C": {
        "common_name": "Cavendish Drive",
        "coordinates": [
            -2.964262,
            53.451867
        ]
    },
    "2800S46054B": {
        "common_name": "Denbigh Road",
        "coordinates": [
            -2.966594,
            53.448424
        ]
    },
    "2800S46053A": {
        "common_name": "Clock Tower Drive",
        "coordinates": [
            -2.964448,
            53.452064
        ]
    },
    "2800S46054A": {
        "common_name": "York Street",
        "coordinates": [
            -2.966953,
            53.448349
        ]
    },
    "2800S40076B": {
        "common_name": "Bedford Road",
        "coordinates": [
            -2.967683,
            53.446015
        ]
    },
    "2800S40167A": {
        "common_name": "Pym Street",
        "coordinates": [
            -2.96964,
            53.444003
        ]
    },
    "2800S40076C": {
        "common_name": "Bedford Road",
        "coordinates": [
            -2.967977,
            53.446336
        ]
    },
    "2800S40077A": {
        "common_name": "Lind Street",
        "coordinates": [
            -2.970621,
            53.441461
        ]
    },
    "2800S40078C": {
        "common_name": "Eton Street",
        "coordinates": [
            -2.970948,
            53.439292
        ]
    },
    "2800S40077C": {
        "common_name": "Makin Street",
        "coordinates": [
            -2.97031,
            53.443683
        ]
    },
    "2800S40077D": {
        "common_name": "Arundel Street",
        "coordinates": [
            -2.970898,
            53.441719
        ]
    },
    "2800S40072A": {
        "common_name": "Spellow Lane",
        "coordinates": [
            -2.966616,
            53.437484
        ]
    },
    "2800S40078D": {
        "common_name": "Eton Street",
        "coordinates": [
            -2.971203,
            53.439254
        ]
    },
    "2800S40103B": {
        "common_name": "Walton Lane",
        "coordinates": [
            -2.962656,
            53.437453
        ]
    },
    "2800S40104A": {
        "common_name": "Anfield Cemetery",
        "coordinates": [
            -2.958796,
            53.435821
        ]
    },
    "2800S40072D": {
        "common_name": "Walton Lane",
        "coordinates": [
            -2.967974,
            53.437608
        ]
    },
    "2800S40103A": {
        "common_name": "Priory Road",
        "coordinates": [
            -2.964255,
            53.437575
        ]
    },
    "2800S40104B": {
        "common_name": "Anfield Cemetery",
        "coordinates": [
            -2.957858,
            53.434957
        ]
    },
    "2800S40057C": {
        "common_name": "Utting Avenue",
        "coordinates": [
            -2.954912,
            53.43312
        ]
    },
    "2800S40105B": {
        "common_name": "Wenlock Road",
        "coordinates": [
            -2.951338,
            53.43011
        ]
    },
    "2800S40057A": {
        "common_name": "Arkles Lane",
        "coordinates": [
            -2.95535,
            53.433179
        ]
    },
    "2800S40105A": {
        "common_name": "Feltwell Road",
        "coordinates": [
            -2.951841,
            53.430421
        ]
    },
    "2800S40033A": {
        "common_name": "Townsend Lane",
        "coordinates": [
            -2.949328,
            53.427735
        ]
    },
    "2800S40091A": {
        "common_name": "Richmond Park",
        "coordinates": [
            -2.94657,
            53.426193
        ]
    },
    "2800S40033E": {
        "common_name": "Hanwell Street",
        "coordinates": [
            -2.948936,
            53.427001
        ]
    },
    "2800S40092A": {
        "common_name": "Breckside Park",
        "coordinates": [
            -2.944717,
            53.425416
        ]
    },
    "2800S40024A": {
        "common_name": "March Road",
        "coordinates": [
            -2.940988,
            53.423549
        ]
    },
    "2800S40091B": {
        "common_name": "Richmond Park",
        "coordinates": [
            -2.946278,
            53.425934
        ]
    },
    "2800S40092B": {
        "common_name": "August Road",
        "coordinates": [
            -2.942784,
            53.424434
        ]
    },
    "2800S40024B": {
        "common_name": "Rocky Lane",
        "coordinates": [
            -2.940811,
            53.423002
        ]
    },
    "2800S40025E": {
        "common_name": "Windsor Road",
        "coordinates": [
            -2.935427,
            53.424368
        ]
    },
    "2800S40025B": {
        "common_name": "New Road",
        "coordinates": [
            -2.934427,
            53.423785
        ]
    },
    "2800S40026B": {
        "common_name": "Santon Avenue",
        "coordinates": [
            -2.929623,
            53.42478
        ]
    },
    "2800S40026D": {
        "common_name": "Santon Avenue",
        "coordinates": [
            -2.929274,
            53.424621
        ]
    },
    "2800S41034B": {
        "common_name": "Rockbank Lane",
        "coordinates": [
            -2.927537,
            53.422953
        ]
    },
    "2800S41035A": {
        "common_name": "Tynwald Hill",
        "coordinates": [
            -2.924364,
            53.42029
        ]
    },
    "2800S41034A": {
        "common_name": "Sutton Street",
        "coordinates": [
            -2.927054,
            53.422202
        ]
    },
    "2800S41035B": {
        "common_name": "Woburn Hill",
        "coordinates": [
            -2.924005,
            53.419709
        ]
    },
    "2800S41036A": {
        "common_name": "Brelade Road",
        "coordinates": [
            -2.92182,
            53.418171
        ]
    },
    "2800S41036B": {
        "common_name": "Sark Road",
        "coordinates": [
            -2.92252,
            53.418507
        ]
    },
    "2800S41031B": {
        "common_name": "Bolan Street",
        "coordinates": [
            -2.920093,
            53.416224
        ]
    },
    "2800S41031C": {
        "common_name": "Bolan Street",
        "coordinates": [
            -2.920164,
            53.416718
        ]
    },
    "2800S41032D": {
        "common_name": "Greenfield Road",
        "coordinates": [
            -2.91625,
            53.414555
        ]
    },
    "2800S41032C": {
        "common_name": "Booth Street",
        "coordinates": [
            -2.9157,
            53.414128
        ]
    },
    "2800S44111C": {
        "common_name": "Aylesford Road",
        "coordinates": [
            -2.912268,
            53.412644
        ]
    },
    "2800S44111B": {
        "common_name": "Prescot Road",
        "coordinates": [
            -2.913011,
            53.412917
        ]
    },
    "2800S44112B": {
        "common_name": "Oakhill Road",
        "coordinates": [
            -2.909649,
            53.41119
        ]
    },
    "2800S44112A": {
        "common_name": "Stapehill Close",
        "coordinates": [
            -2.908106,
            53.410069
        ]
    },
    "2800S44074C": {
        "common_name": "Edge Lane Drive",
        "coordinates": [
            -2.904605,
            53.408181
        ]
    },
    "2800S44074B": {
        "common_name": "The Green",
        "coordinates": [
            -2.90426,
            53.40821
        ]
    },
    "2800S44076B": {
        "common_name": "Broadgreen Station",
        "coordinates": [
            -2.892669,
            53.40641
        ]
    },
    "2800S44073A": {
        "common_name": "Queens Drive",
        "coordinates": [
            -2.900893,
            53.409027
        ]
    },
    "2800S44072B": {
        "common_name": "Lingfield Road",
        "coordinates": [
            -2.896353,
            53.409924
        ]
    },
    "2800S44077B": {
        "common_name": "Broadgreen Station",
        "coordinates": [
            -2.89282,
            53.40837
        ]
    }
}