{
    "2800S43048B": {
        "common_name": "North Mossley Hill Road",
        "coordinates": [
            -2.921941,
            53.376434
        ]
    },
    "2800S43054A": {
        "common_name": "Greenbank Lane",
        "coordinates": [
            -2.924772,
            53.385006
        ]
    },
    "2800S41086C": {
        "common_name": "Gresford Avenue",
        "coordinates": [
            -2.93149,
            53.391057
        ]
    },
    "2800S41085A": {
        "common_name": "Wellington Avenue",
        "coordinates": [
            -2.935013,
            53.393322
        ]
    },
    "2800S41083A": {
        "common_name": "Granville Road",
        "coordinates": [
            -2.93863,
            53.395046
        ]
    },
    "2800S41082A": {
        "common_name": "Garrick Street",
        "coordinates": [
            -2.94261,
            53.396201
        ]
    },
    "2800S41081B": {
        "common_name": "Magdala Street",
        "coordinates": [
            -2.948153,
            53.397919
        ]
    },
    "2800S41080A": {
        "common_name": "Lorton Street",
        "coordinates": [
            -2.952014,
            53.39841
        ]
    },
    "2800S41079A": {
        "common_name": "Kingsley Road",
        "coordinates": [
            -2.957692,
            53.397439
        ]
    },
    "2800S41053C": {
        "common_name": "Lowther Street",
        "coordinates": [
            -2.961675,
            53.397326
        ]
    },
    "2800S41052A": {
        "common_name": "Myrtle Street",
        "coordinates": [
            -2.962491,
            53.400151
        ]
    },
    "2800S41078A": {
        "common_name": "Cambridge Street",
        "coordinates": [
            -2.962234,
            53.402103
        ]
    },
    "2800S42041A": {
        "common_name": "Brownlow Hill",
        "coordinates": [
            -2.961799,
            53.405505
        ]
    },
    "2800S42040B": {
        "common_name": "Crown Street",
        "coordinates": [
            -2.963663,
            53.406101
        ]
    },
    "2800S42053D": {
        "common_name": "Brownlow Hill",
        "coordinates": [
            -2.966358,
            53.405549
        ]
    },
    "2800S42053E": {
        "common_name": "Metropolitan Cathedral",
        "coordinates": [
            -2.967683,
            53.404252
        ]
    },
    "2800S42047B": {
        "common_name": "Rodney Street",
        "coordinates": [
            -2.972364,
            53.40372
        ]
    },
    "2800S42046B": {
        "common_name": "Upper Newington Street",
        "coordinates": [
            -2.976991,
            53.404806
        ]
    },
    "2800S42038A": {
        "common_name": "Great Charlotte Street",
        "coordinates": [
            -2.980095,
            53.406318
        ]
    },
    "2800S42051A": {
        "common_name": "Adelphi Hotel",
        "coordinates": [
            -2.977211,
            53.4052
        ]
    },
    "2800S42052B": {
        "common_name": "Trowbridge Street",
        "coordinates": [
            -2.971356,
            53.405724
        ]
    },
    "2800S42048C": {
        "common_name": "Mount Pleasant",
        "coordinates": [
            -2.967605,
            53.403489
        ]
    },
    "2800S42049A": {
        "common_name": "Bedford Street North",
        "coordinates": [
            -2.964819,
            53.403341
        ]
    },
    "2800S41078B": {
        "common_name": "Oxford Street",
        "coordinates": [
            -2.961888,
            53.40278
        ]
    },
    "2800S41052B": {
        "common_name": "Myrtle Street",
        "coordinates": [
            -2.962047,
            53.401152
        ]
    },
    "2800S41053D": {
        "common_name": "Falkner Square",
        "coordinates": [
            -2.962055,
            53.398824
        ]
    },
    "2800S41053B": {
        "common_name": "Crown Street",
        "coordinates": [
            -2.959016,
            53.397437
        ]
    },
    "2800S41079B": {
        "common_name": "Crown Street",
        "coordinates": [
            -2.956079,
            53.397928
        ]
    },
    "2800S41080B": {
        "common_name": "Commerce Way",
        "coordinates": [
            -2.952482,
            53.398505
        ]
    },
    "2800S41081A": {
        "common_name": "Yanwath Street",
        "coordinates": [
            -2.948294,
            53.398179
        ]
    },
    "2800S41082C": {
        "common_name": "Wendell Street",
        "coordinates": [
            -2.945037,
            53.397108
        ]
    },
    "2800S41083B": {
        "common_name": "Salisbury Road",
        "coordinates": [
            -2.939845,
            53.395621
        ]
    },
    "2800S41084A": {
        "common_name": "Portman Road",
        "coordinates": [
            -2.937088,
            53.394672
        ]
    },
    "2800S41085C": {
        "common_name": "Blantyre Road",
        "coordinates": [
            -2.93302,
            53.392303
        ]
    },
    "2800S41086D": {
        "common_name": "Borrowdale Road",
        "coordinates": [
            -2.928882,
            53.390098
        ]
    },
    "2800S43054B": {
        "common_name": "Streatham Avenue",
        "coordinates": [
            -2.92421,
            53.386116
        ]
    },
    "2800S43198A": {
        "common_name": "Penny Lane",
        "coordinates": [
            -2.924389,
            53.384002
        ]
    },
    "2800S43048A": {
        "common_name": "Mossley Hill Road",
        "coordinates": [
            -2.922567,
            53.376187
        ]
    }
}