{
    "068000000305": {
        "common_name": "The Globe",
        "coordinates": [
            -2.738177,
            53.389533
        ]
    },
    "068000000324": {
        "common_name": "Hillcrest",
        "coordinates": [
            -2.743158,
            53.38978
        ]
    },
    "068000000326": {
        "common_name": "Pex Hill",
        "coordinates": [
            -2.745938,
            53.389682
        ]
    },
    "2800S50047B": {
        "common_name": "Hall Lane",
        "coordinates": [
            -2.757168,
            53.389531
        ]
    },
    "2800S50046A": {
        "common_name": "Chapel Lane",
        "coordinates": [
            -2.761922,
            53.388835
        ]
    },
    "2800S50045A": {
        "common_name": "Alder Lane",
        "coordinates": [
            -2.771912,
            53.388348
        ]
    },
    "2800S50044B": {
        "common_name": "Tue Lane",
        "coordinates": [
            -2.781922,
            53.392211
        ]
    },
    "2800S50043B": {
        "common_name": "Prescot Road",
        "coordinates": [
            -2.788567,
            53.393777
        ]
    },
    "2800S50042C": {
        "common_name": "Dacres Bridge Lane",
        "coordinates": [
            -2.794876,
            53.395029
        ]
    },
    "2800S50041A": {
        "common_name": "Coppice Lane",
        "coordinates": [
            -2.816463,
            53.398506
        ]
    },
    "2800S50040A": {
        "common_name": "Bardley Crescent",
        "coordinates": [
            -2.821764,
            53.398874
        ]
    },
    "2800S50039A": {
        "common_name": "Manley Road",
        "coordinates": [
            -2.827136,
            53.39979
        ]
    },
    "2800S50051B": {
        "common_name": "Biglands Drive",
        "coordinates": [
            -2.830037,
            53.40048
        ]
    },
    "2800S51087A": {
        "common_name": "Oakfield Drive",
        "coordinates": [
            -2.831342,
            53.401837
        ]
    },
    "2800S51088A": {
        "common_name": "Meadow Drive",
        "coordinates": [
            -2.830587,
            53.404
        ]
    },
    "2800S51047A": {
        "common_name": "St Annes Road",
        "coordinates": [
            -2.833847,
            53.406107
        ]
    },
    "2800S51082A": {
        "common_name": "St Agnes Road",
        "coordinates": [
            -2.831645,
            53.4081
        ]
    },
    "2800S44188G": {
        "common_name": "Huyton Bus Station",
        "coordinates": [
            -2.838012,
            53.410015
        ]
    },
    "2800S44188A": {
        "common_name": "Huyton Bus Station",
        "coordinates": [
            -2.838962,
            53.409998
        ]
    },
    "2800S44041C": {
        "common_name": "Huyton Lane",
        "coordinates": [
            -2.838298,
            53.412908
        ]
    },
    "2800S44040C": {
        "common_name": "Huyton Town Centre",
        "coordinates": [
            -2.841385,
            53.412302
        ]
    },
    "2800S44039A": {
        "common_name": "Poplar Bank",
        "coordinates": [
            -2.84413,
            53.411114
        ]
    },
    "2800S44095A": {
        "common_name": "Waterside Park",
        "coordinates": [
            -2.849902,
            53.408601
        ]
    },
    "2800S44102A": {
        "common_name": "Lawton Road",
        "coordinates": [
            -2.854657,
            53.408666
        ]
    },
    "2800S44049A": {
        "common_name": "Westmorland Road",
        "coordinates": [
            -2.841163,
            53.410173
        ]
    },
    "2800S44095C": {
        "common_name": "Sandfield",
        "coordinates": [
            -2.847187,
            53.409007
        ]
    },
    "2800S44101A": {
        "common_name": "Bridge Road",
        "coordinates": [
            -2.858468,
            53.408926
        ]
    },
    "2800S44100A": {
        "common_name": "Pilch Lane East",
        "coordinates": [
            -2.864868,
            53.408511
        ]
    },
    "2800S44102B": {
        "common_name": "Anderton Terrace",
        "coordinates": [
            -2.853772,
            53.408798
        ]
    },
    "2800S44101B": {
        "common_name": "Roby Station",
        "coordinates": [
            -2.85614,
            53.409096
        ]
    },
    "2800S44099B": {
        "common_name": "Court Hey Church",
        "coordinates": [
            -2.874827,
            53.407774
        ]
    },
    "2800S44098B": {
        "common_name": "Court Hey Road",
        "coordinates": [
            -2.87694,
            53.407416
        ]
    },
    "2800S44100B": {
        "common_name": "Pilch Lane East",
        "coordinates": [
            -2.864888,
            53.408754
        ]
    },
    "2800S44099A": {
        "common_name": "Rimmer Avenue",
        "coordinates": [
            -2.87185,
            53.407867
        ]
    },
    "2800S44097A": {
        "common_name": "Grangewood",
        "coordinates": [
            -2.880467,
            53.406986
        ]
    },
    "2800S44096D": {
        "common_name": "Chelwood Avenue",
        "coordinates": [
            -2.886338,
            53.406493
        ]
    },
    "2800S44098A": {
        "common_name": "Court Hey Road",
        "coordinates": [
            -2.876299,
            53.407691
        ]
    },
    "2800S44097B": {
        "common_name": "Grangewood",
        "coordinates": [
            -2.88017,
            53.407186
        ]
    },
    "2800S44076A": {
        "common_name": "Broadgreen Station",
        "coordinates": [
            -2.891542,
            53.405744
        ]
    },
    "2800S44075A": {
        "common_name": "Queens Drive",
        "coordinates": [
            -2.899697,
            53.406537
        ]
    },
    "2800S44096C": {
        "common_name": "Chelwood Avenue",
        "coordinates": [
            -2.886595,
            53.406545
        ]
    },
    "2800S44076B": {
        "common_name": "Broadgreen Station",
        "coordinates": [
            -2.892669,
            53.40641
        ]
    },
    "2800S44075B": {
        "common_name": "Queens Drive",
        "coordinates": [
            -2.8994,
            53.406728
        ]
    },
    "2800S44074A": {
        "common_name": "Warnerville Road",
        "coordinates": [
            -2.904757,
            53.407541
        ]
    },
    "2800S44094A": {
        "common_name": "Domville Road",
        "coordinates": [
            -2.908743,
            53.407502
        ]
    },
    "2800S44074D": {
        "common_name": "Edge Lane Drive",
        "coordinates": [
            -2.903172,
            53.407994
        ]
    },
    "2800S44094B": {
        "common_name": "Domville Road",
        "coordinates": [
            -2.910037,
            53.408238
        ]
    },
    "2800S41065A": {
        "common_name": "Mill Lane",
        "coordinates": [
            -2.915541,
            53.409554
        ]
    },
    "2800S41092A": {
        "common_name": "Rathbone Road",
        "coordinates": [
            -2.919986,
            53.40987
        ]
    },
    "2800S41065B": {
        "common_name": "St Oswald Street",
        "coordinates": [
            -2.915715,
            53.40993
        ]
    },
    "2800S41092B": {
        "common_name": "Elmway Close",
        "coordinates": [
            -2.919901,
            53.410131
        ]
    },
    "2800S41066A": {
        "common_name": "Ardleigh Road",
        "coordinates": [
            -2.926295,
            53.410154
        ]
    },
    "2800S41067A": {
        "common_name": "Milton Road",
        "coordinates": [
            -2.930777,
            53.410065
        ]
    },
    "2800S41066B": {
        "common_name": "Ardleigh Road",
        "coordinates": [
            -2.926315,
            53.410378
        ]
    },
    "2800S41216B": {
        "common_name": "Lomond Road",
        "coordinates": [
            -2.929144,
            53.410401
        ]
    },
    "2800S41091B": {
        "common_name": "Innovation Boulevard",
        "coordinates": [
            -2.936761,
            53.409254
        ]
    },
    "2800S41090A": {
        "common_name": "Botanic Place",
        "coordinates": [
            -2.943418,
            53.408213
        ]
    },
    "2800S41067B": {
        "common_name": "West Bank Road",
        "coordinates": [
            -2.931052,
            53.410288
        ]
    },
    "2800S41091A": {
        "common_name": "Laurel Road",
        "coordinates": [
            -2.937666,
            53.409346
        ]
    },
    "2800S41090B": {
        "common_name": "Deane Road",
        "coordinates": [
            -2.943468,
            53.408473
        ]
    },
    "2800S41089B": {
        "common_name": "Durning Road",
        "coordinates": [
            -2.947537,
            53.408091
        ]
    },
    "2800S41088B": {
        "common_name": "Marmaduke Street",
        "coordinates": [
            -2.952962,
            53.407166
        ]
    },
    "2800S41089A": {
        "common_name": "Holt Road",
        "coordinates": [
            -2.947587,
            53.408315
        ]
    },
    "2800S41088A": {
        "common_name": "Jubilee Drive",
        "coordinates": [
            -2.952967,
            53.407382
        ]
    },
    "2800S41069A": {
        "common_name": "Overton Street",
        "coordinates": [
            -2.955302,
            53.405548
        ]
    },
    "2800S42040B": {
        "common_name": "Crown Street",
        "coordinates": [
            -2.963663,
            53.406101
        ]
    },
    "2800S41069D": {
        "common_name": "Hall Lane",
        "coordinates": [
            -2.957284,
            53.407375
        ]
    },
    "2800S42053B": {
        "common_name": "Mount Pleasant",
        "coordinates": [
            -2.96784,
            53.405887
        ]
    },
    "2800S42052A": {
        "common_name": "Ainsworth Street",
        "coordinates": [
            -2.973994,
            53.405316
        ]
    },
    "2800S42051C": {
        "common_name": "Hawke Street",
        "coordinates": [
            -2.976005,
            53.405111
        ]
    },
    "2800S42040A": {
        "common_name": "Crown Street",
        "coordinates": [
            -2.962314,
            53.406309
        ]
    },
    "2800S42053A": {
        "common_name": "Mount Pleasant",
        "coordinates": [
            -2.967483,
            53.406052
        ]
    },
    "2800S42080D": {
        "common_name": "Gradwell Street",
        "coordinates": [
            -2.983921,
            53.40332
        ]
    },
    "2800S42052B": {
        "common_name": "Trowbridge Street",
        "coordinates": [
            -2.971356,
            53.405724
        ]
    },
    "2800S42051A": {
        "common_name": "Adelphi Hotel",
        "coordinates": [
            -2.977211,
            53.4052
        ]
    },
    "2800S42098K": {
        "common_name": "Liverpool ONE",
        "coordinates": [
            -2.986115,
            53.402583
        ]
    },
    "2800S42050B": {
        "common_name": "Ranelagh Street",
        "coordinates": [
            -2.979808,
            53.405637
        ]
    },
    "2800S42080E": {
        "common_name": "College Lane",
        "coordinates": [
            -2.983079,
            53.403965
        ]
    },
    "2800S42098C": {
        "common_name": "Liverpool ONE Bus Station",
        "coordinates": [
            -2.988174,
            53.402052
        ]
    }
}