{
    "2800S42098K": {
        "common_name": "Liverpool ONE",
        "coordinates": [
            -2.986115,
            53.402583
        ]
    },
    "2800S42098G": {
        "common_name": "Liverpool One Bus Station",
        "coordinates": [
            -2.988079,
            53.401947
        ]
    },
    "2800S42098H": {
        "common_name": "Liverpool ONE Bus Station",
        "coordinates": [
            -2.988069,
            53.401997
        ]
    },
    "2800S42080E": {
        "common_name": "College Lane",
        "coordinates": [
            -2.983079,
            53.403965
        ]
    },
    "2800S42080C": {
        "common_name": "School Lane",
        "coordinates": [
            -2.982692,
            53.404166
        ]
    },
    "2800S42050A": {
        "common_name": "Elliot Street",
        "coordinates": [
            -2.980054,
            53.40585
        ]
    },
    "2800S42037C": {
        "common_name": "Brownlow Hill",
        "coordinates": [
            -2.977542,
            53.404559
        ]
    },
    "2800S42080D": {
        "common_name": "Gradwell Street",
        "coordinates": [
            -2.983921,
            53.40332
        ]
    },
    "2800S42037B": {
        "common_name": "Newington",
        "coordinates": [
            -2.977951,
            53.404699
        ]
    },
    "2800S41050C": {
        "common_name": "Roscoe Street",
        "coordinates": [
            -2.974458,
            53.401923
        ]
    },
    "2800S41050D": {
        "common_name": "Renshaw Street",
        "coordinates": [
            -2.974855,
            53.402172
        ]
    },
    "2800S41120A": {
        "common_name": "South Hunter Street",
        "coordinates": [
            -2.971734,
            53.401828
        ]
    },
    "2800S41121D": {
        "common_name": "Sugnall Street",
        "coordinates": [
            -2.968564,
            53.401324
        ]
    },
    "2800S41121A": {
        "common_name": "Sugnall Street",
        "coordinates": [
            -2.969451,
            53.401308
        ]
    },
    "2800S41122A": {
        "common_name": "Back Canning Street",
        "coordinates": [
            -2.968617,
            53.399013
        ]
    },
    "2800S41122C": {
        "common_name": "Falkner Street",
        "coordinates": [
            -2.968227,
            53.399088
        ]
    },
    "2800S41125B": {
        "common_name": "Egerton Street",
        "coordinates": [
            -2.968025,
            53.396807
        ]
    },
    "2800S41055D": {
        "common_name": "Rosebery Street",
        "coordinates": [
            -2.962684,
            53.394063
        ]
    },
    "2800S41125A": {
        "common_name": "Egerton Street",
        "coordinates": [
            -2.968155,
            53.396581
        ]
    },
    "2800S41055A": {
        "common_name": "Upper Stanhope Street",
        "coordinates": [
            -2.966367,
            53.39531
        ]
    },
    "2800S41056E": {
        "common_name": "Beaconsfield Street",
        "coordinates": [
            -2.958701,
            53.392118
        ]
    },
    "2800S41056D": {
        "common_name": "Upper Warwick Street",
        "coordinates": [
            -2.961305,
            53.392906
        ]
    },
    "2800S41057B": {
        "common_name": "Princes Gate West",
        "coordinates": [
            -2.956714,
            53.390714
        ]
    },
    "2800S41057A": {
        "common_name": "Kingsley Road",
        "coordinates": [
            -2.955949,
            53.39081
        ]
    },
    "2800S41099C": {
        "common_name": "Sefton Park Road",
        "coordinates": [
            -2.950323,
            53.389335
        ]
    },
    "2800S41108C": {
        "common_name": "Hartington Road",
        "coordinates": [
            -2.944816,
            53.389199
        ]
    },
    "2800S41109C": {
        "common_name": "York Avenue",
        "coordinates": [
            -2.937713,
            53.389624
        ]
    },
    "2800S41110E": {
        "common_name": "Halkyn Avenue",
        "coordinates": [
            -2.933422,
            53.390044
        ]
    },
    "2800S41086D": {
        "common_name": "Borrowdale Road",
        "coordinates": [
            -2.928882,
            53.390098
        ]
    },
    "2800S43036C": {
        "common_name": "Deepfield Road",
        "coordinates": [
            -2.9224,
            53.390058
        ]
    },
    "2800S41099F": {
        "common_name": "Sefton Park Road",
        "coordinates": [
            -2.948004,
            53.389183
        ]
    },
    "2800S41108B": {
        "common_name": "Hartington Road",
        "coordinates": [
            -2.944602,
            53.389012
        ]
    },
    "2800S41109E": {
        "common_name": "Buckingham Avenue",
        "coordinates": [
            -2.939825,
            53.389212
        ]
    },
    "2800S41110B": {
        "common_name": "Halkyn Avenue",
        "coordinates": [
            -2.934317,
            53.389723
        ]
    },
    "2800S41086E": {
        "common_name": "Lathbury Lane",
        "coordinates": [
            -2.932233,
            53.389964
        ]
    },
    "2800S43038B": {
        "common_name": "Greenbank Road",
        "coordinates": [
            -2.925447,
            53.389792
        ]
    },
    "2800S43017F": {
        "common_name": "Plattsville Road",
        "coordinates": [
            -2.913654,
            53.388885
        ]
    },
    "2800S43022B": {
        "common_name": "Queens Drive",
        "coordinates": [
            -2.90824,
            53.388144
        ]
    },
    "2800S43036B": {
        "common_name": "Crawford Avenue",
        "coordinates": [
            -2.922743,
            53.389893
        ]
    },
    "2800S43037A": {
        "common_name": "Calton Avenue",
        "coordinates": [
            -2.917159,
            53.388975
        ]
    },
    "2800S43023B": {
        "common_name": "Addingham Road",
        "coordinates": [
            -2.904964,
            53.387513
        ]
    },
    "2800S43024B": {
        "common_name": "Green Lane",
        "coordinates": [
            -2.900431,
            53.386477
        ]
    },
    "2800S43017D": {
        "common_name": "Devondale Road",
        "coordinates": [
            -2.913393,
            53.388626
        ]
    },
    "2800S43022C": {
        "common_name": "Wyndcote Road",
        "coordinates": [
            -2.908265,
            53.387883
        ]
    },
    "2800S43025D": {
        "common_name": "Cromptons Lane",
        "coordinates": [
            -2.895939,
            53.385208
        ]
    },
    "2800S43043C": {
        "common_name": "Taggart Avenue",
        "coordinates": [
            -2.893438,
            53.389262
        ]
    },
    "2800S43023A": {
        "common_name": "Addingham Road",
        "coordinates": [
            -2.905473,
            53.387419
        ]
    },
    "2800S43024A": {
        "common_name": "Calder Drive",
        "coordinates": [
            -2.90032,
            53.386208
        ]
    },
    "2800S43107B": {
        "common_name": "Salisbury Park",
        "coordinates": [
            -2.889421,
            53.388448
        ]
    },
    "2800S43025C": {
        "common_name": "Cromptons Lane",
        "coordinates": [
            -2.896039,
            53.384973
        ]
    },
    "2800S43025B": {
        "common_name": "Menlove Avenue",
        "coordinates": [
            -2.895282,
            53.385401
        ]
    },
    "2800S43043E": {
        "common_name": "Hornby Lane",
        "coordinates": [
            -2.892287,
            53.388867
        ]
    },
    "2800S43095B": {
        "common_name": "Childwall Park Avenue",
        "coordinates": [
            -2.885013,
            53.387572
        ]
    },
    "2800S43088B": {
        "common_name": "Rockbourne Avenue",
        "coordinates": [
            -2.878247,
            53.38613
        ]
    },
    "2800S43107A": {
        "common_name": "Gipsy Lane",
        "coordinates": [
            -2.887305,
            53.387915
        ]
    },
    "2800S43095A": {
        "common_name": "Cabot Green",
        "coordinates": [
            -2.88264,
            53.386979
        ]
    },
    "2800S43089C": {
        "common_name": "Gateacre Park Drive",
        "coordinates": [
            -2.873082,
            53.385
        ]
    },
    "2800S43088A": {
        "common_name": "Wood View Road",
        "coordinates": [
            -2.879013,
            53.38608
        ]
    },
    "2800S43089B": {
        "common_name": "Blackwood Avenue",
        "coordinates": [
            -2.874558,
            53.385142
        ]
    },
    "2800S43097B": {
        "common_name": "Woolton Hill Road",
        "coordinates": [
            -2.867614,
            53.383044
        ]
    },
    "2800S43097C": {
        "common_name": "Seafarers Drive",
        "coordinates": [
            -2.86696,
            53.382653
        ]
    },
    "2800S43108B": {
        "common_name": "Hollytree Road",
        "coordinates": [
            -2.866352,
            53.379395
        ]
    },
    "2800S43109B": {
        "common_name": "Hillside Drive",
        "coordinates": [
            -2.866519,
            53.377955
        ]
    },
    "2800S43033F": {
        "common_name": "Woolton Street",
        "coordinates": [
            -2.865051,
            53.374505
        ]
    },
    "2800S43108A": {
        "common_name": "Glenacres",
        "coordinates": [
            -2.866525,
            53.379744
        ]
    },
    "2800S43109A": {
        "common_name": "Woolton Mount",
        "coordinates": [
            -2.866689,
            53.378188
        ]
    },
    "2800S43034A": {
        "common_name": "Halewood Drive",
        "coordinates": [
            -2.861467,
            53.375691
        ]
    },
    "2800S43193B": {
        "common_name": "Allerton Road",
        "coordinates": [
            -2.867035,
            53.375264
        ]
    },
    "2800S43034B": {
        "common_name": "Halewood Drive",
        "coordinates": [
            -2.861181,
            53.375675
        ]
    },
    "2800S43035A": {
        "common_name": "Out Lane",
        "coordinates": [
            -2.859938,
            53.377374
        ]
    },
    "2800S49001B": {
        "common_name": "Whitney Place",
        "coordinates": [
            -2.857445,
            53.375998
        ]
    },
    "2800S43035B": {
        "common_name": "Hunts Cross Avenue",
        "coordinates": [
            -2.85962,
            53.377286
        ]
    },
    "2800S49001A": {
        "common_name": "Whitney Place",
        "coordinates": [
            -2.857854,
            53.376157
        ]
    },
    "2800S43062B": {
        "common_name": "Whitney Road",
        "coordinates": [
            -2.854276,
            53.374637
        ]
    },
    "2800S48013B": {
        "common_name": "Arncliffe Road",
        "coordinates": [
            -2.852024,
            53.370257
        ]
    },
    "2800S43062A": {
        "common_name": "Macketts Lane",
        "coordinates": [
            -2.853853,
            53.374541
        ]
    },
    "2800S48013A": {
        "common_name": "Linkside Road",
        "coordinates": [
            -2.852401,
            53.371063
        ]
    },
    "2800S48014B": {
        "common_name": "Camberley Drive",
        "coordinates": [
            -2.853017,
            53.367284
        ]
    },
    "2800S48015B": {
        "common_name": "Roskell Road",
        "coordinates": [
            -2.852816,
            53.36253
        ]
    },
    "2800S48014A": {
        "common_name": "Camberley Drive",
        "coordinates": [
            -2.852895,
            53.367959
        ]
    },
    "2800S48017B": {
        "common_name": "Mackets Lane",
        "coordinates": [
            -2.85096,
            53.360611
        ]
    },
    "2800S48030B": {
        "common_name": "Blackburne Drive",
        "coordinates": [
            -2.845695,
            53.361098
        ]
    },
    "2800S48015A": {
        "common_name": "Roskell Road",
        "coordinates": [
            -2.853317,
            53.362787
        ]
    },
    "2800S48017A": {
        "common_name": "Portway",
        "coordinates": [
            -2.850164,
            53.360625
        ]
    },
    "2800S48031B": {
        "common_name": "Wood Road",
        "coordinates": [
            -2.839612,
            53.359702
        ]
    },
    "2800S48032B": {
        "common_name": "Mansell Drive",
        "coordinates": [
            -2.836907,
            53.358903
        ]
    },
    "2800S48030A": {
        "common_name": "Blackburne Drive",
        "coordinates": [
            -2.844664,
            53.360628
        ]
    },
    "2800S48031A": {
        "common_name": "Torrington Drive",
        "coordinates": [
            -2.841661,
            53.359958
        ]
    },
    "2800S48033D": {
        "common_name": "Higher Road",
        "coordinates": [
            -2.833038,
            53.35778
        ]
    },
    "2800S48034B": {
        "common_name": "Beechwood Avenue",
        "coordinates": [
            -2.832147,
            53.359089
        ]
    },
    "2800S48032A": {
        "common_name": "Mansell Drive",
        "coordinates": [
            -2.836585,
            53.358582
        ]
    },
    "2800S48033A": {
        "common_name": "Leathers Lane",
        "coordinates": [
            -2.834314,
            53.357681
        ]
    },
    "2800S48034A": {
        "common_name": "Roseheath Drive",
        "coordinates": [
            -2.832081,
            53.358766
        ]
    },
    "2800S48118E": {
        "common_name": "Halewood Shopping Centre",
        "coordinates": [
            -2.829176,
            53.360854
        ]
    },
    "2800S48118C": {
        "common_name": "Leathers Lane",
        "coordinates": [
            -2.829187,
            53.360121
        ]
    }
}