{
    "2800S42023J": {
        "common_name": "Queen Square Bus Station",
        "coordinates": [
            -2.982476,
            53.407584
        ]
    },
    "2800S42023D": {
        "common_name": "Queen Square Bus Station",
        "coordinates": [
            -2.981439,
            53.407853
        ]
    },
    "2800S42015A": {
        "common_name": "Monument Place",
        "coordinates": [
            -2.972246,
            53.409114
        ]
    },
    "2800S42024A": {
        "common_name": "Lord Nelson Street",
        "coordinates": [
            -2.978909,
            53.408386
        ]
    },
    "2800S42015C": {
        "common_name": "Greek Street",
        "coordinates": [
            -2.972875,
            53.40901
        ]
    },
    "2800S42016E": {
        "common_name": "Falkland Street",
        "coordinates": [
            -2.969156,
            53.410155
        ]
    },
    "2800S42016B": {
        "common_name": "Epworth Street",
        "coordinates": [
            -2.966188,
            53.410629
        ]
    },
    "2800S42028C": {
        "common_name": "Daulby Street",
        "coordinates": [
            -2.966971,
            53.408708
        ]
    },
    "2800S42028D": {
        "common_name": "Ashton Street",
        "coordinates": [
            -2.966862,
            53.408529
        ]
    },
    "2800S42039C": {
        "common_name": "Crown Street",
        "coordinates": [
            -2.96457,
            53.40835
        ]
    },
    "2800S42039D": {
        "common_name": "Crown Street",
        "coordinates": [
            -2.96393,
            53.408
        ]
    },
    "2800S42041B": {
        "common_name": "Smithdown Lane",
        "coordinates": [
            -2.961554,
            53.4053
        ]
    },
    "2800S41078D": {
        "common_name": "Melville Place",
        "coordinates": [
            -2.960769,
            53.403149
        ]
    },
    "2800S42016A": {
        "common_name": "Epworth Street",
        "coordinates": [
            -2.966484,
            53.410438
        ]
    },
    "2800S41023A": {
        "common_name": "Low Hill",
        "coordinates": [
            -2.963436,
            53.410687
        ]
    },
    "2800S41218B": {
        "common_name": "Orphan Street",
        "coordinates": [
            -2.958939,
            53.402031
        ]
    },
    "2800S42041A": {
        "common_name": "Brownlow Hill",
        "coordinates": [
            -2.961799,
            53.405505
        ]
    },
    "2800S41078C": {
        "common_name": "Melville Place",
        "coordinates": [
            -2.960705,
            53.402996
        ]
    },
    "2800S41218A": {
        "common_name": "Orphan Street",
        "coordinates": [
            -2.958501,
            53.401306
        ]
    },
    "2800S41226A": {
        "common_name": "Falkner Street",
        "coordinates": [
            -2.957408,
            53.399508
        ]
    },
    "2800S41079B": {
        "common_name": "Crown Street",
        "coordinates": [
            -2.956079,
            53.397928
        ]
    },
    "2800S41226B": {
        "common_name": "Chancellor Court",
        "coordinates": [
            -2.957363,
            53.398861
        ]
    },
    "2800S41080B": {
        "common_name": "Commerce Way",
        "coordinates": [
            -2.952482,
            53.398505
        ]
    },
    "2800S41081D": {
        "common_name": "Yanwath Street",
        "coordinates": [
            -2.949582,
            53.397944
        ]
    },
    "2800S41080A": {
        "common_name": "Lorton Street",
        "coordinates": [
            -2.952014,
            53.39841
        ]
    },
    "2800S41081C": {
        "common_name": "Beaumont Street",
        "coordinates": [
            -2.949874,
            53.397519
        ]
    },
    "2800S41097B": {
        "common_name": "Boswell Street",
        "coordinates": [
            -2.949496,
            53.396084
        ]
    },
    "2800S41098B": {
        "common_name": "Lime Grove",
        "coordinates": [
            -2.949049,
            53.392914
        ]
    },
    "2800S41099A": {
        "common_name": "Croxteth Road",
        "coordinates": [
            -2.949354,
            53.38973
        ]
    },
    "2800S41108C": {
        "common_name": "Hartington Road",
        "coordinates": [
            -2.944816,
            53.389199
        ]
    },
    "2800S41109C": {
        "common_name": "York Avenue",
        "coordinates": [
            -2.937713,
            53.389624
        ]
    },
    "2800S41110E": {
        "common_name": "Halkyn Avenue",
        "coordinates": [
            -2.933422,
            53.390044
        ]
    },
    "2800S41086D": {
        "common_name": "Borrowdale Road",
        "coordinates": [
            -2.928882,
            53.390098
        ]
    },
    "2800S43036C": {
        "common_name": "Deepfield Road",
        "coordinates": [
            -2.9224,
            53.390058
        ]
    },
    "2800S41098A": {
        "common_name": "Ritson Street",
        "coordinates": [
            -2.949473,
            53.394376
        ]
    },
    "2800S41099D": {
        "common_name": "Grove Park",
        "coordinates": [
            -2.949599,
            53.3906
        ]
    },
    "2800S41099F": {
        "common_name": "Sefton Park Road",
        "coordinates": [
            -2.948004,
            53.389183
        ]
    },
    "2800S41108B": {
        "common_name": "Hartington Road",
        "coordinates": [
            -2.944602,
            53.389012
        ]
    },
    "2800S41109E": {
        "common_name": "Buckingham Avenue",
        "coordinates": [
            -2.939825,
            53.389212
        ]
    },
    "2800S41110B": {
        "common_name": "Halkyn Avenue",
        "coordinates": [
            -2.934317,
            53.389723
        ]
    },
    "2800S41086E": {
        "common_name": "Lathbury Lane",
        "coordinates": [
            -2.932233,
            53.389964
        ]
    },
    "2800S43038B": {
        "common_name": "Greenbank Road",
        "coordinates": [
            -2.925447,
            53.389792
        ]
    },
    "2800S43017F": {
        "common_name": "Plattsville Road",
        "coordinates": [
            -2.913654,
            53.388885
        ]
    },
    "2800S43022B": {
        "common_name": "Queens Drive",
        "coordinates": [
            -2.90824,
            53.388144
        ]
    },
    "2800S43036A": {
        "common_name": "Russell Road",
        "coordinates": [
            -2.922275,
            53.389825
        ]
    },
    "2800S43037A": {
        "common_name": "Calton Avenue",
        "coordinates": [
            -2.917159,
            53.388975
        ]
    },
    "2800S43023B": {
        "common_name": "Addingham Road",
        "coordinates": [
            -2.904964,
            53.387513
        ]
    },
    "2800S43024B": {
        "common_name": "Green Lane",
        "coordinates": [
            -2.900431,
            53.386477
        ]
    },
    "2800S43017D": {
        "common_name": "Devondale Road",
        "coordinates": [
            -2.913393,
            53.388626
        ]
    },
    "2800S43022C": {
        "common_name": "Wyndcote Road",
        "coordinates": [
            -2.908265,
            53.387883
        ]
    },
    "2800S43025A": {
        "common_name": "Cromptons Lane",
        "coordinates": [
            -2.894836,
            53.384964
        ]
    },
    "2800S43026B": {
        "common_name": "Druids Cross Road",
        "coordinates": [
            -2.892166,
            53.383798
        ]
    },
    "2800S43023A": {
        "common_name": "Addingham Road",
        "coordinates": [
            -2.905473,
            53.387419
        ]
    },
    "2800S43024A": {
        "common_name": "Calder Drive",
        "coordinates": [
            -2.90032,
            53.386208
        ]
    },
    "2800S43027A": {
        "common_name": "Druidsville Road",
        "coordinates": [
            -2.889015,
            53.381925
        ]
    },
    "2800S43025C": {
        "common_name": "Cromptons Lane",
        "coordinates": [
            -2.896039,
            53.384973
        ]
    },
    "2800S43026A": {
        "common_name": "Calderstones Road",
        "coordinates": [
            -2.892748,
            53.383605
        ]
    },
    "2800S43028B": {
        "common_name": "Beaconsfield Road",
        "coordinates": [
            -2.885539,
            53.379622
        ]
    },
    "2800S43027B": {
        "common_name": "Druidsville Road",
        "coordinates": [
            -2.890008,
            53.381989
        ]
    },
    "2800S43028A": {
        "common_name": "Yew Tree Road",
        "coordinates": [
            -2.887175,
            53.380221
        ]
    },
    "2800S43029A": {
        "common_name": "The Vineries",
        "coordinates": [
            -2.883139,
            53.377681
        ]
    },
    "2800S43029B": {
        "common_name": "Vale Road",
        "coordinates": [
            -2.882218,
            53.377481
        ]
    },
    "2800S43030B": {
        "common_name": "Evesham Close",
        "coordinates": [
            -2.878379,
            53.375001
        ]
    },
    "2800S43133A": {
        "common_name": "Cheddar Close",
        "coordinates": [
            -2.875763,
            53.372791
        ]
    },
    "2800S43030A": {
        "common_name": "Evesham Close",
        "coordinates": [
            -2.878951,
            53.375042
        ]
    },
    "2800S43031A": {
        "common_name": "Menlove Avenue",
        "coordinates": [
            -2.8735,
            53.371648
        ]
    },
    "2800S43032B": {
        "common_name": "Allerton Road",
        "coordinates": [
            -2.871391,
            53.372895
        ]
    },
    "2800S43031C": {
        "common_name": "Woolton Road",
        "coordinates": [
            -2.87461,
            53.371541
        ]
    },
    "2800S43032A": {
        "common_name": "Allerton Road",
        "coordinates": [
            -2.870216,
            53.372769
        ]
    },
    "2800S43033B": {
        "common_name": "Church Road South",
        "coordinates": [
            -2.867026,
            53.374077
        ]
    },
    "2800S49004C": {
        "common_name": "Watergate Lane",
        "coordinates": [
            -2.863654,
            53.37234
        ]
    },
    "2800S43033A": {
        "common_name": "Speke Road",
        "coordinates": [
            -2.866254,
            53.373804
        ]
    },
    "2800S49005B": {
        "common_name": "Manor Way",
        "coordinates": [
            -2.860003,
            53.370919
        ]
    },
    "2800S49003A": {
        "common_name": "Hunts Cross Avenue",
        "coordinates": [
            -2.857785,
            53.370495
        ]
    },
    "2800S49004D": {
        "common_name": "Speke Road",
        "coordinates": [
            -2.86313,
            53.371688
        ]
    },
    "2800S49005A": {
        "common_name": "Lyndor Road",
        "coordinates": [
            -2.860951,
            53.370966
        ]
    },
    "2800S49002A": {
        "common_name": "Malton Road",
        "coordinates": [
            -2.856997,
            53.373179
        ]
    },
    "2800S49003B": {
        "common_name": "Linkside Road",
        "coordinates": [
            -2.857272,
            53.370408
        ]
    },
    "2800S49002B": {
        "common_name": "Layton Road",
        "coordinates": [
            -2.856657,
            53.373469
        ]
    },
    "2800S43062B": {
        "common_name": "Whitney Road",
        "coordinates": [
            -2.854276,
            53.374637
        ]
    },
    "2800S43062A": {
        "common_name": "Macketts Lane",
        "coordinates": [
            -2.853853,
            53.374541
        ]
    },
    "2800S48170A": {
        "common_name": "Clover Avenue",
        "coordinates": [
            -2.847484,
            53.375503
        ]
    },
    "2800S48170B": {
        "common_name": "Clover Avenue",
        "coordinates": [
            -2.847991,
            53.375293
        ]
    },
    "2800S48043B": {
        "common_name": "Gerrards Lane",
        "coordinates": [
            -2.84036,
            53.374816
        ]
    },
    "2800S48165B": {
        "common_name": "Redwing Way",
        "coordinates": [
            -2.843782,
            53.373794
        ]
    },
    "2800S48043A": {
        "common_name": "Okell Drive",
        "coordinates": [
            -2.840051,
            53.374369
        ]
    },
    "2800S48165A": {
        "common_name": "Woodbridge Avenue",
        "coordinates": [
            -2.842725,
            53.374269
        ]
    },
    "2800S48166B": {
        "common_name": "Foxglove Avenue",
        "coordinates": [
            -2.843392,
            53.370759
        ]
    },
    "2800S48158B": {
        "common_name": "Harrier Drive",
        "coordinates": [
            -2.841139,
            53.368537
        ]
    },
    "2800S48091B": {
        "common_name": "Trispen Close",
        "coordinates": [
            -2.836412,
            53.367401
        ]
    },
    "2800S48092A": {
        "common_name": "Totnes Avenue",
        "coordinates": [
            -2.834286,
            53.368567
        ]
    },
    "2800S48044B": {
        "common_name": "Helston Avenue",
        "coordinates": [
            -2.828717,
            53.36972
        ]
    },
    "2800S48036B": {
        "common_name": "Halewood Station",
        "coordinates": [
            -2.830488,
            53.364944
        ]
    },
    "2800S48035A": {
        "common_name": "Leathers Lane",
        "coordinates": [
            -2.830001,
            53.362322
        ]
    },
    "2800S48166A": {
        "common_name": "Foxleigh",
        "coordinates": [
            -2.844597,
            53.37164
        ]
    },
    "2800S48158A": {
        "common_name": "Harrier Drive",
        "coordinates": [
            -2.841623,
            53.368695
        ]
    },
    "2800S48091A": {
        "common_name": "Torcross Way",
        "coordinates": [
            -2.837734,
            53.366583
        ]
    },
    "2800S48152A": {
        "common_name": "Helston Avenue",
        "coordinates": [
            -2.83286,
            53.369431
        ]
    },
    "2800S48038D": {
        "common_name": "Church Road",
        "coordinates": [
            -2.8278,
            53.368154
        ]
    },
    "2800S48037A": {
        "common_name": "Rutland Avenue",
        "coordinates": [
            -2.830608,
            53.36568
        ]
    },
    "2800S48118E": {
        "common_name": "Halewood Shopping Centre",
        "coordinates": [
            -2.829176,
            53.360854
        ]
    },
    "2800S48036A": {
        "common_name": "Halewood Station",
        "coordinates": [
            -2.830946,
            53.363763
        ]
    },
    "2800S48035B": {
        "common_name": "Leathers Lane",
        "coordinates": [
            -2.829664,
            53.361983
        ]
    },
    "2800S48118C": {
        "common_name": "Leathers Lane",
        "coordinates": [
            -2.829187,
            53.360121
        ]
    }
}