{
    "2800S47022B": {
        "common_name": "Seaforth Station",
        "coordinates": [
            -3.006241,
            53.466281
        ]
    },
    "2800S47023A": {
        "common_name": "Lime Grove",
        "coordinates": [
            -3.007659,
            53.463851
        ]
    },
    "2800S47153B": {
        "common_name": "Woolfall Terrace",
        "coordinates": [
            -3.009254,
            53.463765
        ]
    },
    "2800S47095B": {
        "common_name": "Claremont Road",
        "coordinates": [
            -3.012281,
            53.468783
        ]
    },
    "2800S47094A": {
        "common_name": "Dewlands Road",
        "coordinates": [
            -3.016155,
            53.470772
        ]
    },
    "2800S47056A": {
        "common_name": "Marlborough Road",
        "coordinates": [
            -3.020023,
            53.470622
        ]
    },
    "2800S47057B": {
        "common_name": "Bramhall Road",
        "coordinates": [
            -3.021735,
            53.47352
        ]
    },
    "2800S47058C": {
        "common_name": "Handfield Road",
        "coordinates": [
            -3.023166,
            53.477274
        ]
    },
    "2800S54002B": {
        "common_name": "Sycamore Road",
        "coordinates": [
            -3.023608,
            53.480605
        ]
    },
    "2800S54003B": {
        "common_name": "Kingsway",
        "coordinates": [
            -3.017333,
            53.481621
        ]
    },
    "2800S54004B": {
        "common_name": "Endbutt Lane",
        "coordinates": [
            -3.01507,
            53.483402
        ]
    },
    "2800S54005B": {
        "common_name": "Brownmoor Park",
        "coordinates": [
            -3.012462,
            53.485887
        ]
    },
    "2800S54094B": {
        "common_name": "Sharples Crescent",
        "coordinates": [
            -3.010501,
            53.487072
        ]
    },
    "2800S54026B": {
        "common_name": "Windle Avenue",
        "coordinates": [
            -3.007943,
            53.488514
        ]
    },
    "2800S54027B": {
        "common_name": "Chesterfield Road",
        "coordinates": [
            -3.004815,
            53.490086
        ]
    },
    "2800S54028A": {
        "common_name": "Lupton Drive",
        "coordinates": [
            -3.007537,
            53.492382
        ]
    }
}