{
    "2800S48054B": {
        "common_name": "Lovel Road",
        "coordinates": [
            -2.847798,
            53.342107
        ]
    },
    "2800S48090A": {
        "common_name": "Conleach Road",
        "coordinates": [
            -2.843916,
            53.341784
        ]
    },
    "2800S48176B": {
        "common_name": "Conleach Road",
        "coordinates": [
            -2.842299,
            53.343539
        ]
    },
    "2800S48119A": {
        "common_name": "Wood Road",
        "coordinates": [
            -2.838388,
            53.36087
        ]
    }
}