{
    "2800S42098K": {
        "common_name": "Liverpool ONE",
        "coordinates": [
            -2.986115,
            53.402583
        ]
    },
    "2800S42098C": {
        "common_name": "Liverpool ONE Bus Station",
        "coordinates": [
            -2.988174,
            53.402052
        ]
    },
    "2800S42080E": {
        "common_name": "College Lane",
        "coordinates": [
            -2.983079,
            53.403965
        ]
    },
    "2800S42080C": {
        "common_name": "School Lane",
        "coordinates": [
            -2.982692,
            53.404166
        ]
    },
    "2800S42080D": {
        "common_name": "Gradwell Street",
        "coordinates": [
            -2.983921,
            53.40332
        ]
    },
    "2800S42050B": {
        "common_name": "Ranelagh Street",
        "coordinates": [
            -2.979808,
            53.405637
        ]
    },
    "2800S42051D": {
        "common_name": "Adelphi Hotel",
        "coordinates": [
            -2.977046,
            53.40521
        ]
    },
    "2800S42052B": {
        "common_name": "Trowbridge Street",
        "coordinates": [
            -2.971356,
            53.405724
        ]
    },
    "2800S42053A": {
        "common_name": "Mount Pleasant",
        "coordinates": [
            -2.967483,
            53.406052
        ]
    },
    "2800S42051C": {
        "common_name": "Hawke Street",
        "coordinates": [
            -2.976005,
            53.405111
        ]
    },
    "2800S42040A": {
        "common_name": "Crown Street",
        "coordinates": [
            -2.962314,
            53.406309
        ]
    },
    "2800S42052A": {
        "common_name": "Ainsworth Street",
        "coordinates": [
            -2.973994,
            53.405316
        ]
    },
    "2800S42053B": {
        "common_name": "Mount Pleasant",
        "coordinates": [
            -2.96784,
            53.405887
        ]
    },
    "2800S42040B": {
        "common_name": "Crown Street",
        "coordinates": [
            -2.963663,
            53.406101
        ]
    },
    "2800S41069G": {
        "common_name": "Towerlands Street",
        "coordinates": [
            -2.956082,
            53.406099
        ]
    },
    "2800S41069A": {
        "common_name": "Overton Street",
        "coordinates": [
            -2.955302,
            53.405548
        ]
    },
    "2800S41070B": {
        "common_name": "Winifred Street",
        "coordinates": [
            -2.952235,
            53.404925
        ]
    },
    "2800S41071A": {
        "common_name": "Wavertree Shopping Centre",
        "coordinates": [
            -2.945791,
            53.404005
        ]
    },
    "2800S41070A": {
        "common_name": "Chatsworth Drive",
        "coordinates": [
            -2.950645,
            53.404479
        ]
    },
    "2800S41071B": {
        "common_name": "Wavertree Shopping Centre",
        "coordinates": [
            -2.945802,
            53.403799
        ]
    },
    "2800S41073A": {
        "common_name": "Salisbury Road",
        "coordinates": [
            -2.936246,
            53.40222
        ]
    },
    "2800S41073B": {
        "common_name": "Cecil Street",
        "coordinates": [
            -2.936432,
            53.40247
        ]
    },
    "2800S41074B": {
        "common_name": "Kempton Road",
        "coordinates": [
            -2.934102,
            53.401841
        ]
    },
    "2800S41075B": {
        "common_name": "Hey Green Road",
        "coordinates": [
            -2.926843,
            53.400073
        ]
    },
    "2800S41076B": {
        "common_name": "Southdale Road",
        "coordinates": [
            -2.924488,
            53.399651
        ]
    },
    "2800S41074A": {
        "common_name": "Picton Crescent",
        "coordinates": [
            -2.932796,
            53.401285
        ]
    },
    "2800S41075A": {
        "common_name": "Colville Street",
        "coordinates": [
            -2.92755,
            53.400077
        ]
    },
    "2800S41077A": {
        "common_name": "Grove Street",
        "coordinates": [
            -2.919928,
            53.398823
        ]
    },
    "2800S41076C": {
        "common_name": "Glynn Street",
        "coordinates": [
            -2.924575,
            53.399497
        ]
    },
    "2800S41060A": {
        "common_name": "Mill Lane",
        "coordinates": [
            -2.912562,
            53.398295
        ]
    },
    "2800S41077B": {
        "common_name": "Prince Alfred Road",
        "coordinates": [
            -2.919576,
            53.398556
        ]
    },
    "2800S41060G": {
        "common_name": "Lance Lane",
        "coordinates": [
            -2.914693,
            53.398054
        ]
    },
    "2800S43110B": {
        "common_name": "Abbeystead Road",
        "coordinates": [
            -2.904212,
            53.396705
        ]
    },
    "2800S43040C": {
        "common_name": "Queens Drive",
        "coordinates": [
            -2.898132,
            53.397236
        ]
    },
    "2800S43083D": {
        "common_name": "Canvey Close",
        "coordinates": [
            -2.911047,
            53.397786
        ]
    },
    "2800S43110A": {
        "common_name": "Beuclair Drive",
        "coordinates": [
            -2.903994,
            53.396392
        ]
    },
    "2800S43040B": {
        "common_name": "Queens Drive",
        "coordinates": [
            -2.898067,
            53.396994
        ]
    },
    "2800S43141A": {
        "common_name": "Queens Drive",
        "coordinates": [
            -2.895943,
            53.397576
        ]
    },
    "2800S43112B": {
        "common_name": "Childwall Mount Road",
        "coordinates": [
            -2.890354,
            53.398544
        ]
    },
    "2800S43141B": {
        "common_name": "Childwall Priory Road",
        "coordinates": [
            -2.895535,
            53.39749
        ]
    },
    "2800S43113C": {
        "common_name": "Score Lane",
        "coordinates": [
            -2.886803,
            53.399182
        ]
    },
    "2800S43114C": {
        "common_name": "Bentham Drive",
        "coordinates": [
            -2.883492,
            53.399809
        ]
    },
    "2800S43112A": {
        "common_name": "Childwall Mount Road",
        "coordinates": [
            -2.890875,
            53.398297
        ]
    },
    "2800S43113B": {
        "common_name": "Score Lane",
        "coordinates": [
            -2.887743,
            53.398851
        ]
    },
    "2800S43120B": {
        "common_name": "Hartsbourne Avenue",
        "coordinates": [
            -2.876961,
            53.400378
        ]
    },
    "2800S43114B": {
        "common_name": "Barnham Drive",
        "coordinates": [
            -2.884253,
            53.399506
        ]
    },
    "2800S43120A": {
        "common_name": "Hartsbourne Avenue",
        "coordinates": [
            -2.878175,
            53.400171
        ]
    },
    "2800S43055B": {
        "common_name": "Sandbrook Road",
        "coordinates": [
            -2.872778,
            53.399537
        ]
    },
    "2800S43056B": {
        "common_name": "Sarum Road",
        "coordinates": [
            -2.868962,
            53.397533
        ]
    },
    "2800S43055A": {
        "common_name": "Sandbrook Road",
        "coordinates": [
            -2.872683,
            53.39934
        ]
    },
    "2800S43056A": {
        "common_name": "Craighurst Road",
        "coordinates": [
            -2.870159,
            53.397965
        ]
    },
    "2800S50061B": {
        "common_name": "Mildenhall Road",
        "coordinates": [
            -2.865055,
            53.395467
        ]
    },
    "2800S50001B": {
        "common_name": "Chislehurst Avenue",
        "coordinates": [
            -2.861483,
            53.393623
        ]
    },
    "2800S50061A": {
        "common_name": "Mildenhall Road",
        "coordinates": [
            -2.86581,
            53.395641
        ]
    },
    "2800S50001A": {
        "common_name": "Chislehurst Avenue",
        "coordinates": [
            -2.862877,
            53.394126
        ]
    },
    "2800S50002B": {
        "common_name": "Belle Vale Interchange",
        "coordinates": [
            -2.856281,
            53.391413
        ]
    },
    "2800S50005C": {
        "common_name": "Runton Road",
        "coordinates": [
            -2.851944,
            53.39033
        ]
    },
    "2800S50002A": {
        "common_name": "Belle Vale Interchange",
        "coordinates": [
            -2.857337,
            53.391586
        ]
    },
    "2800S50005A": {
        "common_name": "Runton Road",
        "coordinates": [
            -2.850701,
            53.389853
        ]
    },
    "2800S50006B": {
        "common_name": "Garden Lodge Grove",
        "coordinates": [
            -2.843761,
            53.387161
        ]
    },
    "2800S50007B": {
        "common_name": "Middlemiss Hey",
        "coordinates": [
            -2.838342,
            53.38684
        ]
    },
    "2800S50006A": {
        "common_name": "Garden Lodge Grove",
        "coordinates": [
            -2.844457,
            53.387354
        ]
    },
    "2800S50008B": {
        "common_name": "Glebe Hey",
        "coordinates": [
            -2.835248,
            53.387796
        ]
    },
    "2800S50007A": {
        "common_name": "Middlemiss Hey",
        "coordinates": [
            -2.838397,
            53.386588
        ]
    },
    "2800S50008A": {
        "common_name": "Glebe Hey",
        "coordinates": [
            -2.834955,
            53.387394
        ]
    },
    "2800S50009B": {
        "common_name": "Peckmill Green",
        "coordinates": [
            -2.832458,
            53.385811
        ]
    },
    "2800S50010B": {
        "common_name": "Winster Drive",
        "coordinates": [
            -2.82901,
            53.384001
        ]
    },
    "2800S50009A": {
        "common_name": "Brakedale Close",
        "coordinates": [
            -2.832084,
            53.385149
        ]
    },
    "2800S50010A": {
        "common_name": "Beesands Close",
        "coordinates": [
            -2.82899,
            53.382986
        ]
    },
    "2800S48042A": {
        "common_name": "No. 1",
        "coordinates": [
            -2.832926,
            53.378976
        ]
    },
    "2800S48043B": {
        "common_name": "Gerrards Lane",
        "coordinates": [
            -2.84036,
            53.374816
        ]
    },
    "2800S48043A": {
        "common_name": "Okell Drive",
        "coordinates": [
            -2.840051,
            53.374369
        ]
    },
    "2800S48165B": {
        "common_name": "Redwing Way",
        "coordinates": [
            -2.843782,
            53.373794
        ]
    },
    "2800S48166B": {
        "common_name": "Foxglove Avenue",
        "coordinates": [
            -2.843392,
            53.370759
        ]
    },
    "2800S48165A": {
        "common_name": "Woodbridge Avenue",
        "coordinates": [
            -2.842725,
            53.374269
        ]
    },
    "2800S48158B": {
        "common_name": "Harrier Drive",
        "coordinates": [
            -2.841139,
            53.368537
        ]
    },
    "2800S48091B": {
        "common_name": "Trispen Close",
        "coordinates": [
            -2.836412,
            53.367401
        ]
    },
    "2800S48092A": {
        "common_name": "Totnes Avenue",
        "coordinates": [
            -2.834286,
            53.368567
        ]
    },
    "2800S48044B": {
        "common_name": "Helston Avenue",
        "coordinates": [
            -2.828717,
            53.36972
        ]
    },
    "2800S48166A": {
        "common_name": "Foxleigh",
        "coordinates": [
            -2.844597,
            53.37164
        ]
    },
    "2800S48158A": {
        "common_name": "Harrier Drive",
        "coordinates": [
            -2.841623,
            53.368695
        ]
    },
    "2800S48091A": {
        "common_name": "Torcross Way",
        "coordinates": [
            -2.837734,
            53.366583
        ]
    },
    "2800S48152A": {
        "common_name": "Helston Avenue",
        "coordinates": [
            -2.83286,
            53.369431
        ]
    },
    "2800S48038A": {
        "common_name": "Hollies Road",
        "coordinates": [
            -2.825806,
            53.368392
        ]
    },
    "2800S48038B": {
        "common_name": "Hollies Road",
        "coordinates": [
            -2.826112,
            53.36866
        ]
    },
    "2800S48039A": {
        "common_name": "Church Road",
        "coordinates": [
            -2.822878,
            53.366947
        ]
    },
    "2800S48039B": {
        "common_name": "Elwyn Drive",
        "coordinates": [
            -2.823597,
            53.367634
        ]
    },
    "2800S48039C": {
        "common_name": "Church Road",
        "coordinates": [
            -2.823103,
            53.366946
        ]
    },
    "2800S48040A": {
        "common_name": "Leathers Lane",
        "coordinates": [
            -2.82291,
            53.364718
        ]
    },
    "2800S48040B": {
        "common_name": "Leathers Lane",
        "coordinates": [
            -2.822622,
            53.364585
        ]
    },
    "2800S48041A": {
        "common_name": "Hornbeam Road",
        "coordinates": [
            -2.824223,
            53.363486
        ]
    },
    "2800S48035C": {
        "common_name": "Barncroft Road",
        "coordinates": [
            -2.828136,
            53.36221
        ]
    },
    "2800S48118E": {
        "common_name": "Halewood Shopping Centre",
        "coordinates": [
            -2.829176,
            53.360854
        ]
    },
    "2800S48041B": {
        "common_name": "Baileys Lane",
        "coordinates": [
            -2.823073,
            53.363845
        ]
    },
    "2800S48035D": {
        "common_name": "Wood Road",
        "coordinates": [
            -2.828675,
            53.362134
        ]
    },
    "2800S48118A": {
        "common_name": "Leathers Lane",
        "coordinates": [
            -2.830278,
            53.359929
        ]
    }
}