{
    "2800S42098C": {
        "common_name": "Liverpool ONE Bus Station",
        "coordinates": [
            -2.988174,
            53.402052
        ]
    },
    "2800S42098K": {
        "common_name": "Liverpool ONE",
        "coordinates": [
            -2.986115,
            53.402583
        ]
    },
    "2800S42080E": {
        "common_name": "College Lane",
        "coordinates": [
            -2.983079,
            53.403965
        ]
    },
    "2800S42023N": {
        "common_name": "Queen Square Bus Station",
        "coordinates": [
            -2.98379,
            53.40736
        ]
    },
    "2800S42023D": {
        "common_name": "Queen Square Bus Station",
        "coordinates": [
            -2.981439,
            53.407853
        ]
    },
    "2800S42050B": {
        "common_name": "Ranelagh Street",
        "coordinates": [
            -2.979808,
            53.405637
        ]
    },
    "2800S42080D": {
        "common_name": "Gradwell Street",
        "coordinates": [
            -2.983921,
            53.40332
        ]
    },
    "2800S42051A": {
        "common_name": "Adelphi Hotel",
        "coordinates": [
            -2.977211,
            53.4052
        ]
    },
    "2800S42052B": {
        "common_name": "Trowbridge Street",
        "coordinates": [
            -2.971356,
            53.405724
        ]
    },
    "2800S42053A": {
        "common_name": "Mount Pleasant",
        "coordinates": [
            -2.967483,
            53.406052
        ]
    },
    "2800S42051C": {
        "common_name": "Hawke Street",
        "coordinates": [
            -2.976005,
            53.405111
        ]
    },
    "2800S42040A": {
        "common_name": "Crown Street",
        "coordinates": [
            -2.962314,
            53.406309
        ]
    },
    "2800S42052A": {
        "common_name": "Ainsworth Street",
        "coordinates": [
            -2.973994,
            53.405316
        ]
    },
    "2800S42053B": {
        "common_name": "Mount Pleasant",
        "coordinates": [
            -2.96784,
            53.405887
        ]
    },
    "2800S42040B": {
        "common_name": "Crown Street",
        "coordinates": [
            -2.963663,
            53.406101
        ]
    },
    "2800S41069D": {
        "common_name": "Hall Lane",
        "coordinates": [
            -2.957284,
            53.407375
        ]
    },
    "2800S41235B": {
        "common_name": "Mount Vernon Road",
        "coordinates": [
            -2.959277,
            53.407035
        ]
    },
    "2800S41236A": {
        "common_name": "Towerlands Street",
        "coordinates": [
            -2.955954,
            53.407134
        ]
    },
    "2800S41088A": {
        "common_name": "Jubilee Drive",
        "coordinates": [
            -2.952967,
            53.407382
        ]
    },
    "2800S41089A": {
        "common_name": "Holt Road",
        "coordinates": [
            -2.947587,
            53.408315
        ]
    },
    "2800S41088B": {
        "common_name": "Marmaduke Street",
        "coordinates": [
            -2.952962,
            53.407166
        ]
    },
    "2800S41089B": {
        "common_name": "Durning Road",
        "coordinates": [
            -2.947537,
            53.408091
        ]
    },
    "2800S41090B": {
        "common_name": "Deane Road",
        "coordinates": [
            -2.943468,
            53.408473
        ]
    },
    "2800S41091A": {
        "common_name": "Laurel Road",
        "coordinates": [
            -2.937666,
            53.409346
        ]
    },
    "2800S41090A": {
        "common_name": "Botanic Place",
        "coordinates": [
            -2.943418,
            53.408213
        ]
    },
    "2800S41091B": {
        "common_name": "Innovation Boulevard",
        "coordinates": [
            -2.936761,
            53.409254
        ]
    },
    "2800S41067B": {
        "common_name": "West Bank Road",
        "coordinates": [
            -2.931052,
            53.410288
        ]
    },
    "2800S41066B": {
        "common_name": "Ardleigh Road",
        "coordinates": [
            -2.926315,
            53.410378
        ]
    },
    "2800S41067A": {
        "common_name": "Milton Road",
        "coordinates": [
            -2.930777,
            53.410065
        ]
    },
    "2800S41066A": {
        "common_name": "Ardleigh Road",
        "coordinates": [
            -2.926295,
            53.410154
        ]
    },
    "2800S41092B": {
        "common_name": "Elmway Close",
        "coordinates": [
            -2.919901,
            53.410131
        ]
    },
    "2800S41092A": {
        "common_name": "Rathbone Road",
        "coordinates": [
            -2.919986,
            53.40987
        ]
    },
    "2800S41065B": {
        "common_name": "St Oswald Street",
        "coordinates": [
            -2.915715,
            53.40993
        ]
    },
    "2800S44094B": {
        "common_name": "Domville Road",
        "coordinates": [
            -2.910037,
            53.408238
        ]
    },
    "2800S41065A": {
        "common_name": "Mill Lane",
        "coordinates": [
            -2.915541,
            53.409554
        ]
    },
    "2800S44094A": {
        "common_name": "Domville Road",
        "coordinates": [
            -2.908743,
            53.407502
        ]
    },
    "2800S44074D": {
        "common_name": "Edge Lane Drive",
        "coordinates": [
            -2.903172,
            53.407994
        ]
    },
    "2800S44074A": {
        "common_name": "Warnerville Road",
        "coordinates": [
            -2.904757,
            53.407541
        ]
    },
    "2800S44073A": {
        "common_name": "Queens Drive",
        "coordinates": [
            -2.900893,
            53.409027
        ]
    },
    "2800S44073B": {
        "common_name": "Thomas Drive",
        "coordinates": [
            -2.901248,
            53.409474
        ]
    },
    "2800S44071A": {
        "common_name": "Thomas Lane",
        "coordinates": [
            -2.893739,
            53.410816
        ]
    },
    "2800S44072B": {
        "common_name": "Lingfield Road",
        "coordinates": [
            -2.896353,
            53.409924
        ]
    },
    "2800S44070B": {
        "common_name": "Thingwall Lane",
        "coordinates": [
            -2.892059,
            53.414639
        ]
    },
    "2800S44110B": {
        "common_name": "East Prescot Road",
        "coordinates": [
            -2.889477,
            53.417805
        ]
    },
    "2800S44071B": {
        "common_name": "Thingwall Avenue",
        "coordinates": [
            -2.892465,
            53.41144
        ]
    },
    "2800S44070A": {
        "common_name": "Brookside Avenue",
        "coordinates": [
            -2.891351,
            53.415292
        ]
    },
    "2800S44004D": {
        "common_name": "Gala Close",
        "coordinates": [
            -2.885536,
            53.419308
        ]
    },
    "2800S44005B": {
        "common_name": "Ackers Hall Avenue",
        "coordinates": [
            -2.880267,
            53.419886
        ]
    },
    "2800S44070C": {
        "common_name": "Oak Grange",
        "coordinates": [
            -2.890065,
            53.416398
        ]
    },
    "2800S44110A": {
        "common_name": "Pilch Lane",
        "coordinates": [
            -2.889122,
            53.418086
        ]
    },
    "2800S44006C": {
        "common_name": "Finch Lane",
        "coordinates": [
            -2.876347,
            53.420284
        ]
    },
    "2800S44004C": {
        "common_name": "Pilch Bank Road",
        "coordinates": [
            -2.887032,
            53.418884
        ]
    },
    "2800S44143A": {
        "common_name": "Taurus Road",
        "coordinates": [
            -2.871853,
            53.420532
        ]
    },
    "2800S44005A": {
        "common_name": "Churchdown Grove",
        "coordinates": [
            -2.882482,
            53.419349
        ]
    },
    "2800S44006B": {
        "common_name": "Dovecot Avenue",
        "coordinates": [
            -2.877979,
            53.419885
        ]
    },
    "2800S44143B": {
        "common_name": "Somerford Road",
        "coordinates": [
            -2.874404,
            53.420145
        ]
    },
    "2800S44007A": {
        "common_name": "Lordens Road",
        "coordinates": [
            -2.866462,
            53.421039
        ]
    },
    "2800S44123C": {
        "common_name": "Princess Drive",
        "coordinates": [
            -2.862039,
            53.421871
        ]
    },
    "2800S44007B": {
        "common_name": "Ashover Avenue",
        "coordinates": [
            -2.868945,
            53.420329
        ]
    },
    "2800S44008B": {
        "common_name": "Calgarth Road",
        "coordinates": [
            -2.858323,
            53.422662
        ]
    },
    "2800S44123B": {
        "common_name": "Page Moss Avenue",
        "coordinates": [
            -2.862885,
            53.421281
        ]
    },
    "2800S44008E": {
        "common_name": "Stockbridge Lane",
        "coordinates": [
            -2.859641,
            53.42232
        ]
    },
    "2800S44009B": {
        "common_name": "Mardale Road",
        "coordinates": [
            -2.853559,
            53.42373
        ]
    },
    "2800S44013B": {
        "common_name": "Pennard Avenue",
        "coordinates": [
            -2.847068,
            53.424954
        ]
    },
    "2800S44009A": {
        "common_name": "Fairclough Road",
        "coordinates": [
            -2.853827,
            53.423566
        ]
    },
    "2800S44013A": {
        "common_name": "Parbrook Road",
        "coordinates": [
            -2.848805,
            53.424519
        ]
    },
    "2800S44014B": {
        "common_name": "Hillside Avenue",
        "coordinates": [
            -2.84303,
            53.425486
        ]
    },
    "2800S44019E": {
        "common_name": "Wastle Bridge Road",
        "coordinates": [
            -2.842348,
            53.4222
        ]
    },
    "2800S44014A": {
        "common_name": "Nyland Road",
        "coordinates": [
            -2.843147,
            53.425296
        ]
    },
    "2800S44019A": {
        "common_name": "Regent Park",
        "coordinates": [
            -2.842512,
            53.422891
        ]
    },
    "2800S44104B": {
        "common_name": "Blue Bell Lane",
        "coordinates": [
            -2.841777,
            53.421494
        ]
    },
    "2800S44105A": {
        "common_name": "Mossbrow Road",
        "coordinates": [
            -2.838904,
            53.421551
        ]
    },
    "2800S44106A": {
        "common_name": "Midway Road",
        "coordinates": [
            -2.838232,
            53.418724
        ]
    },
    "2800S44103A": {
        "common_name": "Blue Bell Lane",
        "coordinates": [
            -2.840597,
            53.416595
        ]
    },
    "2800S44104A": {
        "common_name": "Bower Road",
        "coordinates": [
            -2.840738,
            53.421439
        ]
    },
    "2800S44106B": {
        "common_name": "Midway Road",
        "coordinates": [
            -2.838331,
            53.419173
        ]
    },
    "2800S44108A": {
        "common_name": "Alt Road",
        "coordinates": [
            -2.840538,
            53.415094
        ]
    },
    "2800S44103B": {
        "common_name": "Brookwood Road",
        "coordinates": [
            -2.840211,
            53.41684
        ]
    },
    "2800S44108B": {
        "common_name": "Salerno Drive",
        "coordinates": [
            -2.84095,
            53.415406
        ]
    },
    "2800S44040A": {
        "common_name": "Huyton Town Centre",
        "coordinates": [
            -2.841549,
            53.412211
        ]
    },
    "2800S44049A": {
        "common_name": "Westmorland Road",
        "coordinates": [
            -2.841163,
            53.410173
        ]
    },
    "2800S44041C": {
        "common_name": "Huyton Lane",
        "coordinates": [
            -2.838298,
            53.412908
        ]
    },
    "2800S44188G": {
        "common_name": "Huyton Bus Station",
        "coordinates": [
            -2.838012,
            53.410015
        ]
    },
    "2800S44188B": {
        "common_name": "Huyton Bus Station",
        "coordinates": [
            -2.838902,
            53.409982
        ]
    },
    "2800S51082B": {
        "common_name": "St Agnes Road",
        "coordinates": [
            -2.831638,
            53.407768
        ]
    },
    "2800S51082A": {
        "common_name": "St Agnes Road",
        "coordinates": [
            -2.831645,
            53.4081
        ]
    },
    "2800S51088B": {
        "common_name": "Sandiway",
        "coordinates": [
            -2.832943,
            53.405251
        ]
    },
    "2800S51047A": {
        "common_name": "St Annes Road",
        "coordinates": [
            -2.833847,
            53.406107
        ]
    },
    "2800S51038A": {
        "common_name": "Elizabeth Road",
        "coordinates": [
            -2.83024,
            53.403202
        ]
    },
    "2800S51088A": {
        "common_name": "Meadow Drive",
        "coordinates": [
            -2.830587,
            53.404
        ]
    },
    "2800S51087B": {
        "common_name": "Tarbock Road",
        "coordinates": [
            -2.831482,
            53.401288
        ]
    },
    "2800S50051A": {
        "common_name": "Biglands Drive",
        "coordinates": [
            -2.830357,
            53.400684
        ]
    },
    "2800S50039B": {
        "common_name": "Coney Lane",
        "coordinates": [
            -2.827728,
            53.400091
        ]
    },
    "2800S51087A": {
        "common_name": "Oakfield Drive",
        "coordinates": [
            -2.831342,
            53.401837
        ]
    },
    "2800S50051B": {
        "common_name": "Biglands Drive",
        "coordinates": [
            -2.830037,
            53.40048
        ]
    },
    "2800S50040B": {
        "common_name": "Whitefield Lane",
        "coordinates": [
            -2.821013,
            53.398924
        ]
    },
    "2800S50039A": {
        "common_name": "Manley Road",
        "coordinates": [
            -2.827136,
            53.39979
        ]
    },
    "2800S50040A": {
        "common_name": "Bardley Crescent",
        "coordinates": [
            -2.821764,
            53.398874
        ]
    },
    "2800S50041B": {
        "common_name": "Wilson Road",
        "coordinates": [
            -2.814234,
            53.399159
        ]
    },
    "2800S50041A": {
        "common_name": "Coppice Lane",
        "coordinates": [
            -2.816463,
            53.398506
        ]
    },
    "2800S50042C": {
        "common_name": "Dacres Bridge Lane",
        "coordinates": [
            -2.794876,
            53.395029
        ]
    },
    "2800S50042A": {
        "common_name": "Dacres Bridge Lane",
        "coordinates": [
            -2.794456,
            53.395059
        ]
    },
    "2800S50043A": {
        "common_name": "Foxs Bank Lane",
        "coordinates": [
            -2.788525,
            53.393939
        ]
    },
    "2800S50043B": {
        "common_name": "Prescot Road",
        "coordinates": [
            -2.788567,
            53.393777
        ]
    },
    "2800S50044A": {
        "common_name": "Tue Lane",
        "coordinates": [
            -2.781412,
            53.392269
        ]
    },
    "2800S50045B": {
        "common_name": "Alder Lane",
        "coordinates": [
            -2.771796,
            53.388592
        ]
    },
    "2800S50046B": {
        "common_name": "Smithy Lane",
        "coordinates": [
            -2.762075,
            53.388996
        ]
    },
    "2800S50044B": {
        "common_name": "Tue Lane",
        "coordinates": [
            -2.781922,
            53.392211
        ]
    },
    "2800S50045A": {
        "common_name": "Alder Lane",
        "coordinates": [
            -2.771912,
            53.388348
        ]
    },
    "2800S50046A": {
        "common_name": "Chapel Lane",
        "coordinates": [
            -2.761922,
            53.388835
        ]
    },
    "2800S50047B": {
        "common_name": "Hall Lane",
        "coordinates": [
            -2.757168,
            53.389531
        ]
    },
    "2800S50047A": {
        "common_name": "Hall Lane",
        "coordinates": [
            -2.757321,
            53.389718
        ]
    },
    "068000000327": {
        "common_name": "Pex Hill",
        "coordinates": [
            -2.745611,
            53.389882
        ]
    },
    "068000000326": {
        "common_name": "Pex Hill",
        "coordinates": [
            -2.745938,
            53.389682
        ]
    },
    "068000000324": {
        "common_name": "Hillcrest",
        "coordinates": [
            -2.743158,
            53.38978
        ]
    },
    "068000000325": {
        "common_name": "Hillcrest",
        "coordinates": [
            -2.742725,
            53.389945
        ]
    },
    "068000000323": {
        "common_name": "The Globe",
        "coordinates": [
            -2.736876,
            53.389936
        ]
    },
    "068000000322": {
        "common_name": "The Globe",
        "coordinates": [
            -2.736663,
            53.389839
        ]
    },
    "068000000320": {
        "common_name": "Cranshaw Lane",
        "coordinates": [
            -2.728415,
            53.390213
        ]
    },
    "068000000318": {
        "common_name": "Church View",
        "coordinates": [
            -2.724186,
            53.389133
        ]
    },
    "068000000321": {
        "common_name": "Wilmere Lane",
        "coordinates": [
            -2.734789,
            53.390129
        ]
    },
    "068000000319": {
        "common_name": "Cranshaw Lane",
        "coordinates": [
            -2.728714,
            53.390157
        ]
    },
    "068000000316": {
        "common_name": "Glebe Garage",
        "coordinates": [
            -2.71972,
            53.387335
        ]
    },
    "068000000317": {
        "common_name": "Church View",
        "coordinates": [
            -2.724546,
            53.389095
        ]
    },
    "068000000315": {
        "common_name": "Glebe Garage",
        "coordinates": [
            -2.719383,
            53.386978
        ]
    },
    "068000000314": {
        "common_name": "Everglades",
        "coordinates": [
            -2.713143,
            53.386035
        ]
    },
    "068000000313": {
        "common_name": "Everglades",
        "coordinates": [
            -2.713005,
            53.385901
        ]
    },
    "068000000311": {
        "common_name": "Barrows Green",
        "coordinates": [
            -2.70685,
            53.38557
        ]
    },
    "068000000310": {
        "common_name": "Derby Road",
        "coordinates": [
            -2.706627,
            53.385715
        ]
    },
    "068000000308": {
        "common_name": "Pendlebury Farm",
        "coordinates": [
            -2.69483,
            53.386036
        ]
    },
    "068000000309": {
        "common_name": "Pendlebury Farm",
        "coordinates": [
            -2.694859,
            53.385982
        ]
    },
    "069000014203": {
        "common_name": "Railway Cottages",
        "coordinates": [
            -2.688454,
            53.385048
        ]
    },
    "069000022867": {
        "common_name": "Garden Centre",
        "coordinates": [
            -2.685077,
            53.384483
        ]
    },
    "069000022868": {
        "common_name": "Oak Trees",
        "coordinates": [
            -2.6774,
            53.382927
        ]
    },
    "069000024010": {
        "common_name": "Farnworth Road",
        "coordinates": [
            -2.669994,
            53.382312
        ]
    },
    "069000011325": {
        "common_name": "Railway Cottages",
        "coordinates": [
            -2.688964,
            53.384991
        ]
    },
    "069000014202": {
        "common_name": "Garden Centre",
        "coordinates": [
            -2.684939,
            53.384322
        ]
    },
    "069000014199": {
        "common_name": "Oak Trees",
        "coordinates": [
            -2.678257,
            53.38294
        ]
    },
    "069000014270": {
        "common_name": "Farnworth Road",
        "coordinates": [
            -2.670428,
            53.382211
        ]
    },
    "069000014180": {
        "common_name": "Bank Gardens",
        "coordinates": [
            -2.663948,
            53.382184
        ]
    },
    "069000023640": {
        "common_name": "Bank Gardens",
        "coordinates": [
            -2.66241,
            53.382849
        ]
    },
    "069000023650": {
        "common_name": "Post Office",
        "coordinates": [
            -2.657246,
            53.383345
        ]
    },
    "069000024020": {
        "common_name": "Greystone Road",
        "coordinates": [
            -2.653376,
            53.383933
        ]
    },
    "069000024030": {
        "common_name": "Coronation Drive",
        "coordinates": [
            -2.650167,
            53.384508
        ]
    },
    "069000014170": {
        "common_name": "Red Lion",
        "coordinates": [
            -2.659481,
            53.383054
        ]
    },
    "069000014390": {
        "common_name": "Greystone Road",
        "coordinates": [
            -2.654315,
            53.38337
        ]
    },
    "069000024035": {
        "common_name": "Heath Road",
        "coordinates": [
            -2.647121,
            53.384884
        ]
    },
    "069000024045": {
        "common_name": "Brookside Avenue",
        "coordinates": [
            -2.640951,
            53.386481
        ]
    },
    "069000014150": {
        "common_name": "Coronation Drive",
        "coordinates": [
            -2.650733,
            53.384145
        ]
    },
    "069000014140": {
        "common_name": "Heath Road",
        "coordinates": [
            -2.646246,
            53.384655
        ]
    },
    "069000024070": {
        "common_name": "Penketh Lane Ends",
        "coordinates": [
            -2.63677,
            53.386404
        ]
    },
    "069000024080": {
        "common_name": "Georges Road",
        "coordinates": [
            -2.632921,
            53.3854
        ]
    },
    "069000014375": {
        "common_name": "Brookside Avenue",
        "coordinates": [
            -2.640302,
            53.386314
        ]
    },
    "069000014120": {
        "common_name": "Penketh Lane Ends",
        "coordinates": [
            -2.63645,
            53.386128
        ]
    },
    "069000014110": {
        "common_name": "Georges Road",
        "coordinates": [
            -2.633311,
            53.385317
        ]
    },
    "069000024090": {
        "common_name": "Kent Road",
        "coordinates": [
            -2.628908,
            53.384496
        ]
    },
    "069000014100": {
        "common_name": "Kent Road",
        "coordinates": [
            -2.629584,
            53.384456
        ]
    },
    "069000014090": {
        "common_name": "Sankey Bridges",
        "coordinates": [
            -2.624524,
            53.383871
        ]
    },
    "069000024100": {
        "common_name": "Sankey Bridges",
        "coordinates": [
            -2.624421,
            53.383989
        ]
    },
    "069000024110": {
        "common_name": "Gatewarth Street",
        "coordinates": [
            -2.62026,
            53.384235
        ]
    },
    "069000024120": {
        "common_name": "Coach & Horses",
        "coordinates": [
            -2.615912,
            53.385067
        ]
    },
    "069000014080": {
        "common_name": "Gatewarth Street",
        "coordinates": [
            -2.621305,
            53.383753
        ]
    },
    "069000014070": {
        "common_name": "Coach & Horses",
        "coordinates": [
            -2.61546,
            53.384997
        ]
    },
    "069000024130": {
        "common_name": "Pickmere Street",
        "coordinates": [
            -2.612189,
            53.386551
        ]
    },
    "069000024260": {
        "common_name": "Crosfields",
        "coordinates": [
            -2.605906,
            53.388767
        ]
    },
    "069000014060": {
        "common_name": "Pickmere Street",
        "coordinates": [
            -2.612142,
            53.386363
        ]
    },
    "069000014050": {
        "common_name": "Crosfields",
        "coordinates": [
            -2.607949,
            53.388649
        ]
    },
    "069000024270": {
        "common_name": "Town Hall",
        "coordinates": [
            -2.60132,
            53.388737
        ]
    },
    "069000024280": {
        "common_name": "Garven Place Alighting Only",
        "coordinates": [
            -2.597576,
            53.388773
        ]
    },
    "0690WNA02859": {
        "common_name": "Bus Interchange",
        "coordinates": [
            -2.594211,
            53.391109
        ]
    },
    "069000010280": {
        "common_name": "Town Hall",
        "coordinates": [
            -2.600099,
            53.388563
        ]
    },
    "069000010220": {
        "common_name": "Hays House",
        "coordinates": [
            -2.597694,
            53.388611
        ]
    },
    "069000010223": {
        "common_name": "Legh Street",
        "coordinates": [
            -2.597269,
            53.389422
        ]
    }
}