{
    "2800S42098C": {
        "common_name": "Liverpool ONE Bus Station",
        "coordinates": [
            -2.988174,
            53.402052
        ]
    },
    "2800S42080E": {
        "common_name": "College Lane",
        "coordinates": [
            -2.983079,
            53.403965
        ]
    },
    "2800S42050B": {
        "common_name": "Ranelagh Street",
        "coordinates": [
            -2.979808,
            53.405637
        ]
    },
    "2800S42023N": {
        "common_name": "Queen Square Bus Station",
        "coordinates": [
            -2.98379,
            53.40736
        ]
    },
    "2800S42023D": {
        "common_name": "Queen Square Bus Station",
        "coordinates": [
            -2.981439,
            53.407853
        ]
    },
    "2800S42051A": {
        "common_name": "Adelphi Hotel",
        "coordinates": [
            -2.977211,
            53.4052
        ]
    },
    "2800S42052B": {
        "common_name": "Trowbridge Street",
        "coordinates": [
            -2.971356,
            53.405724
        ]
    },
    "2800S42053A": {
        "common_name": "Mount Pleasant",
        "coordinates": [
            -2.967483,
            53.406052
        ]
    },
    "2800S42040A": {
        "common_name": "Crown Street",
        "coordinates": [
            -2.962314,
            53.406309
        ]
    },
    "2800S41069D": {
        "common_name": "Hall Lane",
        "coordinates": [
            -2.957284,
            53.407375
        ]
    },
    "2800S41088A": {
        "common_name": "Jubilee Drive",
        "coordinates": [
            -2.952967,
            53.407382
        ]
    },
    "2800S41089A": {
        "common_name": "Holt Road",
        "coordinates": [
            -2.947587,
            53.408315
        ]
    },
    "2800S41090B": {
        "common_name": "Deane Road",
        "coordinates": [
            -2.943468,
            53.408473
        ]
    },
    "2800S41091A": {
        "common_name": "Laurel Road",
        "coordinates": [
            -2.937666,
            53.409346
        ]
    },
    "2800S41067B": {
        "common_name": "West Bank Road",
        "coordinates": [
            -2.931052,
            53.410288
        ]
    },
    "2800S41066B": {
        "common_name": "Ardleigh Road",
        "coordinates": [
            -2.926315,
            53.410378
        ]
    },
    "2800S41092B": {
        "common_name": "Elmway Close",
        "coordinates": [
            -2.919901,
            53.410131
        ]
    },
    "2800S41065B": {
        "common_name": "St Oswald Street",
        "coordinates": [
            -2.915715,
            53.40993
        ]
    },
    "2800S44094B": {
        "common_name": "Domville Road",
        "coordinates": [
            -2.910037,
            53.408238
        ]
    },
    "2800S44074D": {
        "common_name": "Edge Lane Drive",
        "coordinates": [
            -2.903172,
            53.407994
        ]
    },
    "2800S44073B": {
        "common_name": "Thomas Drive",
        "coordinates": [
            -2.901248,
            53.409474
        ]
    },
    "2800S44071A": {
        "common_name": "Thomas Lane",
        "coordinates": [
            -2.893739,
            53.410816
        ]
    },
    "2800S44070B": {
        "common_name": "Thingwall Lane",
        "coordinates": [
            -2.892059,
            53.414639
        ]
    },
    "2800S44110B": {
        "common_name": "East Prescot Road",
        "coordinates": [
            -2.889477,
            53.417805
        ]
    },
    "2800S44004D": {
        "common_name": "Gala Close",
        "coordinates": [
            -2.885536,
            53.419308
        ]
    },
    "2800S44005B": {
        "common_name": "Ackers Hall Avenue",
        "coordinates": [
            -2.880267,
            53.419886
        ]
    },
    "2800S44006C": {
        "common_name": "Finch Lane",
        "coordinates": [
            -2.876347,
            53.420284
        ]
    },
    "2800S44143A": {
        "common_name": "Taurus Road",
        "coordinates": [
            -2.871853,
            53.420532
        ]
    },
    "2800S44007A": {
        "common_name": "Lordens Road",
        "coordinates": [
            -2.866462,
            53.421039
        ]
    },
    "2800S44123C": {
        "common_name": "Princess Drive",
        "coordinates": [
            -2.862039,
            53.421871
        ]
    },
    "2800S44008B": {
        "common_name": "Calgarth Road",
        "coordinates": [
            -2.858323,
            53.422662
        ]
    },
    "2800S44009B": {
        "common_name": "Mardale Road",
        "coordinates": [
            -2.853559,
            53.42373
        ]
    },
    "2800S44013B": {
        "common_name": "Pennard Avenue",
        "coordinates": [
            -2.847068,
            53.424954
        ]
    },
    "2800S44014B": {
        "common_name": "Hillside Avenue",
        "coordinates": [
            -2.84303,
            53.425486
        ]
    },
    "2800S44019E": {
        "common_name": "Wastle Bridge Road",
        "coordinates": [
            -2.842348,
            53.4222
        ]
    },
    "2800S44104B": {
        "common_name": "Blue Bell Lane",
        "coordinates": [
            -2.841777,
            53.421494
        ]
    },
    "2800S44105A": {
        "common_name": "Mossbrow Road",
        "coordinates": [
            -2.838904,
            53.421551
        ]
    },
    "2800S44106A": {
        "common_name": "Midway Road",
        "coordinates": [
            -2.838232,
            53.418724
        ]
    },
    "2800S44103A": {
        "common_name": "Blue Bell Lane",
        "coordinates": [
            -2.840597,
            53.416595
        ]
    },
    "2800S44108A": {
        "common_name": "Alt Road",
        "coordinates": [
            -2.840538,
            53.415094
        ]
    },
    "2800S44040A": {
        "common_name": "Huyton Town Centre",
        "coordinates": [
            -2.841549,
            53.412211
        ]
    },
    "2800S44049A": {
        "common_name": "Westmorland Road",
        "coordinates": [
            -2.841163,
            53.410173
        ]
    },
    "2800S44188B": {
        "common_name": "Huyton Bus Station",
        "coordinates": [
            -2.838902,
            53.409982
        ]
    }
}