{
    "2800S41065A": {
        "common_name": "Mill Lane",
        "coordinates": [
            -2.915541,
            53.409554
        ]
    },
    "2800S44094A": {
        "common_name": "Domville Road",
        "coordinates": [
            -2.908743,
            53.407502
        ]
    },
    "2800S44074A": {
        "common_name": "Warnerville Road",
        "coordinates": [
            -2.904757,
            53.407541
        ]
    },
    "2800S44073A": {
        "common_name": "Queens Drive",
        "coordinates": [
            -2.900893,
            53.409027
        ]
    },
    "2800S44072B": {
        "common_name": "Lingfield Road",
        "coordinates": [
            -2.896353,
            53.409924
        ]
    },
    "2800S44071B": {
        "common_name": "Thingwall Avenue",
        "coordinates": [
            -2.892465,
            53.41144
        ]
    },
    "2800S44070A": {
        "common_name": "Brookside Avenue",
        "coordinates": [
            -2.891351,
            53.415292
        ]
    },
    "2800S44070C": {
        "common_name": "Oak Grange",
        "coordinates": [
            -2.890065,
            53.416398
        ]
    },
    "2800S44110A": {
        "common_name": "Pilch Lane",
        "coordinates": [
            -2.889122,
            53.418086
        ]
    },
    "2800S44004C": {
        "common_name": "Pilch Bank Road",
        "coordinates": [
            -2.887032,
            53.418884
        ]
    },
    "2800S44005A": {
        "common_name": "Churchdown Grove",
        "coordinates": [
            -2.882482,
            53.419349
        ]
    },
    "2800S44006B": {
        "common_name": "Dovecot Avenue",
        "coordinates": [
            -2.877979,
            53.419885
        ]
    },
    "2800S44143B": {
        "common_name": "Somerford Road",
        "coordinates": [
            -2.874404,
            53.420145
        ]
    },
    "2800S44007B": {
        "common_name": "Ashover Avenue",
        "coordinates": [
            -2.868945,
            53.420329
        ]
    },
    "2800S44123B": {
        "common_name": "Page Moss Avenue",
        "coordinates": [
            -2.862885,
            53.421281
        ]
    },
    "2800S44008E": {
        "common_name": "Stockbridge Lane",
        "coordinates": [
            -2.859641,
            53.42232
        ]
    },
    "2800S44009A": {
        "common_name": "Fairclough Road",
        "coordinates": [
            -2.853827,
            53.423566
        ]
    },
    "2800S44013A": {
        "common_name": "Parbrook Road",
        "coordinates": [
            -2.848805,
            53.424519
        ]
    },
    "2800S44014A": {
        "common_name": "Nyland Road",
        "coordinates": [
            -2.843147,
            53.425296
        ]
    },
    "2800S44019A": {
        "common_name": "Regent Park",
        "coordinates": [
            -2.842512,
            53.422891
        ]
    },
    "2800S44104A": {
        "common_name": "Bower Road",
        "coordinates": [
            -2.840738,
            53.421439
        ]
    },
    "2800S44106B": {
        "common_name": "Midway Road",
        "coordinates": [
            -2.838331,
            53.419173
        ]
    },
    "2800S44103B": {
        "common_name": "Brookwood Road",
        "coordinates": [
            -2.840211,
            53.41684
        ]
    },
    "2800S44108B": {
        "common_name": "Salerno Drive",
        "coordinates": [
            -2.84095,
            53.415406
        ]
    },
    "2800S44041C": {
        "common_name": "Huyton Lane",
        "coordinates": [
            -2.838298,
            53.412908
        ]
    },
    "2800S44188G": {
        "common_name": "Huyton Bus Station",
        "coordinates": [
            -2.838012,
            53.410015
        ]
    },
    "2800S51082A": {
        "common_name": "St Agnes Road",
        "coordinates": [
            -2.831645,
            53.4081
        ]
    },
    "2800S51047A": {
        "common_name": "St Annes Road",
        "coordinates": [
            -2.833847,
            53.406107
        ]
    },
    "2800S51088A": {
        "common_name": "Meadow Drive",
        "coordinates": [
            -2.830587,
            53.404
        ]
    },
    "2800S51087A": {
        "common_name": "Oakfield Drive",
        "coordinates": [
            -2.831342,
            53.401837
        ]
    },
    "2800S50051B": {
        "common_name": "Biglands Drive",
        "coordinates": [
            -2.830037,
            53.40048
        ]
    },
    "2800S50039A": {
        "common_name": "Manley Road",
        "coordinates": [
            -2.827136,
            53.39979
        ]
    },
    "2800S50040A": {
        "common_name": "Bardley Crescent",
        "coordinates": [
            -2.821764,
            53.398874
        ]
    },
    "2800S50041A": {
        "common_name": "Coppice Lane",
        "coordinates": [
            -2.816463,
            53.398506
        ]
    },
    "2800S50042C": {
        "common_name": "Dacres Bridge Lane",
        "coordinates": [
            -2.794876,
            53.395029
        ]
    },
    "2800S50043B": {
        "common_name": "Prescot Road",
        "coordinates": [
            -2.788567,
            53.393777
        ]
    },
    "2800S50044B": {
        "common_name": "Tue Lane",
        "coordinates": [
            -2.781922,
            53.392211
        ]
    },
    "2800S50045A": {
        "common_name": "Alder Lane",
        "coordinates": [
            -2.771912,
            53.388348
        ]
    },
    "2800S50046A": {
        "common_name": "Chapel Lane",
        "coordinates": [
            -2.761922,
            53.388835
        ]
    },
    "2800S50047B": {
        "common_name": "Hall Lane",
        "coordinates": [
            -2.757168,
            53.389531
        ]
    },
    "068000000326": {
        "common_name": "Pex Hill",
        "coordinates": [
            -2.745938,
            53.389682
        ]
    },
    "068000000324": {
        "common_name": "Hillcrest",
        "coordinates": [
            -2.743158,
            53.38978
        ]
    },
    "068000000322": {
        "common_name": "The Globe",
        "coordinates": [
            -2.736663,
            53.389839
        ]
    },
    "068000000321": {
        "common_name": "Wilmere Lane",
        "coordinates": [
            -2.734789,
            53.390129
        ]
    },
    "068000000319": {
        "common_name": "Cranshaw Lane",
        "coordinates": [
            -2.728714,
            53.390157
        ]
    },
    "068000000317": {
        "common_name": "Church View",
        "coordinates": [
            -2.724546,
            53.389095
        ]
    },
    "068000000315": {
        "common_name": "Glebe Garage",
        "coordinates": [
            -2.719383,
            53.386978
        ]
    },
    "068000000313": {
        "common_name": "Everglades",
        "coordinates": [
            -2.713005,
            53.385901
        ]
    },
    "068000000311": {
        "common_name": "Barrows Green",
        "coordinates": [
            -2.70685,
            53.38557
        ]
    },
    "068000000309": {
        "common_name": "Pendlebury Farm",
        "coordinates": [
            -2.694859,
            53.385982
        ]
    },
    "069000011325": {
        "common_name": "Railway Cottages",
        "coordinates": [
            -2.688964,
            53.384991
        ]
    },
    "069000014202": {
        "common_name": "Garden Centre",
        "coordinates": [
            -2.684939,
            53.384322
        ]
    },
    "069000014199": {
        "common_name": "Oak Trees",
        "coordinates": [
            -2.678257,
            53.38294
        ]
    },
    "069000014270": {
        "common_name": "Farnworth Road",
        "coordinates": [
            -2.670428,
            53.382211
        ]
    },
    "069000014180": {
        "common_name": "Bank Gardens",
        "coordinates": [
            -2.663948,
            53.382184
        ]
    },
    "069000014170": {
        "common_name": "Red Lion",
        "coordinates": [
            -2.659481,
            53.383054
        ]
    },
    "069000014390": {
        "common_name": "Greystone Road",
        "coordinates": [
            -2.654315,
            53.38337
        ]
    },
    "069000014150": {
        "common_name": "Coronation Drive",
        "coordinates": [
            -2.650733,
            53.384145
        ]
    },
    "069000014140": {
        "common_name": "Heath Road",
        "coordinates": [
            -2.646246,
            53.384655
        ]
    },
    "069000014375": {
        "common_name": "Brookside Avenue",
        "coordinates": [
            -2.640302,
            53.386314
        ]
    },
    "069000014120": {
        "common_name": "Penketh Lane Ends",
        "coordinates": [
            -2.63645,
            53.386128
        ]
    },
    "069000014110": {
        "common_name": "Georges Road",
        "coordinates": [
            -2.633311,
            53.385317
        ]
    },
    "069000014100": {
        "common_name": "Kent Road",
        "coordinates": [
            -2.629584,
            53.384456
        ]
    },
    "069000014090": {
        "common_name": "Sankey Bridges",
        "coordinates": [
            -2.624524,
            53.383871
        ]
    },
    "069000014080": {
        "common_name": "Gatewarth Street",
        "coordinates": [
            -2.621305,
            53.383753
        ]
    },
    "069000014070": {
        "common_name": "Coach & Horses",
        "coordinates": [
            -2.61546,
            53.384997
        ]
    },
    "069000014060": {
        "common_name": "Pickmere Street",
        "coordinates": [
            -2.612142,
            53.386363
        ]
    },
    "069000014050": {
        "common_name": "Crosfields",
        "coordinates": [
            -2.607949,
            53.388649
        ]
    },
    "069000010280": {
        "common_name": "Town Hall",
        "coordinates": [
            -2.600099,
            53.388563
        ]
    },
    "069000010220": {
        "common_name": "Hays House",
        "coordinates": [
            -2.597694,
            53.388611
        ]
    },
    "069000010223": {
        "common_name": "Legh Street",
        "coordinates": [
            -2.597269,
            53.389422
        ]
    },
    "0690WNA02859": {
        "common_name": "Bus Interchange",
        "coordinates": [
            -2.594211,
            53.391109
        ]
    }
}