{
    "2800S42098K": {
        "common_name": "Liverpool ONE",
        "coordinates": [
            -2.986115,
            53.402583
        ]
    },
    "2800S42098G": {
        "common_name": "Liverpool One Bus Station",
        "coordinates": [
            -2.988023,
            53.401957
        ]
    },
    "2800S42098H": {
        "common_name": "Liverpool ONE Bus Station",
        "coordinates": [
            -2.988069,
            53.401997
        ]
    },
    "2800S41196B": {
        "common_name": "York Street",
        "coordinates": [
            -2.983053,
            53.40215
        ]
    },
    "2800S41197A": {
        "common_name": "Colquitt Street",
        "coordinates": [
            -2.977934,
            53.400646
        ]
    },
    "2800S41050B": {
        "common_name": "Seel Street",
        "coordinates": [
            -2.976224,
            53.400839
        ]
    },
    "2800S41050D": {
        "common_name": "Renshaw Street",
        "coordinates": [
            -2.974855,
            53.402172
        ]
    },
    "2800S41222B": {
        "common_name": "Campbell Street",
        "coordinates": [
            -2.98417,
            53.40222
        ]
    },
    "2800S41120A": {
        "common_name": "South Hunter Street",
        "coordinates": [
            -2.971734,
            53.401828
        ]
    },
    "2800S41196A": {
        "common_name": "Campbell Street",
        "coordinates": [
            -2.984031,
            53.402196
        ]
    },
    "2800S41198A": {
        "common_name": "Suffolk Street",
        "coordinates": [
            -2.980173,
            53.401221
        ]
    },
    "2800S41197B": {
        "common_name": "Cornwallis Street",
        "coordinates": [
            -2.977976,
            53.400484
        ]
    },
    "2800S41050A": {
        "common_name": "Bold Place",
        "coordinates": [
            -2.975714,
            53.401589
        ]
    },
    "2800S41050C": {
        "common_name": "Roscoe Street",
        "coordinates": [
            -2.974458,
            53.401923
        ]
    },
    "2800S41121A": {
        "common_name": "Sugnall Street",
        "coordinates": [
            -2.969451,
            53.401308
        ]
    },
    "2800S41121D": {
        "common_name": "Sugnall Street",
        "coordinates": [
            -2.968564,
            53.401324
        ]
    },
    "2800S41122C": {
        "common_name": "Falkner Street",
        "coordinates": [
            -2.968227,
            53.399088
        ]
    },
    "2800S41122A": {
        "common_name": "Back Canning Street",
        "coordinates": [
            -2.968617,
            53.399013
        ]
    },
    "2800S41125B": {
        "common_name": "Egerton Street",
        "coordinates": [
            -2.968025,
            53.396807
        ]
    },
    "2800S41055D": {
        "common_name": "Rosebery Street",
        "coordinates": [
            -2.962684,
            53.394063
        ]
    },
    "2800S41125A": {
        "common_name": "Egerton Street",
        "coordinates": [
            -2.968155,
            53.396581
        ]
    },
    "2800S41055A": {
        "common_name": "Upper Stanhope Street",
        "coordinates": [
            -2.966367,
            53.39531
        ]
    },
    "2800S41056E": {
        "common_name": "Beaconsfield Street",
        "coordinates": [
            -2.958701,
            53.392118
        ]
    },
    "2800S41056D": {
        "common_name": "Upper Warwick Street",
        "coordinates": [
            -2.961305,
            53.392906
        ]
    },
    "2800S41057B": {
        "common_name": "Princes Gate West",
        "coordinates": [
            -2.956714,
            53.390714
        ]
    },
    "2800S41057A": {
        "common_name": "Kingsley Road",
        "coordinates": [
            -2.955949,
            53.39081
        ]
    },
    "2800S41099C": {
        "common_name": "Sefton Park Road",
        "coordinates": [
            -2.950323,
            53.389335
        ]
    },
    "2800S41108C": {
        "common_name": "Hartington Road",
        "coordinates": [
            -2.944816,
            53.389199
        ]
    },
    "2800S41109C": {
        "common_name": "York Avenue",
        "coordinates": [
            -2.937713,
            53.389624
        ]
    },
    "2800S41110E": {
        "common_name": "Halkyn Avenue",
        "coordinates": [
            -2.933422,
            53.390044
        ]
    },
    "2800S41086D": {
        "common_name": "Borrowdale Road",
        "coordinates": [
            -2.928882,
            53.390098
        ]
    },
    "2800S43036C": {
        "common_name": "Deepfield Road",
        "coordinates": [
            -2.9224,
            53.390058
        ]
    },
    "2800S41099F": {
        "common_name": "Sefton Park Road",
        "coordinates": [
            -2.948004,
            53.389183
        ]
    },
    "2800S41108B": {
        "common_name": "Hartington Road",
        "coordinates": [
            -2.944602,
            53.389012
        ]
    },
    "2800S41109E": {
        "common_name": "Buckingham Avenue",
        "coordinates": [
            -2.939825,
            53.389212
        ]
    },
    "2800S41110B": {
        "common_name": "Halkyn Avenue",
        "coordinates": [
            -2.934317,
            53.389723
        ]
    },
    "2800S41086E": {
        "common_name": "Lathbury Lane",
        "coordinates": [
            -2.932233,
            53.389964
        ]
    },
    "2800S43038B": {
        "common_name": "Greenbank Road",
        "coordinates": [
            -2.925447,
            53.389792
        ]
    },
    "2800S43017F": {
        "common_name": "Plattsville Road",
        "coordinates": [
            -2.913654,
            53.388885
        ]
    },
    "2800S43022A": {
        "common_name": "Ensworth Road",
        "coordinates": [
            -2.909651,
            53.387306
        ]
    },
    "2800S43036B": {
        "common_name": "Crawford Avenue",
        "coordinates": [
            -2.922743,
            53.389893
        ]
    },
    "2800S43037A": {
        "common_name": "Calton Avenue",
        "coordinates": [
            -2.917159,
            53.388975
        ]
    },
    "2800S43017D": {
        "common_name": "Devondale Road",
        "coordinates": [
            -2.913393,
            53.388626
        ]
    },
    "2800S43098B": {
        "common_name": "Wembley Road",
        "coordinates": [
            -2.907244,
            53.385131
        ]
    },
    "2800S43051A": {
        "common_name": "Mather Avenue",
        "coordinates": [
            -2.909184,
            53.382339
        ]
    },
    "2800S43045A": {
        "common_name": "Rose Brae",
        "coordinates": [
            -2.911311,
            53.381271
        ]
    },
    "2800S43046B": {
        "common_name": "Mossley Hill Station",
        "coordinates": [
            -2.91412,
            53.379775
        ]
    },
    "2800S43047A": {
        "common_name": "Rose Lane",
        "coordinates": [
            -2.916376,
            53.3777
        ]
    },
    "2800S43022D": {
        "common_name": "Mapledale Road",
        "coordinates": [
            -2.909736,
            53.387054
        ]
    },
    "2800S43098A": {
        "common_name": "Garthdale Road",
        "coordinates": [
            -2.908233,
            53.385708
        ]
    },
    "2800S43051C": {
        "common_name": "Rose Lane",
        "coordinates": [
            -2.907948,
            53.383607
        ]
    },
    "2800S43045B": {
        "common_name": "Reedale Road",
        "coordinates": [
            -2.910304,
            53.38198
        ]
    },
    "2800S43046D": {
        "common_name": "Ribbledale Road",
        "coordinates": [
            -2.913098,
            53.380466
        ]
    },
    "2800S43047D": {
        "common_name": "Mossley Hill Station",
        "coordinates": [
            -2.916772,
            53.378658
        ]
    },
    "2800S43122B": {
        "common_name": "Benmore Road",
        "coordinates": [
            -2.91443,
            53.374568
        ]
    },
    "2800S43123B": {
        "common_name": "Lismore Road",
        "coordinates": [
            -2.912525,
            53.371949
        ]
    },
    "2800S43122A": {
        "common_name": "Cooper Avenue North",
        "coordinates": [
            -2.914817,
            53.374386
        ]
    },
    "2800S43123A": {
        "common_name": "Brynmor Road",
        "coordinates": [
            -2.912852,
            53.371767
        ]
    },
    "2800S43124B": {
        "common_name": "West Allerton Station",
        "coordinates": [
            -2.909394,
            53.36889
        ]
    },
    "2800S43125B": {
        "common_name": "Stairhaven Road",
        "coordinates": [
            -2.904098,
            53.365092
        ]
    },
    "2800S43124A": {
        "common_name": "West Allerton Station",
        "coordinates": [
            -2.910717,
            53.369635
        ]
    },
    "2800S43125A": {
        "common_name": "Ravenstone Road",
        "coordinates": [
            -2.904622,
            53.365025
        ]
    },
    "2800S43126B": {
        "common_name": "Shirley Road",
        "coordinates": [
            -2.901219,
            53.363262
        ]
    },
    "2800S43127B": {
        "common_name": "Dinesen Road",
        "coordinates": [
            -2.896378,
            53.360296
        ]
    },
    "2800S43126A": {
        "common_name": "Whitehedge Road",
        "coordinates": [
            -2.90121,
            53.362858
        ]
    },
    "2800S43202A": {
        "common_name": "Garfourth Road",
        "coordinates": [
            -2.893054,
            53.358011
        ]
    },
    "2800S43201E": {
        "common_name": "Liverpool South Parkway",
        "coordinates": [
            -2.890395,
            53.357995
        ]
    },
    "2800S43127A": {
        "common_name": "Dinesan Road",
        "coordinates": [
            -2.896704,
            53.360078
        ]
    },
    "2800S43066B": {
        "common_name": "Cardwell Road",
        "coordinates": [
            -2.894537,
            53.358503
        ]
    },
    "2800S43201C": {
        "common_name": "Liverpool South Parkway",
        "coordinates": [
            -2.889945,
            53.35807
        ]
    },
    "2800S43065C": {
        "common_name": "Island Road",
        "coordinates": [
            -2.89356,
            53.357018
        ]
    },
    "2800S43065B": {
        "common_name": "Horrocks Avenue",
        "coordinates": [
            -2.893362,
            53.35693
        ]
    },
    "2800S43160A": {
        "common_name": "Woolton Road",
        "coordinates": [
            -2.896754,
            53.354576
        ]
    },
    "2800S43063B": {
        "common_name": "Speke Road",
        "coordinates": [
            -2.897012,
            53.352588
        ]
    },
    "2800S43191A": {
        "common_name": "Shrewsbury Road",
        "coordinates": [
            -2.89595,
            53.35567
        ]
    },
    "2800S43160B": {
        "common_name": "Sidwell Street",
        "coordinates": [
            -2.896932,
            53.354494
        ]
    },
    "2800S43013B": {
        "common_name": "Harbour Drive",
        "coordinates": [
            -2.896283,
            53.350769
        ]
    },
    "2800S43014B": {
        "common_name": "Aston Street",
        "coordinates": [
            -2.894795,
            53.350007
        ]
    },
    "2800S43063A": {
        "common_name": "St Marys Road",
        "coordinates": [
            -2.897051,
            53.352992
        ]
    },
    "2800S43013A": {
        "common_name": "Harbour Drive",
        "coordinates": [
            -2.896978,
            53.350952
        ]
    },
    "2800S43015C": {
        "common_name": "Vesuvian Drive",
        "coordinates": [
            -2.890199,
            53.347911
        ]
    },
    "2800S43199B": {
        "common_name": "Logfield Drive",
        "coordinates": [
            -2.88649,
            53.348693
        ]
    },
    "2800S43014A": {
        "common_name": "Aston Street",
        "coordinates": [
            -2.89464,
            53.349774
        ]
    },
    "2800S43015A": {
        "common_name": "Banks Lane",
        "coordinates": [
            -2.890727,
            53.348006
        ]
    },
    "2800S43071B": {
        "common_name": "Blackburne Street",
        "coordinates": [
            -2.882454,
            53.350359
        ]
    },
    "2800S43021B": {
        "common_name": "New Mersey Shopping Park",
        "coordinates": [
            -2.879029,
            53.348919
        ]
    },
    "2800S48045B": {
        "common_name": "New Mersey Retail Park",
        "coordinates": [
            -2.875387,
            53.349333
        ]
    },
    "2800S43199A": {
        "common_name": "Skyhawk Avenue",
        "coordinates": [
            -2.885744,
            53.348915
        ]
    },
    "2800S43071A": {
        "common_name": "Banks Road",
        "coordinates": [
            -2.881864,
            53.349456
        ]
    },
    "2800S48001B": {
        "common_name": "Speke Hall Road",
        "coordinates": [
            -2.867395,
            53.350074
        ]
    },
    "2800S48022B": {
        "common_name": "Evans Road",
        "coordinates": [
            -2.858515,
            53.349249
        ]
    },
    "2800S43021A": {
        "common_name": "New Mersey Shopping Park",
        "coordinates": [
            -2.879173,
            53.348604
        ]
    },
    "2800S48045A": {
        "common_name": "Estuary Boulevard",
        "coordinates": [
            -2.875367,
            53.349072
        ]
    },
    "2800S48002B": {
        "common_name": "Woodend Lane",
        "coordinates": [
            -2.854272,
            53.348892
        ]
    },
    "2800S48003B": {
        "common_name": "Woodend Avenue",
        "coordinates": [
            -2.851623,
            53.348642
        ]
    },
    "2800S48003C": {
        "common_name": "Gaskill Road",
        "coordinates": [
            -2.850167,
            53.349488
        ]
    },
    "2800S48025B": {
        "common_name": "Tarbock Road",
        "coordinates": [
            -2.84971,
            53.346885
        ]
    },
    "2800S48004B": {
        "common_name": "Stapleton Avenue",
        "coordinates": [
            -2.850442,
            53.344425
        ]
    },
    "2800S48001A": {
        "common_name": "Speke Hall Avenue",
        "coordinates": [
            -2.866997,
            53.349718
        ]
    },
    "2800S48022A": {
        "common_name": "Longman Drive",
        "coordinates": [
            -2.858646,
            53.349023
        ]
    },
    "2800S48002A": {
        "common_name": "Woodend Lane",
        "coordinates": [
            -2.85538,
            53.348732
        ]
    },
    "2800S48003D": {
        "common_name": "Western Avenue",
        "coordinates": [
            -2.852129,
            53.34844
        ]
    },
    "2800S48025A": {
        "common_name": "Bray Road",
        "coordinates": [
            -2.850175,
            53.346863
        ]
    },
    "2800S48004A": {
        "common_name": "Blackrod Avenue",
        "coordinates": [
            -2.850652,
            53.345143
        ]
    },
    "2800S48005B": {
        "common_name": "Central Avenue",
        "coordinates": [
            -2.850977,
            53.342642
        ]
    },
    "2800S48054B": {
        "common_name": "Lovel Road",
        "coordinates": [
            -2.847798,
            53.342107
        ]
    },
    "2800S48005A": {
        "common_name": "Tewit Hall Road",
        "coordinates": [
            -2.851341,
            53.34281
        ]
    },
    "2800S48090A": {
        "common_name": "Conleach Road",
        "coordinates": [
            -2.843916,
            53.341784
        ]
    },
    "2800S48193A": {
        "common_name": "Parade Crescent",
        "coordinates": [
            -2.839948,
            53.340895
        ]
    },
    "2800S48054A": {
        "common_name": "Lovel Road",
        "coordinates": [
            -2.848229,
            53.341897
        ]
    },
    "2800S48006A": {
        "common_name": "Harefield Road",
        "coordinates": [
            -2.844257,
            53.34153
        ]
    },
    "2800S48008B": {
        "common_name": "Little Heath Road",
        "coordinates": [
            -2.835688,
            53.341132
        ]
    },
    "2800S48052B": {
        "common_name": "Oldbridge Road",
        "coordinates": [
            -2.832081,
            53.341013
        ]
    },
    "2800S48007A": {
        "common_name": "Parade Crescent",
        "coordinates": [
            -2.840563,
            53.340837
        ]
    },
    "2800S48008A": {
        "common_name": "Little Heath Road",
        "coordinates": [
            -2.83636,
            53.340965
        ]
    },
    "2800S48009C": {
        "common_name": "Central Way",
        "coordinates": [
            -2.829635,
            53.341156
        ]
    },
    "2800S48011A": {
        "common_name": "Alder Wood Avenue",
        "coordinates": [
            -2.829488,
            53.342865
        ]
    },
    "2800S48052A": {
        "common_name": "Oldbridge Road",
        "coordinates": [
            -2.83403,
            53.340874
        ]
    },
    "2800S48009B": {
        "common_name": "Heath Gate Avenue",
        "coordinates": [
            -2.829438,
            53.341032
        ]
    },
    "2800S48078A": {
        "common_name": "Eastern Avenue",
        "coordinates": [
            -2.829585,
            53.345543
        ]
    },
    "2800S48191B": {
        "common_name": "Oldbridge Road",
        "coordinates": [
            -2.833125,
            53.345276
        ]
    },
    "2800S48190C": {
        "common_name": "Morrisons",
        "coordinates": [
            -2.838523,
            53.345543
        ]
    },
    "2800S48011B": {
        "common_name": "Alder Wood Avenue",
        "coordinates": [
            -2.829246,
            53.342795
        ]
    },
    "2800S48012E": {
        "common_name": "East Mill Wood Road",
        "coordinates": [
            -2.828996,
            53.345349
        ]
    },
    "2800S48191A": {
        "common_name": "All Hallows Drive",
        "coordinates": [
            -2.833414,
            53.345462
        ]
    }
}