{
    "2800S47067U": {
        "common_name": "Bootle New Strand Station",
        "coordinates": [
            -2.992871,
            53.453044
        ]
    },
    "2800S47175B": {
        "common_name": "Bootle Bus Station",
        "coordinates": [
            -2.993086,
            53.452548
        ]
    },
    "2800S47071A": {
        "common_name": "Oriel Road",
        "coordinates": [
            -2.994711,
            53.448633
        ]
    },
    "2800S47072A": {
        "common_name": "Bootle Oriel Road Station",
        "coordinates": [
            -2.995085,
            53.447255
        ]
    },
    "2800S40118C": {
        "common_name": "Oriel Road",
        "coordinates": [
            -2.993405,
            53.444959
        ]
    },
    "2800S47071B": {
        "common_name": "Oriel Road",
        "coordinates": [
            -2.994941,
            53.448793
        ]
    },
    "2800S40048F": {
        "common_name": "Stanley Road",
        "coordinates": [
            -2.987933,
            53.445948
        ]
    },
    "2800S40106C": {
        "common_name": "Hawthorne Road",
        "coordinates": [
            -2.983034,
            53.447022
        ]
    },
    "2800S47072B": {
        "common_name": "Bootle Oriel Road Station",
        "coordinates": [
            -2.995093,
            53.446302
        ]
    },
    "2800S40118B": {
        "common_name": "Marble Close",
        "coordinates": [
            -2.993535,
            53.444688
        ]
    },
    "2800S40048D": {
        "common_name": "Hugh Baird College",
        "coordinates": [
            -2.990282,
            53.445308
        ]
    },
    "2800S40106D": {
        "common_name": "Hawthorne Road",
        "coordinates": [
            -2.984182,
            53.446509
        ]
    },
    "2800S40096D": {
        "common_name": "Southport Road",
        "coordinates": [
            -2.978941,
            53.447757
        ]
    },
    "2800S40097A": {
        "common_name": "Stuart Road",
        "coordinates": [
            -2.974603,
            53.447702
        ]
    },
    "2800S40096C": {
        "common_name": "Balliol Road East",
        "coordinates": [
            -2.978918,
            53.447451
        ]
    },
    "2800S40117A": {
        "common_name": "Peveril Street",
        "coordinates": [
            -2.969481,
            53.4476
        ]
    },
    "2800S40116B": {
        "common_name": "Moor Lane",
        "coordinates": [
            -2.965524,
            53.44774
        ]
    },
    "2800S40097B": {
        "common_name": "Hill Crest",
        "coordinates": [
            -2.974113,
            53.447347
        ]
    },
    "2800S40117B": {
        "common_name": "Astor Street",
        "coordinates": [
            -2.969185,
            53.447171
        ]
    },
    "2800S40043B": {
        "common_name": "Haggerston Road",
        "coordinates": [
            -2.959467,
            53.445533
        ]
    },
    "2800S40116A": {
        "common_name": "Delf Lane",
        "coordinates": [
            -2.965107,
            53.447258
        ]
    },
    "2800S40043A": {
        "common_name": "Haggerston Road",
        "coordinates": [
            -2.960723,
            53.445828
        ]
    },
    "2800S40075E": {
        "common_name": "Walton Hall Avenue",
        "coordinates": [
            -2.955373,
            53.443588
        ]
    },
    "2800S40098B": {
        "common_name": "Stanley Park Avenue North",
        "coordinates": [
            -2.951441,
            53.442127
        ]
    },
    "2800S40075B": {
        "common_name": "Walton Hall Avenue",
        "coordinates": [
            -2.955363,
            53.443175
        ]
    },
    "2800S40099B": {
        "common_name": "Atheldene Road",
        "coordinates": [
            -2.945195,
            53.440874
        ]
    },
    "2800S40061A": {
        "common_name": "Utting Avenue",
        "coordinates": [
            -2.94008,
            53.439691
        ]
    },
    "2800S40098A": {
        "common_name": "Stanley Park Avenue North",
        "coordinates": [
            -2.950691,
            53.441603
        ]
    },
    "2800S40099A": {
        "common_name": "Curtis Road",
        "coordinates": [
            -2.946592,
            53.440755
        ]
    },
    "2800S40061C": {
        "common_name": "Sandeman Road",
        "coordinates": [
            -2.940075,
            53.439431
        ]
    },
    "2800S40037A": {
        "common_name": "Townsend Avenue",
        "coordinates": [
            -2.933591,
            53.436893
        ]
    },
    "2800S40037D": {
        "common_name": "Lowerson Road",
        "coordinates": [
            -2.931761,
            53.436521
        ]
    },
    "2800S40115A": {
        "common_name": "Monash Road",
        "coordinates": [
            -2.927719,
            53.434772
        ]
    },
    "2800S40068B": {
        "common_name": "Muirhead Avenue",
        "coordinates": [
            -2.92434,
            53.432381
        ]
    },
    "2800S40115B": {
        "common_name": "Monash Road",
        "coordinates": [
            -2.928059,
            53.4345
        ]
    },
    "2800S40068D": {
        "common_name": "Adshead Road",
        "coordinates": [
            -2.924495,
            53.431858
        ]
    },
    "2800S41118A": {
        "common_name": "Three But Lane",
        "coordinates": [
            -2.921145,
            53.429385
        ]
    },
    "2800S41117B": {
        "common_name": "Mill Bank",
        "coordinates": [
            -2.91846,
            53.427734
        ]
    },
    "2800S41118B": {
        "common_name": "Hewitson Road",
        "coordinates": [
            -2.922233,
            53.429592
        ]
    },
    "2800S41117A": {
        "common_name": "Mill Bank",
        "coordinates": [
            -2.918983,
            53.427532
        ]
    },
    "2800S41116A": {
        "common_name": "North Drive",
        "coordinates": [
            -2.915144,
            53.424002
        ]
    },
    "2800S44022A": {
        "common_name": "Florentine Road",
        "coordinates": [
            -2.912238,
            53.421804
        ]
    },
    "2800S44023C": {
        "common_name": "Alder Road",
        "coordinates": [
            -2.907496,
            53.41891
        ]
    },
    "2800S44001D": {
        "common_name": "Clayford Crescent",
        "coordinates": [
            -2.905764,
            53.415992
        ]
    },
    "2800S41123A": {
        "common_name": "Quarry Road",
        "coordinates": [
            -2.915947,
            53.424939
        ]
    },
    "2800S41116B": {
        "common_name": "Moscow Drive",
        "coordinates": [
            -2.915432,
            53.423379
        ]
    },
    "2800S44113A": {
        "common_name": "Chilcott Road",
        "coordinates": [
            -2.903475,
            53.413052
        ]
    },
    "2800S44022B": {
        "common_name": "Sandfield Walk",
        "coordinates": [
            -2.910052,
            53.420886
        ]
    },
    "2800S44023D": {
        "common_name": "Acanthus Road",
        "coordinates": [
            -2.90793,
            53.418762
        ]
    },
    "2800S44001E": {
        "common_name": "Prescot Road",
        "coordinates": [
            -2.905441,
            53.414952
        ]
    },
    "2800S44113B": {
        "common_name": "Oakhill Road",
        "coordinates": [
            -2.903648,
            53.412674
        ]
    },
    "2800S44073B": {
        "common_name": "Thomas Drive",
        "coordinates": [
            -2.901248,
            53.409474
        ]
    },
    "2800S44073C": {
        "common_name": "Broad Green Road",
        "coordinates": [
            -2.901906,
            53.408561
        ]
    },
    "2800S45001A": {
        "common_name": "Waldgrave Road",
        "coordinates": [
            -2.901187,
            53.405897
        ]
    },
    "2800S45001B": {
        "common_name": "Bowring Park Road",
        "coordinates": [
            -2.899736,
            53.40553
        ]
    },
    "2800S43039B": {
        "common_name": "Rocky Lane",
        "coordinates": [
            -2.898308,
            53.401298
        ]
    },
    "2800S43039A": {
        "common_name": "Thingwall Road",
        "coordinates": [
            -2.899236,
            53.402531
        ]
    },
    "2800S43142B": {
        "common_name": "Childwall Valley Road",
        "coordinates": [
            -2.897017,
            53.397847
        ]
    },
    "2800S43041B": {
        "common_name": "Childwall Abbey Road",
        "coordinates": [
            -2.890439,
            53.394687
        ]
    },
    "2800S43052A": {
        "common_name": "Charnley Drive",
        "coordinates": [
            -2.898406,
            53.400255
        ]
    },
    "2800S43142C": {
        "common_name": "Corbridge Road",
        "coordinates": [
            -2.895851,
            53.39675
        ]
    },
    "2800S43085B": {
        "common_name": "Stand Park Road",
        "coordinates": [
            -2.887197,
            53.393552
        ]
    },
    "2800S43086A": {
        "common_name": "Countisbury Drive",
        "coordinates": [
            -2.885329,
            53.391939
        ]
    },
    "2800S43041D": {
        "common_name": "Childwall Park Avenue",
        "coordinates": [
            -2.89135,
            53.394384
        ]
    },
    "2800S43085A": {
        "common_name": "Stand Park Road",
        "coordinates": [
            -2.886798,
            53.393195
        ]
    },
    "2800S43087A": {
        "common_name": "Countisbury Drive",
        "coordinates": [
            -2.884334,
            53.388225
        ]
    },
    "2800S43088B": {
        "common_name": "Rockbourne Avenue",
        "coordinates": [
            -2.878247,
            53.38613
        ]
    },
    "2800S43086B": {
        "common_name": "Devon Way",
        "coordinates": [
            -2.8853,
            53.391301
        ]
    },
    "2800S43087B": {
        "common_name": "Devon Gardens",
        "coordinates": [
            -2.884434,
            53.387927
        ]
    },
    "2800S43095A": {
        "common_name": "Cabot Green",
        "coordinates": [
            -2.88264,
            53.386979
        ]
    },
    "2800S43089C": {
        "common_name": "Gateacre Park Drive",
        "coordinates": [
            -2.873082,
            53.385
        ]
    },
    "2800S43088A": {
        "common_name": "Wood View Road",
        "coordinates": [
            -2.879013,
            53.38608
        ]
    },
    "2800S43089B": {
        "common_name": "Blackwood Avenue",
        "coordinates": [
            -2.874558,
            53.385142
        ]
    },
    "2800S43097B": {
        "common_name": "Woolton Hill Road",
        "coordinates": [
            -2.867614,
            53.383044
        ]
    },
    "2800S43097C": {
        "common_name": "Seafarers Drive",
        "coordinates": [
            -2.86696,
            53.382653
        ]
    },
    "2800S43108B": {
        "common_name": "Hollytree Road",
        "coordinates": [
            -2.866352,
            53.379395
        ]
    },
    "2800S43109B": {
        "common_name": "Hillside Drive",
        "coordinates": [
            -2.866519,
            53.377955
        ]
    },
    "2800S43033E": {
        "common_name": "Kings Drive",
        "coordinates": [
            -2.866072,
            53.37448
        ]
    },
    "2800S43108A": {
        "common_name": "Glenacres",
        "coordinates": [
            -2.866525,
            53.379744
        ]
    },
    "2800S43109A": {
        "common_name": "Woolton Mount",
        "coordinates": [
            -2.866689,
            53.378188
        ]
    },
    "2800S49004A": {
        "common_name": "Manor Road",
        "coordinates": [
            -2.863325,
            53.371668
        ]
    },
    "2800S49007A": {
        "common_name": "School Lane",
        "coordinates": [
            -2.863146,
            53.370267
        ]
    },
    "2800S43193B": {
        "common_name": "Allerton Road",
        "coordinates": [
            -2.867035,
            53.375264
        ]
    },
    "2800S49004B": {
        "common_name": "Manor Road",
        "coordinates": [
            -2.8635,
            53.371415
        ]
    },
    "2800S48055B": {
        "common_name": "Haileybury Road",
        "coordinates": [
            -2.862258,
            53.367208
        ]
    },
    "2800S48056A": {
        "common_name": "Greenacre Road",
        "coordinates": [
            -2.856846,
            53.364146
        ]
    },
    "2800S49007B": {
        "common_name": "School Lane",
        "coordinates": [
            -2.863362,
            53.370535
        ]
    },
    "2800S48055A": {
        "common_name": "Jeudwine Close",
        "coordinates": [
            -2.862568,
            53.367709
        ]
    },
    "2800S48057A": {
        "common_name": "Roskell Road",
        "coordinates": [
            -2.856589,
            53.361829
        ]
    },
    "2800S48016C": {
        "common_name": "Hunts Cross Station",
        "coordinates": [
            -2.856712,
            53.358952
        ]
    },
    "2800S48056B": {
        "common_name": "Greenacre Road",
        "coordinates": [
            -2.857,
            53.364307
        ]
    },
    "2800S48016B": {
        "common_name": "Hunts Cross Station",
        "coordinates": [
            -2.85634,
            53.359916
        ]
    },
    "2800S48018B": {
        "common_name": "Enstone Road",
        "coordinates": [
            -2.860124,
            53.358262
        ]
    },
    "2800S48019B": {
        "common_name": "Hillfoot Avenue",
        "coordinates": [
            -2.864295,
            53.35798
        ]
    },
    "2800S48018A": {
        "common_name": "Bourton Road",
        "coordinates": [
            -2.860293,
            53.358485
        ]
    },
    "2800S48019A": {
        "common_name": "Speke Hall Road",
        "coordinates": [
            -2.8633,
            53.358562
        ]
    },
    "2800S48020B": {
        "common_name": "Barford Road",
        "coordinates": [
            -2.864238,
            53.355895
        ]
    },
    "2800S48021B": {
        "common_name": "Delf Lane",
        "coordinates": [
            -2.865198,
            53.351358
        ]
    },
    "2800S48020A": {
        "common_name": "Triumph Way",
        "coordinates": [
            -2.864469,
            53.356945
        ]
    },
    "2800S48021A": {
        "common_name": "Delf Lane",
        "coordinates": [
            -2.865664,
            53.350644
        ]
    },
    "2800S48022B": {
        "common_name": "Evans Road",
        "coordinates": [
            -2.858515,
            53.349249
        ]
    },
    "2800S48002B": {
        "common_name": "Woodend Lane",
        "coordinates": [
            -2.854272,
            53.348892
        ]
    },
    "2800S48003B": {
        "common_name": "Woodend Avenue",
        "coordinates": [
            -2.851623,
            53.348642
        ]
    },
    "2800S48025B": {
        "common_name": "Tarbock Road",
        "coordinates": [
            -2.84971,
            53.346885
        ]
    },
    "2800S48004B": {
        "common_name": "Stapleton Avenue",
        "coordinates": [
            -2.850442,
            53.344425
        ]
    },
    "2800S48022A": {
        "common_name": "Longman Drive",
        "coordinates": [
            -2.858646,
            53.349023
        ]
    },
    "2800S48002A": {
        "common_name": "Woodend Lane",
        "coordinates": [
            -2.85538,
            53.348732
        ]
    },
    "2800S48003D": {
        "common_name": "Western Avenue",
        "coordinates": [
            -2.852129,
            53.34844
        ]
    },
    "2800S48025A": {
        "common_name": "Bray Road",
        "coordinates": [
            -2.850175,
            53.346863
        ]
    },
    "2800S48004A": {
        "common_name": "Blackrod Avenue",
        "coordinates": [
            -2.850652,
            53.345143
        ]
    },
    "2800S48005B": {
        "common_name": "Central Avenue",
        "coordinates": [
            -2.850977,
            53.342642
        ]
    },
    "2800S48026F": {
        "common_name": "Damwood Road",
        "coordinates": [
            -2.85174,
            53.3402
        ]
    },
    "2800S48005A": {
        "common_name": "Tewit Hall Road",
        "coordinates": [
            -2.851341,
            53.34281
        ]
    },
    "2800S48026E": {
        "common_name": "Hale Road",
        "coordinates": [
            -2.852224,
            53.33964
        ]
    },
    "2800S48089D": {
        "common_name": "Liverpool John Lennon Airport",
        "coordinates": [
            -2.85486,
            53.337742
        ]
    },
    "2800S48026A": {
        "common_name": "Western Avenue",
        "coordinates": [
            -2.853077,
            53.339454
        ]
    },
    "2800S48054B": {
        "common_name": "Lovel Road",
        "coordinates": [
            -2.847798,
            53.342107
        ]
    },
    "2800S48090A": {
        "common_name": "Conleach Road",
        "coordinates": [
            -2.843916,
            53.341784
        ]
    },
    "2800S48193A": {
        "common_name": "Parade Crescent",
        "coordinates": [
            -2.839948,
            53.340895
        ]
    },
    "2800S48054A": {
        "common_name": "Lovel Road",
        "coordinates": [
            -2.848229,
            53.341897
        ]
    },
    "2800S48008B": {
        "common_name": "Little Heath Road",
        "coordinates": [
            -2.835688,
            53.341132
        ]
    },
    "2800S48052B": {
        "common_name": "Oldbridge Road",
        "coordinates": [
            -2.832081,
            53.341013
        ]
    },
    "2800S48006A": {
        "common_name": "Harefield Road",
        "coordinates": [
            -2.844257,
            53.34153
        ]
    },
    "2800S48007A": {
        "common_name": "Parade Crescent",
        "coordinates": [
            -2.840563,
            53.340837
        ]
    },
    "2800S48008A": {
        "common_name": "Little Heath Road",
        "coordinates": [
            -2.83636,
            53.340965
        ]
    },
    "2800S48009C": {
        "common_name": "Central Way",
        "coordinates": [
            -2.829635,
            53.341156
        ]
    },
    "2800S48011A": {
        "common_name": "Alder Wood Avenue",
        "coordinates": [
            -2.829488,
            53.342865
        ]
    },
    "2800S48052A": {
        "common_name": "Oldbridge Road",
        "coordinates": [
            -2.83403,
            53.340874
        ]
    },
    "2800S48009B": {
        "common_name": "Heath Gate Avenue",
        "coordinates": [
            -2.829438,
            53.341032
        ]
    },
    "2800S48078A": {
        "common_name": "Eastern Avenue",
        "coordinates": [
            -2.829585,
            53.345543
        ]
    },
    "2800S48191B": {
        "common_name": "Oldbridge Road",
        "coordinates": [
            -2.833125,
            53.345276
        ]
    },
    "2800S48190B": {
        "common_name": "Morrisons",
        "coordinates": [
            -2.838312,
            53.345545
        ]
    },
    "2800S48011B": {
        "common_name": "Alder Wood Avenue",
        "coordinates": [
            -2.829246,
            53.342795
        ]
    },
    "2800S48012E": {
        "common_name": "East Mill Wood Road",
        "coordinates": [
            -2.828996,
            53.345349
        ]
    },
    "2800S48191A": {
        "common_name": "All Hallows Drive",
        "coordinates": [
            -2.833414,
            53.345462
        ]
    }
}