{
    "2800S42098J": {
        "common_name": "Liverpool ONE Bus Station",
        "coordinates": [
            -2.988066,
            53.401949
        ]
    },
    "2800S42098C": {
        "common_name": "Liverpool ONE Bus Station",
        "coordinates": [
            -2.988174,
            53.402052
        ]
    },
    "2800S42098K": {
        "common_name": "Liverpool ONE",
        "coordinates": [
            -2.986115,
            53.402583
        ]
    },
    "2800S42080E": {
        "common_name": "College Lane",
        "coordinates": [
            -2.983079,
            53.403965
        ]
    },
    "2800S42080C": {
        "common_name": "School Lane",
        "coordinates": [
            -2.982692,
            53.404166
        ]
    },
    "2800S42080D": {
        "common_name": "Gradwell Street",
        "coordinates": [
            -2.983921,
            53.40332
        ]
    },
    "2800S42038C": {
        "common_name": "St Johns Market",
        "coordinates": [
            -2.980123,
            53.406254
        ]
    },
    "2800S42037F": {
        "common_name": "Benson Street",
        "coordinates": [
            -2.976569,
            53.403452
        ]
    },
    "2800S41050A": {
        "common_name": "Bold Place",
        "coordinates": [
            -2.975714,
            53.401589
        ]
    },
    "2800S41049B": {
        "common_name": "Upper Duke Street",
        "coordinates": [
            -2.976117,
            53.398799
        ]
    },
    "2800S41048B": {
        "common_name": "Parliament Street",
        "coordinates": [
            -2.976053,
            53.396679
        ]
    },
    "2800S42037B": {
        "common_name": "Newington",
        "coordinates": [
            -2.977951,
            53.404699
        ]
    },
    "2800S41050B": {
        "common_name": "Seel Street",
        "coordinates": [
            -2.976224,
            53.400839
        ]
    },
    "2800S41019B": {
        "common_name": "Upper Hill Street",
        "coordinates": [
            -2.973366,
            53.392952
        ]
    },
    "2800S41042C": {
        "common_name": "Upper Warwick Street",
        "coordinates": [
            -2.971639,
            53.391726
        ]
    },
    "2800S41049A": {
        "common_name": "Sankey Street",
        "coordinates": [
            -2.976364,
            53.399094
        ]
    },
    "2800S41048A": {
        "common_name": "James Street",
        "coordinates": [
            -2.976337,
            53.397261
        ]
    },
    "2800S41019C": {
        "common_name": "Stanhope Street",
        "coordinates": [
            -2.974792,
            53.393507
        ]
    },
    "2800S41042A": {
        "common_name": "Hill Street",
        "coordinates": [
            -2.972492,
            53.392195
        ]
    },
    "2800S41043B": {
        "common_name": "Dombey Street",
        "coordinates": [
            -2.970058,
            53.389653
        ]
    },
    "2800S41044B": {
        "common_name": "Upper Park Street",
        "coordinates": [
            -2.968186,
            53.387349
        ]
    },
    "2800S41043A": {
        "common_name": "Gelling Street",
        "coordinates": [
            -2.970296,
            53.389534
        ]
    },
    "2800S41045B": {
        "common_name": "Moses Street",
        "coordinates": [
            -2.964278,
            53.384747
        ]
    },
    "2800S41046B": {
        "common_name": "Melville Street",
        "coordinates": [
            -2.962452,
            53.383746
        ]
    },
    "2800S41126B": {
        "common_name": "Peel Street",
        "coordinates": [
            -2.959195,
            53.382028
        ]
    },
    "2800S41015B": {
        "common_name": "Ullet Road",
        "coordinates": [
            -2.955094,
            53.381468
        ]
    },
    "2800S41051B": {
        "common_name": "Parkfield Road",
        "coordinates": [
            -2.950379,
            53.37969
        ]
    },
    "2800S41044A": {
        "common_name": "Park Street",
        "coordinates": [
            -2.969028,
            53.387981
        ]
    },
    "2800S41045A": {
        "common_name": "Wellington Road",
        "coordinates": [
            -2.966068,
            53.385443
        ]
    },
    "2800S41046A": {
        "common_name": "Isaac Street",
        "coordinates": [
            -2.964105,
            53.384389
        ]
    },
    "2800S41238A": {
        "common_name": "Kelby Close",
        "coordinates": [
            -2.961548,
            53.382998
        ]
    },
    "2800S41126A": {
        "common_name": "Gredington Street",
        "coordinates": [
            -2.958261,
            53.381245
        ]
    },
    "2800S41051A": {
        "common_name": "Errol Street",
        "coordinates": [
            -2.952539,
            53.380176
        ]
    },
    "2800S41047D": {
        "common_name": "Lark Lane",
        "coordinates": [
            -2.947787,
            53.37874
        ]
    },
    "2800S43001B": {
        "common_name": "Roxburgh Avenue",
        "coordinates": [
            -2.943021,
            53.376692
        ]
    },
    "2800S41047B": {
        "common_name": "Thirlstane Street",
        "coordinates": [
            -2.947915,
            53.378424
        ]
    },
    "2800S43002C": {
        "common_name": "Ashbourne Road",
        "coordinates": [
            -2.939111,
            53.375258
        ]
    },
    "2800S43003E": {
        "common_name": "Lisburn Road",
        "coordinates": [
            -2.933456,
            53.372354
        ]
    },
    "2800S43001A": {
        "common_name": "Fulwood Drive",
        "coordinates": [
            -2.94397,
            53.376756
        ]
    },
    "2800S43002B": {
        "common_name": "Larkfield Road",
        "coordinates": [
            -2.940879,
            53.375648
        ]
    },
    "2800S43004B": {
        "common_name": "Milner Road",
        "coordinates": [
            -2.93087,
            53.37027
        ]
    },
    "2800S43003D": {
        "common_name": "Jericho Lane",
        "coordinates": [
            -2.935485,
            53.373704
        ]
    },
    "2800S43004A": {
        "common_name": "Brabant Road",
        "coordinates": [
            -2.930907,
            53.369875
        ]
    },
    "2800S43005A": {
        "common_name": "Chequers Gardens",
        "coordinates": [
            -2.923188,
            53.366681
        ]
    },
    "2800S43006B": {
        "common_name": "Aigburth Hall Avenue",
        "coordinates": [
            -2.91821,
            53.364418
        ]
    },
    "2800S43005B": {
        "common_name": "Lynmouth Road",
        "coordinates": [
            -2.925395,
            53.367275
        ]
    },
    "2800S43016A": {
        "common_name": "Stratford Road",
        "coordinates": [
            -2.922389,
            53.365896
        ]
    },
    "2800S43007A": {
        "common_name": "Ranelagh Drive South",
        "coordinates": [
            -2.915281,
            53.363101
        ]
    },
    "2800S43008B": {
        "common_name": "Riverbank Road",
        "coordinates": [
            -2.913152,
            53.361922
        ]
    },
    "2800S43006A": {
        "common_name": "Riversdale Road",
        "coordinates": [
            -2.918171,
            53.364014
        ]
    },
    "2800S43007B": {
        "common_name": "Beechwood Road",
        "coordinates": [
            -2.916108,
            53.36314
        ]
    },
    "2800S43009A": {
        "common_name": "Cressington Station",
        "coordinates": [
            -2.910149,
            53.359895
        ]
    },
    "2800S43010A": {
        "common_name": "Whitehedge Road",
        "coordinates": [
            -2.907474,
            53.358468
        ]
    },
    "2800S43008A": {
        "common_name": "Fletcher Drive",
        "coordinates": [
            -2.91247,
            53.360929
        ]
    },
    "2800S43009B": {
        "common_name": "Cressington Station",
        "coordinates": [
            -2.91017,
            53.359491
        ]
    },
    "2800S43011A": {
        "common_name": "Darby Grove",
        "coordinates": [
            -2.90416,
            53.356678
        ]
    },
    "2800S43012A": {
        "common_name": "Heald Street",
        "coordinates": [
            -2.899771,
            53.354464
        ]
    },
    "2800S43010B": {
        "common_name": "Whitehedge Road",
        "coordinates": [
            -2.907298,
            53.357975
        ]
    },
    "2800S43012B": {
        "common_name": "Clifton Street",
        "coordinates": [
            -2.901252,
            53.354866
        ]
    },
    "2800S43064D": {
        "common_name": "Lowbridge Court",
        "coordinates": [
            -2.893821,
            53.353735
        ]
    },
    "2800S43152A": {
        "common_name": "Church Road",
        "coordinates": [
            -2.898255,
            53.353819
        ]
    },
    "2800S43064B": {
        "common_name": "Church Road",
        "coordinates": [
            -2.895904,
            53.353477
        ]
    },
    "2800S43072A": {
        "common_name": "Vineyard Street",
        "coordinates": [
            -2.887044,
            53.351485
        ]
    },
    "2800S43072B": {
        "common_name": "Vineyard Street",
        "coordinates": [
            -2.886582,
            53.351668
        ]
    },
    "2800S43071B": {
        "common_name": "Blackburne Street",
        "coordinates": [
            -2.882454,
            53.350359
        ]
    },
    "2800S43021B": {
        "common_name": "New Mersey Shopping Park",
        "coordinates": [
            -2.879029,
            53.348919
        ]
    },
    "2800S48045B": {
        "common_name": "New Mersey Retail Park",
        "coordinates": [
            -2.875387,
            53.349333
        ]
    },
    "2800S43071A": {
        "common_name": "Banks Road",
        "coordinates": [
            -2.881864,
            53.349456
        ]
    },
    "2800S43021A": {
        "common_name": "New Mersey Shopping Park",
        "coordinates": [
            -2.879173,
            53.348604
        ]
    },
    "2800S48001B": {
        "common_name": "Speke Hall Road",
        "coordinates": [
            -2.867395,
            53.350074
        ]
    },
    "2800S48022B": {
        "common_name": "Evans Road",
        "coordinates": [
            -2.858515,
            53.349249
        ]
    },
    "2800S48045A": {
        "common_name": "Estuary Boulevard",
        "coordinates": [
            -2.875367,
            53.349072
        ]
    },
    "2800S48002B": {
        "common_name": "Woodend Lane",
        "coordinates": [
            -2.854272,
            53.348892
        ]
    },
    "2800S48003B": {
        "common_name": "Woodend Avenue",
        "coordinates": [
            -2.851623,
            53.348642
        ]
    },
    "2800S48025B": {
        "common_name": "Tarbock Road",
        "coordinates": [
            -2.84971,
            53.346885
        ]
    },
    "2800S48004B": {
        "common_name": "Stapleton Avenue",
        "coordinates": [
            -2.850442,
            53.344425
        ]
    },
    "2800S48001A": {
        "common_name": "Speke Hall Avenue",
        "coordinates": [
            -2.866997,
            53.349718
        ]
    },
    "2800S48022A": {
        "common_name": "Longman Drive",
        "coordinates": [
            -2.858646,
            53.349023
        ]
    },
    "2800S48002A": {
        "common_name": "Woodend Lane",
        "coordinates": [
            -2.85538,
            53.348732
        ]
    },
    "2800S48003D": {
        "common_name": "Western Avenue",
        "coordinates": [
            -2.852129,
            53.34844
        ]
    },
    "2800S48025A": {
        "common_name": "Bray Road",
        "coordinates": [
            -2.850175,
            53.346863
        ]
    },
    "2800S48004A": {
        "common_name": "Blackrod Avenue",
        "coordinates": [
            -2.850652,
            53.345143
        ]
    },
    "2800S48005B": {
        "common_name": "Central Avenue",
        "coordinates": [
            -2.850977,
            53.342642
        ]
    },
    "2800S48054B": {
        "common_name": "Lovel Road",
        "coordinates": [
            -2.847798,
            53.342107
        ]
    },
    "2800S48005A": {
        "common_name": "Tewit Hall Road",
        "coordinates": [
            -2.851341,
            53.34281
        ]
    },
    "2800S48090A": {
        "common_name": "Conleach Road",
        "coordinates": [
            -2.843916,
            53.341784
        ]
    },
    "2800S48193A": {
        "common_name": "Parade Crescent",
        "coordinates": [
            -2.839948,
            53.340895
        ]
    },
    "2800S48054A": {
        "common_name": "Lovel Road",
        "coordinates": [
            -2.848229,
            53.341897
        ]
    },
    "2800S48006A": {
        "common_name": "Harefield Road",
        "coordinates": [
            -2.844257,
            53.34153
        ]
    },
    "2800S48008B": {
        "common_name": "Little Heath Road",
        "coordinates": [
            -2.835688,
            53.341132
        ]
    },
    "2800S48052B": {
        "common_name": "Oldbridge Road",
        "coordinates": [
            -2.832081,
            53.341013
        ]
    },
    "2800S48007A": {
        "common_name": "Parade Crescent",
        "coordinates": [
            -2.840563,
            53.340837
        ]
    },
    "2800S48008A": {
        "common_name": "Little Heath Road",
        "coordinates": [
            -2.83636,
            53.340965
        ]
    },
    "2800S48009C": {
        "common_name": "Central Way",
        "coordinates": [
            -2.829635,
            53.341156
        ]
    },
    "2800S48011A": {
        "common_name": "Alder Wood Avenue",
        "coordinates": [
            -2.829488,
            53.342865
        ]
    },
    "2800S48052A": {
        "common_name": "Oldbridge Road",
        "coordinates": [
            -2.83403,
            53.340874
        ]
    },
    "2800S48009B": {
        "common_name": "Heath Gate Avenue",
        "coordinates": [
            -2.829438,
            53.341032
        ]
    },
    "2800S48078A": {
        "common_name": "Eastern Avenue",
        "coordinates": [
            -2.829585,
            53.345543
        ]
    },
    "2800S48191B": {
        "common_name": "Oldbridge Road",
        "coordinates": [
            -2.833125,
            53.345276
        ]
    },
    "2800S48190D": {
        "common_name": "Morrisons",
        "coordinates": [
            -2.838778,
            53.345551
        ]
    },
    "2800S48011B": {
        "common_name": "Alder Wood Avenue",
        "coordinates": [
            -2.829246,
            53.342795
        ]
    },
    "2800S48012E": {
        "common_name": "East Mill Wood Road",
        "coordinates": [
            -2.828996,
            53.345349
        ]
    },
    "2800S48191A": {
        "common_name": "All Hallows Drive",
        "coordinates": [
            -2.833414,
            53.345462
        ]
    }
}