{
    "2800S42098K": {
        "common_name": "Liverpool ONE",
        "coordinates": [
            -2.986115,
            53.402583
        ]
    },
    "2800S42098I": {
        "common_name": "Liverpool ONE Bus Station",
        "coordinates": [
            -2.988005,
            53.401953
        ]
    },
    "2800S42080E": {
        "common_name": "College Lane",
        "coordinates": [
            -2.983079,
            53.403965
        ]
    },
    "2800S42080C": {
        "common_name": "School Lane",
        "coordinates": [
            -2.982692,
            53.404166
        ]
    },
    "2800S42038A": {
        "common_name": "Great Charlotte Street",
        "coordinates": [
            -2.980095,
            53.406318
        ]
    },
    "2800S42080D": {
        "common_name": "Gradwell Street",
        "coordinates": [
            -2.983921,
            53.40332
        ]
    },
    "2800S42037E": {
        "common_name": "Upper Newington",
        "coordinates": [
            -2.97728,
            53.404264
        ]
    },
    "2800S42037B": {
        "common_name": "Newington",
        "coordinates": [
            -2.977951,
            53.404699
        ]
    },
    "2800S41050C": {
        "common_name": "Roscoe Street",
        "coordinates": [
            -2.974458,
            53.401923
        ]
    },
    "2800S41050D": {
        "common_name": "Renshaw Street",
        "coordinates": [
            -2.974855,
            53.402172
        ]
    },
    "2800S41120A": {
        "common_name": "South Hunter Street",
        "coordinates": [
            -2.971734,
            53.401828
        ]
    },
    "2800S41121D": {
        "common_name": "Sugnall Street",
        "coordinates": [
            -2.968564,
            53.401324
        ]
    },
    "2800S41121A": {
        "common_name": "Sugnall Street",
        "coordinates": [
            -2.969451,
            53.401308
        ]
    },
    "2800S41122A": {
        "common_name": "Back Canning Street",
        "coordinates": [
            -2.968617,
            53.399013
        ]
    },
    "2800S41122C": {
        "common_name": "Falkner Street",
        "coordinates": [
            -2.968227,
            53.399088
        ]
    },
    "2800S41125B": {
        "common_name": "Egerton Street",
        "coordinates": [
            -2.968025,
            53.396807
        ]
    },
    "2800S41208A": {
        "common_name": "Sandon Street",
        "coordinates": [
            -2.963078,
            53.396865
        ]
    },
    "2800S41125A": {
        "common_name": "Egerton Street",
        "coordinates": [
            -2.968155,
            53.396581
        ]
    },
    "2800S41054A": {
        "common_name": "Bedford Street South",
        "coordinates": [
            -2.965803,
            53.396294
        ]
    },
    "2800S41053B": {
        "common_name": "Crown Street",
        "coordinates": [
            -2.959016,
            53.397437
        ]
    },
    "2800S41079B": {
        "common_name": "Crown Street",
        "coordinates": [
            -2.956079,
            53.397928
        ]
    },
    "2800S41053A": {
        "common_name": "Mulgrave Street",
        "coordinates": [
            -2.960451,
            53.397057
        ]
    },
    "2800S41079A": {
        "common_name": "Kingsley Road",
        "coordinates": [
            -2.957692,
            53.397439
        ]
    },
    "2800S41080B": {
        "common_name": "Commerce Way",
        "coordinates": [
            -2.952482,
            53.398505
        ]
    },
    "2800S41081A": {
        "common_name": "Yanwath Street",
        "coordinates": [
            -2.948294,
            53.398179
        ]
    },
    "2800S41080A": {
        "common_name": "Lorton Street",
        "coordinates": [
            -2.952014,
            53.39841
        ]
    },
    "2800S41081B": {
        "common_name": "Magdala Street",
        "coordinates": [
            -2.948153,
            53.397919
        ]
    },
    "2800S41082C": {
        "common_name": "Wendell Street",
        "coordinates": [
            -2.945037,
            53.397108
        ]
    },
    "2800S41083B": {
        "common_name": "Salisbury Road",
        "coordinates": [
            -2.939845,
            53.395621
        ]
    },
    "2800S41084A": {
        "common_name": "Portman Road",
        "coordinates": [
            -2.937088,
            53.394672
        ]
    },
    "2800S41085C": {
        "common_name": "Blantyre Road",
        "coordinates": [
            -2.93302,
            53.392303
        ]
    },
    "2800S41086D": {
        "common_name": "Borrowdale Road",
        "coordinates": [
            -2.928882,
            53.390098
        ]
    },
    "2800S43036C": {
        "common_name": "Deepfield Road",
        "coordinates": [
            -2.9224,
            53.390058
        ]
    },
    "2800S41082A": {
        "common_name": "Garrick Street",
        "coordinates": [
            -2.94261,
            53.396201
        ]
    },
    "2800S41083A": {
        "common_name": "Granville Road",
        "coordinates": [
            -2.93863,
            53.395046
        ]
    },
    "2800S41085A": {
        "common_name": "Wellington Avenue",
        "coordinates": [
            -2.935013,
            53.393322
        ]
    },
    "2800S41086C": {
        "common_name": "Gresford Avenue",
        "coordinates": [
            -2.93149,
            53.391057
        ]
    },
    "2800S43038A": {
        "common_name": "Nicander Road",
        "coordinates": [
            -2.925132,
            53.389839
        ]
    },
    "2800S43017F": {
        "common_name": "Plattsville Road",
        "coordinates": [
            -2.913654,
            53.388885
        ]
    },
    "2800S43022A": {
        "common_name": "Ensworth Road",
        "coordinates": [
            -2.909651,
            53.387306
        ]
    },
    "2800S43036A": {
        "common_name": "Russell Road",
        "coordinates": [
            -2.922275,
            53.389825
        ]
    },
    "2800S43037A": {
        "common_name": "Calton Avenue",
        "coordinates": [
            -2.917159,
            53.388975
        ]
    },
    "2800S43017D": {
        "common_name": "Devondale Road",
        "coordinates": [
            -2.913393,
            53.388626
        ]
    },
    "2800S43098B": {
        "common_name": "Wembley Road",
        "coordinates": [
            -2.907244,
            53.385131
        ]
    },
    "2800S43051B": {
        "common_name": "Rose Lane",
        "coordinates": [
            -2.907519,
            53.381794
        ]
    },
    "2800S43099B": {
        "common_name": "TA Centre",
        "coordinates": [
            -2.906436,
            53.380355
        ]
    },
    "2800S43022D": {
        "common_name": "Mapledale Road",
        "coordinates": [
            -2.909736,
            53.387054
        ]
    },
    "2800S43098A": {
        "common_name": "Garthdale Road",
        "coordinates": [
            -2.908233,
            53.385708
        ]
    },
    "2800S43100A": {
        "common_name": "Ballantrae Road",
        "coordinates": [
            -2.903107,
            53.377207
        ]
    },
    "2800S43051C": {
        "common_name": "Rose Lane",
        "coordinates": [
            -2.907948,
            53.383607
        ]
    },
    "2800S43101B": {
        "common_name": "Gressingham Road",
        "coordinates": [
            -2.90151,
            53.37562
        ]
    },
    "2800S43099A": {
        "common_name": "Rose Lane",
        "coordinates": [
            -2.908046,
            53.381826
        ]
    },
    "2800S43100B": {
        "common_name": "Storrisdale Road",
        "coordinates": [
            -2.903906,
            53.377327
        ]
    },
    "2800S43101A": {
        "common_name": "Gressingham Road",
        "coordinates": [
            -2.901959,
            53.375517
        ]
    },
    "2800S43102B": {
        "common_name": "Booker Avenue",
        "coordinates": [
            -2.89838,
            53.372587
        ]
    },
    "2800S43103B": {
        "common_name": "Cleveley Road",
        "coordinates": [
            -2.896043,
            53.370088
        ]
    },
    "2800S43102A": {
        "common_name": "Booker Avenue",
        "coordinates": [
            -2.899382,
            53.373092
        ]
    },
    "2800S43103A": {
        "common_name": "Forthlin Road",
        "coordinates": [
            -2.896493,
            53.370057
        ]
    },
    "2800S43104B": {
        "common_name": "Heath Road",
        "coordinates": [
            -2.892324,
            53.366196
        ]
    },
    "2800S43147B": {
        "common_name": "Danefield Road",
        "coordinates": [
            -2.889645,
            53.363124
        ]
    },
    "2800S43104A": {
        "common_name": "Heath Road",
        "coordinates": [
            -2.892881,
            53.366264
        ]
    },
    "2800S43147A": {
        "common_name": "Ramsey Road",
        "coordinates": [
            -2.890283,
            53.36347
        ]
    },
    "2800S43067B": {
        "common_name": "Woolton Road",
        "coordinates": [
            -2.889466,
            53.359593
        ]
    },
    "2800S43067A": {
        "common_name": "Stamfordham Drive",
        "coordinates": [
            -2.889819,
            53.359914
        ]
    },
    "2800S43201C": {
        "common_name": "Liverpool South Parkway",
        "coordinates": [
            -2.889945,
            53.35807
        ]
    },
    "2800S43201D": {
        "common_name": "Liverpool South Parkway",
        "coordinates": [
            -2.890154,
            53.358006
        ]
    },
    "2800S43065B": {
        "common_name": "Horrocks Avenue",
        "coordinates": [
            -2.893362,
            53.35693
        ]
    },
    "2800S43066D": {
        "common_name": "Liverpool South Parkway",
        "coordinates": [
            -2.892313,
            53.357738
        ]
    },
    "2800S43160A": {
        "common_name": "Woolton Road",
        "coordinates": [
            -2.896754,
            53.354576
        ]
    },
    "2800S43064E": {
        "common_name": "Horrocks Avenue",
        "coordinates": [
            -2.89325,
            53.353731
        ]
    },
    "2800S43128A": {
        "common_name": "Island Road South",
        "coordinates": [
            -2.892908,
            53.355297
        ]
    },
    "2800S43072A": {
        "common_name": "Vineyard Street",
        "coordinates": [
            -2.887044,
            53.351485
        ]
    },
    "2800S43072B": {
        "common_name": "Vineyard Street",
        "coordinates": [
            -2.886582,
            53.351668
        ]
    },
    "2800S43071B": {
        "common_name": "Blackburne Street",
        "coordinates": [
            -2.882454,
            53.350359
        ]
    },
    "2800S43021B": {
        "common_name": "New Mersey Shopping Park",
        "coordinates": [
            -2.879029,
            53.348919
        ]
    },
    "2800S43071A": {
        "common_name": "Banks Road",
        "coordinates": [
            -2.881864,
            53.349456
        ]
    },
    "2800S43021A": {
        "common_name": "New Mersey Shopping Park",
        "coordinates": [
            -2.879173,
            53.348604
        ]
    },
    "2800S48045A": {
        "common_name": "Estuary Boulevard",
        "coordinates": [
            -2.875367,
            53.349072
        ]
    },
    "2800S48184A": {
        "common_name": "Windward Drive",
        "coordinates": [
            -2.875543,
            53.347426
        ]
    },
    "2800S48184B": {
        "common_name": "Estuary Banks",
        "coordinates": [
            -2.875293,
            53.346933
        ]
    },
    "2800S48185A": {
        "common_name": "Leeward Drive",
        "coordinates": [
            -2.872552,
            53.345866
        ]
    },
    "2800S48185B": {
        "common_name": "Leeward Drive",
        "coordinates": [
            -2.872511,
            53.346082
        ]
    },
    "2800S48072B": {
        "common_name": "Cartwrights Farm Road",
        "coordinates": [
            -2.864824,
            53.344762
        ]
    },
    "2800S48088B": {
        "common_name": "Speke Church Road",
        "coordinates": [
            -2.86015,
            53.343924
        ]
    },
    "2800S48072A": {
        "common_name": "Estuary Banks",
        "coordinates": [
            -2.86512,
            53.344536
        ]
    },
    "2800S48088A": {
        "common_name": "Stirling Road",
        "coordinates": [
            -2.860355,
            53.343635
        ]
    },
    "2800S48027B": {
        "common_name": "Dunlop Road",
        "coordinates": [
            -2.858068,
            53.341953
        ]
    },
    "2800S48026A": {
        "common_name": "Western Avenue",
        "coordinates": [
            -2.853077,
            53.339454
        ]
    },
    "2800S48027A": {
        "common_name": "Dunlop Road",
        "coordinates": [
            -2.858624,
            53.341976
        ]
    },
    "2800S48089C": {
        "common_name": "Liverpool John Lennon Airport",
        "coordinates": [
            -2.854532,
            53.337743
        ]
    },
    "2800S48089G": {
        "common_name": "Liverpool John Lennon Airport",
        "coordinates": [
            -2.85411,
            53.337783
        ]
    },
    "2800S48009B": {
        "common_name": "Heath Gate Avenue",
        "coordinates": [
            -2.829438,
            53.341032
        ]
    },
    "2800S48009C": {
        "common_name": "Central Way",
        "coordinates": [
            -2.829635,
            53.341156
        ]
    },
    "2800S48011B": {
        "common_name": "Alder Wood Avenue",
        "coordinates": [
            -2.829246,
            53.342795
        ]
    },
    "2800S48012E": {
        "common_name": "East Mill Wood Road",
        "coordinates": [
            -2.828996,
            53.345349
        ]
    },
    "2800S48011A": {
        "common_name": "Alder Wood Avenue",
        "coordinates": [
            -2.829488,
            53.342865
        ]
    },
    "2800S48078A": {
        "common_name": "Eastern Avenue",
        "coordinates": [
            -2.829585,
            53.345543
        ]
    },
    "2800S48191A": {
        "common_name": "All Hallows Drive",
        "coordinates": [
            -2.833414,
            53.345462
        ]
    },
    "2800S48190C": {
        "common_name": "Morrisons",
        "coordinates": [
            -2.838523,
            53.345543
        ]
    },
    "2800S48191B": {
        "common_name": "Oldbridge Road",
        "coordinates": [
            -2.833125,
            53.345276
        ]
    },
    "2800S48190A": {
        "common_name": "Morrisons",
        "coordinates": [
            -2.837937,
            53.345566
        ]
    },
    "2800S48003A": {
        "common_name": "Gaskill Road",
        "coordinates": [
            -2.849979,
            53.349858
        ]
    },
    "2800S48003C": {
        "common_name": "Gaskill Road",
        "coordinates": [
            -2.850167,
            53.349488
        ]
    }
}