{
    "2800S51107A": {
        "common_name": "Wilson Road",
        "coordinates": [
            -2.81444,
            53.40115
        ]
    },
    "2800S51031B": {
        "common_name": "Link Road",
        "coordinates": [
            -2.82088,
            53.40465
        ]
    },
    "2800S51031A": {
        "common_name": "Link Road",
        "coordinates": [
            -2.82124,
            53.40461
        ]
    },
    "2800S51030A": {
        "common_name": "Huyton Trade Centre",
        "coordinates": [
            -2.82223,
            53.40512
        ]
    },
    "2800S51030B": {
        "common_name": "Huyton Trade Centre",
        "coordinates": [
            -2.8217,
            53.40506
        ]
    },
    "2800S51029B": {
        "common_name": "Hall Lane",
        "coordinates": [
            -2.828972,
            53.408379
        ]
    },
    "2800S51029A": {
        "common_name": "St Johns Road",
        "coordinates": [
            -2.829891,
            53.408445
        ]
    },
    "2800S44188E": {
        "common_name": "Huyton Bus Station",
        "coordinates": [
            -2.838091,
            53.410015
        ]
    },
    "2800S44188D": {
        "common_name": "Huyton Bus Station",
        "coordinates": [
            -2.838233,
            53.409997
        ]
    },
    "2800S51065A": {
        "common_name": "De Silva Street",
        "coordinates": [
            -2.82846,
            53.40927
        ]
    },
    "2800S51065B": {
        "common_name": "School Lane",
        "coordinates": [
            -2.82728,
            53.40976
        ]
    },
    "2800S51064B": {
        "common_name": "Poplar Way",
        "coordinates": [
            -2.82405,
            53.41054
        ]
    },
    "2800S51064A": {
        "common_name": "Quarry Gardens",
        "coordinates": [
            -2.82339,
            53.41048
        ]
    },
    "2800S51023A": {
        "common_name": "The Crescent",
        "coordinates": [
            -2.821404,
            53.41218
        ]
    },
    "2800S51023B": {
        "common_name": "Longview Drive",
        "coordinates": [
            -2.82194,
            53.411898
        ]
    },
    "2800S51024B": {
        "common_name": "Hardie Road",
        "coordinates": [
            -2.823594,
            53.414214
        ]
    },
    "2800S51024A": {
        "common_name": "Hardie Road",
        "coordinates": [
            -2.823066,
            53.414137
        ]
    },
    "2800S51025A": {
        "common_name": "Hurst Park Drive",
        "coordinates": [
            -2.826061,
            53.415725
        ]
    },
    "2800S51025B": {
        "common_name": "Hurst Park Drive",
        "coordinates": [
            -2.826939,
            53.415989
        ]
    },
    "2800S51026B": {
        "common_name": "Edenfield Crescent",
        "coordinates": [
            -2.830101,
            53.417684
        ]
    },
    "2800S51026A": {
        "common_name": "Wallace Drive",
        "coordinates": [
            -2.829542,
            53.417571
        ]
    },
    "2800S44128A": {
        "common_name": "Wellcroft Road",
        "coordinates": [
            -2.833462,
            53.421049
        ]
    },
    "2800S44128B": {
        "common_name": "Wellcroft Road",
        "coordinates": [
            -2.83387,
            53.421145
        ]
    },
    "2800S44020B": {
        "common_name": "Hillside Road",
        "coordinates": [
            -2.834953,
            53.423403
        ]
    },
    "2800S51010C": {
        "common_name": "Lyme Close",
        "coordinates": [
            -2.82843,
            53.42749
        ]
    },
    "2800S51011B": {
        "common_name": "Lyme Cross Road",
        "coordinates": [
            -2.829695,
            53.425417
        ]
    },
    "2800S51010A": {
        "common_name": "Radway Road",
        "coordinates": [
            -2.83078,
            53.42756
        ]
    },
    "2800S51009B": {
        "common_name": "No. 153",
        "coordinates": [
            -2.83425,
            53.42821
        ]
    },
    "2800S51008B": {
        "common_name": "Astley Road",
        "coordinates": [
            -2.83883,
            53.42833
        ]
    },
    "2800S51009A": {
        "common_name": "No. 169",
        "coordinates": [
            -2.83502,
            53.42812
        ]
    },
    "2800S51008A": {
        "common_name": "Primrose Drive",
        "coordinates": [
            -2.8404,
            53.42816
        ]
    },
    "2800S44117C": {
        "common_name": "Thornton Way",
        "coordinates": [
            -2.84684,
            53.42939
        ]
    },
    "2800S44117B": {
        "common_name": "Newark Close",
        "coordinates": [
            -2.84531,
            53.42871
        ]
    },
    "2800S44116B": {
        "common_name": "Park Way",
        "coordinates": [
            -2.8492,
            53.43067
        ]
    },
    "2800S51129A": {
        "common_name": "Nursery Farm",
        "coordinates": [
            -2.852779,
            53.435879
        ]
    },
    "2800S51001A": {
        "common_name": "Knowlsey Road Farm",
        "coordinates": [
            -2.854158,
            53.43782
        ]
    },
    "2800S51002A": {
        "common_name": "Croxteth Lane",
        "coordinates": [
            -2.855253,
            53.440608
        ]
    },
    "2800S51003A": {
        "common_name": "Shannons Lane",
        "coordinates": [
            -2.855277,
            53.444068
        ]
    },
    "2800S44116A": {
        "common_name": "Park Way",
        "coordinates": [
            -2.84962,
            53.4313
        ]
    },
    "2800S51129B": {
        "common_name": "Nursery Farm",
        "coordinates": [
            -2.85214,
            53.43547
        ]
    },
    "2800S51004A": {
        "common_name": "Home Farm Lane",
        "coordinates": [
            -2.855681,
            53.446915
        ]
    },
    "2800S51005B": {
        "common_name": "Pinfold Lane",
        "coordinates": [
            -2.855358,
            53.45036
        ]
    },
    "2800S51001B": {
        "common_name": "Knowlsey Road Farm",
        "coordinates": [
            -2.85358,
            53.43754
        ]
    },
    "2800S51002B": {
        "common_name": "Croxteth Lane",
        "coordinates": [
            -2.85497,
            53.44145
        ]
    },
    "2800S51003B": {
        "common_name": "Shannons Lane",
        "coordinates": [
            -2.855,
            53.44351
        ]
    },
    "2800S51005A": {
        "common_name": "Sugar Lane",
        "coordinates": [
            -2.85544,
            53.44841
        ]
    },
    "2800S51035B": {
        "common_name": "Shop Road",
        "coordinates": [
            -2.85433,
            53.45287
        ]
    },
    "2800S51035A": {
        "common_name": "Shop Road",
        "coordinates": [
            -2.854256,
            53.453963
        ]
    },
    "2800S52072B": {
        "common_name": "Tithebarn Road",
        "coordinates": [
            -2.85321,
            53.45648
        ]
    },
    "2800S52072A": {
        "common_name": "Knowsley Lane",
        "coordinates": [
            -2.85386,
            53.45725
        ]
    },
    "2800S52174A": {
        "common_name": "Kitling Road",
        "coordinates": [
            -2.85557,
            53.46166
        ]
    },
    "2800S52087B": {
        "common_name": "Ormskirk Road",
        "coordinates": [
            -2.85114,
            53.46057
        ]
    },
    "2800S52086A": {
        "common_name": "East Lancashire Road",
        "coordinates": [
            -2.85088,
            53.46437
        ]
    },
    "2800S52037B": {
        "common_name": "East Lancashire Road",
        "coordinates": [
            -2.852243,
            53.466984
        ]
    },
    "2800S52086B": {
        "common_name": "East Lancashire Road",
        "coordinates": [
            -2.85047,
            53.46399
        ]
    },
    "2800S52037A": {
        "common_name": "East Lancashire Road",
        "coordinates": [
            -2.85177,
            53.46717
        ]
    },
    "2800S52091A": {
        "common_name": "QVC",
        "coordinates": [
            -2.8593,
            53.47126
        ]
    },
    "2800S52039A": {
        "common_name": "Spinney Road",
        "coordinates": [
            -2.8519,
            53.47161
        ]
    },
    "2800S52020C": {
        "common_name": "Admin Road",
        "coordinates": [
            -2.85797,
            53.47358
        ]
    },
    "2800S52020B": {
        "common_name": "Kirkby Industrial Park",
        "coordinates": [
            -2.85851,
            53.473717
        ]
    }
}