{
    "2800S16001F": {
        "common_name": "St Helens Bus Station",
        "coordinates": [
            -2.7332,
            53.453356
        ]
    },
    "2800S16025C": {
        "common_name": "Exchange Street",
        "coordinates": [
            -2.738801,
            53.451605
        ]
    },
    "2800S16001J": {
        "common_name": "Hall Street",
        "coordinates": [
            -2.732316,
            53.453614
        ]
    },
    "2800S16016A": {
        "common_name": "Linkway West",
        "coordinates": [
            -2.744572,
            53.451794
        ]
    },
    "2800S16017B": {
        "common_name": "The Shires",
        "coordinates": [
            -2.74905,
            53.448683
        ]
    },
    "2800S16018B": {
        "common_name": "Prescot Road",
        "coordinates": [
            -2.752863,
            53.448048
        ]
    },
    "2800S16007G": {
        "common_name": "Claughton Street",
        "coordinates": [
            -2.736629,
            53.454
        ]
    },
    "2800S16007A": {
        "common_name": "Baldwin Street",
        "coordinates": [
            -2.738329,
            53.453918
        ]
    },
    "2800S16023A": {
        "common_name": "Rigby Street South",
        "coordinates": [
            -2.740009,
            53.453521
        ]
    },
    "2800S16016B": {
        "common_name": "Eccleston Street",
        "coordinates": [
            -2.745802,
            53.451535
        ]
    },
    "2800S16017A": {
        "common_name": "Bank Street",
        "coordinates": [
            -2.750493,
            53.449429
        ]
    },
    "2800S16018A": {
        "common_name": "Underhill Road",
        "coordinates": [
            -2.754872,
            53.448403
        ]
    },
    "2800S16019B": {
        "common_name": "Dunriding Lane",
        "coordinates": [
            -2.757888,
            53.446955
        ]
    },
    "2800S16019A": {
        "common_name": "Grosvenor Road",
        "coordinates": [
            -2.759844,
            53.446035
        ]
    },
    "2800S14001A": {
        "common_name": "Regents Road",
        "coordinates": [
            -2.762112,
            53.443216
        ]
    },
    "2800S14051B": {
        "common_name": "Grange Park Road",
        "coordinates": [
            -2.763489,
            53.441931
        ]
    },
    "2800S14024B": {
        "common_name": "Leslie Road",
        "coordinates": [
            -2.763298,
            53.440494
        ]
    },
    "2800S14025B": {
        "common_name": "Springfield Road",
        "coordinates": [
            -2.762785,
            53.43878
        ]
    },
    "2800S14026B": {
        "common_name": "St. Matthews Grove",
        "coordinates": [
            -2.765342,
            53.43782
        ]
    },
    "2800S14051A": {
        "common_name": "Freckleton Road",
        "coordinates": [
            -2.763799,
            53.441587
        ]
    },
    "2800S14024A": {
        "common_name": "Leslie Road",
        "coordinates": [
            -2.763335,
            53.440062
        ]
    },
    "2800S14027A": {
        "common_name": "Scholes Lane",
        "coordinates": [
            -2.76506,
            53.435512
        ]
    },
    "2800S14028A": {
        "common_name": "Main Avenue",
        "coordinates": [
            -2.76768,
            53.434731
        ]
    },
    "2800S14025C": {
        "common_name": "Springfield Road",
        "coordinates": [
            -2.763458,
            53.438506
        ]
    },
    "2800S14026A": {
        "common_name": "Broadway",
        "coordinates": [
            -2.766411,
            53.437813
        ]
    },
    "2800S14029B": {
        "common_name": "The Scholes",
        "coordinates": [
            -2.771154,
            53.435392
        ]
    },
    "2800S14030B": {
        "common_name": "Penrith Road",
        "coordinates": [
            -2.774363,
            53.434715
        ]
    },
    "2800S14028B": {
        "common_name": "Scholes Lane",
        "coordinates": [
            -2.767594,
            53.434974
        ]
    },
    "2800S14029A": {
        "common_name": "Cumberland Ave",
        "coordinates": [
            -2.771054,
            53.435671
        ]
    },
    "2800S14030A": {
        "common_name": "Grebe Avenue",
        "coordinates": [
            -2.776154,
            53.434694
        ]
    },
    "2800S14031A": {
        "common_name": "Park Avenue",
        "coordinates": [
            -2.778214,
            53.433782
        ]
    },
    "2800S14031B": {
        "common_name": "Scholes Lane",
        "coordinates": [
            -2.777967,
            53.434251
        ]
    },
    "2800S14032A": {
        "common_name": "Eccelston Park Rail Station",
        "coordinates": [
            -2.778738,
            53.431936
        ]
    },
    "2800S14033B": {
        "common_name": "Portico Avenue",
        "coordinates": [
            -2.78089,
            53.429459
        ]
    },
    "2800S14034B": {
        "common_name": "Watling Way",
        "coordinates": [
            -2.784185,
            53.426992
        ]
    },
    "2800S14033A": {
        "common_name": "Eccleston Park Rail Station",
        "coordinates": [
            -2.78069,
            53.430089
        ]
    },
    "2800S14034A": {
        "common_name": "Watling Way",
        "coordinates": [
            -2.784341,
            53.427252
        ]
    },
    "2800S14035B": {
        "common_name": "Fire Station Road",
        "coordinates": [
            -2.784703,
            53.423231
        ]
    },
    "2800S14012B": {
        "common_name": "Dragon Lane",
        "coordinates": [
            -2.785822,
            53.421876
        ]
    },
    "2800S14035A": {
        "common_name": "Fire Station Road",
        "coordinates": [
            -2.78495,
            53.423553
        ]
    },
    "2800S14012A": {
        "common_name": "Delph Lane",
        "coordinates": [
            -2.785796,
            53.422137
        ]
    },
    "2800S51042B": {
        "common_name": "Sinclair Avenue",
        "coordinates": [
            -2.790717,
            53.423758
        ]
    },
    "2800S51042A": {
        "common_name": "Sinclair Avenue",
        "coordinates": [
            -2.789782,
            53.423647
        ]
    },
    "2800S51043C": {
        "common_name": "Ash Grove",
        "coordinates": [
            -2.793037,
            53.424696
        ]
    },
    "2800S51044B": {
        "common_name": "Bridge Road",
        "coordinates": [
            -2.795313,
            53.425705
        ]
    },
    "2800S51043A": {
        "common_name": "Broadlands",
        "coordinates": [
            -2.793284,
            53.424999
        ]
    },
    "2800S51017B": {
        "common_name": "Kelly Street",
        "coordinates": [
            -2.798237,
            53.428319
        ]
    },
    "2800S51016C": {
        "common_name": "Pennington Gardens",
        "coordinates": [
            -2.80019,
            53.429762
        ]
    },
    "2800S51044A": {
        "common_name": "Bridge Road",
        "coordinates": [
            -2.795302,
            53.425894
        ]
    },
    "2800S51017A": {
        "common_name": "Derby Square",
        "coordinates": [
            -2.797915,
            53.428016
        ]
    },
    "2800S51016F": {
        "common_name": "Queens Road",
        "coordinates": [
            -2.798966,
            53.429474
        ]
    },
    "2800S51015A": {
        "common_name": "Atherton Street",
        "coordinates": [
            -2.803526,
            53.430297
        ]
    },
    "2800S51066D": {
        "common_name": "Prescot Bus Station",
        "coordinates": [
            -2.80642,
            53.428902
        ]
    },
    "2800S51066A": {
        "common_name": "Prescot Bus Station",
        "coordinates": [
            -2.806195,
            53.428967
        ]
    },
    "2800S51066B": {
        "common_name": "Prescot Bus Station",
        "coordinates": [
            -2.80608,
            53.42895
        ]
    },
    "2800S51143B": {
        "common_name": "Tesco",
        "coordinates": [
            -2.804789,
            53.426235
        ]
    },
    "2800S51234A": {
        "common_name": "Prescot Business Park",
        "coordinates": [
            -2.805783,
            53.424673
        ]
    },
    "2800S51143A": {
        "common_name": "Tesco",
        "coordinates": [
            -2.805032,
            53.426332
        ]
    },
    "2800S51234B": {
        "common_name": "Prescot Business Park",
        "coordinates": [
            -2.808188,
            53.424504
        ]
    },
    "2800S51235B": {
        "common_name": "Wood Lane",
        "coordinates": [
            -2.817409,
            53.425888
        ]
    },
    "2800S51049B": {
        "common_name": "Carr Lane",
        "coordinates": [
            -2.822466,
            53.42358
        ]
    },
    "2800S51235A": {
        "common_name": "Wood Lane",
        "coordinates": [
            -2.815891,
            53.425225
        ]
    },
    "2800S51049A": {
        "common_name": "Carr Lane",
        "coordinates": [
            -2.821546,
            53.424233
        ]
    },
    "2800S51050B": {
        "common_name": "Hurst Park Drive",
        "coordinates": [
            -2.826592,
            53.421394
        ]
    },
    "2800S51050A": {
        "common_name": "Hurst Park Drive",
        "coordinates": [
            -2.826454,
            53.421251
        ]
    },
    "2800S51051A": {
        "common_name": "Longview Drive",
        "coordinates": [
            -2.830816,
            53.418857
        ]
    },
    "2800S51051B": {
        "common_name": "Longview Drive",
        "coordinates": [
            -2.830405,
            53.419354
        ]
    },
    "2800S51052B": {
        "common_name": "Longview Lane",
        "coordinates": [
            -2.833317,
            53.417482
        ]
    },
    "2800S51052A": {
        "common_name": "Longview Crescent",
        "coordinates": [
            -2.83352,
            53.417076
        ]
    },
    "2800S51053A": {
        "common_name": "Huyton Lane",
        "coordinates": [
            -2.835063,
            53.415968
        ]
    },
    "2800S51053B": {
        "common_name": "Huyton Lane",
        "coordinates": [
            -2.834801,
            53.416402
        ]
    },
    "2800S44041B": {
        "common_name": "Police Station",
        "coordinates": [
            -2.838047,
            53.411597
        ]
    },
    "2800S44041C": {
        "common_name": "Huyton Lane",
        "coordinates": [
            -2.838298,
            53.412908
        ]
    },
    "2800S44188B": {
        "common_name": "Huyton Bus Station",
        "coordinates": [
            -2.838902,
            53.409982
        ]
    },
    "2800S44188C": {
        "common_name": "Huyton Bus Station",
        "coordinates": [
            -2.838647,
            53.409993
        ]
    },
    "2800S44040A": {
        "common_name": "Huyton Town Centre",
        "coordinates": [
            -2.841549,
            53.412211
        ]
    },
    "2800S44039A": {
        "common_name": "Poplar Bank",
        "coordinates": [
            -2.84413,
            53.411114
        ]
    },
    "2800S44095B": {
        "common_name": "Blacklow Brow",
        "coordinates": [
            -2.847365,
            53.408106
        ]
    },
    "2800S44049A": {
        "common_name": "Westmorland Road",
        "coordinates": [
            -2.841163,
            53.410173
        ]
    },
    "2800S44095C": {
        "common_name": "Sandfield",
        "coordinates": [
            -2.847187,
            53.409007
        ]
    },
    "2800S50025B": {
        "common_name": "The Rooley",
        "coordinates": [
            -2.844472,
            53.406338
        ]
    },
    "2800S50026B": {
        "common_name": "The Park",
        "coordinates": [
            -2.841913,
            53.405484
        ]
    },
    "2800S50027B": {
        "common_name": "St Johns Road",
        "coordinates": [
            -2.837719,
            53.40413
        ]
    },
    "2800S50025A": {
        "common_name": "The Rooley",
        "coordinates": [
            -2.846043,
            53.406696
        ]
    },
    "2800S50026A": {
        "common_name": "The Park",
        "coordinates": [
            -2.841515,
            53.405164
        ]
    },
    "2800S50024B": {
        "common_name": "Wheathill Road",
        "coordinates": [
            -2.837126,
            53.399963
        ]
    },
    "2800S50027A": {
        "common_name": "Wheathill Road",
        "coordinates": [
            -2.837411,
            53.403763
        ]
    },
    "2800S50024C": {
        "common_name": "The Chase",
        "coordinates": [
            -2.836659,
            53.401449
        ]
    },
    "2800S50062B": {
        "common_name": "Holt Lane",
        "coordinates": [
            -2.841972,
            53.398598
        ]
    },
    "2800S50023B": {
        "common_name": "Naylorsfield Drive",
        "coordinates": [
            -2.84864,
            53.395109
        ]
    },
    "2800S50062A": {
        "common_name": "Holt Lane",
        "coordinates": [
            -2.84271,
            53.398674
        ]
    },
    "2800S50016A": {
        "common_name": "Pavaley Bank",
        "coordinates": [
            -2.849441,
            53.391525
        ]
    },
    "2800S50005A": {
        "common_name": "Runton Road",
        "coordinates": [
            -2.850701,
            53.389853
        ]
    },
    "2800S50023A": {
        "common_name": "Naylorsfield Dirve",
        "coordinates": [
            -2.848811,
            53.39535
        ]
    },
    "2800S50016B": {
        "common_name": "Broomhill Close",
        "coordinates": [
            -2.849574,
            53.392154
        ]
    },
    "2800S50002A": {
        "common_name": "Belle Vale Interchange",
        "coordinates": [
            -2.857337,
            53.391586
        ]
    },
    "2800S50005C": {
        "common_name": "Runton Road",
        "coordinates": [
            -2.851944,
            53.39033
        ]
    },
    "2800S50002B": {
        "common_name": "Belle Vale Interchange",
        "coordinates": [
            -2.856281,
            53.391413
        ]
    },
    "2800S50020B": {
        "common_name": "Belle Vale Bus Station",
        "coordinates": [
            -2.860667,
            53.390309
        ]
    },
    "2800S50004A": {
        "common_name": "Jones Farm Road",
        "coordinates": [
            -2.856333,
            53.386514
        ]
    },
    "2800S50020C": {
        "common_name": "Belle Vale Bus Station",
        "coordinates": [
            -2.860799,
            53.390347
        ]
    },
    "2800S50004B": {
        "common_name": "Jones Farm Road",
        "coordinates": [
            -2.856563,
            53.386755
        ]
    },
    "2800S43058A": {
        "common_name": "Lee Vale Road",
        "coordinates": [
            -2.858575,
            53.384359
        ]
    },
    "2800S43059A": {
        "common_name": "Halewood Road",
        "coordinates": [
            -2.861067,
            53.383451
        ]
    },
    "2800S43058B": {
        "common_name": "Belle Vue Road",
        "coordinates": [
            -2.858565,
            53.38461
        ]
    },
    "2800S43146A": {
        "common_name": "Sandfield Road",
        "coordinates": [
            -2.863525,
            53.383056
        ]
    },
    "2800S43108B": {
        "common_name": "Hollytree Road",
        "coordinates": [
            -2.866352,
            53.379395
        ]
    },
    "2800S43059B": {
        "common_name": "Grange Lane",
        "coordinates": [
            -2.861324,
            53.383521
        ]
    },
    "2800S43146B": {
        "common_name": "Grange Lane",
        "coordinates": [
            -2.862523,
            53.383315
        ]
    },
    "2800S43109B": {
        "common_name": "Hillside Drive",
        "coordinates": [
            -2.866519,
            53.377955
        ]
    },
    "2800S43108A": {
        "common_name": "Glenacres",
        "coordinates": [
            -2.866525,
            53.379744
        ]
    },
    "2800S43109A": {
        "common_name": "Woolton Mount",
        "coordinates": [
            -2.866689,
            53.378188
        ]
    },
    "2800S43033E": {
        "common_name": "Kings Drive",
        "coordinates": [
            -2.866072,
            53.37448
        ]
    },
    "2800S49004A": {
        "common_name": "Manor Road",
        "coordinates": [
            -2.863325,
            53.371668
        ]
    },
    "2800S43193B": {
        "common_name": "Allerton Road",
        "coordinates": [
            -2.867035,
            53.375264
        ]
    },
    "2800S49007A": {
        "common_name": "School Lane",
        "coordinates": [
            -2.863146,
            53.370267
        ]
    },
    "2800S48055B": {
        "common_name": "Haileybury Road",
        "coordinates": [
            -2.862258,
            53.367208
        ]
    },
    "2800S49004B": {
        "common_name": "Manor Road",
        "coordinates": [
            -2.8635,
            53.371415
        ]
    },
    "2800S49007B": {
        "common_name": "School Lane",
        "coordinates": [
            -2.863362,
            53.370535
        ]
    },
    "2800S48056A": {
        "common_name": "Greenacre Road",
        "coordinates": [
            -2.856846,
            53.364146
        ]
    },
    "2800S48057A": {
        "common_name": "Roskell Road",
        "coordinates": [
            -2.856589,
            53.361829
        ]
    },
    "2800S48055A": {
        "common_name": "Jeudwine Close",
        "coordinates": [
            -2.862568,
            53.367709
        ]
    },
    "2800S48016F": {
        "common_name": "Hunts Cross Station",
        "coordinates": [
            -2.855914,
            53.35964
        ]
    },
    "2800S48016D": {
        "common_name": "Hunts Cross Station",
        "coordinates": [
            -2.855592,
            53.358573
        ]
    },
    "2800S48056B": {
        "common_name": "Greenacre Road",
        "coordinates": [
            -2.857,
            53.364307
        ]
    },
    "2800S48016B": {
        "common_name": "Hunts Cross Station",
        "coordinates": [
            -2.85634,
            53.359916
        ]
    },
    "2800S48172A": {
        "common_name": "Kingsthorne Park",
        "coordinates": [
            -2.854531,
            53.356585
        ]
    },
    "2800S48029B": {
        "common_name": "Fleming Road",
        "coordinates": [
            -2.853021,
            53.354744
        ]
    },
    "2800S48003A": {
        "common_name": "Gaskill Road",
        "coordinates": [
            -2.849979,
            53.349858
        ]
    },
    "2800S48172B": {
        "common_name": "Kingsthorne Park",
        "coordinates": [
            -2.85489,
            53.356511
        ]
    },
    "2800S48029E": {
        "common_name": "Alderman Road",
        "coordinates": [
            -2.853611,
            53.354911
        ]
    },
    "2800S48025B": {
        "common_name": "Tarbock Road",
        "coordinates": [
            -2.84971,
            53.346885
        ]
    },
    "2800S48004B": {
        "common_name": "Stapleton Avenue",
        "coordinates": [
            -2.850442,
            53.344425
        ]
    },
    "2800S48024A": {
        "common_name": "Shaw Road",
        "coordinates": [
            -2.851518,
            53.352454
        ]
    },
    "2800S48003C": {
        "common_name": "Gaskill Road",
        "coordinates": [
            -2.850167,
            53.349488
        ]
    },
    "2800S48025A": {
        "common_name": "Bray Road",
        "coordinates": [
            -2.850175,
            53.346863
        ]
    },
    "2800S48005B": {
        "common_name": "Central Avenue",
        "coordinates": [
            -2.850977,
            53.342642
        ]
    },
    "2800S48054B": {
        "common_name": "Lovel Road",
        "coordinates": [
            -2.847798,
            53.342107
        ]
    },
    "2800S48004A": {
        "common_name": "Blackrod Avenue",
        "coordinates": [
            -2.850652,
            53.345143
        ]
    },
    "2800S48005A": {
        "common_name": "Tewit Hall Road",
        "coordinates": [
            -2.851341,
            53.34281
        ]
    },
    "2800S48090A": {
        "common_name": "Conleach Road",
        "coordinates": [
            -2.843916,
            53.341784
        ]
    },
    "2800S48193A": {
        "common_name": "Parade Crescent",
        "coordinates": [
            -2.839948,
            53.340895
        ]
    },
    "2800S48054A": {
        "common_name": "Lovel Road",
        "coordinates": [
            -2.848229,
            53.341897
        ]
    },
    "2800S48006A": {
        "common_name": "Harefield Road",
        "coordinates": [
            -2.844257,
            53.34153
        ]
    },
    "2800S48008B": {
        "common_name": "Little Heath Road",
        "coordinates": [
            -2.835688,
            53.341132
        ]
    },
    "2800S48052B": {
        "common_name": "Oldbridge Road",
        "coordinates": [
            -2.832081,
            53.341013
        ]
    },
    "2800S48007A": {
        "common_name": "Parade Crescent",
        "coordinates": [
            -2.840563,
            53.340837
        ]
    },
    "2800S48008A": {
        "common_name": "Little Heath Road",
        "coordinates": [
            -2.83636,
            53.340965
        ]
    },
    "2800S48067C": {
        "common_name": "Heathgate Road",
        "coordinates": [
            -2.829438,
            53.340295
        ]
    },
    "2800S48067B": {
        "common_name": "Alderfield Drive",
        "coordinates": [
            -2.829703,
            53.338468
        ]
    },
    "2800S48052A": {
        "common_name": "Oldbridge Road",
        "coordinates": [
            -2.83403,
            53.340874
        ]
    },
    "2800S48009A": {
        "common_name": "Eastern Avenue",
        "coordinates": [
            -2.830226,
            53.340649
        ]
    },
    "2800S48085A": {
        "common_name": "Dungeon Lane",
        "coordinates": [
            -2.831989,
            53.337832
        ]
    },
    "2800S48086B": {
        "common_name": "Carley Walk",
        "coordinates": [
            -2.836755,
            53.338104
        ]
    },
    "2800S48087A": {
        "common_name": "Bramley Walk",
        "coordinates": [
            -2.844508,
            53.338319
        ]
    },
    "2800S48089G": {
        "common_name": "Liverpool John Lennon Airport",
        "coordinates": [
            -2.85411,
            53.337783
        ]
    },
    "2800S48067A": {
        "common_name": "Hale Drive",
        "coordinates": [
            -2.82988,
            53.338296
        ]
    },
    "2800S48085B": {
        "common_name": "Dungeon Lane",
        "coordinates": [
            -2.831721,
            53.337986
        ]
    },
    "2800S48086A": {
        "common_name": "Carley Walk",
        "coordinates": [
            -2.836444,
            53.338322
        ]
    },
    "2800S48087B": {
        "common_name": "Bramley Walk",
        "coordinates": [
            -2.843912,
            53.338512
        ]
    },
    "2800S48026A": {
        "common_name": "Western Avenue",
        "coordinates": [
            -2.853077,
            53.339454
        ]
    },
    "2800S48089D": {
        "common_name": "Liverpool John Lennon Airport",
        "coordinates": [
            -2.85486,
            53.337742
        ]
    }
}