{
    "2800S42023H": {
        "common_name": "Queen Square Bus Station",
        "coordinates": [
            -2.982547,
            53.407697
        ]
    },
    "2800S42023B": {
        "common_name": "Queen Square Bus Station",
        "coordinates": [
            -2.982547,
            53.407697
        ]
    },
    "2800S42057C": {
        "common_name": "Fraser Street",
        "coordinates": [
            -2.976675,
            53.409402
        ]
    },
    "2800S42015E": {
        "common_name": "Pembroke Place",
        "coordinates": [
            -2.972849,
            53.40919
        ]
    },
    "2800S42016B": {
        "common_name": "Epworth Street",
        "coordinates": [
            -2.966188,
            53.410629
        ]
    },
    "2800S41023B": {
        "common_name": "Low Hill",
        "coordinates": [
            -2.960392,
            53.411152
        ]
    },
    "2800S41024B": {
        "common_name": "Leopold Road",
        "coordinates": [
            -2.955113,
            53.411886
        ]
    },
    "2800S41025B": {
        "common_name": "Grantham Street",
        "coordinates": [
            -2.949162,
            53.412195
        ]
    },
    "2800S41026D": {
        "common_name": "Romer Road",
        "coordinates": [
            -2.945658,
            53.41224
        ]
    },
    "2800S41027B": {
        "common_name": "Onslow Road",
        "coordinates": [
            -2.941326,
            53.412958
        ]
    },
    "2800S41028B": {
        "common_name": "Holland Street",
        "coordinates": [
            -2.935271,
            53.414021
        ]
    },
    "2800S41029A": {
        "common_name": "Prescot Drive",
        "coordinates": [
            -2.931639,
            53.414418
        ]
    },
    "2800S41030B": {
        "common_name": "Newton Road",
        "coordinates": [
            -2.927676,
            53.414835
        ]
    },
    "2800S41142A": {
        "common_name": "Cheadle Avenue",
        "coordinates": [
            -2.922902,
            53.415313
        ]
    },
    "2800S41031E": {
        "common_name": "Swan Street",
        "coordinates": [
            -2.920512,
            53.415412
        ]
    },
    "2800S41032B": {
        "common_name": "Ashton Street",
        "coordinates": [
            -2.917599,
            53.415012
        ]
    },
    "2800S41033C": {
        "common_name": "Fitzgerald Road",
        "coordinates": [
            -2.912275,
            53.413669
        ]
    },
    "2800S44001B": {
        "common_name": "Black Horse Lane",
        "coordinates": [
            -2.907847,
            53.41488
        ]
    },
    "2800S44002A": {
        "common_name": "Chatterton Road",
        "coordinates": [
            -2.901386,
            53.416709
        ]
    },
    "2800S44197A": {
        "common_name": "Alder Hey Hospital",
        "coordinates": [
            -2.895407,
            53.417886
        ]
    },
    "2800S44003B": {
        "common_name": "Eaton Road",
        "coordinates": [
            -2.892023,
            53.418649
        ]
    },
    "2800S44004D": {
        "common_name": "Gala Close",
        "coordinates": [
            -2.885536,
            53.419308
        ]
    },
    "2800S44005B": {
        "common_name": "Ackers Hall Avenue",
        "coordinates": [
            -2.880267,
            53.419886
        ]
    },
    "2800S44006C": {
        "common_name": "Finch Lane",
        "coordinates": [
            -2.876347,
            53.420284
        ]
    },
    "2800S44143A": {
        "common_name": "Taurus Road",
        "coordinates": [
            -2.871853,
            53.420532
        ]
    },
    "2800S44007A": {
        "common_name": "Lordens Road",
        "coordinates": [
            -2.866462,
            53.421039
        ]
    },
    "2800S44123C": {
        "common_name": "Princess Drive",
        "coordinates": [
            -2.862039,
            53.421871
        ]
    },
    "2800S44008B": {
        "common_name": "Calgarth Road",
        "coordinates": [
            -2.858323,
            53.422662
        ]
    },
    "2800S44009B": {
        "common_name": "Mardale Road",
        "coordinates": [
            -2.853559,
            53.42373
        ]
    },
    "2800S44013B": {
        "common_name": "Pennard Avenue",
        "coordinates": [
            -2.847068,
            53.424954
        ]
    },
    "2800S44014B": {
        "common_name": "Hillside Avenue",
        "coordinates": [
            -2.84303,
            53.425486
        ]
    },
    "2800S44021B": {
        "common_name": "Hazel Road",
        "coordinates": [
            -2.836807,
            53.42357
        ]
    },
    "2800S44128A": {
        "common_name": "Wellcroft Road",
        "coordinates": [
            -2.833462,
            53.421049
        ]
    },
    "2800S51026A": {
        "common_name": "Wallace Drive",
        "coordinates": [
            -2.829542,
            53.417571
        ]
    },
    "2800S51025A": {
        "common_name": "Hurst Park Drive",
        "coordinates": [
            -2.826061,
            53.415725
        ]
    },
    "2800S51024A": {
        "common_name": "Hardie Road",
        "coordinates": [
            -2.823066,
            53.414137
        ]
    },
    "2800S51023A": {
        "common_name": "The Crescent",
        "coordinates": [
            -2.821404,
            53.41218
        ]
    },
    "2800S51022A": {
        "common_name": "Hillcrest Avenue",
        "coordinates": [
            -2.823296,
            53.411232
        ]
    },
    "2800S51021B": {
        "common_name": "St Gabriels Avenue",
        "coordinates": [
            -2.826499,
            53.411147
        ]
    },
    "2800S51020A": {
        "common_name": "Attlee Road",
        "coordinates": [
            -2.82932,
            53.41155
        ]
    },
    "2800S51019A": {
        "common_name": "Hey Park",
        "coordinates": [
            -2.832909,
            53.411237
        ]
    },
    "2800S51018A": {
        "common_name": "Huyton Hey Road",
        "coordinates": [
            -2.835136,
            53.410485
        ]
    },
    "2800S44188G": {
        "common_name": "Huyton Bus Station",
        "coordinates": [
            -2.838012,
            53.410015
        ]
    },
    "2800S44041D": {
        "common_name": "Archway Road",
        "coordinates": [
            -2.838315,
            53.413015
        ]
    },
    "2800S44040D": {
        "common_name": "Huyton Town Centre",
        "coordinates": [
            -2.841117,
            53.41242
        ]
    },
    "2800S44038B": {
        "common_name": "Kingsway",
        "coordinates": [
            -2.84719,
            53.412944
        ]
    },
    "2800S44091A": {
        "common_name": "Sergrim Road",
        "coordinates": [
            -2.851188,
            53.413509
        ]
    },
    "2800S44090A": {
        "common_name": "Forest Drive",
        "coordinates": [
            -2.855699,
            53.414106
        ]
    },
    "2800S44089A": {
        "common_name": "Ashbourne Crescent",
        "coordinates": [
            -2.860309,
            53.414405
        ]
    },
    "2800S44088A": {
        "common_name": "Westwick Place",
        "coordinates": [
            -2.863277,
            53.414617
        ]
    },
    "2800S44087A": {
        "common_name": "Easton Road",
        "coordinates": [
            -2.868092,
            53.415391
        ]
    },
    "2800S44086A": {
        "common_name": "Pilch Lane East",
        "coordinates": [
            -2.870701,
            53.412757
        ]
    },
    "2800S44085A": {
        "common_name": "Adcote Close",
        "coordinates": [
            -2.87786,
            53.414826
        ]
    },
    "2800S44084A": {
        "common_name": "Swanside Road",
        "coordinates": [
            -2.881151,
            53.416069
        ]
    },
    "2800S44004A": {
        "common_name": "Newenham Cresent",
        "coordinates": [
            -2.887833,
            53.418174
        ]
    },
    "2800S44003A": {
        "common_name": "Thomas Lane",
        "coordinates": [
            -2.894033,
            53.417663
        ]
    },
    "2800S44002B": {
        "common_name": "Rudyard Road",
        "coordinates": [
            -2.898816,
            53.416845
        ]
    },
    "2800S44001C": {
        "common_name": "Queens Drive",
        "coordinates": [
            -2.904552,
            53.415579
        ]
    },
    "2800S41033B": {
        "common_name": "Belfast Road",
        "coordinates": [
            -2.910532,
            53.41379
        ]
    },
    "2800S41032A": {
        "common_name": "Bell Street",
        "coordinates": [
            -2.916746,
            53.414488
        ]
    },
    "2800S41031A": {
        "common_name": "Herrick Street",
        "coordinates": [
            -2.921019,
            53.415193
        ]
    },
    "2800S41142B": {
        "common_name": "Barrymore Road",
        "coordinates": [
            -2.925768,
            53.41494
        ]
    },
    "2800S41030A": {
        "common_name": "Endsleigh Road",
        "coordinates": [
            -2.927731,
            53.41461
        ]
    },
    "2800S41029B": {
        "common_name": "Prescot Drive",
        "coordinates": [
            -2.93111,
            53.414287
        ]
    },
    "2800S41028A": {
        "common_name": "Holland Street",
        "coordinates": [
            -2.935027,
            53.413852
        ]
    },
    "2800S41027A": {
        "common_name": "Lilley Road",
        "coordinates": [
            -2.939133,
            53.413101
        ]
    },
    "2800S41026B": {
        "common_name": "Kelso Road",
        "coordinates": [
            -2.943554,
            53.412329
        ]
    },
    "2800S41025A": {
        "common_name": "Hawkins Street",
        "coordinates": [
            -2.948827,
            53.412008
        ]
    },
    "2800S41024A": {
        "common_name": "Gwenfron Road",
        "coordinates": [
            -2.952839,
            53.41177
        ]
    },
    "2800S41023C": {
        "common_name": "Guelph Place",
        "coordinates": [
            -2.959778,
            53.411065
        ]
    },
    "2800S42016A": {
        "common_name": "Epworth Street",
        "coordinates": [
            -2.966484,
            53.410438
        ]
    },
    "2800S42015C": {
        "common_name": "Greek Street",
        "coordinates": [
            -2.972875,
            53.40901
        ]
    },
    "2800S42024A": {
        "common_name": "Lord Nelson Street",
        "coordinates": [
            -2.978909,
            53.408386
        ]
    },
    "2800S42023J": {
        "common_name": "Queen Square Bus Station",
        "coordinates": [
            -2.982476,
            53.407584
        ]
    }
}