{
    "2800S16001E": {
        "common_name": "St Helens Bus Station",
        "coordinates": [
            -2.7332,
            53.453356
        ]
    },
    "2800S16001M": {
        "common_name": "Bickerstaffe Street",
        "coordinates": [
            -2.73315,
            53.453114
        ]
    },
    "2800S16025C": {
        "common_name": "Exchange Street",
        "coordinates": [
            -2.738801,
            53.451605
        ]
    },
    "2800S16016A": {
        "common_name": "Linkway West",
        "coordinates": [
            -2.744572,
            53.451794
        ]
    },
    "2800S16017B": {
        "common_name": "The Shires",
        "coordinates": [
            -2.74905,
            53.448683
        ]
    },
    "2800S16018B": {
        "common_name": "Prescot Road",
        "coordinates": [
            -2.752863,
            53.448048
        ]
    },
    "2800S16007G": {
        "common_name": "Claughton Street",
        "coordinates": [
            -2.736629,
            53.454
        ]
    },
    "2800S16023A": {
        "common_name": "Rigby Street South",
        "coordinates": [
            -2.740009,
            53.453521
        ]
    },
    "2800S16016B": {
        "common_name": "Eccleston Street",
        "coordinates": [
            -2.745802,
            53.451535
        ]
    },
    "2800S16017A": {
        "common_name": "Bank Street",
        "coordinates": [
            -2.750493,
            53.449429
        ]
    },
    "2800S16018A": {
        "common_name": "Underhill Road",
        "coordinates": [
            -2.754872,
            53.448403
        ]
    },
    "2800S16019B": {
        "common_name": "Dunriding Lane",
        "coordinates": [
            -2.757888,
            53.446955
        ]
    },
    "2800S16019A": {
        "common_name": "Grosvenor Road",
        "coordinates": [
            -2.759844,
            53.446035
        ]
    },
    "2800S14001A": {
        "common_name": "Regents Road",
        "coordinates": [
            -2.762112,
            53.443216
        ]
    },
    "2800S14001C": {
        "common_name": "Roby Street",
        "coordinates": [
            -2.761927,
            53.442992
        ]
    },
    "2800S16020B": {
        "common_name": "Whittle Street",
        "coordinates": [
            -2.759723,
            53.440103
        ]
    },
    "2800S16021B": {
        "common_name": "Lacey Street",
        "coordinates": [
            -2.758994,
            53.438049
        ]
    },
    "2800S13025B": {
        "common_name": "Elephant Lane",
        "coordinates": [
            -2.758795,
            53.436208
        ]
    },
    "2800S13089A": {
        "common_name": "Balmer Street",
        "coordinates": [
            -2.755235,
            53.435745
        ]
    },
    "2800S16020A": {
        "common_name": "Leslie Road",
        "coordinates": [
            -2.760865,
            53.440824
        ]
    },
    "2800S16021A": {
        "common_name": "Lacey Street",
        "coordinates": [
            -2.759207,
            53.438219
        ]
    },
    "2800S16052A": {
        "common_name": "Thatto Heath Station",
        "coordinates": [
            -2.759067,
            53.437087
        ]
    },
    "2800S13025A": {
        "common_name": "Nutgrove Road",
        "coordinates": [
            -2.758109,
            53.435682
        ]
    },
    "2800S13088A": {
        "common_name": "Dunedin Street",
        "coordinates": [
            -2.753706,
            53.435305
        ]
    },
    "2800S13088B": {
        "common_name": "Dorothy Street",
        "coordinates": [
            -2.752545,
            53.435178
        ]
    },
    "2800S13087B": {
        "common_name": "Queensland Avenue",
        "coordinates": [
            -2.750642,
            53.433976
        ]
    },
    "2800S13087A": {
        "common_name": "Queensland Avenue",
        "coordinates": [
            -2.750577,
            53.433707
        ]
    },
    "2800S13086A": {
        "common_name": "Poynter Street",
        "coordinates": [
            -2.747193,
            53.432964
        ]
    },
    "2800S13086B": {
        "common_name": "Manley Place",
        "coordinates": [
            -2.747452,
            53.433169
        ]
    },
    "2800S13085B": {
        "common_name": "Basildon Close",
        "coordinates": [
            -2.747372,
            53.431165
        ]
    },
    "2800S13084B": {
        "common_name": "The Broads",
        "coordinates": [
            -2.746642,
            53.429902
        ]
    },
    "2800S13122B": {
        "common_name": "Marleybone Avenue",
        "coordinates": [
            -2.745659,
            53.427023
        ]
    },
    "2800S13083A": {
        "common_name": "Waterside Village",
        "coordinates": [
            -2.744123,
            53.424399
        ]
    },
    "2800S13155B": {
        "common_name": "Stevenage Close",
        "coordinates": [
            -2.74446,
            53.432505
        ]
    },
    "2800S13154B": {
        "common_name": "Elton Head Road",
        "coordinates": [
            -2.745023,
            53.429391
        ]
    },
    "2800S13084A": {
        "common_name": "Elton Head Road",
        "coordinates": [
            -2.746252,
            53.428215
        ]
    },
    "2800S13083B": {
        "common_name": "Waterside Village",
        "coordinates": [
            -2.745683,
            53.425819
        ]
    },
    "2800S13082A": {
        "common_name": "Lea Green Road",
        "coordinates": [
            -2.738297,
            53.423411
        ]
    },
    "2800S13081B": {
        "common_name": "Power Station",
        "coordinates": [
            -2.737329,
            53.419614
        ]
    },
    "2800S13082B": {
        "common_name": "Lea Green Road",
        "coordinates": [
            -2.738505,
            53.423248
        ]
    },
    "2800S13080B": {
        "common_name": "St Michaels Road",
        "coordinates": [
            -2.738413,
            53.417082
        ]
    },
    "2800S13079A": {
        "common_name": "Walkers Lane",
        "coordinates": [
            -2.73468,
            53.415235
        ]
    },
    "2800S13078B": {
        "common_name": "Preston Street",
        "coordinates": [
            -2.730478,
            53.413229
        ]
    },
    "2800S12001C": {
        "common_name": "Forest Road",
        "coordinates": [
            -2.727714,
            53.412599
        ]
    },
    "2800S13077A": {
        "common_name": "Chandlers Way",
        "coordinates": [
            -2.727196,
            53.413996
        ]
    },
    "2800S13081A": {
        "common_name": "Power Station",
        "coordinates": [
            -2.737669,
            53.419271
        ]
    },
    "2800S13080A": {
        "common_name": "St Michaels Road",
        "coordinates": [
            -2.738771,
            53.416909
        ]
    },
    "2800S13079B": {
        "common_name": "Forest Road",
        "coordinates": [
            -2.735733,
            53.415247
        ]
    },
    "2800S13078A": {
        "common_name": "Shakespeare Road",
        "coordinates": [
            -2.732854,
            53.414051
        ]
    },
    "2800S12001A": {
        "common_name": "Jubits Lane",
        "coordinates": [
            -2.728144,
            53.412201
        ]
    },
    "2800S13077B": {
        "common_name": "Chandlers Way",
        "coordinates": [
            -2.726587,
            53.414458
        ]
    },
    "2800S13076C": {
        "common_name": "Chester Lane",
        "coordinates": [
            -2.723805,
            53.416308
        ]
    },
    "2800S13075A": {
        "common_name": "Cannon Street",
        "coordinates": [
            -2.722272,
            53.416399
        ]
    },
    "2800S13076B": {
        "common_name": "Jubits Lane",
        "coordinates": [
            -2.723486,
            53.416139
        ]
    },
    "2800S13073A": {
        "common_name": "Jersey Street",
        "coordinates": [
            -2.717121,
            53.416978
        ]
    },
    "2800S13074A": {
        "common_name": "Bentley Street",
        "coordinates": [
            -2.718873,
            53.416482
        ]
    },
    "2800S13073B": {
        "common_name": "Agnes Street",
        "coordinates": [
            -2.715906,
            53.417165
        ]
    },
    "2800S13064A": {
        "common_name": "Clock Face Road",
        "coordinates": [
            -2.712422,
            53.418462
        ]
    },
    "2800S13221A": {
        "common_name": "Gartons Lane",
        "coordinates": [
            -2.71309,
            53.419762
        ]
    },
    "2800S13057B": {
        "common_name": "Leach Lane",
        "coordinates": [
            -2.71432,
            53.420392
        ]
    },
    "2800S13056A": {
        "common_name": "Ilfracombe road",
        "coordinates": [
            -2.715106,
            53.423309
        ]
    },
    "2800S13057A": {
        "common_name": "Leach Lane",
        "coordinates": [
            -2.714489,
            53.420634
        ]
    },
    "2800S13056B": {
        "common_name": "Taunton Avenue",
        "coordinates": [
            -2.714959,
            53.422645
        ]
    },
    "2800S13055A": {
        "common_name": "Ilfracombe Road",
        "coordinates": [
            -2.714521,
            53.425209
        ]
    },
    "2800S13054B": {
        "common_name": "Wheatsheaf Avenue",
        "coordinates": [
            -2.711361,
            53.427062
        ]
    },
    "2800S13150B": {
        "common_name": "Mill Lane",
        "coordinates": [
            -2.710399,
            53.427984
        ]
    },
    "2800S13055B": {
        "common_name": "The Beeches",
        "coordinates": [
            -2.713728,
            53.425511
        ]
    },
    "2800S13054A": {
        "common_name": "Wheatsheaf Avenue",
        "coordinates": [
            -2.711387,
            53.426765
        ]
    },
    "2800S13053A": {
        "common_name": "Leach Lane",
        "coordinates": [
            -2.709688,
            53.428681
        ]
    },
    "2800S13052A": {
        "common_name": "Brindley Road",
        "coordinates": [
            -2.70331,
            53.430741
        ]
    },
    "2800S13050A": {
        "common_name": "Eliza Street",
        "coordinates": [
            -2.697774,
            53.432697
        ]
    },
    "2800S13052B": {
        "common_name": "Brindley Road",
        "coordinates": [
            -2.704221,
            53.430268
        ]
    },
    "2800S13051A": {
        "common_name": "Lionel Street",
        "coordinates": [
            -2.699009,
            53.431881
        ]
    },
    "2800S13050B": {
        "common_name": "Eliza Street",
        "coordinates": [
            -2.697642,
            53.432958
        ]
    },
    "2800S13024B": {
        "common_name": "Cecil Street",
        "coordinates": [
            -2.700094,
            53.434688
        ]
    },
    "2800S13023A": {
        "common_name": "Peckers Hill Road",
        "coordinates": [
            -2.70392,
            53.434827
        ]
    },
    "2800S13023B": {
        "common_name": "Robins Lane",
        "coordinates": [
            -2.703986,
            53.435204
        ]
    },
    "2800S13095A": {
        "common_name": "Carnegie Crescent",
        "coordinates": [
            -2.699992,
            53.437619
        ]
    },
    "2800S13096A": {
        "common_name": "Rolling Mill Lane",
        "coordinates": [
            -2.699364,
            53.439735
        ]
    },
    "2800S13104A": {
        "common_name": "Hoghton Road",
        "coordinates": [
            -2.69914,
            53.437974
        ]
    },
    "2800S13096B": {
        "common_name": "Rolling Mill Lane",
        "coordinates": [
            -2.699369,
            53.439995
        ]
    },
    "2800S13097B": {
        "common_name": "Berrys Lane",
        "coordinates": [
            -2.700514,
            53.441903
        ]
    },
    "2800S13097A": {
        "common_name": "Berrys Lane",
        "coordinates": [
            -2.70038,
            53.442003
        ]
    },
    "2800S13098A": {
        "common_name": "Meadow Lane",
        "coordinates": [
            -2.698785,
            53.443873
        ]
    },
    "2800S13098B": {
        "common_name": "Brookway Lane",
        "coordinates": [
            -2.697616,
            53.44423
        ]
    },
    "2800S13100B": {
        "common_name": "Moss Lane",
        "coordinates": [
            -2.693413,
            53.445927
        ]
    },
    "2800S13100A": {
        "common_name": "Berrys Lane",
        "coordinates": [
            -2.694531,
            53.446154
        ]
    },
    "2800S13107B": {
        "common_name": "Downway Lane",
        "coordinates": [
            -2.691712,
            53.445901
        ]
    },
    "2800S13029A": {
        "common_name": "Derbyshire Hill Road",
        "coordinates": [
            -2.686664,
            53.446604
        ]
    },
    "2800S13107A": {
        "common_name": "Downway Lane",
        "coordinates": [
            -2.689705,
            53.445634
        ]
    },
    "2800S13029B": {
        "common_name": "Rudd Avenue",
        "coordinates": [
            -2.686414,
            53.446965
        ]
    },
    "2800S13030A": {
        "common_name": "Swan Avenue",
        "coordinates": [
            -2.690111,
            53.449362
        ]
    },
    "2800S13109A": {
        "common_name": "Provident Street",
        "coordinates": [
            -2.692821,
            53.451189
        ]
    },
    "2800S13030B": {
        "common_name": "Swan Avenue",
        "coordinates": [
            -2.689536,
            53.449185
        ]
    },
    "2800S13109B": {
        "common_name": "Provident Street",
        "coordinates": [
            -2.691986,
            53.450753
        ]
    },
    "2800S13036B": {
        "common_name": "Moorfoot Road",
        "coordinates": [
            -2.697677,
            53.45347
        ]
    },
    "2800S13036A": {
        "common_name": "Mendip Grove",
        "coordinates": [
            -2.697115,
            53.453123
        ]
    },
    "2800S13037A": {
        "common_name": "Nicholson Street",
        "coordinates": [
            -2.702138,
            53.453633
        ]
    },
    "2800S13038C": {
        "common_name": "Hargreaves Street",
        "coordinates": [
            -2.703883,
            53.453542
        ]
    },
    "2800S13038A": {
        "common_name": "Hargreaves Street",
        "coordinates": [
            -2.703645,
            53.453705
        ]
    },
    "2800S13039B": {
        "common_name": "Tickle Avenue",
        "coordinates": [
            -2.708696,
            53.451392
        ]
    },
    "2800S13038B": {
        "common_name": "Boardmans Lane",
        "coordinates": [
            -2.705278,
            53.453192
        ]
    },
    "2800S13040B": {
        "common_name": "Ramford Street",
        "coordinates": [
            -2.713687,
            53.450877
        ]
    },
    "2800S13039A": {
        "common_name": "Gaskell Street",
        "coordinates": [
            -2.711469,
            53.450611
        ]
    },
    "2800S13040A": {
        "common_name": "Ramford Street",
        "coordinates": [
            -2.713277,
            53.450664
        ]
    },
    "2800S13041B": {
        "common_name": "Parr Stocks Road",
        "coordinates": [
            -2.71706,
            53.451809
        ]
    },
    "2800S13002A": {
        "common_name": "Johnson Street",
        "coordinates": [
            -2.718709,
            53.45491
        ]
    },
    "2800S13041A": {
        "common_name": "Sorogold Street",
        "coordinates": [
            -2.716859,
            53.451478
        ]
    },
    "2800S13002B": {
        "common_name": "Pocket Nook Street",
        "coordinates": [
            -2.71986,
            53.45439
        ]
    },
    "2800S13003A": {
        "common_name": "Blackhorse Street",
        "coordinates": [
            -2.716511,
            53.45584
        ]
    },
    "2800S13004A": {
        "common_name": "Mulcrow Close",
        "coordinates": [
            -2.71248,
            53.457041
        ]
    },
    "2800S13003B": {
        "common_name": "Merton Bank Road",
        "coordinates": [
            -2.717457,
            53.45569
        ]
    },
    "2800S13004B": {
        "common_name": "Mulcrow Close",
        "coordinates": [
            -2.712303,
            53.457249
        ]
    },
    "2800S13005A": {
        "common_name": "Boardmans Lane",
        "coordinates": [
            -2.708236,
            53.459017
        ]
    },
    "2800S13005B": {
        "common_name": "Blackbrook Road",
        "coordinates": [
            -2.709218,
            53.458283
        ]
    },
    "2800S13006B": {
        "common_name": "Link Avenue",
        "coordinates": [
            -2.706798,
            53.461327
        ]
    },
    "2800S13007B": {
        "common_name": "Chain Lane",
        "coordinates": [
            -2.705891,
            53.461997
        ]
    },
    "2800S13008B": {
        "common_name": "O' Sullivan Crescent",
        "coordinates": [
            -2.703145,
            53.46356
        ]
    },
    "2800S13006A": {
        "common_name": "O'Sullivan Crescent",
        "coordinates": [
            -2.706674,
            53.46113
        ]
    },
    "2800S13007A": {
        "common_name": "MacDonald Avenue",
        "coordinates": [
            -2.70556,
            53.462053
        ]
    },
    "2800S13009A": {
        "common_name": "Waine Street",
        "coordinates": [
            -2.697592,
            53.464806
        ]
    },
    "2800S13010A": {
        "common_name": "Old Whint Road",
        "coordinates": [
            -2.694553,
            53.465911
        ]
    },
    "2800S13008A": {
        "common_name": "West End Road",
        "coordinates": [
            -2.702603,
            53.463563
        ]
    },
    "2800S13011B": {
        "common_name": "Sumner Street",
        "coordinates": [
            -2.691991,
            53.466816
        ]
    },
    "2800S13012B": {
        "common_name": "West End Road",
        "coordinates": [
            -2.687495,
            53.468199
        ]
    },
    "2800S13009B": {
        "common_name": "Waine Street",
        "coordinates": [
            -2.698039,
            53.464479
        ]
    },
    "2800S13010B": {
        "common_name": "School Street",
        "coordinates": [
            -2.695344,
            53.465493
        ]
    },
    "2800S13013B": {
        "common_name": "Grosvenor Road",
        "coordinates": [
            -2.68224,
            53.467411
        ]
    },
    "2800S13014B": {
        "common_name": "Squires Close",
        "coordinates": [
            -2.679006,
            53.466782
        ]
    },
    "2800S13011A": {
        "common_name": "Burrows Street",
        "coordinates": [
            -2.692542,
            53.466408
        ]
    },
    "2800S13012A": {
        "common_name": "Clipsley Lane",
        "coordinates": [
            -2.688665,
            53.467913
        ]
    },
    "2800S13013A": {
        "common_name": "Whitehouse Close",
        "coordinates": [
            -2.683294,
            53.467387
        ]
    },
    "2800S13014C": {
        "common_name": "O'Connell Close",
        "coordinates": [
            -2.676427,
            53.466617
        ]
    },
    "2800S13014A": {
        "common_name": "Gardiner Avenue",
        "coordinates": [
            -2.67843,
            53.466534
        ]
    },
    "2800S11001B": {
        "common_name": "Stanton Close",
        "coordinates": [
            -2.67261,
            53.466216
        ]
    },
    "2800S11002A": {
        "common_name": "Grange Valley",
        "coordinates": [
            -2.668549,
            53.465655
        ]
    },
    "2800S11001A": {
        "common_name": "Ireland Road",
        "coordinates": [
            -2.673408,
            53.466212
        ]
    },
    "2800S11003B": {
        "common_name": "Halton Street",
        "coordinates": [
            -2.66449,
            53.466136
        ]
    },
    "2800S11004A": {
        "common_name": "North Street",
        "coordinates": [
            -2.662024,
            53.467408
        ]
    },
    "2800S11002B": {
        "common_name": "Grange Valley",
        "coordinates": [
            -2.66927,
            53.465543
        ]
    },
    "2800S11003A": {
        "common_name": "Bellerophon Way",
        "coordinates": [
            -2.665819,
            53.4654
        ]
    },
    "2800S11004B": {
        "common_name": "North Street",
        "coordinates": [
            -2.662096,
            53.467192
        ]
    },
    "2800S11024B": {
        "common_name": "Birch Road",
        "coordinates": [
            -2.663069,
            53.469721
        ]
    },
    "2800S11024C": {
        "common_name": "Bluebell Avenue",
        "coordinates": [
            -2.662822,
            53.471224
        ]
    },
    "2800S11025A": {
        "common_name": "Piele Road",
        "coordinates": [
            -2.657631,
            53.475558
        ]
    },
    "2800S11024A": {
        "common_name": "Birch Road",
        "coordinates": [
            -2.662538,
            53.469454
        ]
    },
    "2800S11024D": {
        "common_name": "Bluebell Avenue",
        "coordinates": [
            -2.663075,
            53.471025
        ]
    },
    "2800S11025B": {
        "common_name": "Hall Wood Avenue",
        "coordinates": [
            -2.657208,
            53.475515
        ]
    }
}