{
    "2800S42023H": {
        "common_name": "Queen Square Bus Station",
        "coordinates": [
            -2.982547,
            53.407697
        ]
    },
    "2800S42023B": {
        "common_name": "Queen Square Bus Station",
        "coordinates": [
            -2.982547,
            53.407697
        ]
    },
    "2800S42057C": {
        "common_name": "Fraser Street",
        "coordinates": [
            -2.976675,
            53.409402
        ]
    },
    "2800S42015E": {
        "common_name": "Pembroke Place",
        "coordinates": [
            -2.972849,
            53.40919
        ]
    },
    "2800S42016B": {
        "common_name": "Epworth Street",
        "coordinates": [
            -2.966188,
            53.410629
        ]
    },
    "2800S41023B": {
        "common_name": "Low Hill",
        "coordinates": [
            -2.960392,
            53.411152
        ]
    },
    "2800S41024B": {
        "common_name": "Leopold Road",
        "coordinates": [
            -2.955113,
            53.411886
        ]
    },
    "2800S41025B": {
        "common_name": "Grantham Street",
        "coordinates": [
            -2.949162,
            53.412195
        ]
    },
    "2800S41026D": {
        "common_name": "Romer Road",
        "coordinates": [
            -2.945658,
            53.41224
        ]
    },
    "2800S41027B": {
        "common_name": "Onslow Road",
        "coordinates": [
            -2.941326,
            53.412958
        ]
    },
    "2800S41028B": {
        "common_name": "Holland Street",
        "coordinates": [
            -2.935271,
            53.414021
        ]
    },
    "2800S41029A": {
        "common_name": "Prescot Drive",
        "coordinates": [
            -2.931639,
            53.414418
        ]
    },
    "2800S41030B": {
        "common_name": "Newton Road",
        "coordinates": [
            -2.927676,
            53.414835
        ]
    },
    "2800S41142A": {
        "common_name": "Cheadle Avenue",
        "coordinates": [
            -2.922902,
            53.415313
        ]
    },
    "2800S41031E": {
        "common_name": "Swan Street",
        "coordinates": [
            -2.920512,
            53.415412
        ]
    },
    "2800S41032B": {
        "common_name": "Ashton Street",
        "coordinates": [
            -2.917599,
            53.415012
        ]
    },
    "2800S41033C": {
        "common_name": "Fitzgerald Road",
        "coordinates": [
            -2.912275,
            53.413669
        ]
    },
    "2800S44001B": {
        "common_name": "Black Horse Lane",
        "coordinates": [
            -2.907847,
            53.41488
        ]
    },
    "2800S44002A": {
        "common_name": "Chatterton Road",
        "coordinates": [
            -2.901386,
            53.416709
        ]
    },
    "2800S44197A": {
        "common_name": "Alder Hey Hospital",
        "coordinates": [
            -2.895407,
            53.417886
        ]
    },
    "2800S44003B": {
        "common_name": "Eaton Road",
        "coordinates": [
            -2.892023,
            53.418649
        ]
    },
    "2800S44004B": {
        "common_name": "Newenham Crescent",
        "coordinates": [
            -2.887535,
            53.41811
        ]
    },
    "2800S44084B": {
        "common_name": "Dovecot Avenue",
        "coordinates": [
            -2.882214,
            53.416564
        ]
    },
    "2800S44085B": {
        "common_name": "Adcote Road",
        "coordinates": [
            -2.876287,
            53.414406
        ]
    },
    "2800S44086B": {
        "common_name": "Page Moss Lane",
        "coordinates": [
            -2.871618,
            53.412687
        ]
    },
    "2800S44087B": {
        "common_name": "Ancroft Road",
        "coordinates": [
            -2.86935,
            53.415086
        ]
    },
    "2800S44088B": {
        "common_name": "Windsor Road",
        "coordinates": [
            -2.865165,
            53.415008
        ]
    },
    "2800S44089B": {
        "common_name": "Beechburn Crescent",
        "coordinates": [
            -2.861096,
            53.414642
        ]
    },
    "2800S44090B": {
        "common_name": "Woodlands Road",
        "coordinates": [
            -2.857615,
            53.414397
        ]
    },
    "2800S44091B": {
        "common_name": "Sergrim Road",
        "coordinates": [
            -2.852203,
            53.413825
        ]
    },
    "2800S44038A": {
        "common_name": "Kingsway",
        "coordinates": [
            -2.847374,
            53.413131
        ]
    },
    "2800S44039B": {
        "common_name": "Stanley Road",
        "coordinates": [
            -2.843477,
            53.412341
        ]
    },
    "2800S44049A": {
        "common_name": "Westmorland Road",
        "coordinates": [
            -2.841163,
            53.410173
        ]
    },
    "2800S44188E": {
        "common_name": "Huyton Bus Station",
        "coordinates": [
            -2.838091,
            53.410015
        ]
    },
    "2800S51018B": {
        "common_name": "Huyton Hey Road",
        "coordinates": [
            -2.8352,
            53.410655
        ]
    },
    "2800S51019B": {
        "common_name": "Hey Park",
        "coordinates": [
            -2.832657,
            53.41141
        ]
    },
    "2800S51020B": {
        "common_name": "Attlee Road",
        "coordinates": [
            -2.82925,
            53.411811
        ]
    },
    "2800S51021A": {
        "common_name": "St Gabriels Avenue",
        "coordinates": [
            -2.825688,
            53.411243
        ]
    },
    "2800S51022B": {
        "common_name": "Hillcrest Avenue",
        "coordinates": [
            -2.823464,
            53.411339
        ]
    },
    "2800S51023B": {
        "common_name": "Longview Drive",
        "coordinates": [
            -2.82194,
            53.411898
        ]
    },
    "2800S51024B": {
        "common_name": "Hardie Road",
        "coordinates": [
            -2.823594,
            53.414214
        ]
    },
    "2800S51025B": {
        "common_name": "Hurst Park Drive",
        "coordinates": [
            -2.826939,
            53.415989
        ]
    },
    "2800S51026B": {
        "common_name": "Edenfield Crescent",
        "coordinates": [
            -2.830101,
            53.417684
        ]
    },
    "2800S44128B": {
        "common_name": "Wellcroft Road",
        "coordinates": [
            -2.83387,
            53.421145
        ]
    },
    "2800S44021A": {
        "common_name": "Wastle Bridge Road",
        "coordinates": [
            -2.837351,
            53.423665
        ]
    },
    "2800S44014A": {
        "common_name": "Nyland Road",
        "coordinates": [
            -2.843147,
            53.425296
        ]
    },
    "2800S44013A": {
        "common_name": "Parbrook Road",
        "coordinates": [
            -2.848805,
            53.424519
        ]
    },
    "2800S44009A": {
        "common_name": "Fairclough Road",
        "coordinates": [
            -2.853827,
            53.423566
        ]
    },
    "2800S44008E": {
        "common_name": "Stockbridge Lane",
        "coordinates": [
            -2.859641,
            53.42232
        ]
    },
    "2800S44123B": {
        "common_name": "Page Moss Avenue",
        "coordinates": [
            -2.862885,
            53.421281
        ]
    },
    "2800S44007B": {
        "common_name": "Ashover Avenue",
        "coordinates": [
            -2.868945,
            53.420329
        ]
    },
    "2800S44143B": {
        "common_name": "Somerford Road",
        "coordinates": [
            -2.874404,
            53.420145
        ]
    },
    "2800S44006B": {
        "common_name": "Dovecot Avenue",
        "coordinates": [
            -2.877979,
            53.419885
        ]
    },
    "2800S44005A": {
        "common_name": "Churchdown Grove",
        "coordinates": [
            -2.882482,
            53.419349
        ]
    },
    "2800S44004C": {
        "common_name": "Pilch Bank Road",
        "coordinates": [
            -2.887032,
            53.418884
        ]
    },
    "2800S44003A": {
        "common_name": "Thomas Lane",
        "coordinates": [
            -2.894033,
            53.417663
        ]
    },
    "2800S44002B": {
        "common_name": "Rudyard Road",
        "coordinates": [
            -2.898816,
            53.416845
        ]
    },
    "2800S44001C": {
        "common_name": "Queens Drive",
        "coordinates": [
            -2.904552,
            53.415579
        ]
    },
    "2800S41033B": {
        "common_name": "Belfast Road",
        "coordinates": [
            -2.910532,
            53.41379
        ]
    },
    "2800S41032A": {
        "common_name": "Bell Street",
        "coordinates": [
            -2.916746,
            53.414488
        ]
    },
    "2800S41031A": {
        "common_name": "Herrick Street",
        "coordinates": [
            -2.921019,
            53.415193
        ]
    },
    "2800S41142B": {
        "common_name": "Barrymore Road",
        "coordinates": [
            -2.925768,
            53.41494
        ]
    },
    "2800S41030A": {
        "common_name": "Endsleigh Road",
        "coordinates": [
            -2.927731,
            53.41461
        ]
    },
    "2800S41029B": {
        "common_name": "Prescot Drive",
        "coordinates": [
            -2.93111,
            53.414287
        ]
    },
    "2800S41028A": {
        "common_name": "Holland Street",
        "coordinates": [
            -2.935027,
            53.413852
        ]
    },
    "2800S41027A": {
        "common_name": "Lilley Road",
        "coordinates": [
            -2.939133,
            53.413101
        ]
    },
    "2800S41026B": {
        "common_name": "Kelso Road",
        "coordinates": [
            -2.943554,
            53.412329
        ]
    },
    "2800S41025A": {
        "common_name": "Hawkins Street",
        "coordinates": [
            -2.948827,
            53.412008
        ]
    },
    "2800S41024A": {
        "common_name": "Gwenfron Road",
        "coordinates": [
            -2.952839,
            53.41177
        ]
    },
    "2800S41023C": {
        "common_name": "Guelph Place",
        "coordinates": [
            -2.959778,
            53.411065
        ]
    },
    "2800S42016A": {
        "common_name": "Epworth Street",
        "coordinates": [
            -2.966484,
            53.410438
        ]
    },
    "2800S42015C": {
        "common_name": "Greek Street",
        "coordinates": [
            -2.972875,
            53.40901
        ]
    },
    "2800S42024A": {
        "common_name": "Lord Nelson Street",
        "coordinates": [
            -2.978909,
            53.408386
        ]
    },
    "2800S42023J": {
        "common_name": "Queen Square Bus Station",
        "coordinates": [
            -2.982476,
            53.407584
        ]
    }
}