{
    "2800S42023B": {
        "common_name": "Queen Square Bus Station",
        "coordinates": [
            -2.982547,
            53.407697
        ]
    },
    "2800S42023J": {
        "common_name": "Queen Square Bus Station",
        "coordinates": [
            -2.982476,
            53.407584
        ]
    },
    "2800S42057C": {
        "common_name": "Fraser Street",
        "coordinates": [
            -2.976675,
            53.409402
        ]
    },
    "2800S42015E": {
        "common_name": "Pembroke Place",
        "coordinates": [
            -2.972849,
            53.40919
        ]
    },
    "2800S42024A": {
        "common_name": "Lord Nelson Street",
        "coordinates": [
            -2.978909,
            53.408386
        ]
    },
    "2800S42015C": {
        "common_name": "Greek Street",
        "coordinates": [
            -2.972875,
            53.40901
        ]
    },
    "2800S42016A": {
        "common_name": "Epworth Street",
        "coordinates": [
            -2.966484,
            53.410438
        ]
    },
    "2800S42016B": {
        "common_name": "Epworth Street",
        "coordinates": [
            -2.966188,
            53.410629
        ]
    },
    "2800S41023B": {
        "common_name": "Low Hill",
        "coordinates": [
            -2.960392,
            53.411152
        ]
    },
    "2800S41023C": {
        "common_name": "Guelph Place",
        "coordinates": [
            -2.959778,
            53.411065
        ]
    },
    "2800S41024B": {
        "common_name": "Leopold Road",
        "coordinates": [
            -2.955113,
            53.411886
        ]
    },
    "2800S41025B": {
        "common_name": "Grantham Street",
        "coordinates": [
            -2.949162,
            53.412195
        ]
    },
    "2800S41026D": {
        "common_name": "Romer Road",
        "coordinates": [
            -2.945658,
            53.41224
        ]
    },
    "2800S41024A": {
        "common_name": "Gwenfron Road",
        "coordinates": [
            -2.952839,
            53.41177
        ]
    },
    "2800S41025A": {
        "common_name": "Hawkins Street",
        "coordinates": [
            -2.948827,
            53.412008
        ]
    },
    "2800S41027B": {
        "common_name": "Onslow Road",
        "coordinates": [
            -2.941326,
            53.412958
        ]
    },
    "2800S41026B": {
        "common_name": "Kelso Road",
        "coordinates": [
            -2.943554,
            53.412329
        ]
    },
    "2800S41027A": {
        "common_name": "Lilley Road",
        "coordinates": [
            -2.939133,
            53.413101
        ]
    },
    "2800S41028B": {
        "common_name": "Holland Street",
        "coordinates": [
            -2.935271,
            53.414021
        ]
    },
    "2800S41029A": {
        "common_name": "Prescot Drive",
        "coordinates": [
            -2.931639,
            53.414418
        ]
    },
    "2800S41028A": {
        "common_name": "Holland Street",
        "coordinates": [
            -2.935027,
            53.413852
        ]
    },
    "2800S41030B": {
        "common_name": "Newton Road",
        "coordinates": [
            -2.927676,
            53.414835
        ]
    },
    "2800S41142A": {
        "common_name": "Cheadle Avenue",
        "coordinates": [
            -2.922902,
            53.415313
        ]
    },
    "2800S41031E": {
        "common_name": "Swan Street",
        "coordinates": [
            -2.920512,
            53.415412
        ]
    },
    "2800S41029B": {
        "common_name": "Prescot Drive",
        "coordinates": [
            -2.93111,
            53.414287
        ]
    },
    "2800S41030A": {
        "common_name": "Endsleigh Road",
        "coordinates": [
            -2.927731,
            53.41461
        ]
    },
    "2800S41032B": {
        "common_name": "Ashton Street",
        "coordinates": [
            -2.917599,
            53.415012
        ]
    },
    "2800S41142B": {
        "common_name": "Barrymore Road",
        "coordinates": [
            -2.925768,
            53.41494
        ]
    },
    "2800S41031A": {
        "common_name": "Herrick Street",
        "coordinates": [
            -2.921019,
            53.415193
        ]
    },
    "2800S41031B": {
        "common_name": "Bolan Street",
        "coordinates": [
            -2.920093,
            53.416224
        ]
    },
    "2800S41032A": {
        "common_name": "Bell Street",
        "coordinates": [
            -2.916746,
            53.414488
        ]
    },
    "2800S41033C": {
        "common_name": "Fitzgerald Road",
        "coordinates": [
            -2.912275,
            53.413669
        ]
    },
    "2800S41033B": {
        "common_name": "Belfast Road",
        "coordinates": [
            -2.910532,
            53.41379
        ]
    },
    "2800S44001C": {
        "common_name": "Queens Drive",
        "coordinates": [
            -2.904552,
            53.415579
        ]
    },
    "2800S44001B": {
        "common_name": "Black Horse Lane",
        "coordinates": [
            -2.907847,
            53.41488
        ]
    },
    "2800S44002A": {
        "common_name": "Chatterton Road",
        "coordinates": [
            -2.901386,
            53.416709
        ]
    },
    "2800S44197A": {
        "common_name": "Alder Hey Hospital",
        "coordinates": [
            -2.895407,
            53.417886
        ]
    },
    "2800S44003B": {
        "common_name": "Eaton Road",
        "coordinates": [
            -2.892023,
            53.418649
        ]
    },
    "2800S44002B": {
        "common_name": "Rudyard Road",
        "coordinates": [
            -2.898816,
            53.416845
        ]
    },
    "2800S44003A": {
        "common_name": "Thomas Lane",
        "coordinates": [
            -2.894033,
            53.417663
        ]
    },
    "2800S44004C": {
        "common_name": "Pilch Bank Road",
        "coordinates": [
            -2.887032,
            53.418884
        ]
    },
    "2800S44004D": {
        "common_name": "Gala Close",
        "coordinates": [
            -2.885536,
            53.419308
        ]
    },
    "2800S44005B": {
        "common_name": "Ackers Hall Avenue",
        "coordinates": [
            -2.880267,
            53.419886
        ]
    },
    "2800S44006C": {
        "common_name": "Finch Lane",
        "coordinates": [
            -2.876347,
            53.420284
        ]
    },
    "2800S44143A": {
        "common_name": "Taurus Road",
        "coordinates": [
            -2.871853,
            53.420532
        ]
    },
    "2800S44005A": {
        "common_name": "Churchdown Grove",
        "coordinates": [
            -2.882482,
            53.419349
        ]
    },
    "2800S44006B": {
        "common_name": "Dovecot Avenue",
        "coordinates": [
            -2.877979,
            53.419885
        ]
    },
    "2800S44143B": {
        "common_name": "Somerford Road",
        "coordinates": [
            -2.874404,
            53.420145
        ]
    },
    "2800S44007A": {
        "common_name": "Lordens Road",
        "coordinates": [
            -2.866462,
            53.421039
        ]
    },
    "2800S44123C": {
        "common_name": "Princess Drive",
        "coordinates": [
            -2.862039,
            53.421871
        ]
    },
    "2800S44007B": {
        "common_name": "Ashover Avenue",
        "coordinates": [
            -2.868945,
            53.420329
        ]
    },
    "2800S44123B": {
        "common_name": "Page Moss Avenue",
        "coordinates": [
            -2.862885,
            53.421281
        ]
    },
    "2800S44008D": {
        "common_name": "Terminus Road",
        "coordinates": [
            -2.858954,
            53.42183
        ]
    },
    "2800S44016B": {
        "common_name": "Lincombe Road",
        "coordinates": [
            -2.855928,
            53.421043
        ]
    },
    "2800S44017B": {
        "common_name": "Kingsway",
        "coordinates": [
            -2.851612,
            53.420418
        ]
    },
    "2800S44018B": {
        "common_name": "Seth Powell Way",
        "coordinates": [
            -2.846192,
            53.421032
        ]
    },
    "2800S44016A": {
        "common_name": "Lincombe Road",
        "coordinates": [
            -2.855709,
            53.420613
        ]
    },
    "2800S44017A": {
        "common_name": "Cuper Crescent",
        "coordinates": [
            -2.850944,
            53.420117
        ]
    },
    "2800S44018A": {
        "common_name": "Seth Powell Way",
        "coordinates": [
            -2.846456,
            53.42067
        ]
    },
    "2800S44019B": {
        "common_name": "Bluebell Lane",
        "coordinates": [
            -2.843082,
            53.421278
        ]
    },
    "2800S44193A": {
        "common_name": "Wavell Road",
        "coordinates": [
            -2.842409,
            53.419935
        ]
    },
    "2800S44078A": {
        "common_name": "Salerno Drive",
        "coordinates": [
            -2.841521,
            53.417649
        ]
    },
    "2800S44108A": {
        "common_name": "Alt Road",
        "coordinates": [
            -2.840538,
            53.415094
        ]
    },
    "2800S44078B": {
        "common_name": "Salerno Drive",
        "coordinates": [
            -2.842102,
            53.418112
        ]
    },
    "2800S44108B": {
        "common_name": "Salerno Drive",
        "coordinates": [
            -2.84095,
            53.415406
        ]
    },
    "2800S44041D": {
        "common_name": "Archway Road",
        "coordinates": [
            -2.838315,
            53.413015
        ]
    },
    "2800S44040A": {
        "common_name": "Huyton Town Centre",
        "coordinates": [
            -2.841549,
            53.412211
        ]
    },
    "2800S44049A": {
        "common_name": "Westmorland Road",
        "coordinates": [
            -2.841163,
            53.410173
        ]
    },
    "2800S44188D": {
        "common_name": "Huyton Bus Station",
        "coordinates": [
            -2.838233,
            53.409997
        ]
    },
    "2800S44188F": {
        "common_name": "Huyton Bus Station",
        "coordinates": [
            -2.838361,
            53.410004
        ]
    },
    "2800S51029B": {
        "common_name": "Hall Lane",
        "coordinates": [
            -2.828972,
            53.408379
        ]
    },
    "2800S51036B": {
        "common_name": "Wilson Road",
        "coordinates": [
            -2.826496,
            53.406365
        ]
    },
    "2800S51029A": {
        "common_name": "St Johns Road",
        "coordinates": [
            -2.829891,
            53.408445
        ]
    },
    "2800S51036A": {
        "common_name": "Wilson Road",
        "coordinates": [
            -2.826248,
            53.406753
        ]
    },
    "2800S51037B": {
        "common_name": "Edinburgh Drive",
        "coordinates": [
            -2.828564,
            53.404418
        ]
    },
    "2800S51038B": {
        "common_name": "Gray Grove",
        "coordinates": [
            -2.828674,
            53.403105
        ]
    },
    "2800S51039B": {
        "common_name": "Tennyson Road",
        "coordinates": [
            -2.824949,
            53.401783
        ]
    },
    "2800S51040A": {
        "common_name": "Elizabeth Road",
        "coordinates": [
            -2.823191,
            53.401138
        ]
    },
    "2800S51037A": {
        "common_name": "Dryden Grove",
        "coordinates": [
            -2.828924,
            53.404335
        ]
    },
    "2800S51038C": {
        "common_name": "Darwick Drive",
        "coordinates": [
            -2.829579,
            53.403216
        ]
    },
    "2800S51039A": {
        "common_name": "Manley Road",
        "coordinates": [
            -2.824871,
            53.401657
        ]
    }
}