{
    "2800S44008E": {
        "common_name": "Stockbridge Lane",
        "coordinates": [
            -2.859641,
            53.42232
        ]
    },
    "2800S44124A": {
        "common_name": "Liverpool Road",
        "coordinates": [
            -2.861781,
            53.422466
        ]
    },
    "2800S44061A": {
        "common_name": "Lordens Road",
        "coordinates": [
            -2.866335,
            53.425193
        ]
    },
    "2800S44060A": {
        "common_name": "Burtree Road",
        "coordinates": [
            -2.8697,
            53.427101
        ]
    },
    "2800S44032B": {
        "common_name": "Finch Road",
        "coordinates": [
            -2.873202,
            53.429071
        ]
    },
    "2800S44030A": {
        "common_name": "Yew Tree Lane",
        "coordinates": [
            -2.878,
            53.431121
        ]
    },
    "2800S44059B": {
        "common_name": "Yew Tree Lane",
        "coordinates": [
            -2.881052,
            53.432402
        ]
    },
    "2800S44058A": {
        "common_name": "Aspes Road",
        "coordinates": [
            -2.883023,
            53.433808
        ]
    },
    "2800S44057B": {
        "common_name": "Deysbrook Lane",
        "coordinates": [
            -2.88529,
            53.43563
        ]
    },
    "2800S46095A": {
        "common_name": "Croxteth Hall Lane",
        "coordinates": [
            -2.898725,
            53.446751
        ]
    },
    "2800S46086B": {
        "common_name": "Abbeyfield Drive",
        "coordinates": [
            -2.895686,
            53.448302
        ]
    },
    "2800S46086A": {
        "common_name": "Fir Tree Drive South",
        "coordinates": [
            -2.895426,
            53.448107
        ]
    },
    "2800S46095B": {
        "common_name": "Croxteth Hall Lane",
        "coordinates": [
            -2.89842,
            53.446601
        ]
    },
    "2800S46094A": {
        "common_name": "Mace Road",
        "coordinates": [
            -2.9021,
            53.44908
        ]
    },
    "2800S46091B": {
        "common_name": "Mansion Drive",
        "coordinates": [
            -2.90576,
            53.45392
        ]
    },
    "2800S46092B": {
        "common_name": "Stonedale Crescent",
        "coordinates": [
            -2.90704,
            53.45489
        ]
    },
    "2800S46093A": {
        "common_name": "Stonedale Cresent",
        "coordinates": [
            -2.91013,
            53.45779
        ]
    },
    "2800S46019B": {
        "common_name": "Stonebridge Lane",
        "coordinates": [
            -2.9095,
            53.45895
        ]
    },
    "2800S46020C": {
        "common_name": "Stonebridge Lane",
        "coordinates": [
            -2.90596,
            53.45998
        ]
    },
    "2800S46021B": {
        "common_name": "Back Gillmoss Lane",
        "coordinates": [
            -2.89947,
            53.46182
        ]
    },
    "2800S46007C": {
        "common_name": "Standard Road",
        "coordinates": [
            -2.903121,
            53.453145
        ]
    },
    "2800S46008B": {
        "common_name": "Unicorn Road",
        "coordinates": [
            -2.899502,
            53.454332
        ]
    },
    "2800S46009B": {
        "common_name": "Cubert Road",
        "coordinates": [
            -2.898637,
            53.455453
        ]
    },
    "2800S46010B": {
        "common_name": "Mullion Road",
        "coordinates": [
            -2.896315,
            53.457457
        ]
    },
    "2800S46011B": {
        "common_name": "Newlyn Road",
        "coordinates": [
            -2.894809,
            53.459608
        ]
    },
    "2800S46012A": {
        "common_name": "Petherick Road",
        "coordinates": [
            -2.895207,
            53.462059
        ]
    },
    "2800S52074B": {
        "common_name": "Gellings Road",
        "coordinates": [
            -2.87002,
            53.46122
        ]
    },
    "2800S52073B": {
        "common_name": "Kitling Road",
        "coordinates": [
            -2.86159,
            53.45969
        ]
    },
    "2800S52072B": {
        "common_name": "Tithebarn Road",
        "coordinates": [
            -2.85321,
            53.45648
        ]
    },
    "2800S51035B": {
        "common_name": "Shop Road",
        "coordinates": [
            -2.85433,
            53.45287
        ]
    },
    "2800S51006C": {
        "common_name": "Longborough Road",
        "coordinates": [
            -2.85373,
            53.44962
        ]
    },
    "2800S51006B": {
        "common_name": "Homer Road",
        "coordinates": [
            -2.85281,
            53.45031
        ]
    },
    "2800S51119A": {
        "common_name": "Tithebarn Road",
        "coordinates": [
            -2.85144,
            53.45474
        ]
    },
    "2800S52072C": {
        "common_name": "School Lane",
        "coordinates": [
            -2.853102,
            53.45798
        ]
    },
    "2800S52087A": {
        "common_name": "Kitling Road",
        "coordinates": [
            -2.850549,
            53.461378
        ]
    },
    "2800S52086A": {
        "common_name": "East Lancashire Road",
        "coordinates": [
            -2.85088,
            53.46437
        ]
    },
    "2800S52037B": {
        "common_name": "East Lancashire Road",
        "coordinates": [
            -2.852243,
            53.466984
        ]
    },
    "2800S52038A": {
        "common_name": "Hornhouse Lane",
        "coordinates": [
            -2.851479,
            53.469462
        ]
    },
    "2800S52039B": {
        "common_name": "Coopers Lane",
        "coordinates": [
            -2.852607,
            53.47162
        ]
    },
    "2800S52020D": {
        "common_name": "Admin Road",
        "coordinates": [
            -2.85852,
            53.473483
        ]
    },
    "2800S52019B": {
        "common_name": "Hornhouse Lane",
        "coordinates": [
            -2.864553,
            53.474554
        ]
    },
    "2800S52018A": {
        "common_name": "County Road",
        "coordinates": [
            -2.866449,
            53.475943
        ]
    },
    "2800S52023A": {
        "common_name": "Lees Road",
        "coordinates": [
            -2.862446,
            53.478336
        ]
    },
    "2800S52024B": {
        "common_name": "Charleywood Road",
        "coordinates": [
            -2.860931,
            53.478679
        ]
    },
    "2800S52027A": {
        "common_name": "Newsett Road",
        "coordinates": [
            -2.855811,
            53.4841
        ]
    },
    "2800S52028B": {
        "common_name": "Ashcroft Road",
        "coordinates": [
            -2.854412,
            53.486474
        ]
    },
    "2800S52101A": {
        "common_name": "Moss End Way",
        "coordinates": [
            -2.848064,
            53.487832
        ]
    },
    "2800S52030A": {
        "common_name": "Ashcroft Road",
        "coordinates": [
            -2.848961,
            53.485183
        ]
    },
    "2800S52031A": {
        "common_name": "Acornfield Road",
        "coordinates": [
            -2.849843,
            53.48257
        ]
    },
    "2800S52032A": {
        "common_name": "Kirkby Bank Road",
        "coordinates": [
            -2.850511,
            53.480561
        ]
    },
    "2800S52033A": {
        "common_name": "Charleywood Road",
        "coordinates": [
            -2.851848,
            53.476605
        ]
    },
    "2800S52100A": {
        "common_name": "Admin Road",
        "coordinates": [
            -2.856464,
            53.473858
        ]
    },
    "2800S52172B": {
        "common_name": "Moorgate Lane",
        "coordinates": [
            -2.86868,
            53.47301
        ]
    },
    "2800S52171A": {
        "common_name": "Britonside Avenue",
        "coordinates": [
            -2.86939,
            53.4718
        ]
    },
    "2800S52057A": {
        "common_name": "Sedburn Road",
        "coordinates": [
            -2.87078,
            53.46981
        ]
    },
    "2800S52040A": {
        "common_name": "Old Farm Road",
        "coordinates": [
            -2.875371,
            53.466466
        ]
    },
    "2800S52035A": {
        "common_name": "M57",
        "coordinates": [
            -2.880156,
            53.46404
        ]
    },
    "2800S46012D": {
        "common_name": "E Lcs Rd/Willow Way",
        "coordinates": [
            -2.8969,
            53.46222
        ]
    },
    "2800S46021A": {
        "common_name": "Back Gillmoss Lane",
        "coordinates": [
            -2.90089,
            53.46101
        ]
    },
    "2800S46020A": {
        "common_name": "Stonebridge Lane",
        "coordinates": [
            -2.90646,
            53.4594
        ]
    },
    "2800S46093B": {
        "common_name": "East Lancashire Road",
        "coordinates": [
            -2.90975,
            53.45762
        ]
    },
    "2800S46092A": {
        "common_name": "Stonedale Crescent",
        "coordinates": [
            -2.90745,
            53.45545
        ]
    },
    "2800S46091A": {
        "common_name": "Mansion Drive",
        "coordinates": [
            -2.90506,
            53.45363
        ]
    },
    "2800S46012B": {
        "common_name": "Willow Way",
        "coordinates": [
            -2.895869,
            53.462009
        ]
    },
    "2800S46011A": {
        "common_name": "Tintagel Road",
        "coordinates": [
            -2.89489,
            53.45914
        ]
    },
    "2800S46010A": {
        "common_name": "Trispen Road",
        "coordinates": [
            -2.896527,
            53.456808
        ]
    },
    "2800S46009A": {
        "common_name": "Cubert Road",
        "coordinates": [
            -2.898133,
            53.455826
        ]
    },
    "2800S46008A": {
        "common_name": "Sceptre Road",
        "coordinates": [
            -2.899777,
            53.453818
        ]
    },
    "2800S46007A": {
        "common_name": "Altcross Road",
        "coordinates": [
            -2.90338,
            53.45198
        ]
    },
    "2800S46094B": {
        "common_name": "Mace Road",
        "coordinates": [
            -2.90219,
            53.44966
        ]
    },
    "2800S44057D": {
        "common_name": "Deysbrook Lane",
        "coordinates": [
            -2.885206,
            53.436003
        ]
    },
    "2800S44058B": {
        "common_name": "Colden Close",
        "coordinates": [
            -2.882573,
            53.433892
        ]
    },
    "2800S44059A": {
        "common_name": "Mab Lane",
        "coordinates": [
            -2.88039,
            53.432416
        ]
    },
    "2800S44030B": {
        "common_name": "Mab Lane",
        "coordinates": [
            -2.877493,
            53.431314
        ]
    },
    "2800S44031A": {
        "common_name": "Snowberry Road",
        "coordinates": [
            -2.87511,
            53.430378
        ]
    },
    "2800S44032C": {
        "common_name": "Colwell Road",
        "coordinates": [
            -2.872095,
            53.428684
        ]
    },
    "2800S44060B": {
        "common_name": "Saxby Road",
        "coordinates": [
            -2.867592,
            53.42628
        ]
    },
    "2800S44061B": {
        "common_name": "Lordens Road",
        "coordinates": [
            -2.86534,
            53.425083
        ]
    },
    "2800S44124B": {
        "common_name": "Stockbridge Lane",
        "coordinates": [
            -2.861363,
            53.422676
        ]
    },
    "2800S44008A": {
        "common_name": "Stockbridge Lane",
        "coordinates": [
            -2.85912,
            53.422602
        ]
    }
}