{
    "2800S16001G": {
        "common_name": "St Helens Bus Station",
        "coordinates": [
            -2.733234,
            53.453359
        ]
    },
    "2800S16007F": {
        "common_name": "Baldwin Street",
        "coordinates": [
            -2.738571,
            53.453953
        ]
    },
    "2800S16007C": {
        "common_name": "Baldwin Street",
        "coordinates": [
            -2.738759,
            53.454392
        ]
    },
    "2800S16008B": {
        "common_name": "Rigby Street",
        "coordinates": [
            -2.740994,
            53.455609
        ]
    },
    "2800S16009C": {
        "common_name": "Spray Street",
        "coordinates": [
            -2.747804,
            53.4575
        ]
    },
    "2800S16014B": {
        "common_name": "Harris Street",
        "coordinates": [
            -2.751618,
            53.458554
        ]
    },
    "2800S15023B": {
        "common_name": "Tennis Street",
        "coordinates": [
            -2.75497,
            53.459854
        ]
    },
    "2800S15022A": {
        "common_name": "Kiln Lane",
        "coordinates": [
            -2.757732,
            53.461895
        ]
    },
    "2800S15030A": {
        "common_name": "Fairfield Road",
        "coordinates": [
            -2.762552,
            53.461047
        ]
    },
    "2800S15029A": {
        "common_name": "Beaconsfield Road",
        "coordinates": [
            -2.764674,
            53.460107
        ]
    },
    "2800S15028B": {
        "common_name": "Brookside Avenue",
        "coordinates": [
            -2.767999,
            53.459942
        ]
    },
    "2800S15009D": {
        "common_name": "Millbrook Lane",
        "coordinates": [
            -2.770717,
            53.460302
        ]
    },
    "2800S15009A": {
        "common_name": "Kiln Lane",
        "coordinates": [
            -2.77137,
            53.459759
        ]
    },
    "2800S15008A": {
        "common_name": "Washbrook Lane",
        "coordinates": [
            -2.771583,
            53.458238
        ]
    },
    "2800S15007C": {
        "common_name": "Mill Brow",
        "coordinates": [
            -2.773871,
            53.455698
        ]
    },
    "2800S15016A": {
        "common_name": "Springbrook Close",
        "coordinates": [
            -2.778671,
            53.45626
        ]
    },
    "2800S15017A": {
        "common_name": "Acacia Grove",
        "coordinates": [
            -2.779913,
            53.458328
        ]
    },
    "2800S15018A": {
        "common_name": "Howards Lane",
        "coordinates": [
            -2.782219,
            53.459212
        ]
    },
    "2800S15096A": {
        "common_name": "Osborne Road",
        "coordinates": [
            -2.779605,
            53.461251
        ]
    },
    "2800S15083A": {
        "common_name": "Broadway",
        "coordinates": [
            -2.776182,
            53.460995
        ]
    },
    "2800S15010B": {
        "common_name": "Calderhurst Drive",
        "coordinates": [
            -2.770786,
            53.464095
        ]
    },
    "2800S15011A": {
        "common_name": "Crantock Grove",
        "coordinates": [
            -2.768868,
            53.466319
        ]
    },
    "2800S15054C": {
        "common_name": "East Lancashire Road",
        "coordinates": [
            -2.767256,
            53.468828
        ]
    },
    "2800S17003B": {
        "common_name": "Longwood Close",
        "coordinates": [
            -2.767838,
            53.47686
        ]
    },
    "2800S17004B": {
        "common_name": "St Helens Road",
        "coordinates": [
            -2.772602,
            53.484497
        ]
    },
    "2800S17005B": {
        "common_name": "Rainford By-pass",
        "coordinates": [
            -2.778873,
            53.489534
        ]
    },
    "2800S17004A": {
        "common_name": "Mill Lane",
        "coordinates": [
            -2.771659,
            53.484035
        ]
    },
    "2800S17006B": {
        "common_name": "Wellfield",
        "coordinates": [
            -2.780726,
            53.494385
        ]
    },
    "2800S17007B": {
        "common_name": "Thickwood Moss Lane",
        "coordinates": [
            -2.784452,
            53.497839
        ]
    },
    "2800S17008B": {
        "common_name": "Whalley Avenue",
        "coordinates": [
            -2.788444,
            53.501714
        ]
    },
    "2800S17020B": {
        "common_name": "Cross Pit Lane",
        "coordinates": [
            -2.78361,
            53.50341
        ]
    },
    "2800S17021B": {
        "common_name": "Witton Way",
        "coordinates": [
            -2.783265,
            53.506189
        ]
    },
    "2800S17013C": {
        "common_name": "Higher Lane",
        "coordinates": [
            -2.7859,
            53.50848
        ]
    },
    "2800S17012B": {
        "common_name": "Helen Bank Drive",
        "coordinates": [
            -2.78906,
            53.5073
        ]
    },
    "2800S17069A": {
        "common_name": "Parklands",
        "coordinates": [
            -2.7907,
            53.50644
        ]
    },
    "2800S17010C": {
        "common_name": "Ormskirk Road",
        "coordinates": [
            -2.79196,
            53.5059
        ]
    },
    "2800S17010A": {
        "common_name": "Old Lane",
        "coordinates": [
            -2.79284,
            53.505415
        ]
    },
    "2800S17009B": {
        "common_name": "Cross Pit Lane",
        "coordinates": [
            -2.788457,
            53.502451
        ]
    },
    "2800S17008A": {
        "common_name": "Leyland Road",
        "coordinates": [
            -2.787954,
            53.501313
        ]
    },
    "2800S17007A": {
        "common_name": "Southerns Lane",
        "coordinates": [
            -2.784519,
            53.498172
        ]
    },
    "2800S17006A": {
        "common_name": "Hopgood Crescent",
        "coordinates": [
            -2.780685,
            53.494628
        ]
    },
    "2800S17005A": {
        "common_name": "Rainford By-pass",
        "coordinates": [
            -2.778519,
            53.489941
        ]
    },
    "2800S17003A": {
        "common_name": "Longwood Close",
        "coordinates": [
            -2.766951,
            53.47612
        ]
    },
    "2800S15054B": {
        "common_name": "Rainford Road",
        "coordinates": [
            -2.767033,
            53.468137
        ]
    },
    "2800S15011B": {
        "common_name": "Stuart Road",
        "coordinates": [
            -2.769262,
            53.465624
        ]
    },
    "2800S15010A": {
        "common_name": "Hamilton Road",
        "coordinates": [
            -2.770753,
            53.463933
        ]
    },
    "2800S15067A": {
        "common_name": "Brookside Avenue",
        "coordinates": [
            -2.771283,
            53.461602
        ]
    },
    "2800S15009C": {
        "common_name": "Bleak Hill Road",
        "coordinates": [
            -2.770975,
            53.460426
        ]
    },
    "2800S15028A": {
        "common_name": "Kiln Close",
        "coordinates": [
            -2.767442,
            53.459946
        ]
    },
    "2800S15029B": {
        "common_name": "Coronation Road",
        "coordinates": [
            -2.764512,
            53.460333
        ]
    },
    "2800S15030B": {
        "common_name": "Hartington Road",
        "coordinates": [
            -2.76224,
            53.461318
        ]
    },
    "2800S15022B": {
        "common_name": "Roseberry Street",
        "coordinates": [
            -2.758811,
            53.462437
        ]
    },
    "2800S15022C": {
        "common_name": "Hammill Street",
        "coordinates": [
            -2.756593,
            53.46219
        ]
    },
    "2800S15023A": {
        "common_name": "Tennis Street",
        "coordinates": [
            -2.753923,
            53.460284
        ]
    },
    "2800S16014A": {
        "common_name": "Dentons Green Lane",
        "coordinates": [
            -2.750964,
            53.459008
        ]
    },
    "2800S16050A": {
        "common_name": "Canterbury Street",
        "coordinates": [
            -2.748597,
            53.458025
        ]
    },
    "2800S16009B": {
        "common_name": "Chorley Street",
        "coordinates": [
            -2.745222,
            53.45712
        ]
    },
    "2800S16008A": {
        "common_name": "Mill Street",
        "coordinates": [
            -2.740801,
            53.455754
        ]
    },
    "2800S16007A": {
        "common_name": "Baldwin Street",
        "coordinates": [
            -2.738329,
            53.453918
        ]
    },
    "2800S16007G": {
        "common_name": "Claughton Street",
        "coordinates": [
            -2.736629,
            53.454
        ]
    }
}