{
    "2800S50020B": {
        "common_name": "Belle Vale Bus Station",
        "coordinates": [
            -2.860667,
            53.390309
        ]
    },
    "2800S50002B": {
        "common_name": "Belle Vale Interchange",
        "coordinates": [
            -2.856281,
            53.391413
        ]
    },
    "2800S50005C": {
        "common_name": "Runton Road",
        "coordinates": [
            -2.851944,
            53.39033
        ]
    },
    "2800S50064A": {
        "common_name": "Garden Lodge Grove",
        "coordinates": [
            -2.84469,
            53.38947
        ]
    },
    "2800S50080A": {
        "common_name": "Abbeyvale Drive",
        "coordinates": [
            -2.85194,
            53.3917
        ]
    },
    "2800S50011B": {
        "common_name": "St Cyrils Close",
        "coordinates": [
            -2.854979,
            53.393239
        ]
    },
    "2800S50012B": {
        "common_name": "Southbrook Road",
        "coordinates": [
            -2.853275,
            53.395983
        ]
    },
    "2800S50029B": {
        "common_name": "Silverbrook Road",
        "coordinates": [
            -2.850187,
            53.396482
        ]
    },
    "2800S50023B": {
        "common_name": "Naylorsfield Drive",
        "coordinates": [
            -2.84864,
            53.395109
        ]
    },
    "2800S50013B": {
        "common_name": "Holt Lane",
        "coordinates": [
            -2.84525,
            53.39095
        ]
    },
    "2800S50014B": {
        "common_name": "Clematis Road",
        "coordinates": [
            -2.84049,
            53.39186
        ]
    },
    "2800S50015B": {
        "common_name": "Damson Road",
        "coordinates": [
            -2.83572,
            53.39206
        ]
    },
    "2800S50030A": {
        "common_name": "Wood Lane",
        "coordinates": [
            -2.835336,
            53.388443
        ]
    },
    "2800S50008B": {
        "common_name": "Glebe Hey",
        "coordinates": [
            -2.835248,
            53.387796
        ]
    },
    "2800S50009B": {
        "common_name": "Peckmill Green",
        "coordinates": [
            -2.832458,
            53.385811
        ]
    },
    "2800S50010B": {
        "common_name": "Winster Drive",
        "coordinates": [
            -2.82901,
            53.384001
        ]
    },
    "2800S48042A": {
        "common_name": "No. 1",
        "coordinates": [
            -2.832926,
            53.378976
        ]
    },
    "2800S48043B": {
        "common_name": "Gerrards Lane",
        "coordinates": [
            -2.84036,
            53.374816
        ]
    },
    "2800S48165B": {
        "common_name": "Redwing Way",
        "coordinates": [
            -2.843782,
            53.373794
        ]
    },
    "2800S48166B": {
        "common_name": "Foxglove Avenue",
        "coordinates": [
            -2.843392,
            53.370759
        ]
    },
    "2800S48158B": {
        "common_name": "Harrier Drive",
        "coordinates": [
            -2.841139,
            53.368537
        ]
    },
    "2800S48091B": {
        "common_name": "Trispen Close",
        "coordinates": [
            -2.836412,
            53.367401
        ]
    },
    "2800S48092A": {
        "common_name": "Totnes Avenue",
        "coordinates": [
            -2.834286,
            53.368567
        ]
    },
    "2800S48044B": {
        "common_name": "Helston Avenue",
        "coordinates": [
            -2.828717,
            53.36972
        ]
    },
    "2800S48038B": {
        "common_name": "Hollies Road",
        "coordinates": [
            -2.826112,
            53.36866
        ]
    },
    "2800S48039A": {
        "common_name": "Church Road",
        "coordinates": [
            -2.822878,
            53.366947
        ]
    },
    "2800S48040B": {
        "common_name": "Leathers Lane",
        "coordinates": [
            -2.822622,
            53.364585
        ]
    },
    "2800S48041A": {
        "common_name": "Hornbeam Road",
        "coordinates": [
            -2.824223,
            53.363486
        ]
    },
    "2800S48035C": {
        "common_name": "Barncroft Road",
        "coordinates": [
            -2.828136,
            53.36221
        ]
    },
    "2800S48118D": {
        "common_name": "Leathers Lane",
        "coordinates": [
            -2.829868,
            53.35988
        ]
    },
    "2800S48034A": {
        "common_name": "Roseheath Drive",
        "coordinates": [
            -2.832081,
            53.358766
        ]
    },
    "2800S48033A": {
        "common_name": "Leathers Lane",
        "coordinates": [
            -2.834314,
            53.357681
        ]
    },
    "2800S48032A": {
        "common_name": "Mansell Drive",
        "coordinates": [
            -2.836585,
            53.358582
        ]
    },
    "2800S48031A": {
        "common_name": "Torrington Drive",
        "coordinates": [
            -2.841661,
            53.359958
        ]
    },
    "2800S48030A": {
        "common_name": "Blackburne Drive",
        "coordinates": [
            -2.844664,
            53.360628
        ]
    },
    "2800S48017A": {
        "common_name": "Portway",
        "coordinates": [
            -2.850164,
            53.360625
        ]
    },
    "2800S48016E": {
        "common_name": "Hunts Cross Station",
        "coordinates": [
            -2.85471,
            53.3594
        ]
    },
    "2800S48016C": {
        "common_name": "Hunts Cross Station",
        "coordinates": [
            -2.856712,
            53.358952
        ]
    },
    "2800S48018B": {
        "common_name": "Enstone Road",
        "coordinates": [
            -2.860124,
            53.358262
        ]
    },
    "2800S48019B": {
        "common_name": "Hillfoot Avenue",
        "coordinates": [
            -2.864295,
            53.35798
        ]
    },
    "2800S48020B": {
        "common_name": "Barford Road",
        "coordinates": [
            -2.864238,
            53.355895
        ]
    },
    "2800S48021B": {
        "common_name": "Delf Lane",
        "coordinates": [
            -2.865198,
            53.351358
        ]
    },
    "2800S48001A": {
        "common_name": "Speke Hall Avenue",
        "coordinates": [
            -2.866997,
            53.349718
        ]
    },
    "2800S48045A": {
        "common_name": "Estuary Boulevard",
        "coordinates": [
            -2.875367,
            53.349072
        ]
    },
    "2800S43021A": {
        "common_name": "New Mersey Shopping Park",
        "coordinates": [
            -2.879173,
            53.348604
        ]
    },
    "2800S43071A": {
        "common_name": "Banks Road",
        "coordinates": [
            -2.881864,
            53.349456
        ]
    },
    "2800S43072A": {
        "common_name": "Vineyard Street",
        "coordinates": [
            -2.887044,
            53.351485
        ]
    },
    "2800S43064B": {
        "common_name": "Church Road",
        "coordinates": [
            -2.895904,
            53.353477
        ]
    },
    "2800S43160B": {
        "common_name": "Sidwell Street",
        "coordinates": [
            -2.896932,
            53.354494
        ]
    },
    "2800S43191A": {
        "common_name": "Shrewsbury Road",
        "coordinates": [
            -2.89595,
            53.35567
        ]
    },
    "2800S43065C": {
        "common_name": "Island Road",
        "coordinates": [
            -2.89356,
            53.357018
        ]
    },
    "2800S43201B": {
        "common_name": "Liverpool South Parkway",
        "coordinates": [
            -2.88986,
            53.35823
        ]
    },
    "2800S43066B": {
        "common_name": "Cardwell Road",
        "coordinates": [
            -2.894537,
            53.358503
        ]
    },
    "2800S43127A": {
        "common_name": "Dinesan Road",
        "coordinates": [
            -2.896704,
            53.360078
        ]
    },
    "2800S43111A": {
        "common_name": "Clifton Court",
        "coordinates": [
            -2.89667,
            53.3661
        ]
    },
    "2800S43104B": {
        "common_name": "Heath Road",
        "coordinates": [
            -2.892324,
            53.366196
        ]
    },
    "2800S43105A": {
        "common_name": "Danefield Road",
        "coordinates": [
            -2.8879,
            53.3644
        ]
    },
    "2800S43068A": {
        "common_name": "Allerton Road",
        "coordinates": [
            -2.88326,
            53.36544
        ]
    },
    "2800S43070A": {
        "common_name": "Menlove Avenue",
        "coordinates": [
            -2.87822,
            53.36821
        ]
    },
    "2800S43031A": {
        "common_name": "Menlove Avenue",
        "coordinates": [
            -2.8735,
            53.371648
        ]
    },
    "2800S43032B": {
        "common_name": "Allerton Road",
        "coordinates": [
            -2.871391,
            53.372895
        ]
    },
    "2800S43033B": {
        "common_name": "Church Road South",
        "coordinates": [
            -2.867026,
            53.374077
        ]
    },
    "2800S43033F": {
        "common_name": "Woolton Street",
        "coordinates": [
            -2.865051,
            53.374505
        ]
    },
    "2800S43034A": {
        "common_name": "Halewood Drive",
        "coordinates": [
            -2.861467,
            53.375691
        ]
    },
    "2800S43035A": {
        "common_name": "Out Lane",
        "coordinates": [
            -2.859938,
            53.377374
        ]
    },
    "2800S43061B": {
        "common_name": "Out Lane",
        "coordinates": [
            -2.856802,
            53.379158
        ]
    },
    "2800S43060A": {
        "common_name": "Hollytree Road",
        "coordinates": [
            -2.860311,
            53.381721
        ]
    },
    "2800S43059B": {
        "common_name": "Grange Lane",
        "coordinates": [
            -2.861324,
            53.383521
        ]
    },
    "2800S43058B": {
        "common_name": "Belle Vue Road",
        "coordinates": [
            -2.858565,
            53.38461
        ]
    },
    "2800S50004B": {
        "common_name": "Jones Farm Road",
        "coordinates": [
            -2.856563,
            53.386755
        ]
    },
    "2800S50056A": {
        "common_name": "Besford Road",
        "coordinates": [
            -2.85988,
            53.38847
        ]
    }
}