{
    "2800S50020A": {
        "common_name": "Belle Vale Bus Station",
        "coordinates": [
            -2.86056,
            53.39045
        ]
    },
    "2800S50004A": {
        "common_name": "Jones Farm Road",
        "coordinates": [
            -2.856333,
            53.386514
        ]
    },
    "2800S43058A": {
        "common_name": "Lee Vale Road",
        "coordinates": [
            -2.858575,
            53.384359
        ]
    },
    "2800S43059A": {
        "common_name": "Halewood Road",
        "coordinates": [
            -2.861067,
            53.383451
        ]
    },
    "2800S43060B": {
        "common_name": "The Nook",
        "coordinates": [
            -2.85889,
            53.38076
        ]
    },
    "2800S43061A": {
        "common_name": "Halewood Road",
        "coordinates": [
            -2.85676,
            53.37853
        ]
    },
    "2800S43035B": {
        "common_name": "Hunts Cross Avenue",
        "coordinates": [
            -2.85962,
            53.377286
        ]
    },
    "2800S43034B": {
        "common_name": "Halewood Drive",
        "coordinates": [
            -2.861181,
            53.375675
        ]
    },
    "2800S43033A": {
        "common_name": "Speke Road",
        "coordinates": [
            -2.866254,
            53.373804
        ]
    },
    "2800S43032A": {
        "common_name": "Allerton Road",
        "coordinates": [
            -2.870216,
            53.372769
        ]
    },
    "2800S43031B": {
        "common_name": "Hillfoot Road",
        "coordinates": [
            -2.87333,
            53.37134
        ]
    },
    "2800S43070B": {
        "common_name": "Hillfoot Road",
        "coordinates": [
            -2.87774,
            53.36813
        ]
    },
    "2800S43068B": {
        "common_name": "Allerton Road",
        "coordinates": [
            -2.88295,
            53.36502
        ]
    },
    "2800S43106B": {
        "common_name": "Woolton Road",
        "coordinates": [
            -2.88504,
            53.36301
        ]
    },
    "2800S43105B": {
        "common_name": "Danefield Road",
        "coordinates": [
            -2.88817,
            53.36419
        ]
    },
    "2800S43104A": {
        "common_name": "Heath Road",
        "coordinates": [
            -2.892881,
            53.366264
        ]
    },
    "2800S43111B": {
        "common_name": "Stamfordham Road",
        "coordinates": [
            -2.8972,
            53.36586
        ]
    },
    "2800S43127B": {
        "common_name": "Dinesen Road",
        "coordinates": [
            -2.896378,
            53.360296
        ]
    },
    "2800S43202A": {
        "common_name": "Garfourth Road",
        "coordinates": [
            -2.893054,
            53.358011
        ]
    },
    "2800S43201E": {
        "common_name": "Liverpool South Parkway",
        "coordinates": [
            -2.890395,
            53.357995
        ]
    },
    "2800S43065B": {
        "common_name": "Horrocks Avenue",
        "coordinates": [
            -2.893362,
            53.35693
        ]
    },
    "2800S43160A": {
        "common_name": "Woolton Road",
        "coordinates": [
            -2.896754,
            53.354576
        ]
    },
    "2800S43064E": {
        "common_name": "Horrocks Avenue",
        "coordinates": [
            -2.89325,
            53.353731
        ]
    },
    "2800S43072B": {
        "common_name": "Vineyard Street",
        "coordinates": [
            -2.886582,
            53.351668
        ]
    },
    "2800S43071B": {
        "common_name": "Blackburne Street",
        "coordinates": [
            -2.882454,
            53.350359
        ]
    },
    "2800S43021B": {
        "common_name": "New Mersey Shopping Park",
        "coordinates": [
            -2.879029,
            53.348919
        ]
    },
    "2800S48045B": {
        "common_name": "New Mersey Retail Park",
        "coordinates": [
            -2.875387,
            53.349333
        ]
    },
    "2800S48001B": {
        "common_name": "Speke Hall Road",
        "coordinates": [
            -2.867395,
            53.350074
        ]
    },
    "2800S48021A": {
        "common_name": "Delf Lane",
        "coordinates": [
            -2.865664,
            53.350644
        ]
    },
    "2800S48020A": {
        "common_name": "Triumph Way",
        "coordinates": [
            -2.864469,
            53.356945
        ]
    },
    "2800S48019A": {
        "common_name": "Speke Hall Road",
        "coordinates": [
            -2.8633,
            53.358562
        ]
    },
    "2800S48018A": {
        "common_name": "Bourton Road",
        "coordinates": [
            -2.860293,
            53.358485
        ]
    },
    "2800S48016A": {
        "common_name": "Hunts Cross Station",
        "coordinates": [
            -2.85539,
            53.35948
        ]
    },
    "2800S48017B": {
        "common_name": "Mackets Lane",
        "coordinates": [
            -2.85096,
            53.360611
        ]
    },
    "2800S48030B": {
        "common_name": "Blackburne Drive",
        "coordinates": [
            -2.845695,
            53.361098
        ]
    },
    "2800S48031B": {
        "common_name": "Wood Road",
        "coordinates": [
            -2.839612,
            53.359702
        ]
    },
    "2800S48032B": {
        "common_name": "Mansell Drive",
        "coordinates": [
            -2.836907,
            53.358903
        ]
    },
    "2800S48033D": {
        "common_name": "Higher Road",
        "coordinates": [
            -2.833038,
            53.35778
        ]
    },
    "2800S48034B": {
        "common_name": "Beechwood Avenue",
        "coordinates": [
            -2.832147,
            53.359089
        ]
    },
    "2800S48118A": {
        "common_name": "Leathers Lane",
        "coordinates": [
            -2.830278,
            53.359929
        ]
    },
    "2800S48035D": {
        "common_name": "Wood Road",
        "coordinates": [
            -2.828675,
            53.362134
        ]
    },
    "2800S48041B": {
        "common_name": "Baileys Lane",
        "coordinates": [
            -2.823073,
            53.363845
        ]
    },
    "2800S48040A": {
        "common_name": "Leathers Lane",
        "coordinates": [
            -2.82291,
            53.364718
        ]
    },
    "2800S48039C": {
        "common_name": "Church Road",
        "coordinates": [
            -2.823103,
            53.366946
        ]
    },
    "2800S48039B": {
        "common_name": "Elwyn Drive",
        "coordinates": [
            -2.823597,
            53.367634
        ]
    },
    "2800S48038A": {
        "common_name": "Hollies Road",
        "coordinates": [
            -2.825806,
            53.368392
        ]
    },
    "2800S48152A": {
        "common_name": "Helston Avenue",
        "coordinates": [
            -2.83286,
            53.369431
        ]
    },
    "2800S48091A": {
        "common_name": "Torcross Way",
        "coordinates": [
            -2.837734,
            53.366583
        ]
    },
    "2800S48158A": {
        "common_name": "Harrier Drive",
        "coordinates": [
            -2.841623,
            53.368695
        ]
    },
    "2800S48166A": {
        "common_name": "Foxleigh",
        "coordinates": [
            -2.844597,
            53.37164
        ]
    },
    "2800S48165A": {
        "common_name": "Woodbridge Avenue",
        "coordinates": [
            -2.842725,
            53.374269
        ]
    },
    "2800S48043A": {
        "common_name": "Okell Drive",
        "coordinates": [
            -2.840051,
            53.374369
        ]
    },
    "2800S50010A": {
        "common_name": "Beesands Close",
        "coordinates": [
            -2.82899,
            53.382986
        ]
    },
    "2800S50009A": {
        "common_name": "Brakedale Close",
        "coordinates": [
            -2.832084,
            53.385149
        ]
    },
    "2800S50008A": {
        "common_name": "Glebe Hey",
        "coordinates": [
            -2.834955,
            53.387394
        ]
    },
    "2800S50030B": {
        "common_name": "Vancouver Road",
        "coordinates": [
            -2.835653,
            53.388477
        ]
    },
    "2800S50015A": {
        "common_name": "Sullington Drive",
        "coordinates": [
            -2.83657,
            53.39219
        ]
    },
    "2800S50014A": {
        "common_name": "Lydieth Lea",
        "coordinates": [
            -2.84067,
            53.3915
        ]
    },
    "2800S50064B": {
        "common_name": "Garden Lodge Grove",
        "coordinates": [
            -2.84469,
            53.3893
        ]
    },
    "2800S50013A": {
        "common_name": "Holt Lane",
        "coordinates": [
            -2.84564,
            53.39098
        ]
    },
    "2800S50023A": {
        "common_name": "Naylorsfield Dirve",
        "coordinates": [
            -2.848811,
            53.39535
        ]
    },
    "2800S50029A": {
        "common_name": "Silverbrook Road",
        "coordinates": [
            -2.8495,
            53.39607
        ]
    },
    "2800S50012A": {
        "common_name": "Southbrook Road",
        "coordinates": [
            -2.85233,
            53.39618
        ]
    },
    "2800S50011A": {
        "common_name": "St Cyrils Close",
        "coordinates": [
            -2.85538,
            53.39373
        ]
    },
    "2800S50080B": {
        "common_name": "Handel Road",
        "coordinates": [
            -2.85187,
            53.39188
        ]
    },
    "2800S50005A": {
        "common_name": "Runton Road",
        "coordinates": [
            -2.850701,
            53.389853
        ]
    },
    "2800S50002A": {
        "common_name": "Belle Vale Interchange",
        "coordinates": [
            -2.857337,
            53.391586
        ]
    }
}