{
    "2800S50020A": {
        "common_name": "Belle Vale Bus Station",
        "coordinates": [
            -2.86056,
            53.39045
        ]
    },
    "2800S50001A": {
        "common_name": "Chislehurst Avenue",
        "coordinates": [
            -2.862877,
            53.394126
        ]
    },
    "2800S50001B": {
        "common_name": "Chislehurst Avenue",
        "coordinates": [
            -2.861483,
            53.393623
        ]
    },
    "2800S50061B": {
        "common_name": "Mildenhall Road",
        "coordinates": [
            -2.865055,
            53.395467
        ]
    },
    "2800S50061A": {
        "common_name": "Mildenhall Road",
        "coordinates": [
            -2.86581,
            53.395641
        ]
    },
    "2800S43056A": {
        "common_name": "Craighurst Road",
        "coordinates": [
            -2.870159,
            53.397965
        ]
    },
    "2800S43056B": {
        "common_name": "Sarum Road",
        "coordinates": [
            -2.868962,
            53.397533
        ]
    },
    "2800S43055B": {
        "common_name": "Sandbrook Road",
        "coordinates": [
            -2.872778,
            53.399537
        ]
    },
    "2800S43055A": {
        "common_name": "Sandbrook Road",
        "coordinates": [
            -2.872683,
            53.39934
        ]
    },
    "2800S43151B": {
        "common_name": "Baldwin Avenue",
        "coordinates": [
            -2.87601,
            53.40101
        ]
    },
    "2800S43151A": {
        "common_name": "Baldwin Avenue",
        "coordinates": [
            -2.87679,
            53.4015
        ]
    },
    "2800S43053B": {
        "common_name": "Thornton Road",
        "coordinates": [
            -2.88136,
            53.40381
        ]
    },
    "2800S43053A": {
        "common_name": "Baldwin Avenue",
        "coordinates": [
            -2.88121,
            53.40352
        ]
    },
    "2800S44096B": {
        "common_name": "Glenconner Road",
        "coordinates": [
            -2.88506,
            53.40568
        ]
    },
    "2800S44096A": {
        "common_name": "Inchape Road",
        "coordinates": [
            -2.88525,
            53.40619
        ]
    },
    "2800S44096C": {
        "common_name": "Chelwood Avenue",
        "coordinates": [
            -2.886595,
            53.406545
        ]
    },
    "2800S44096D": {
        "common_name": "Chelwood Avenue",
        "coordinates": [
            -2.886338,
            53.406493
        ]
    },
    "2800S44077B": {
        "common_name": "Broadgreen Station",
        "coordinates": [
            -2.89282,
            53.40837
        ]
    },
    "2800S44077A": {
        "common_name": "Lingfield Grove",
        "coordinates": [
            -2.89247,
            53.40921
        ]
    },
    "2800S44071A": {
        "common_name": "Thomas Lane",
        "coordinates": [
            -2.893739,
            53.410816
        ]
    },
    "2800S44070B": {
        "common_name": "Thingwall Lane",
        "coordinates": [
            -2.892059,
            53.414639
        ]
    },
    "2800S44071B": {
        "common_name": "Thingwall Avenue",
        "coordinates": [
            -2.892465,
            53.41144
        ]
    },
    "2800S44070A": {
        "common_name": "Brookside Avenue",
        "coordinates": [
            -2.891351,
            53.415292
        ]
    },
    "2800S44110B": {
        "common_name": "East Prescot Road",
        "coordinates": [
            -2.889477,
            53.417805
        ]
    },
    "2800S44003A": {
        "common_name": "Thomas Lane",
        "coordinates": [
            -2.894033,
            53.417663
        ]
    },
    "2800S44070C": {
        "common_name": "Oak Grange",
        "coordinates": [
            -2.890065,
            53.416398
        ]
    },
    "2800S44110A": {
        "common_name": "Pilch Lane",
        "coordinates": [
            -2.889122,
            53.418086
        ]
    },
    "2800S44002B": {
        "common_name": "Rudyard Road",
        "coordinates": [
            -2.898816,
            53.416845
        ]
    },
    "2800S44003B": {
        "common_name": "Eaton Road",
        "coordinates": [
            -2.892023,
            53.418649
        ]
    },
    "2800S44197A": {
        "common_name": "Alder Hey Hospital",
        "coordinates": [
            -2.895407,
            53.417886
        ]
    },
    "2800S44002A": {
        "common_name": "Chatterton Road",
        "coordinates": [
            -2.901386,
            53.416709
        ]
    },
    "2800S44001C": {
        "common_name": "Queens Drive",
        "coordinates": [
            -2.904552,
            53.415579
        ]
    },
    "2800S44113A": {
        "common_name": "Chilcott Road",
        "coordinates": [
            -2.903475,
            53.413052
        ]
    },
    "2800S44113B": {
        "common_name": "Oakhill Road",
        "coordinates": [
            -2.903648,
            53.412674
        ]
    },
    "2800S44073C": {
        "common_name": "Broad Green Road",
        "coordinates": [
            -2.901906,
            53.408561
        ]
    },
    "2800S44073B": {
        "common_name": "Thomas Drive",
        "coordinates": [
            -2.901248,
            53.409474
        ]
    },
    "2800S44074A": {
        "common_name": "Warnerville Road",
        "coordinates": [
            -2.904757,
            53.407541
        ]
    },
    "2800S44074D": {
        "common_name": "Edge Lane Drive",
        "coordinates": [
            -2.903172,
            53.407994
        ]
    },
    "2800S44094B": {
        "common_name": "Domville Road",
        "coordinates": [
            -2.910037,
            53.408238
        ]
    },
    "2800S44094A": {
        "common_name": "Domville Road",
        "coordinates": [
            -2.908743,
            53.407502
        ]
    },
    "2800S41064B": {
        "common_name": "Charlton Road",
        "coordinates": [
            -2.913812,
            53.406789
        ]
    },
    "2800S41210A": {
        "common_name": "Domville Road",
        "coordinates": [
            -2.914335,
            53.408026
        ]
    },
    "2800S41064A": {
        "common_name": "Binns Road",
        "coordinates": [
            -2.914136,
            53.407164
        ]
    },
    "2800S41063B": {
        "common_name": "Waldgrave Road",
        "coordinates": [
            -2.913242,
            53.404735
        ]
    },
    "2800S41062B": {
        "common_name": "Crossley Drive",
        "coordinates": [
            -2.913043,
            53.40249
        ]
    },
    "2800S41063A": {
        "common_name": "Birch Grove",
        "coordinates": [
            -2.913566,
            53.405128
        ]
    },
    "2800S41062A": {
        "common_name": "Deverell Road",
        "coordinates": [
            -2.913209,
            53.403216
        ]
    },
    "2800S41061B": {
        "common_name": "Old Mill Lane",
        "coordinates": [
            -2.914156,
            53.400369
        ]
    },
    "2800S41060F": {
        "common_name": "Wellstead Road",
        "coordinates": [
            -2.914015,
            53.398716
        ]
    },
    "2800S41061A": {
        "common_name": "Valencia Road",
        "coordinates": [
            -2.914354,
            53.400511
        ]
    },
    "2800S41060E": {
        "common_name": "Mill Lane",
        "coordinates": [
            -2.914735,
            53.39862
        ]
    },
    "2800S41060G": {
        "common_name": "Lance Lane",
        "coordinates": [
            -2.914693,
            53.398054
        ]
    },
    "2800S41077B": {
        "common_name": "Prince Alfred Road",
        "coordinates": [
            -2.919576,
            53.398556
        ]
    },
    "2800S41077A": {
        "common_name": "Grove Street",
        "coordinates": [
            -2.919928,
            53.398823
        ]
    },
    "2800S41076C": {
        "common_name": "Glynn Street",
        "coordinates": [
            -2.924575,
            53.399497
        ]
    },
    "2800S41119A": {
        "common_name": "Wimbledon Street",
        "coordinates": [
            -2.927323,
            53.397912
        ]
    },
    "2800S41113A": {
        "common_name": "Jamieson Road",
        "coordinates": [
            -2.930706,
            53.395135
        ]
    },
    "2800S41076B": {
        "common_name": "Southdale Road",
        "coordinates": [
            -2.924488,
            53.399651
        ]
    },
    "2800S41119B": {
        "common_name": "Liberty Street",
        "coordinates": [
            -2.92956,
            53.396375
        ]
    },
    "2800S41112B": {
        "common_name": "Smithdown Road",
        "coordinates": [
            -2.933055,
            53.393211
        ]
    },
    "2800S41085A": {
        "common_name": "Wellington Avenue",
        "coordinates": [
            -2.935013,
            53.393322
        ]
    },
    "2800S41112A": {
        "common_name": "Garmoyle Road",
        "coordinates": [
            -2.931923,
            53.394362
        ]
    },
    "2800S41084A": {
        "common_name": "Portman Road",
        "coordinates": [
            -2.937088,
            53.394672
        ]
    },
    "2800S41083A": {
        "common_name": "Granville Road",
        "coordinates": [
            -2.93863,
            53.395046
        ]
    },
    "2800S41082B": {
        "common_name": "Tunstall Street",
        "coordinates": [
            -2.94294,
            53.39629
        ]
    },
    "2800S41083B": {
        "common_name": "Salisbury Road",
        "coordinates": [
            -2.939845,
            53.395621
        ]
    },
    "2800S41082C": {
        "common_name": "Wendell Street",
        "coordinates": [
            -2.945037,
            53.397108
        ]
    },
    "2800S41081B": {
        "common_name": "Magdala Street",
        "coordinates": [
            -2.948153,
            53.397919
        ]
    },
    "2800S41080A": {
        "common_name": "Lorton Street",
        "coordinates": [
            -2.952014,
            53.39841
        ]
    },
    "2800S41081A": {
        "common_name": "Yanwath Street",
        "coordinates": [
            -2.948294,
            53.398179
        ]
    },
    "2800S41080B": {
        "common_name": "Commerce Way",
        "coordinates": [
            -2.952482,
            53.398505
        ]
    },
    "2800S41079B": {
        "common_name": "Crown Street",
        "coordinates": [
            -2.956079,
            53.397928
        ]
    },
    "2800S41163B": {
        "common_name": "Birt Close",
        "coordinates": [
            -2.95631,
            53.39697
        ]
    },
    "2800S41163A": {
        "common_name": "Birt Close",
        "coordinates": [
            -2.95603,
            53.39696
        ]
    },
    "2800S41161A": {
        "common_name": "Alt Street",
        "coordinates": [
            -2.95449,
            53.39355
        ]
    },
    "2800S41161B": {
        "common_name": "Eversley Street",
        "coordinates": [
            -2.95541,
            53.39491
        ]
    },
    "2800S41162A": {
        "common_name": "Cairns Street",
        "coordinates": [
            -2.95461,
            53.39257
        ]
    },
    "2800S41162B": {
        "common_name": "Jermyn Street",
        "coordinates": [
            -2.95438,
            53.39185
        ]
    },
    "2800S41058A": {
        "common_name": "Belvidere Road",
        "coordinates": [
            -2.95789,
            53.38744
        ]
    },
    "2800S41058B": {
        "common_name": "Devonshire Road West",
        "coordinates": [
            -2.95868,
            53.38714
        ]
    },
    "2800S41059B": {
        "common_name": "Peel Street",
        "coordinates": [
            -2.95744,
            53.38468
        ]
    },
    "2800S41059A": {
        "common_name": "Belvidere School",
        "coordinates": [
            -2.95772,
            53.38528
        ]
    },
    "2800S41015A": {
        "common_name": "Belvidere Road",
        "coordinates": [
            -2.955348,
            53.382104
        ]
    },
    "2800S41015C": {
        "common_name": "Wellesley Road",
        "coordinates": [
            -2.95576,
            53.38286
        ]
    },
    "2800S41014B": {
        "common_name": "Monkswell Street",
        "coordinates": [
            -2.95983,
            53.37952
        ]
    },
    "2800S41014A": {
        "common_name": "Kinnaird Street",
        "coordinates": [
            -2.95842,
            53.38015
        ]
    },
    "2800S41013A": {
        "common_name": "Bosnia Street",
        "coordinates": [
            -2.96138,
            53.37951
        ]
    },
    "2800S41013B": {
        "common_name": "Dingle Brow",
        "coordinates": [
            -2.96108,
            53.37951
        ]
    },
    "2800S41012B": {
        "common_name": "David Street",
        "coordinates": [
            -2.96526,
            53.38176
        ]
    },
    "2800S41012A": {
        "common_name": "Elleray Drive",
        "coordinates": [
            -2.966,
            53.3819
        ]
    },
    "2800S41011E": {
        "common_name": "Beresford Road",
        "coordinates": [
            -2.96826,
            53.3831
        ]
    },
    "2800S41011A": {
        "common_name": "Wellington Road",
        "coordinates": [
            -2.96866,
            53.38349
        ]
    },
    "2800S41010C": {
        "common_name": "Corn Street",
        "coordinates": [
            -2.97097,
            53.38555
        ]
    },
    "2800S41010B": {
        "common_name": "Harlow Street",
        "coordinates": [
            -2.97068,
            53.38468
        ]
    },
    "2800S41022A": {
        "common_name": "Park Street",
        "coordinates": [
            -2.97212,
            53.38715
        ]
    },
    "2800S41022B": {
        "common_name": "Northumberland Street",
        "coordinates": [
            -2.97229,
            53.38799
        ]
    },
    "2800S41220B": {
        "common_name": "Hyslop Street",
        "coordinates": [
            -2.97205,
            53.3905
        ]
    },
    "2800S41220A": {
        "common_name": "Hyslop Street",
        "coordinates": [
            -2.97168,
            53.39072
        ]
    },
    "2800S41042A": {
        "common_name": "Hill Street",
        "coordinates": [
            -2.972492,
            53.392195
        ]
    },
    "2800S41042B": {
        "common_name": "Upper Hill Street",
        "coordinates": [
            -2.971825,
            53.391976
        ]
    },
    "2800S41019A": {
        "common_name": "Dexter Street",
        "coordinates": [
            -2.973899,
            53.393235
        ]
    },
    "2800S41019C": {
        "common_name": "Stanhope Street",
        "coordinates": [
            -2.974792,
            53.393507
        ]
    },
    "2800S41021B": {
        "common_name": "New Bird Street",
        "coordinates": [
            -2.98053,
            53.39534
        ]
    },
    "2800S41021A": {
        "common_name": "Greenland Street",
        "coordinates": [
            -2.97998,
            53.39485
        ]
    },
    "2800S41020A": {
        "common_name": "Bridgewater Street",
        "coordinates": [
            -2.98131,
            53.39712
        ]
    },
    "2800S41020B": {
        "common_name": "Kitchen Street",
        "coordinates": [
            -2.98193,
            53.39768
        ]
    },
    "2800S41017A": {
        "common_name": "Sparling Street",
        "coordinates": [
            -2.983311,
            53.399046
        ]
    },
    "2800S41017B": {
        "common_name": "Sparling Street",
        "coordinates": [
            -2.982647,
            53.398917
        ]
    },
    "2800S41016C": {
        "common_name": "Forrest Street",
        "coordinates": [
            -2.984871,
            53.400166
        ]
    },
    "2800S41016A": {
        "common_name": "Forrest Street",
        "coordinates": [
            -2.985018,
            53.400021
        ]
    },
    "2800S42098A": {
        "common_name": "Liverpool ONE Bus Station",
        "coordinates": [
            -2.987482,
            53.401896
        ]
    },
    "2800S42098G": {
        "common_name": "Liverpool One Bus Station",
        "coordinates": [
            -2.988023,
            53.401957
        ]
    }
}