{
    "2800S46032B": {
        "common_name": "Haven Road",
        "coordinates": [
            -2.91948,
            53.46993
        ]
    },
    "2800S51034A": {
        "common_name": "Wilson Road",
        "coordinates": [
            -2.81487,
            53.40087
        ]
    },
    "2800S51031A": {
        "common_name": "Link Road",
        "coordinates": [
            -2.82124,
            53.40461
        ]
    },
    "2800S51030A": {
        "common_name": "Huyton Trade Centre",
        "coordinates": [
            -2.82223,
            53.40512
        ]
    },
    "2800S51029A": {
        "common_name": "St Johns Road",
        "coordinates": [
            -2.829891,
            53.408445
        ]
    },
    "2800S46058A": {
        "common_name": "Aintree Lane",
        "coordinates": [
            -2.91333,
            53.47081
        ]
    },
    "2800S46062A": {
        "common_name": "Ingoe Lane",
        "coordinates": [
            -2.90603,
            53.47238
        ]
    },
    "2800S52059B": {
        "common_name": "Elstead Road",
        "coordinates": [
            -2.9005,
            53.47724
        ]
    },
    "2800S52060B": {
        "common_name": "Ingoe Close",
        "coordinates": [
            -2.90452,
            53.47837
        ]
    },
    "2800S52061B": {
        "common_name": "Houlston Road",
        "coordinates": [
            -2.90639,
            53.48091
        ]
    },
    "2800S52177A": {
        "common_name": "Richard Hesketh Drive",
        "coordinates": [
            -2.90592,
            53.48208
        ]
    },
    "2800S52062B": {
        "common_name": "Lingtree Road",
        "coordinates": [
            -2.90451,
            53.48444
        ]
    },
    "2800S52088D": {
        "common_name": "Kirkby Station",
        "coordinates": [
            -2.90329,
            53.48575
        ]
    },
    "2800S52048A": {
        "common_name": "Whitefield Drive",
        "coordinates": [
            -2.900431,
            53.485408
        ]
    },
    "2800S52047A": {
        "common_name": "James Holt Avenue",
        "coordinates": [
            -2.894108,
            53.483595
        ]
    },
    "2800S52010A": {
        "common_name": "Kirkby Bus Station",
        "coordinates": [
            -2.88956,
            53.48176
        ]
    },
    "2800S52009A": {
        "common_name": "Old Hall Lane",
        "coordinates": [
            -2.890877,
            53.483269
        ]
    },
    "2800S52008A": {
        "common_name": "County Road",
        "coordinates": [
            -2.886828,
            53.484225
        ]
    },
    "2800S52063B": {
        "common_name": "Briery Hey Avenue",
        "coordinates": [
            -2.879565,
            53.484269
        ]
    },
    "2800S52064B": {
        "common_name": "Minstead Avenue",
        "coordinates": [
            -2.875149,
            53.484239
        ]
    },
    "2800S52166A": {
        "common_name": "Harleston Road",
        "coordinates": [
            -2.87257,
            53.48484
        ]
    },
    "2800S52076A": {
        "common_name": "Mintor Road",
        "coordinates": [
            -2.86942,
            53.48352
        ]
    },
    "2800S52075A": {
        "common_name": "Simonswood Walk",
        "coordinates": [
            -2.87037,
            53.48128
        ]
    },
    "2800S52043D": {
        "common_name": "Farrier Road",
        "coordinates": [
            -2.87282,
            53.47962
        ]
    },
    "2800S52018C": {
        "common_name": "Lees Road",
        "coordinates": [
            -2.86826,
            53.47598
        ]
    },
    "2800S52172B": {
        "common_name": "Moorgate Lane",
        "coordinates": [
            -2.86868,
            53.47301
        ]
    },
    "2800S52171A": {
        "common_name": "Britonside Avenue",
        "coordinates": [
            -2.86939,
            53.4718
        ]
    },
    "2800S52057A": {
        "common_name": "Sedburn Road",
        "coordinates": [
            -2.87078,
            53.46981
        ]
    },
    "2800S52040A": {
        "common_name": "Old Farm Road",
        "coordinates": [
            -2.875371,
            53.466466
        ]
    },
    "2800S52074B": {
        "common_name": "Gellings Road",
        "coordinates": [
            -2.87002,
            53.46122
        ]
    },
    "2800S52073B": {
        "common_name": "Kitling Road",
        "coordinates": [
            -2.86159,
            53.45969
        ]
    },
    "2800S52072B": {
        "common_name": "Tithebarn Road",
        "coordinates": [
            -2.85321,
            53.45648
        ]
    },
    "2800S51035B": {
        "common_name": "Shop Road",
        "coordinates": [
            -2.85433,
            53.45287
        ]
    },
    "2800S51005A": {
        "common_name": "Sugar Lane",
        "coordinates": [
            -2.85544,
            53.44841
        ]
    },
    "2800S51003B": {
        "common_name": "Shannons Lane",
        "coordinates": [
            -2.855,
            53.44351
        ]
    },
    "2800S51002B": {
        "common_name": "Croxteth Lane",
        "coordinates": [
            -2.85497,
            53.44145
        ]
    },
    "2800S51001B": {
        "common_name": "Knowlsey Road Farm",
        "coordinates": [
            -2.85358,
            53.43754
        ]
    },
    "2800S51129B": {
        "common_name": "Nursery Farm",
        "coordinates": [
            -2.85214,
            53.43547
        ]
    },
    "2800S44012A": {
        "common_name": "Hillside Avenue",
        "coordinates": [
            -2.8543,
            53.42996
        ]
    },
    "2800S44127B": {
        "common_name": "Waterpark Drive",
        "coordinates": [
            -2.85675,
            53.428992
        ]
    },
    "2800S44011A": {
        "common_name": "Fairclough Road",
        "coordinates": [
            -2.857105,
            53.427165
        ]
    },
    "2800S44010A": {
        "common_name": "Barkbeth Road",
        "coordinates": [
            -2.858743,
            53.425544
        ]
    },
    "2800S44125A": {
        "common_name": "Heath Road",
        "coordinates": [
            -2.859041,
            53.423196
        ]
    },
    "2800S44008D": {
        "common_name": "Terminus Road",
        "coordinates": [
            -2.858954,
            53.42183
        ]
    },
    "2800S44016B": {
        "common_name": "Lincombe Road",
        "coordinates": [
            -2.855928,
            53.421043
        ]
    },
    "2800S44035A": {
        "common_name": "Gentwood Road",
        "coordinates": [
            -2.85145,
            53.41972
        ]
    },
    "2800S44036A": {
        "common_name": "Crown Way",
        "coordinates": [
            -2.84897,
            53.41779
        ]
    },
    "2800S44037A": {
        "common_name": "Whitelodge Avenue",
        "coordinates": [
            -2.84865,
            53.41395
        ]
    },
    "2800S44038A": {
        "common_name": "Kingsway",
        "coordinates": [
            -2.847374,
            53.413131
        ]
    },
    "2800S51033A": {
        "common_name": "Brickfields",
        "coordinates": [
            -2.82506,
            53.40932
        ]
    },
    "2800S51065B": {
        "common_name": "School Lane",
        "coordinates": [
            -2.82728,
            53.40976
        ]
    },
    "2800S44039B": {
        "common_name": "Stanley Road",
        "coordinates": [
            -2.843477,
            53.412341
        ]
    },
    "2800S44049A": {
        "common_name": "Westmorland Road",
        "coordinates": [
            -2.841163,
            53.410173
        ]
    },
    "2800S44188D": {
        "common_name": "Huyton Bus Station",
        "coordinates": [
            -2.838233,
            53.409997
        ]
    },
    "2800S44188C": {
        "common_name": "Huyton Bus Station",
        "coordinates": [
            -2.838647,
            53.409993
        ]
    },
    "2800S51082B": {
        "common_name": "St Agnes Road",
        "coordinates": [
            -2.831638,
            53.407768
        ]
    },
    "2800S51041B": {
        "common_name": "Manor Farm Road",
        "coordinates": [
            -2.83485,
            53.40507
        ]
    },
    "2800S51082A": {
        "common_name": "St Agnes Road",
        "coordinates": [
            -2.831645,
            53.4081
        ]
    },
    "2800S51047A": {
        "common_name": "St Annes Road",
        "coordinates": [
            -2.833847,
            53.406107
        ]
    },
    "2800S50024B": {
        "common_name": "Wheathill Road",
        "coordinates": [
            -2.837126,
            53.399963
        ]
    },
    "2800S50062B": {
        "common_name": "Holt Lane",
        "coordinates": [
            -2.841972,
            53.398598
        ]
    },
    "2800S51041A": {
        "common_name": "Manor Farm Road",
        "coordinates": [
            -2.835062,
            53.405164
        ]
    },
    "2800S50029A": {
        "common_name": "Silverbrook Road",
        "coordinates": [
            -2.8495,
            53.39607
        ]
    },
    "2800S50012A": {
        "common_name": "Southbrook Road",
        "coordinates": [
            -2.85233,
            53.39618
        ]
    },
    "2800S50011A": {
        "common_name": "St Cyrils Close",
        "coordinates": [
            -2.85538,
            53.39373
        ]
    },
    "2800S50024C": {
        "common_name": "The Chase",
        "coordinates": [
            -2.836659,
            53.401449
        ]
    },
    "2800S50062A": {
        "common_name": "Holt Lane",
        "coordinates": [
            -2.84271,
            53.398674
        ]
    },
    "2800S50080B": {
        "common_name": "Handel Road",
        "coordinates": [
            -2.85187,
            53.39188
        ]
    },
    "2800S50005A": {
        "common_name": "Runton Road",
        "coordinates": [
            -2.850701,
            53.389853
        ]
    },
    "2800S50029B": {
        "common_name": "Silverbrook Road",
        "coordinates": [
            -2.850187,
            53.396482
        ]
    },
    "2800S50012B": {
        "common_name": "Southbrook Road",
        "coordinates": [
            -2.853275,
            53.395983
        ]
    },
    "2800S50011B": {
        "common_name": "St Cyrils Close",
        "coordinates": [
            -2.854979,
            53.393239
        ]
    },
    "2800S50080A": {
        "common_name": "Abbeyvale Drive",
        "coordinates": [
            -2.85194,
            53.3917
        ]
    },
    "2800S50005C": {
        "common_name": "Runton Road",
        "coordinates": [
            -2.851944,
            53.39033
        ]
    },
    "2800S50002B": {
        "common_name": "Belle Vale Interchange",
        "coordinates": [
            -2.856281,
            53.391413
        ]
    },
    "2800S50002A": {
        "common_name": "Belle Vale Interchange",
        "coordinates": [
            -2.857337,
            53.391586
        ]
    },
    "2800S50020B": {
        "common_name": "Belle Vale Bus Station",
        "coordinates": [
            -2.860667,
            53.390309
        ]
    },
    "2800S50020C": {
        "common_name": "Belle Vale Bus Station",
        "coordinates": [
            -2.860799,
            53.390347
        ]
    },
    "2800S50056A": {
        "common_name": "Besford Road",
        "coordinates": [
            -2.85988,
            53.38847
        ]
    },
    "2800S50056B": {
        "common_name": "Besford Road",
        "coordinates": [
            -2.85932,
            53.38838
        ]
    },
    "2800S50004A": {
        "common_name": "Jones Farm Road",
        "coordinates": [
            -2.856333,
            53.386514
        ]
    },
    "2800S50004B": {
        "common_name": "Jones Farm Road",
        "coordinates": [
            -2.856563,
            53.386755
        ]
    },
    "2800S43058B": {
        "common_name": "Belle Vue Road",
        "coordinates": [
            -2.858565,
            53.38461
        ]
    },
    "2800S43058A": {
        "common_name": "Lee Vale Road",
        "coordinates": [
            -2.858575,
            53.384359
        ]
    },
    "2800S43059A": {
        "common_name": "Halewood Road",
        "coordinates": [
            -2.861067,
            53.383451
        ]
    },
    "2800S43059B": {
        "common_name": "Grange Lane",
        "coordinates": [
            -2.861324,
            53.383521
        ]
    },
    "2800S43060A": {
        "common_name": "Hollytree Road",
        "coordinates": [
            -2.860311,
            53.381721
        ]
    },
    "2800S43060B": {
        "common_name": "The Nook",
        "coordinates": [
            -2.85889,
            53.38076
        ]
    },
    "2800S43061C": {
        "common_name": "Roxborough Walk",
        "coordinates": [
            -2.85548,
            53.37838
        ]
    },
    "2800S43061B": {
        "common_name": "Out Lane",
        "coordinates": [
            -2.856802,
            53.379158
        ]
    },
    "2800S43062C": {
        "common_name": "Halewood Drive",
        "coordinates": [
            -2.853444,
            53.375155
        ]
    },
    "2800S43062D": {
        "common_name": "Halewood Way",
        "coordinates": [
            -2.85333,
            53.37554
        ]
    },
    "2800S48013A": {
        "common_name": "Linkside Road",
        "coordinates": [
            -2.852401,
            53.371063
        ]
    },
    "2800S48014A": {
        "common_name": "Camberley Drive",
        "coordinates": [
            -2.852895,
            53.367959
        ]
    },
    "2800S48013B": {
        "common_name": "Arncliffe Road",
        "coordinates": [
            -2.852024,
            53.370257
        ]
    },
    "2800S48110A": {
        "common_name": "Arncliffe Road",
        "coordinates": [
            -2.84903,
            53.37012
        ]
    },
    "2800S48110B": {
        "common_name": "Arncliffe Road",
        "coordinates": [
            -2.84882,
            53.37005
        ]
    },
    "2800S48111A": {
        "common_name": "Arncliffe Road",
        "coordinates": [
            -2.8465,
            53.36528
        ]
    },
    "2800S48111B": {
        "common_name": "Arncliffe Road",
        "coordinates": [
            -2.84663,
            53.36517
        ]
    },
    "2800S48112B": {
        "common_name": "Camberley Drive",
        "coordinates": [
            -2.85186,
            53.36732
        ]
    },
    "2800S48112A": {
        "common_name": "Camberley Drive",
        "coordinates": [
            -2.85174,
            53.36736
        ]
    },
    "2800S48015A": {
        "common_name": "Roskell Road",
        "coordinates": [
            -2.853317,
            53.362787
        ]
    },
    "2800S48014B": {
        "common_name": "Camberley Drive",
        "coordinates": [
            -2.853017,
            53.367284
        ]
    },
    "2800S48015B": {
        "common_name": "Roskell Road",
        "coordinates": [
            -2.852816,
            53.36253
        ]
    },
    "2800S48017B": {
        "common_name": "Mackets Lane",
        "coordinates": [
            -2.85096,
            53.360611
        ]
    },
    "2800S48030B": {
        "common_name": "Blackburne Drive",
        "coordinates": [
            -2.845695,
            53.361098
        ]
    },
    "2800S48116B": {
        "common_name": "Torrington Drive",
        "coordinates": [
            -2.8404,
            53.3568
        ]
    },
    "2800S48017A": {
        "common_name": "Portway",
        "coordinates": [
            -2.850164,
            53.360625
        ]
    },
    "2800S48030A": {
        "common_name": "Blackburne Drive",
        "coordinates": [
            -2.844664,
            53.360628
        ]
    },
    "2800S48117A": {
        "common_name": "New Hutte Lane",
        "coordinates": [
            -2.83466,
            53.3555
        ]
    },
    "2800S48033D": {
        "common_name": "Higher Road",
        "coordinates": [
            -2.833038,
            53.35778
        ]
    },
    "2800S48031A": {
        "common_name": "Torrington Drive",
        "coordinates": [
            -2.841661,
            53.359958
        ]
    },
    "2800S48116A": {
        "common_name": "Torrington Drive",
        "coordinates": [
            -2.84058,
            53.35684
        ]
    },
    "2800S48034B": {
        "common_name": "Beechwood Avenue",
        "coordinates": [
            -2.832147,
            53.359089
        ]
    },
    "2800S48118F": {
        "common_name": "Halewood Shopping Centre",
        "coordinates": [
            -2.831414,
            53.359993
        ]
    },
    "2800S48117B": {
        "common_name": "New Hutte Lane",
        "coordinates": [
            -2.83466,
            53.35533
        ]
    },
    "2800S48034A": {
        "common_name": "Roseheath Drive",
        "coordinates": [
            -2.832081,
            53.358766
        ]
    },
    "2800S48118E": {
        "common_name": "Halewood Shopping Centre",
        "coordinates": [
            -2.829176,
            53.360854
        ]
    },
    "2800S48118A": {
        "common_name": "Leathers Lane",
        "coordinates": [
            -2.830278,
            53.359929
        ]
    }
}