{
    "2800S51034A": {
        "common_name": "Wilson Road",
        "coordinates": [
            -2.81487,
            53.40087
        ]
    },
    "2800S46032B": {
        "common_name": "Haven Road",
        "coordinates": [
            -2.91948,
            53.46993
        ]
    },
    "2800S46058A": {
        "common_name": "Aintree Lane",
        "coordinates": [
            -2.91333,
            53.47081
        ]
    },
    "2800S46062A": {
        "common_name": "Ingoe Lane",
        "coordinates": [
            -2.90603,
            53.47238
        ]
    },
    "2800S52059B": {
        "common_name": "Elstead Road",
        "coordinates": [
            -2.9005,
            53.47724
        ]
    },
    "2800S52060B": {
        "common_name": "Ingoe Close",
        "coordinates": [
            -2.90452,
            53.47837
        ]
    },
    "2800S52061B": {
        "common_name": "Houlston Road",
        "coordinates": [
            -2.90639,
            53.48091
        ]
    },
    "2800S52177A": {
        "common_name": "Richard Hesketh Drive",
        "coordinates": [
            -2.90592,
            53.48208
        ]
    },
    "2800S52062B": {
        "common_name": "Lingtree Road",
        "coordinates": [
            -2.90451,
            53.48444
        ]
    },
    "2800S52088D": {
        "common_name": "Kirkby Station",
        "coordinates": [
            -2.90329,
            53.48575
        ]
    },
    "2800S52048A": {
        "common_name": "Whitefield Drive",
        "coordinates": [
            -2.900431,
            53.485408
        ]
    },
    "2800S52047A": {
        "common_name": "James Holt Avenue",
        "coordinates": [
            -2.894108,
            53.483595
        ]
    },
    "2800S52010A": {
        "common_name": "Kirkby Bus Station",
        "coordinates": [
            -2.88956,
            53.48176
        ]
    },
    "2800S52009A": {
        "common_name": "Old Hall Lane",
        "coordinates": [
            -2.890877,
            53.483269
        ]
    },
    "2800S52008A": {
        "common_name": "County Road",
        "coordinates": [
            -2.886828,
            53.484225
        ]
    },
    "2800S52063B": {
        "common_name": "Briery Hey Avenue",
        "coordinates": [
            -2.879565,
            53.484269
        ]
    },
    "2800S52064B": {
        "common_name": "Minstead Avenue",
        "coordinates": [
            -2.875149,
            53.484239
        ]
    },
    "2800S52166A": {
        "common_name": "Harleston Road",
        "coordinates": [
            -2.87257,
            53.48484
        ]
    },
    "2800S52076A": {
        "common_name": "Mintor Road",
        "coordinates": [
            -2.86942,
            53.48352
        ]
    },
    "2800S52075A": {
        "common_name": "Simonswood Walk",
        "coordinates": [
            -2.87037,
            53.48128
        ]
    },
    "2800S52043D": {
        "common_name": "Farrier Road",
        "coordinates": [
            -2.87282,
            53.47962
        ]
    },
    "2800S52018C": {
        "common_name": "Lees Road",
        "coordinates": [
            -2.86826,
            53.47598
        ]
    },
    "2800S52172B": {
        "common_name": "Moorgate Lane",
        "coordinates": [
            -2.86868,
            53.47301
        ]
    },
    "2800S52171A": {
        "common_name": "Britonside Avenue",
        "coordinates": [
            -2.86939,
            53.4718
        ]
    },
    "2800S52057A": {
        "common_name": "Sedburn Road",
        "coordinates": [
            -2.87078,
            53.46981
        ]
    },
    "2800S52040A": {
        "common_name": "Old Farm Road",
        "coordinates": [
            -2.875371,
            53.466466
        ]
    },
    "2800S52074B": {
        "common_name": "Gellings Road",
        "coordinates": [
            -2.87002,
            53.46122
        ]
    },
    "2800S52073B": {
        "common_name": "Kitling Road",
        "coordinates": [
            -2.86159,
            53.45969
        ]
    },
    "2800S52072B": {
        "common_name": "Tithebarn Road",
        "coordinates": [
            -2.85321,
            53.45648
        ]
    },
    "2800S51035B": {
        "common_name": "Shop Road",
        "coordinates": [
            -2.85433,
            53.45287
        ]
    },
    "2800S51005A": {
        "common_name": "Sugar Lane",
        "coordinates": [
            -2.85544,
            53.44841
        ]
    },
    "2800S51003B": {
        "common_name": "Shannons Lane",
        "coordinates": [
            -2.855,
            53.44351
        ]
    },
    "2800S51002B": {
        "common_name": "Croxteth Lane",
        "coordinates": [
            -2.85497,
            53.44145
        ]
    },
    "2800S51001B": {
        "common_name": "Knowlsey Road Farm",
        "coordinates": [
            -2.85358,
            53.43754
        ]
    },
    "2800S51129B": {
        "common_name": "Nursery Farm",
        "coordinates": [
            -2.85214,
            53.43547
        ]
    },
    "2800S44012A": {
        "common_name": "Hillside Avenue",
        "coordinates": [
            -2.8543,
            53.42996
        ]
    },
    "2800S44127B": {
        "common_name": "Waterpark Drive",
        "coordinates": [
            -2.85675,
            53.428992
        ]
    },
    "2800S44011A": {
        "common_name": "Fairclough Road",
        "coordinates": [
            -2.857105,
            53.427165
        ]
    },
    "2800S44010A": {
        "common_name": "Barkbeth Road",
        "coordinates": [
            -2.858743,
            53.425544
        ]
    },
    "2800S44125A": {
        "common_name": "Heath Road",
        "coordinates": [
            -2.859041,
            53.423196
        ]
    },
    "2800S44008D": {
        "common_name": "Terminus Road",
        "coordinates": [
            -2.858954,
            53.42183
        ]
    },
    "2800S44016B": {
        "common_name": "Lincombe Road",
        "coordinates": [
            -2.855928,
            53.421043
        ]
    },
    "2800S44035A": {
        "common_name": "Gentwood Road",
        "coordinates": [
            -2.85145,
            53.41972
        ]
    },
    "2800S44036A": {
        "common_name": "Crown Way",
        "coordinates": [
            -2.84897,
            53.41779
        ]
    },
    "2800S44037A": {
        "common_name": "Whitelodge Avenue",
        "coordinates": [
            -2.84865,
            53.41395
        ]
    },
    "2800S51033A": {
        "common_name": "Brickfields",
        "coordinates": [
            -2.82506,
            53.40932
        ]
    },
    "2800S44038A": {
        "common_name": "Kingsway",
        "coordinates": [
            -2.847374,
            53.413131
        ]
    },
    "2800S44039B": {
        "common_name": "Stanley Road",
        "coordinates": [
            -2.843477,
            53.412341
        ]
    },
    "2800S51065B": {
        "common_name": "School Lane",
        "coordinates": [
            -2.82728,
            53.40976
        ]
    },
    "2800S44049A": {
        "common_name": "Westmorland Road",
        "coordinates": [
            -2.841163,
            53.410173
        ]
    },
    "2800S51031A": {
        "common_name": "Link Road",
        "coordinates": [
            -2.82124,
            53.40461
        ]
    },
    "2800S51030A": {
        "common_name": "Huyton Trade Centre",
        "coordinates": [
            -2.82223,
            53.40512
        ]
    },
    "2800S51029A": {
        "common_name": "St Johns Road",
        "coordinates": [
            -2.829891,
            53.408445
        ]
    },
    "2800S44188D": {
        "common_name": "Huyton Bus Station",
        "coordinates": [
            -2.838233,
            53.409997
        ]
    },
    "2800S44188C": {
        "common_name": "Huyton Bus Station",
        "coordinates": [
            -2.838647,
            53.409993
        ]
    },
    "2800S44041C": {
        "common_name": "Huyton Lane",
        "coordinates": [
            -2.838298,
            53.412908
        ]
    },
    "2800S44040A": {
        "common_name": "Huyton Town Centre",
        "coordinates": [
            -2.841549,
            53.412211
        ]
    },
    "2800S44039A": {
        "common_name": "Poplar Bank",
        "coordinates": [
            -2.84413,
            53.411114
        ]
    },
    "2800S44095C": {
        "common_name": "Sandfield",
        "coordinates": [
            -2.847187,
            53.409007
        ]
    },
    "2800S44095A": {
        "common_name": "Waterside Park",
        "coordinates": [
            -2.849902,
            53.408601
        ]
    },
    "2800S44102A": {
        "common_name": "Lawton Road",
        "coordinates": [
            -2.854657,
            53.408666
        ]
    },
    "2800S44102B": {
        "common_name": "Anderton Terrace",
        "coordinates": [
            -2.853772,
            53.408798
        ]
    },
    "2800S44101B": {
        "common_name": "Roby Station",
        "coordinates": [
            -2.85614,
            53.409096
        ]
    },
    "2800S44101A": {
        "common_name": "Bridge Road",
        "coordinates": [
            -2.858468,
            53.408926
        ]
    },
    "2800S44100B": {
        "common_name": "Pilch Lane East",
        "coordinates": [
            -2.864888,
            53.408754
        ]
    },
    "2800S44099A": {
        "common_name": "Rimmer Avenue",
        "coordinates": [
            -2.87185,
            53.407867
        ]
    },
    "2800S44099B": {
        "common_name": "Court Hey Church",
        "coordinates": [
            -2.874827,
            53.407774
        ]
    },
    "2800S44098B": {
        "common_name": "Court Hey Road",
        "coordinates": [
            -2.87694,
            53.407416
        ]
    },
    "2800S44098A": {
        "common_name": "Court Hey Road",
        "coordinates": [
            -2.876299,
            53.407691
        ]
    },
    "2800S44097B": {
        "common_name": "Grangewood",
        "coordinates": [
            -2.88017,
            53.407186
        ]
    },
    "2800S44097A": {
        "common_name": "Grangewood",
        "coordinates": [
            -2.880467,
            53.406986
        ]
    },
    "2800S44096A": {
        "common_name": "Inchape Road",
        "coordinates": [
            -2.88525,
            53.40619
        ]
    },
    "2800S43053B": {
        "common_name": "Thornton Road",
        "coordinates": [
            -2.88136,
            53.40381
        ]
    },
    "2800S43151A": {
        "common_name": "Baldwin Avenue",
        "coordinates": [
            -2.87679,
            53.4015
        ]
    },
    "2800S44096B": {
        "common_name": "Glenconner Road",
        "coordinates": [
            -2.88506,
            53.40568
        ]
    },
    "2800S43053A": {
        "common_name": "Baldwin Avenue",
        "coordinates": [
            -2.88121,
            53.40352
        ]
    },
    "2800S43165B": {
        "common_name": "Hartsbourne Avenue",
        "coordinates": [
            -2.87585,
            53.40022
        ]
    },
    "2800S43166B": {
        "common_name": "Wellgreen Road",
        "coordinates": [
            -2.87516,
            53.39769
        ]
    },
    "2800S43151B": {
        "common_name": "Baldwin Avenue",
        "coordinates": [
            -2.87601,
            53.40101
        ]
    },
    "2800S43120B": {
        "common_name": "Hartsbourne Avenue",
        "coordinates": [
            -2.876961,
            53.400378
        ]
    },
    "2800S43156B": {
        "common_name": "Craighurst Road",
        "coordinates": [
            -2.87253,
            53.39645
        ]
    },
    "2800S50067A": {
        "common_name": "Hartsbourne Avenue",
        "coordinates": [
            -2.86741,
            53.39276
        ]
    },
    "2800S50057A": {
        "common_name": "Chislehurst Avenue",
        "coordinates": [
            -2.86374,
            53.39307
        ]
    },
    "2800S43166A": {
        "common_name": "Hartsbourne Avenue",
        "coordinates": [
            -2.87613,
            53.39817
        ]
    },
    "2800S50020C": {
        "common_name": "Belle Vale Bus Station",
        "coordinates": [
            -2.860799,
            53.390347
        ]
    },
    "2800S50001B": {
        "common_name": "Chislehurst Avenue",
        "coordinates": [
            -2.861483,
            53.393623
        ]
    },
    "2800S50020B": {
        "common_name": "Belle Vale Bus Station",
        "coordinates": [
            -2.860667,
            53.390309
        ]
    },
    "2800S50056A": {
        "common_name": "Besford Road",
        "coordinates": [
            -2.85988,
            53.38847
        ]
    },
    "2800S50004B": {
        "common_name": "Jones Farm Road",
        "coordinates": [
            -2.856563,
            53.386755
        ]
    },
    "2800S50056B": {
        "common_name": "Besford Road",
        "coordinates": [
            -2.85932,
            53.38838
        ]
    },
    "2800S50004A": {
        "common_name": "Jones Farm Road",
        "coordinates": [
            -2.856333,
            53.386514
        ]
    },
    "2800S43058B": {
        "common_name": "Belle Vue Road",
        "coordinates": [
            -2.858565,
            53.38461
        ]
    },
    "2800S43058A": {
        "common_name": "Lee Vale Road",
        "coordinates": [
            -2.858575,
            53.384359
        ]
    },
    "2800S43059A": {
        "common_name": "Halewood Road",
        "coordinates": [
            -2.861067,
            53.383451
        ]
    },
    "2800S43059B": {
        "common_name": "Grange Lane",
        "coordinates": [
            -2.861324,
            53.383521
        ]
    },
    "2800S43060A": {
        "common_name": "Hollytree Road",
        "coordinates": [
            -2.860311,
            53.381721
        ]
    },
    "2800S43060B": {
        "common_name": "The Nook",
        "coordinates": [
            -2.85889,
            53.38076
        ]
    },
    "2800S43061C": {
        "common_name": "Roxborough Walk",
        "coordinates": [
            -2.85548,
            53.37838
        ]
    },
    "2800S43061B": {
        "common_name": "Out Lane",
        "coordinates": [
            -2.856802,
            53.379158
        ]
    },
    "2800S43062C": {
        "common_name": "Halewood Drive",
        "coordinates": [
            -2.853444,
            53.375155
        ]
    },
    "2800S43062D": {
        "common_name": "Halewood Way",
        "coordinates": [
            -2.85333,
            53.37554
        ]
    },
    "2800S48013A": {
        "common_name": "Linkside Road",
        "coordinates": [
            -2.852401,
            53.371063
        ]
    },
    "2800S48110B": {
        "common_name": "Arncliffe Road",
        "coordinates": [
            -2.84882,
            53.37005
        ]
    },
    "2800S48013B": {
        "common_name": "Arncliffe Road",
        "coordinates": [
            -2.852024,
            53.370257
        ]
    },
    "2800S48110A": {
        "common_name": "Arncliffe Road",
        "coordinates": [
            -2.84903,
            53.37012
        ]
    },
    "2800S48111A": {
        "common_name": "Arncliffe Road",
        "coordinates": [
            -2.8465,
            53.36528
        ]
    },
    "2800S48112A": {
        "common_name": "Camberley Drive",
        "coordinates": [
            -2.85174,
            53.36736
        ]
    },
    "2800S48111B": {
        "common_name": "Arncliffe Road",
        "coordinates": [
            -2.84663,
            53.36517
        ]
    },
    "2800S48112B": {
        "common_name": "Camberley Drive",
        "coordinates": [
            -2.85186,
            53.36732
        ]
    },
    "2800S48015A": {
        "common_name": "Roskell Road",
        "coordinates": [
            -2.853317,
            53.362787
        ]
    },
    "2800S48017A": {
        "common_name": "Portway",
        "coordinates": [
            -2.850164,
            53.360625
        ]
    },
    "2800S48014B": {
        "common_name": "Camberley Drive",
        "coordinates": [
            -2.853017,
            53.367284
        ]
    },
    "2800S48015B": {
        "common_name": "Roskell Road",
        "coordinates": [
            -2.852816,
            53.36253
        ]
    },
    "2800S48030A": {
        "common_name": "Blackburne Drive",
        "coordinates": [
            -2.844664,
            53.360628
        ]
    },
    "2800S48017B": {
        "common_name": "Mackets Lane",
        "coordinates": [
            -2.85096,
            53.360611
        ]
    },
    "2800S48030B": {
        "common_name": "Blackburne Drive",
        "coordinates": [
            -2.845695,
            53.361098
        ]
    },
    "2800S48116B": {
        "common_name": "Torrington Drive",
        "coordinates": [
            -2.8404,
            53.3568
        ]
    },
    "2800S48031A": {
        "common_name": "Torrington Drive",
        "coordinates": [
            -2.841661,
            53.359958
        ]
    },
    "2800S48116A": {
        "common_name": "Torrington Drive",
        "coordinates": [
            -2.84058,
            53.35684
        ]
    },
    "2800S48117A": {
        "common_name": "New Hutte Lane",
        "coordinates": [
            -2.83466,
            53.3555
        ]
    },
    "2800S48033D": {
        "common_name": "Higher Road",
        "coordinates": [
            -2.833038,
            53.35778
        ]
    },
    "2800S48034B": {
        "common_name": "Beechwood Avenue",
        "coordinates": [
            -2.832147,
            53.359089
        ]
    },
    "2800S48118F": {
        "common_name": "Halewood Shopping Centre",
        "coordinates": [
            -2.831414,
            53.359993
        ]
    },
    "2800S48034A": {
        "common_name": "Roseheath Drive",
        "coordinates": [
            -2.832081,
            53.358766
        ]
    },
    "2800S48118A": {
        "common_name": "Leathers Lane",
        "coordinates": [
            -2.830278,
            53.359929
        ]
    },
    "2800S48118D": {
        "common_name": "Leathers Lane",
        "coordinates": [
            -2.829868,
            53.35988
        ]
    },
    "2800S48035B": {
        "common_name": "Leathers Lane",
        "coordinates": [
            -2.829664,
            53.361983
        ]
    },
    "2800S48118E": {
        "common_name": "Halewood Shopping Centre",
        "coordinates": [
            -2.829176,
            53.360854
        ]
    },
    "2800S48035A": {
        "common_name": "Leathers Lane",
        "coordinates": [
            -2.830001,
            53.362322
        ]
    },
    "2800S48036A": {
        "common_name": "Halewood Station",
        "coordinates": [
            -2.830946,
            53.363763
        ]
    },
    "2800S48037A": {
        "common_name": "Rutland Avenue",
        "coordinates": [
            -2.830608,
            53.36568
        ]
    },
    "2800S48036B": {
        "common_name": "Halewood Station",
        "coordinates": [
            -2.830488,
            53.364944
        ]
    },
    "2800S48038A": {
        "common_name": "Hollies Road",
        "coordinates": [
            -2.825806,
            53.368392
        ]
    },
    "2800S48038D": {
        "common_name": "Church Road",
        "coordinates": [
            -2.8278,
            53.368154
        ]
    },
    "2800S48038B": {
        "common_name": "Hollies Road",
        "coordinates": [
            -2.826112,
            53.36866
        ]
    },
    "2800S48058A": {
        "common_name": "Rawlinson Crescent",
        "coordinates": [
            -2.8194,
            53.36716
        ]
    },
    "2800S48039B": {
        "common_name": "Elwyn Drive",
        "coordinates": [
            -2.823597,
            53.367634
        ]
    },
    "2800S48169B": {
        "common_name": "Halewood Caravan Park",
        "coordinates": [
            -2.81165,
            53.36276
        ]
    },
    "2800S48169A": {
        "common_name": "Halewood Caravan Park",
        "coordinates": [
            -2.81167,
            53.36293
        ]
    },
    "2800S48061B": {
        "common_name": "Brook House Farm",
        "coordinates": [
            -2.79908,
            53.35916
        ]
    },
    "2800S48059A": {
        "common_name": "Finch Lane",
        "coordinates": [
            -2.81152,
            53.36263
        ]
    },
    "2800S48060A": {
        "common_name": "Ditton Fold Farm",
        "coordinates": [
            -2.80559,
            53.36042
        ]
    },
    "2800S48062B": {
        "common_name": "Chemical Factory",
        "coordinates": [
            -2.79812,
            53.35701
        ]
    },
    "2800S48062A": {
        "common_name": "Chemical Factory",
        "coordinates": [
            -2.79841,
            53.35728
        ]
    },
    "2800S48063A": {
        "common_name": "Lower Road",
        "coordinates": [
            -2.79833,
            53.35437
        ]
    },
    "2800S48063B": {
        "common_name": "Carr Lane",
        "coordinates": [
            -2.79802,
            53.35429
        ]
    },
    "2800S48190B": {
        "common_name": "Morrisons",
        "coordinates": [
            -2.838312,
            53.345545
        ]
    },
    "2800S48028A": {
        "common_name": "Jaguar Land Rover Factory",
        "coordinates": [
            -2.83116,
            53.34748
        ]
    },
    "2800S48190A": {
        "common_name": "Morrisons",
        "coordinates": [
            -2.837937,
            53.345566
        ]
    },
    "2800S48003B": {
        "common_name": "Woodend Avenue",
        "coordinates": [
            -2.851623,
            53.348642
        ]
    },
    "2800S48002B": {
        "common_name": "Woodend Lane",
        "coordinates": [
            -2.854272,
            53.348892
        ]
    },
    "2800S48003D": {
        "common_name": "Western Avenue",
        "coordinates": [
            -2.852129,
            53.34844
        ]
    },
    "2800S48002A": {
        "common_name": "Woodend Lane",
        "coordinates": [
            -2.85538,
            53.348732
        ]
    },
    "2800S48022A": {
        "common_name": "Longman Drive",
        "coordinates": [
            -2.858646,
            53.349023
        ]
    },
    "2800S48022B": {
        "common_name": "Evans Road",
        "coordinates": [
            -2.858515,
            53.349249
        ]
    },
    "2800S48001B": {
        "common_name": "Speke Hall Road",
        "coordinates": [
            -2.867395,
            53.350074
        ]
    },
    "2800S48001A": {
        "common_name": "Speke Hall Avenue",
        "coordinates": [
            -2.866997,
            53.349718
        ]
    },
    "2800S48184B": {
        "common_name": "Estuary Banks",
        "coordinates": [
            -2.875293,
            53.346933
        ]
    },
    "2800S48184A": {
        "common_name": "Windward Drive",
        "coordinates": [
            -2.875543,
            53.347426
        ]
    },
    "2800S48185A": {
        "common_name": "Leeward Drive",
        "coordinates": [
            -2.872552,
            53.345866
        ]
    },
    "2800S48185B": {
        "common_name": "Leeward Drive",
        "coordinates": [
            -2.872511,
            53.346082
        ]
    },
    "2800S48072B": {
        "common_name": "Cartwrights Farm Road",
        "coordinates": [
            -2.864824,
            53.344762
        ]
    },
    "2800S48072A": {
        "common_name": "Estuary Banks",
        "coordinates": [
            -2.86512,
            53.344536
        ]
    },
    "2800S48088A": {
        "common_name": "Stirling Road",
        "coordinates": [
            -2.860355,
            53.343635
        ]
    },
    "2800S48088B": {
        "common_name": "Speke Church Road",
        "coordinates": [
            -2.86015,
            53.343924
        ]
    },
    "2800S48027B": {
        "common_name": "Dunlop Road",
        "coordinates": [
            -2.858068,
            53.341953
        ]
    },
    "2800S48026A": {
        "common_name": "Western Avenue",
        "coordinates": [
            -2.853077,
            53.339454
        ]
    },
    "2800S48089G": {
        "common_name": "Liverpool John Lennon Airport",
        "coordinates": [
            -2.85411,
            53.337783
        ]
    },
    "2800S48027A": {
        "common_name": "Dunlop Road",
        "coordinates": [
            -2.858624,
            53.341976
        ]
    },
    "2800S48089D": {
        "common_name": "Liverpool John Lennon Airport",
        "coordinates": [
            -2.85486,
            53.337742
        ]
    }
}