{
    "2800S43201A": {
        "common_name": "Liverpool South Parkway",
        "coordinates": [
            -2.89004,
            53.358303
        ]
    },
    "2800S43066C": {
        "common_name": "Liverpool South Parkway",
        "coordinates": [
            -2.891535,
            53.357914
        ]
    },
    "2800S43065B": {
        "common_name": "Horrocks Avenue",
        "coordinates": [
            -2.893362,
            53.35693
        ]
    },
    "2800S43160A": {
        "common_name": "Woolton Road",
        "coordinates": [
            -2.896754,
            53.354576
        ]
    },
    "2800S43191A": {
        "common_name": "Shrewsbury Road",
        "coordinates": [
            -2.89595,
            53.35567
        ]
    },
    "2800S43063A": {
        "common_name": "St Marys Road",
        "coordinates": [
            -2.897051,
            53.352992
        ]
    },
    "2800S43072B": {
        "common_name": "Vineyard Street",
        "coordinates": [
            -2.886582,
            53.351668
        ]
    },
    "2800S43071B": {
        "common_name": "Blackburne Street",
        "coordinates": [
            -2.882454,
            53.350359
        ]
    },
    "2800S43072A": {
        "common_name": "Vineyard Street",
        "coordinates": [
            -2.887044,
            53.351485
        ]
    },
    "2800S43071A": {
        "common_name": "Banks Road",
        "coordinates": [
            -2.881864,
            53.349456
        ]
    },
    "2800S43021B": {
        "common_name": "New Mersey Shopping Park",
        "coordinates": [
            -2.879029,
            53.348919
        ]
    },
    "2800S48045B": {
        "common_name": "New Mersey Retail Park",
        "coordinates": [
            -2.875387,
            53.349333
        ]
    },
    "2800S43021A": {
        "common_name": "New Mersey Shopping Park",
        "coordinates": [
            -2.879173,
            53.348604
        ]
    },
    "2800S48045A": {
        "common_name": "Estuary Boulevard",
        "coordinates": [
            -2.875367,
            53.349072
        ]
    },
    "2800S48184A": {
        "common_name": "Windward Drive",
        "coordinates": [
            -2.875543,
            53.347426
        ]
    },
    "2800S48184B": {
        "common_name": "Estuary Banks",
        "coordinates": [
            -2.875293,
            53.346933
        ]
    },
    "2800S48185B": {
        "common_name": "Leeward Drive",
        "coordinates": [
            -2.872511,
            53.346082
        ]
    },
    "2800S48185A": {
        "common_name": "Leeward Drive",
        "coordinates": [
            -2.872552,
            53.345866
        ]
    },
    "2800S48072A": {
        "common_name": "Estuary Banks",
        "coordinates": [
            -2.86512,
            53.344536
        ]
    },
    "2800S48088A": {
        "common_name": "Stirling Road",
        "coordinates": [
            -2.860355,
            53.343635
        ]
    },
    "2800S48072B": {
        "common_name": "Cartwrights Farm Road",
        "coordinates": [
            -2.864824,
            53.344762
        ]
    },
    "2800S48088B": {
        "common_name": "Speke Church Road",
        "coordinates": [
            -2.86015,
            53.343924
        ]
    },
    "2800S48027B": {
        "common_name": "Dunlop Road",
        "coordinates": [
            -2.858068,
            53.341953
        ]
    },
    "2800S48027A": {
        "common_name": "Dunlop Road",
        "coordinates": [
            -2.858624,
            53.341976
        ]
    },
    "2800S48026B": {
        "common_name": "Dunlop Road",
        "coordinates": [
            -2.853119,
            53.33931
        ]
    },
    "2800S48026F": {
        "common_name": "Damwood Road",
        "coordinates": [
            -2.85174,
            53.3402
        ]
    },
    "2800S48054B": {
        "common_name": "Lovel Road",
        "coordinates": [
            -2.847798,
            53.342107
        ]
    },
    "2800S48090A": {
        "common_name": "Conleach Road",
        "coordinates": [
            -2.843916,
            53.341784
        ]
    },
    "2800S48176A": {
        "common_name": "Conleach Road",
        "coordinates": [
            -2.842036,
            53.343937
        ]
    },
    "2800S48176B": {
        "common_name": "Conleach Road",
        "coordinates": [
            -2.842299,
            53.343539
        ]
    },
    "2800S48049A": {
        "common_name": "Acre Green",
        "coordinates": [
            -2.825691,
            53.356204
        ]
    },
    "2800S48048A": {
        "common_name": "No. 254",
        "coordinates": [
            -2.82917,
            53.356656
        ]
    },
    "2800S48033A": {
        "common_name": "Leathers Lane",
        "coordinates": [
            -2.834314,
            53.357681
        ]
    },
    "2800S48032A": {
        "common_name": "Mansell Drive",
        "coordinates": [
            -2.836585,
            53.358582
        ]
    },
    "2800S48032B": {
        "common_name": "Mansell Drive",
        "coordinates": [
            -2.836907,
            53.358903
        ]
    },
    "2800S48119A": {
        "common_name": "Wood Road",
        "coordinates": [
            -2.838388,
            53.36087
        ]
    },
    "2800S48119B": {
        "common_name": "Wood Road",
        "coordinates": [
            -2.838446,
            53.360753
        ]
    }
}