{
    "2800S48118C": {
        "common_name": "Leathers Lane",
        "coordinates": [
            -2.829187,
            53.360121
        ]
    },
    "2800S48118F": {
        "common_name": "Halewood Shopping Centre",
        "coordinates": [
            -2.831414,
            53.359993
        ]
    },
    "2800S48118A": {
        "common_name": "Leathers Lane",
        "coordinates": [
            -2.830278,
            53.359929
        ]
    },
    "2800S48034A": {
        "common_name": "Roseheath Drive",
        "coordinates": [
            -2.832081,
            53.358766
        ]
    },
    "2800S48033A": {
        "common_name": "Leathers Lane",
        "coordinates": [
            -2.834314,
            53.357681
        ]
    },
    "2800S48034B": {
        "common_name": "Beechwood Avenue",
        "coordinates": [
            -2.832147,
            53.359089
        ]
    },
    "2800S48033D": {
        "common_name": "Higher Road",
        "coordinates": [
            -2.833038,
            53.35778
        ]
    },
    "2800S48032A": {
        "common_name": "Mansell Drive",
        "coordinates": [
            -2.836585,
            53.358582
        ]
    },
    "2800S48031A": {
        "common_name": "Torrington Drive",
        "coordinates": [
            -2.841661,
            53.359958
        ]
    },
    "2800S48030A": {
        "common_name": "Blackburne Drive",
        "coordinates": [
            -2.844664,
            53.360628
        ]
    },
    "2800S48032B": {
        "common_name": "Mansell Drive",
        "coordinates": [
            -2.836907,
            53.358903
        ]
    },
    "2800S48031B": {
        "common_name": "Wood Road",
        "coordinates": [
            -2.839612,
            53.359702
        ]
    },
    "2800S48017A": {
        "common_name": "Portway",
        "coordinates": [
            -2.850164,
            53.360625
        ]
    },
    "2800S48015A": {
        "common_name": "Roskell Road",
        "coordinates": [
            -2.853317,
            53.362787
        ]
    },
    "2800S48030B": {
        "common_name": "Blackburne Drive",
        "coordinates": [
            -2.845695,
            53.361098
        ]
    },
    "2800S48017B": {
        "common_name": "Mackets Lane",
        "coordinates": [
            -2.85096,
            53.360611
        ]
    },
    "2800S48014A": {
        "common_name": "Camberley Drive",
        "coordinates": [
            -2.852895,
            53.367959
        ]
    },
    "2800S48013A": {
        "common_name": "Linkside Road",
        "coordinates": [
            -2.852401,
            53.371063
        ]
    },
    "2800S48015B": {
        "common_name": "Roskell Road",
        "coordinates": [
            -2.852816,
            53.36253
        ]
    },
    "2800S48014B": {
        "common_name": "Camberley Drive",
        "coordinates": [
            -2.853017,
            53.367284
        ]
    },
    "2800S48013B": {
        "common_name": "Arncliffe Road",
        "coordinates": [
            -2.852024,
            53.370257
        ]
    },
    "2800S43062A": {
        "common_name": "Macketts Lane",
        "coordinates": [
            -2.853853,
            53.374541
        ]
    },
    "2800S49001A": {
        "common_name": "Whitney Place",
        "coordinates": [
            -2.857854,
            53.376157
        ]
    },
    "2800S43062B": {
        "common_name": "Whitney Road",
        "coordinates": [
            -2.854276,
            53.374637
        ]
    },
    "2800S49001B": {
        "common_name": "Whitney Place",
        "coordinates": [
            -2.857445,
            53.375998
        ]
    },
    "2800S43035B": {
        "common_name": "Hunts Cross Avenue",
        "coordinates": [
            -2.85962,
            53.377286
        ]
    },
    "2800S43034B": {
        "common_name": "Halewood Drive",
        "coordinates": [
            -2.861181,
            53.375675
        ]
    },
    "2800S43035A": {
        "common_name": "Out Lane",
        "coordinates": [
            -2.859938,
            53.377374
        ]
    },
    "2800S43034A": {
        "common_name": "Halewood Drive",
        "coordinates": [
            -2.861467,
            53.375691
        ]
    },
    "2800S43193B": {
        "common_name": "Allerton Road",
        "coordinates": [
            -2.867035,
            53.375264
        ]
    },
    "2800S43109A": {
        "common_name": "Woolton Mount",
        "coordinates": [
            -2.866689,
            53.378188
        ]
    },
    "2800S43033F": {
        "common_name": "Woolton Street",
        "coordinates": [
            -2.865051,
            53.374505
        ]
    },
    "2800S43108A": {
        "common_name": "Glenacres",
        "coordinates": [
            -2.866525,
            53.379744
        ]
    },
    "2800S43097B": {
        "common_name": "Woolton Hill Road",
        "coordinates": [
            -2.867614,
            53.383044
        ]
    },
    "2800S43109B": {
        "common_name": "Hillside Drive",
        "coordinates": [
            -2.866519,
            53.377955
        ]
    },
    "2800S43108B": {
        "common_name": "Hollytree Road",
        "coordinates": [
            -2.866352,
            53.379395
        ]
    },
    "2800S43097C": {
        "common_name": "Seafarers Drive",
        "coordinates": [
            -2.86696,
            53.382653
        ]
    },
    "2800S43089C": {
        "common_name": "Gateacre Park Drive",
        "coordinates": [
            -2.873082,
            53.385
        ]
    },
    "2800S43089B": {
        "common_name": "Blackwood Avenue",
        "coordinates": [
            -2.874558,
            53.385142
        ]
    },
    "2800S43088A": {
        "common_name": "Wood View Road",
        "coordinates": [
            -2.879013,
            53.38608
        ]
    },
    "2800S43088B": {
        "common_name": "Rockbourne Avenue",
        "coordinates": [
            -2.878247,
            53.38613
        ]
    },
    "2800S43095B": {
        "common_name": "Childwall Park Avenue",
        "coordinates": [
            -2.885013,
            53.387572
        ]
    },
    "2800S43095A": {
        "common_name": "Cabot Green",
        "coordinates": [
            -2.88264,
            53.386979
        ]
    },
    "2800S43107A": {
        "common_name": "Gipsy Lane",
        "coordinates": [
            -2.887305,
            53.387915
        ]
    },
    "2800S43107B": {
        "common_name": "Salisbury Park",
        "coordinates": [
            -2.889421,
            53.388448
        ]
    },
    "2800S43043C": {
        "common_name": "Taggart Avenue",
        "coordinates": [
            -2.893438,
            53.389262
        ]
    },
    "2800S43043E": {
        "common_name": "Hornby Lane",
        "coordinates": [
            -2.892287,
            53.388867
        ]
    },
    "2800S43043B": {
        "common_name": "Cromptons Lane",
        "coordinates": [
            -2.894825,
            53.389432
        ]
    },
    "2800S43077A": {
        "common_name": "Green Lane",
        "coordinates": [
            -2.898087,
            53.390126
        ]
    },
    "2800S43078A": {
        "common_name": "Montclair Drive",
        "coordinates": [
            -2.904763,
            53.392215
        ]
    },
    "2800S43043F": {
        "common_name": "Taggart Avenue",
        "coordinates": [
            -2.894813,
            53.389585
        ]
    },
    "2800S43077B": {
        "common_name": "Eldred Road",
        "coordinates": [
            -2.899026,
            53.390434
        ]
    },
    "2800S43078B": {
        "common_name": "Beauclair Drive",
        "coordinates": [
            -2.903689,
            53.3919
        ]
    },
    "2800S43080B": {
        "common_name": "Dunbabin Road",
        "coordinates": [
            -2.906116,
            53.392915
        ]
    },
    "2800S43079B": {
        "common_name": "Daffodil Road",
        "coordinates": [
            -2.910318,
            53.393935
        ]
    },
    "2800S43079A": {
        "common_name": "Loreburn Road",
        "coordinates": [
            -2.909605,
            53.393626
        ]
    },
    "2800S43019A": {
        "common_name": "Fir Lane",
        "coordinates": [
            -2.915525,
            53.395468
        ]
    },
    "2800S41060B": {
        "common_name": "Hunters Lane",
        "coordinates": [
            -2.91542,
            53.396925
        ]
    },
    "2800S43019C": {
        "common_name": "Church Road",
        "coordinates": [
            -2.914534,
            53.394856
        ]
    },
    "2800S41060C": {
        "common_name": "Childwall Road",
        "coordinates": [
            -2.915217,
            53.397268
        ]
    },
    "2800S41077B": {
        "common_name": "Prince Alfred Road",
        "coordinates": [
            -2.919576,
            53.398556
        ]
    },
    "2800S41076C": {
        "common_name": "Glynn Street",
        "coordinates": [
            -2.924575,
            53.399497
        ]
    },
    "2800S41077A": {
        "common_name": "Grove Street",
        "coordinates": [
            -2.919928,
            53.398823
        ]
    },
    "2800S41076B": {
        "common_name": "Southdale Road",
        "coordinates": [
            -2.924488,
            53.399651
        ]
    },
    "2800S41075A": {
        "common_name": "Colville Street",
        "coordinates": [
            -2.92755,
            53.400077
        ]
    },
    "2800S41074A": {
        "common_name": "Picton Crescent",
        "coordinates": [
            -2.932796,
            53.401285
        ]
    },
    "2800S41073A": {
        "common_name": "Salisbury Road",
        "coordinates": [
            -2.936246,
            53.40222
        ]
    },
    "2800S41075B": {
        "common_name": "Hey Green Road",
        "coordinates": [
            -2.926843,
            53.400073
        ]
    },
    "2800S41074B": {
        "common_name": "Kempton Road",
        "coordinates": [
            -2.934102,
            53.401841
        ]
    },
    "2800S41073B": {
        "common_name": "Cecil Street",
        "coordinates": [
            -2.936432,
            53.40247
        ]
    },
    "2800S41071A": {
        "common_name": "Wavertree Shopping Centre",
        "coordinates": [
            -2.945791,
            53.404005
        ]
    },
    "2800S41071B": {
        "common_name": "Wavertree Shopping Centre",
        "coordinates": [
            -2.945802,
            53.403799
        ]
    },
    "2800S41070A": {
        "common_name": "Chatsworth Drive",
        "coordinates": [
            -2.950645,
            53.404479
        ]
    },
    "2800S41069A": {
        "common_name": "Overton Street",
        "coordinates": [
            -2.955302,
            53.405548
        ]
    },
    "2800S41070B": {
        "common_name": "Winifred Street",
        "coordinates": [
            -2.952235,
            53.404925
        ]
    },
    "2800S41069G": {
        "common_name": "Towerlands Street",
        "coordinates": [
            -2.956082,
            53.406099
        ]
    },
    "2800S41023A": {
        "common_name": "Low Hill",
        "coordinates": [
            -2.963436,
            53.410687
        ]
    },
    "2800S42016A": {
        "common_name": "Epworth Street",
        "coordinates": [
            -2.966484,
            53.410438
        ]
    },
    "2800S42039D": {
        "common_name": "Crown Street",
        "coordinates": [
            -2.96393,
            53.408
        ]
    },
    "2800S42028D": {
        "common_name": "Ashton Street",
        "coordinates": [
            -2.966862,
            53.408529
        ]
    },
    "2800S42039C": {
        "common_name": "Crown Street",
        "coordinates": [
            -2.96457,
            53.40835
        ]
    },
    "2800S42015C": {
        "common_name": "Greek Street",
        "coordinates": [
            -2.972875,
            53.40901
        ]
    },
    "2800S42024A": {
        "common_name": "Lord Nelson Street",
        "coordinates": [
            -2.978909,
            53.408386
        ]
    },
    "2800S42028C": {
        "common_name": "Daulby Street",
        "coordinates": [
            -2.966971,
            53.408708
        ]
    },
    "2800S42016B": {
        "common_name": "Epworth Street",
        "coordinates": [
            -2.966188,
            53.410629
        ]
    },
    "2800S42015A": {
        "common_name": "Monument Place",
        "coordinates": [
            -2.972246,
            53.409114
        ]
    },
    "2800S42023D": {
        "common_name": "Queen Square Bus Station",
        "coordinates": [
            -2.981439,
            53.407853
        ]
    },
    "2800S42023J": {
        "common_name": "Queen Square Bus Station",
        "coordinates": [
            -2.982476,
            53.407584
        ]
    }
}