{
    "2800S64026A": {
        "common_name": "Formby Village",
        "coordinates": [
            -3.06105,
            53.55635
        ]
    },
    "2800S64027A": {
        "common_name": "Cropton Road",
        "coordinates": [
            -3.06141,
            53.55474
        ]
    },
    "2800S64038B": {
        "common_name": "Elbow Lane",
        "coordinates": [
            -3.062125,
            53.554184
        ]
    },
    "2800S64077A": {
        "common_name": "Formby Station",
        "coordinates": [
            -3.0707,
            53.55355
        ]
    },
    "2800S64028B": {
        "common_name": "Formby Station",
        "coordinates": [
            -3.06729,
            53.553689
        ]
    },
    "2800S64076A": {
        "common_name": "Formby Station",
        "coordinates": [
            -3.07073,
            53.55362
        ]
    },
    "2800S64072A": {
        "common_name": "Coppice Leys",
        "coordinates": [
            -3.06903,
            53.55917
        ]
    },
    "2800S64065B": {
        "common_name": "Barkfield Lane",
        "coordinates": [
            -3.0697,
            53.56123
        ]
    },
    "2800S64071A": {
        "common_name": "Derby Road",
        "coordinates": [
            -3.07045,
            53.56354
        ]
    },
    "2800S64012B": {
        "common_name": "Freshfield Station",
        "coordinates": [
            -3.0704,
            53.56616
        ]
    },
    "2800S64055B": {
        "common_name": "Victoria Road",
        "coordinates": [
            -3.06741,
            53.56732
        ]
    },
    "2800S64054B": {
        "common_name": "Massams Lane",
        "coordinates": [
            -3.0658,
            53.56876
        ]
    },
    "2800S64053B": {
        "common_name": "Cricket Path",
        "coordinates": [
            -3.05993,
            53.56648
        ]
    },
    "2800S64004A": {
        "common_name": "Green Lane",
        "coordinates": [
            -3.057275,
            53.564906
        ]
    },
    "2800S64003A": {
        "common_name": "Paradise Lane",
        "coordinates": [
            -3.053924,
            53.566778
        ]
    },
    "2800S64052B": {
        "common_name": "Deansgate Lane",
        "coordinates": [
            -3.04986,
            53.56532
        ]
    },
    "2800S64051B": {
        "common_name": "Watchyard Lane",
        "coordinates": [
            -3.05015,
            53.56266
        ]
    },
    "2800S64050B": {
        "common_name": "Smithy Green",
        "coordinates": [
            -3.04929,
            53.56175
        ]
    },
    "2800S64049B": {
        "common_name": "Smithy Green",
        "coordinates": [
            -3.04844,
            53.561
        ]
    },
    "2800S64048B": {
        "common_name": "Smithy Green",
        "coordinates": [
            -3.05088,
            53.56087
        ]
    },
    "2800S64047B": {
        "common_name": "Mittens Lane",
        "coordinates": [
            -3.05243,
            53.56089
        ]
    },
    "2800S64046B": {
        "common_name": "Whitehouse Lane",
        "coordinates": [
            -3.05326,
            53.55825
        ]
    },
    "2800S64045B": {
        "common_name": "Church Road",
        "coordinates": [
            -3.05545,
            53.55751
        ]
    }
}