{
    "2800S64026A": {
        "common_name": "Formby Village",
        "coordinates": [
            -3.06105,
            53.55635
        ]
    },
    "2800S64039A": {
        "common_name": "Three Tuns Lane",
        "coordinates": [
            -3.05969,
            53.5545
        ]
    },
    "2800S64007A": {
        "common_name": "Three Tuns Lane",
        "coordinates": [
            -3.057243,
            53.55456
        ]
    },
    "2800S64045A": {
        "common_name": "Church Road",
        "coordinates": [
            -3.05551,
            53.55767
        ]
    },
    "2800S64046A": {
        "common_name": "Kenyons Lane",
        "coordinates": [
            -3.0537,
            53.55788
        ]
    },
    "2800S64047A": {
        "common_name": "Mittens Lane",
        "coordinates": [
            -3.05301,
            53.56039
        ]
    },
    "2800S64048A": {
        "common_name": "Watchyard Lane",
        "coordinates": [
            -3.05056,
            53.56088
        ]
    },
    "2800S64049A": {
        "common_name": "No. 43",
        "coordinates": [
            -3.04859,
            53.56114
        ]
    },
    "2800S64050A": {
        "common_name": "Smithy Close",
        "coordinates": [
            -3.04977,
            53.56183
        ]
    },
    "2800S64051A": {
        "common_name": "Mount House Road",
        "coordinates": [
            -3.05047,
            53.56265
        ]
    },
    "2800S64052A": {
        "common_name": "Mount House Road",
        "coordinates": [
            -3.05012,
            53.56552
        ]
    },
    "2800S64002B": {
        "common_name": "Deansgate Lane",
        "coordinates": [
            -3.051224,
            53.567494
        ]
    },
    "2800S64003B": {
        "common_name": "Ryeground Lane",
        "coordinates": [
            -3.054069,
            53.566552
        ]
    },
    "2800S64004C": {
        "common_name": "Piercefield Road",
        "coordinates": [
            -3.0585,
            53.5649
        ]
    },
    "2800S64053A": {
        "common_name": "Cricket Path",
        "coordinates": [
            -3.06033,
            53.56687
        ]
    },
    "2800S64054A": {
        "common_name": "Gores Lane",
        "coordinates": [
            -3.06628,
            53.56863
        ]
    },
    "2800S64055A": {
        "common_name": "Queens Avenue",
        "coordinates": [
            -3.06731,
            53.56758
        ]
    },
    "2800S64012B": {
        "common_name": "Freshfield Station",
        "coordinates": [
            -3.0704,
            53.56616
        ]
    },
    "2800S64071B": {
        "common_name": "Derby Road",
        "coordinates": [
            -3.0703,
            53.56339
        ]
    },
    "2800S64065A": {
        "common_name": "St Georges Road",
        "coordinates": [
            -3.06963,
            53.56133
        ]
    },
    "2800S64072B": {
        "common_name": "Coppice Leys",
        "coordinates": [
            -3.06883,
            53.55891
        ]
    },
    "2800S64077A": {
        "common_name": "Formby Station",
        "coordinates": [
            -3.0707,
            53.55355
        ]
    },
    "2800S64076A": {
        "common_name": "Formby Station",
        "coordinates": [
            -3.07073,
            53.55362
        ]
    },
    "2800S64028A": {
        "common_name": "Formby Station",
        "coordinates": [
            -3.06711,
            53.55386
        ]
    },
    "2800S64038A": {
        "common_name": "Elbow Lane",
        "coordinates": [
            -3.06196,
            53.5543
        ]
    }
}