{
    "2800S64026A": {
        "common_name": "Formby Village",
        "coordinates": [
            -3.06105,
            53.55635
        ]
    },
    "2800S64075A": {
        "common_name": "Formby Village",
        "coordinates": [
            -3.06252,
            53.55656
        ]
    },
    "2800S64008B": {
        "common_name": "Coronation Avenue",
        "coordinates": [
            -3.056393,
            53.551934
        ]
    },
    "2800S64009B": {
        "common_name": "Kent Road",
        "coordinates": [
            -3.054818,
            53.549305
        ]
    },
    "2800S64040A": {
        "common_name": "Monks Drive",
        "coordinates": [
            -3.0526,
            53.5486
        ]
    },
    "2800S64041A": {
        "common_name": "Abbots Way",
        "coordinates": [
            -3.04948,
            53.55001
        ]
    },
    "2800S64042A": {
        "common_name": "Kirkstall Drive",
        "coordinates": [
            -3.0475,
            53.55259
        ]
    },
    "2800S64043A": {
        "common_name": "Whalley Drive",
        "coordinates": [
            -3.05089,
            53.5547
        ]
    },
    "2800S64044A": {
        "common_name": "Alt Road",
        "coordinates": [
            -3.05278,
            53.55516
        ]
    },
    "2800S64007B": {
        "common_name": "Cross Green Close",
        "coordinates": [
            -3.057027,
            53.554355
        ]
    },
    "2800S64027A": {
        "common_name": "Cropton Road",
        "coordinates": [
            -3.06141,
            53.55474
        ]
    },
    "2800S64038B": {
        "common_name": "Elbow Lane",
        "coordinates": [
            -3.062125,
            53.554184
        ]
    },
    "2800S64028B": {
        "common_name": "Formby Station",
        "coordinates": [
            -3.06729,
            53.553689
        ]
    },
    "2800S64019B": {
        "common_name": "Formby Station",
        "coordinates": [
            -3.071129,
            53.553295
        ]
    },
    "2800S64067A": {
        "common_name": "No. 69",
        "coordinates": [
            -3.07885,
            53.55307
        ]
    },
    "2800S64029A": {
        "common_name": "Greenloons Drive",
        "coordinates": [
            -3.08226,
            53.55303
        ]
    },
    "2800S64030A": {
        "common_name": "Kirklake Bank",
        "coordinates": [
            -3.085,
            53.55284
        ]
    },
    "2800S64031A": {
        "common_name": "St Lukes Church Road",
        "coordinates": [
            -3.08588,
            53.55116
        ]
    },
    "2800S64032B": {
        "common_name": "Bushby's Park",
        "coordinates": [
            -3.08124,
            53.55136
        ]
    },
    "2800S64033A": {
        "common_name": "Bushbys Park",
        "coordinates": [
            -3.07834,
            53.55147
        ]
    },
    "2800S64064B": {
        "common_name": "Range High School",
        "coordinates": [
            -3.08062,
            53.54545
        ]
    },
    "2800S64064C": {
        "common_name": "Mayfield Avenue",
        "coordinates": [
            -3.08037,
            53.54755
        ]
    },
    "2800S64064D": {
        "common_name": "Jubilee Road",
        "coordinates": [
            -3.07701,
            53.54839
        ]
    },
    "2800S64034A": {
        "common_name": "Sefton Road",
        "coordinates": [
            -3.072936,
            53.551346
        ]
    },
    "2800S64021A": {
        "common_name": "Kings Road",
        "coordinates": [
            -3.065373,
            53.551297
        ]
    },
    "2800S64073A": {
        "common_name": "Park Avenue",
        "coordinates": [
            -3.062729,
            53.550557
        ]
    },
    "2800S64035B": {
        "common_name": "Raven Meols Lane",
        "coordinates": [
            -3.06273,
            53.55056
        ]
    },
    "2800S64035A": {
        "common_name": "Windsor Road",
        "coordinates": [
            -3.06317,
            53.54828
        ]
    },
    "2800S64069A": {
        "common_name": "Park Close",
        "coordinates": [
            -3.06728,
            53.5459
        ]
    },
    "2800S64070A": {
        "common_name": "Park Road",
        "coordinates": [
            -3.06715,
            53.5483
        ]
    },
    "2800S64036A": {
        "common_name": "Balmoral Drive",
        "coordinates": [
            -3.06526,
            53.54907
        ]
    },
    "2800S64037A": {
        "common_name": "Park Road",
        "coordinates": [
            -3.06616,
            53.55079
        ]
    },
    "2800S64020A": {
        "common_name": "Kings Close",
        "coordinates": [
            -3.06815,
            53.55258
        ]
    },
    "2800S64077A": {
        "common_name": "Formby Station",
        "coordinates": [
            -3.0707,
            53.55355
        ]
    },
    "2800S64076A": {
        "common_name": "Formby Station",
        "coordinates": [
            -3.07073,
            53.55362
        ]
    },
    "2800S64028A": {
        "common_name": "Formby Station",
        "coordinates": [
            -3.06711,
            53.55386
        ]
    },
    "2800S64038A": {
        "common_name": "Elbow Lane",
        "coordinates": [
            -3.06196,
            53.5543
        ]
    },
    "2800S64039A": {
        "common_name": "Three Tuns Lane",
        "coordinates": [
            -3.05969,
            53.5545
        ]
    },
    "2800S64007C": {
        "common_name": "Cross Green",
        "coordinates": [
            -3.05768,
            53.55404
        ]
    }
}