{
    "2800S64026A": {
        "common_name": "Formby Village",
        "coordinates": [
            -3.06105,
            53.55635
        ]
    },
    "2800S64038B": {
        "common_name": "Elbow Lane",
        "coordinates": [
            -3.062125,
            53.554184
        ]
    },
    "2800S64028B": {
        "common_name": "Formby Station",
        "coordinates": [
            -3.06729,
            53.553689
        ]
    },
    "2800S64019B": {
        "common_name": "Formby Station",
        "coordinates": [
            -3.071129,
            53.553295
        ]
    },
    "2800S64025A": {
        "common_name": "Ward Avenue",
        "coordinates": [
            -3.07551,
            53.5529
        ]
    },
    "2800S64018A": {
        "common_name": "Coniston Road",
        "coordinates": [
            -3.07711,
            53.55388
        ]
    },
    "2800S64017A": {
        "common_name": "Grasmere Road",
        "coordinates": [
            -3.07641,
            53.55607
        ]
    },
    "2800S64016A": {
        "common_name": "Harington Close",
        "coordinates": [
            -3.07664,
            53.55848
        ]
    },
    "2800S64024A": {
        "common_name": "Wicks Green",
        "coordinates": [
            -3.0804,
            53.56102
        ]
    },
    "2800S64015A": {
        "common_name": "Squirrel Green",
        "coordinates": [
            -3.08137,
            53.56402
        ]
    },
    "2800S64014A": {
        "common_name": "Shireburn Road",
        "coordinates": [
            -3.07728,
            53.56561
        ]
    },
    "2800S64013B": {
        "common_name": "Freshfield Station",
        "coordinates": [
            -3.073,
            53.56592
        ]
    },
    "2800S64056B": {
        "common_name": "Timms Lane",
        "coordinates": [
            -3.06587,
            53.56557
        ]
    },
    "2800S64057B": {
        "common_name": "Byron Close",
        "coordinates": [
            -3.0635,
            53.56265
        ]
    },
    "2800S64058B": {
        "common_name": "Old Mill Lane",
        "coordinates": [
            -3.06231,
            53.561
        ]
    },
    "2800S64059A": {
        "common_name": "Furness Avenue",
        "coordinates": [
            -3.06034,
            53.55813
        ]
    }
}