{
    "2800S64026A": {
        "common_name": "Formby Village",
        "coordinates": [
            -3.06105,
            53.55635
        ]
    },
    "2800S64075A": {
        "common_name": "Formby Village",
        "coordinates": [
            -3.06252,
            53.55656
        ]
    },
    "2800S64059B": {
        "common_name": "Page Court",
        "coordinates": [
            -3.06114,
            53.55895
        ]
    },
    "2800S64058B": {
        "common_name": "Old Mill Lane",
        "coordinates": [
            -3.06231,
            53.561
        ]
    },
    "2800S64058A": {
        "common_name": "Old Mill Lane",
        "coordinates": [
            -3.06281,
            53.56152
        ]
    },
    "2800S64057A": {
        "common_name": "Old Town Lane",
        "coordinates": [
            -3.06427,
            53.56339
        ]
    },
    "2800S64056A": {
        "common_name": "Grange Lane",
        "coordinates": [
            -3.06668,
            53.56621
        ]
    },
    "2800S64013A": {
        "common_name": "Freshfield Station",
        "coordinates": [
            -3.07354,
            53.56575
        ]
    },
    "2800S64014B": {
        "common_name": "Shireburn Road",
        "coordinates": [
            -3.07659,
            53.56556
        ]
    },
    "2800S64015B": {
        "common_name": "Birch Green",
        "coordinates": [
            -3.08121,
            53.56375
        ]
    },
    "2800S64024B": {
        "common_name": "Barkfield Lane",
        "coordinates": [
            -3.07982,
            53.56073
        ]
    },
    "2800S64016B": {
        "common_name": "Holmwood Gardens",
        "coordinates": [
            -3.0763,
            53.55843
        ]
    },
    "2800S64017B": {
        "common_name": "Ennerdale Road",
        "coordinates": [
            -3.07589,
            53.55636
        ]
    },
    "2800S64018B": {
        "common_name": "Mere Road",
        "coordinates": [
            -3.07695,
            53.55369
        ]
    },
    "2800S64025B": {
        "common_name": "Langdale Avenue",
        "coordinates": [
            -3.07396,
            53.55313
        ]
    },
    "2800S64019A": {
        "common_name": "Formby Station",
        "coordinates": [
            -3.06999,
            53.55354
        ]
    },
    "2800S64028A": {
        "common_name": "Formby Station",
        "coordinates": [
            -3.06711,
            53.55386
        ]
    },
    "2800S64038A": {
        "common_name": "Elbow Lane",
        "coordinates": [
            -3.06196,
            53.5543
        ]
    }
}