{
    "2800S64026A": {
        "common_name": "Formby Village",
        "coordinates": [
            -3.06105,
            53.55635
        ]
    },
    "2800S64027A": {
        "common_name": "Cropton Road",
        "coordinates": [
            -3.06141,
            53.55474
        ]
    },
    "2800S64039A": {
        "common_name": "Three Tuns Lane",
        "coordinates": [
            -3.05969,
            53.5545
        ]
    },
    "2800S64007A": {
        "common_name": "Three Tuns Lane",
        "coordinates": [
            -3.057243,
            53.55456
        ]
    },
    "2800S64045A": {
        "common_name": "Church Road",
        "coordinates": [
            -3.05551,
            53.55767
        ]
    },
    "2800S64046A": {
        "common_name": "Kenyons Lane",
        "coordinates": [
            -3.0537,
            53.55788
        ]
    },
    "2800S64047A": {
        "common_name": "Mittens Lane",
        "coordinates": [
            -3.05301,
            53.56039
        ]
    },
    "2800S64048A": {
        "common_name": "Watchyard Lane",
        "coordinates": [
            -3.05056,
            53.56088
        ]
    },
    "2800S64049A": {
        "common_name": "No. 43",
        "coordinates": [
            -3.04859,
            53.56114
        ]
    },
    "2800S64050A": {
        "common_name": "Smithy Close",
        "coordinates": [
            -3.04977,
            53.56183
        ]
    },
    "2800S64051A": {
        "common_name": "Mount House Road",
        "coordinates": [
            -3.05047,
            53.56265
        ]
    },
    "2800S64052A": {
        "common_name": "Mount House Road",
        "coordinates": [
            -3.05012,
            53.56552
        ]
    },
    "2800S64002B": {
        "common_name": "Deansgate Lane",
        "coordinates": [
            -3.051224,
            53.567494
        ]
    },
    "2800S64003B": {
        "common_name": "Ryeground Lane",
        "coordinates": [
            -3.054069,
            53.566552
        ]
    },
    "2800S64004C": {
        "common_name": "Piercefield Road",
        "coordinates": [
            -3.0585,
            53.5649
        ]
    },
    "2800S64053A": {
        "common_name": "Cricket Path",
        "coordinates": [
            -3.06033,
            53.56687
        ]
    },
    "2800S64054A": {
        "common_name": "Gores Lane",
        "coordinates": [
            -3.06628,
            53.56863
        ]
    },
    "2800S64055A": {
        "common_name": "Queens Avenue",
        "coordinates": [
            -3.06731,
            53.56758
        ]
    },
    "2800S64013A": {
        "common_name": "Freshfield Station",
        "coordinates": [
            -3.07354,
            53.56575
        ]
    },
    "2800S64014B": {
        "common_name": "Shireburn Road",
        "coordinates": [
            -3.07659,
            53.56556
        ]
    },
    "2800S64015B": {
        "common_name": "Birch Green",
        "coordinates": [
            -3.08121,
            53.56375
        ]
    },
    "2800S64024B": {
        "common_name": "Barkfield Lane",
        "coordinates": [
            -3.07982,
            53.56073
        ]
    },
    "2800S64016B": {
        "common_name": "Holmwood Gardens",
        "coordinates": [
            -3.0763,
            53.55843
        ]
    },
    "2800S64017B": {
        "common_name": "Ennerdale Road",
        "coordinates": [
            -3.07589,
            53.55636
        ]
    },
    "2800S64018B": {
        "common_name": "Mere Road",
        "coordinates": [
            -3.07695,
            53.55369
        ]
    },
    "2800S64025B": {
        "common_name": "Langdale Avenue",
        "coordinates": [
            -3.07396,
            53.55313
        ]
    },
    "2800S64019A": {
        "common_name": "Formby Station",
        "coordinates": [
            -3.06999,
            53.55354
        ]
    },
    "2800S64028A": {
        "common_name": "Formby Station",
        "coordinates": [
            -3.06711,
            53.55386
        ]
    },
    "2800S64038A": {
        "common_name": "Elbow Lane",
        "coordinates": [
            -3.06196,
            53.5543
        ]
    },
    "2800S64008B": {
        "common_name": "Coronation Avenue",
        "coordinates": [
            -3.056393,
            53.551934
        ]
    },
    "2800S64009B": {
        "common_name": "Kent Road",
        "coordinates": [
            -3.054818,
            53.549305
        ]
    },
    "2800S64040A": {
        "common_name": "Monks Drive",
        "coordinates": [
            -3.0526,
            53.5486
        ]
    },
    "2800S64041A": {
        "common_name": "Abbots Way",
        "coordinates": [
            -3.04948,
            53.55001
        ]
    },
    "2800S64042A": {
        "common_name": "Kirkstall Drive",
        "coordinates": [
            -3.0475,
            53.55259
        ]
    },
    "2800S64043A": {
        "common_name": "Whalley Drive",
        "coordinates": [
            -3.05089,
            53.5547
        ]
    },
    "2800S64044A": {
        "common_name": "Alt Road",
        "coordinates": [
            -3.05278,
            53.55516
        ]
    },
    "2800S64007B": {
        "common_name": "Cross Green Close",
        "coordinates": [
            -3.057027,
            53.554355
        ]
    },
    "2800S64038B": {
        "common_name": "Elbow Lane",
        "coordinates": [
            -3.062125,
            53.554184
        ]
    },
    "2800S64028B": {
        "common_name": "Formby Station",
        "coordinates": [
            -3.06729,
            53.553689
        ]
    },
    "2800S64019B": {
        "common_name": "Formby Station",
        "coordinates": [
            -3.071129,
            53.553295
        ]
    },
    "2800S64025A": {
        "common_name": "Ward Avenue",
        "coordinates": [
            -3.07551,
            53.5529
        ]
    },
    "2800S64018A": {
        "common_name": "Coniston Road",
        "coordinates": [
            -3.07711,
            53.55388
        ]
    },
    "2800S64017A": {
        "common_name": "Grasmere Road",
        "coordinates": [
            -3.07641,
            53.55607
        ]
    },
    "2800S64016A": {
        "common_name": "Harington Close",
        "coordinates": [
            -3.07664,
            53.55848
        ]
    },
    "2800S64024A": {
        "common_name": "Wicks Green",
        "coordinates": [
            -3.0804,
            53.56102
        ]
    },
    "2800S64015A": {
        "common_name": "Squirrel Green",
        "coordinates": [
            -3.08137,
            53.56402
        ]
    },
    "2800S64014A": {
        "common_name": "Shireburn Road",
        "coordinates": [
            -3.07728,
            53.56561
        ]
    },
    "2800S64013B": {
        "common_name": "Freshfield Station",
        "coordinates": [
            -3.073,
            53.56592
        ]
    },
    "2800S64012A": {
        "common_name": "Freshfield Station",
        "coordinates": [
            -3.07116,
            53.56602
        ]
    },
    "2800S64055B": {
        "common_name": "Victoria Road",
        "coordinates": [
            -3.06741,
            53.56732
        ]
    },
    "2800S64054B": {
        "common_name": "Massams Lane",
        "coordinates": [
            -3.0658,
            53.56876
        ]
    },
    "2800S64053B": {
        "common_name": "Cricket Path",
        "coordinates": [
            -3.05993,
            53.56648
        ]
    },
    "2800S64004A": {
        "common_name": "Green Lane",
        "coordinates": [
            -3.057275,
            53.564906
        ]
    },
    "2800S64003A": {
        "common_name": "Paradise Lane",
        "coordinates": [
            -3.053924,
            53.566778
        ]
    },
    "2800S64052B": {
        "common_name": "Deansgate Lane",
        "coordinates": [
            -3.04986,
            53.56532
        ]
    },
    "2800S64074A": {
        "common_name": "Mount House Road",
        "coordinates": [
            -3.0494,
            53.56332
        ]
    },
    "2800S64051B": {
        "common_name": "Watchyard Lane",
        "coordinates": [
            -3.05015,
            53.56266
        ]
    },
    "2800S64050B": {
        "common_name": "Smithy Green",
        "coordinates": [
            -3.04929,
            53.56175
        ]
    },
    "2800S64049B": {
        "common_name": "Smithy Green",
        "coordinates": [
            -3.04844,
            53.561
        ]
    },
    "2800S64048B": {
        "common_name": "Smithy Green",
        "coordinates": [
            -3.05088,
            53.56087
        ]
    },
    "2800S64047B": {
        "common_name": "Mittens Lane",
        "coordinates": [
            -3.05243,
            53.56089
        ]
    },
    "2800S64046B": {
        "common_name": "Whitehouse Lane",
        "coordinates": [
            -3.05326,
            53.55825
        ]
    },
    "2800S64045B": {
        "common_name": "Church Road",
        "coordinates": [
            -3.05545,
            53.55751
        ]
    },
    "2800S64006C": {
        "common_name": "Formby Town Centre",
        "coordinates": [
            -3.05659,
            53.55756
        ]
    }
}