{
    "068000000450": {
        "common_name": "Vicarage Road",
        "coordinates": [
            -2.732295,
            53.363124
        ]
    },
    "068000000451": {
        "common_name": "WIDNES TOWN HALL",
        "coordinates": [
            -2.731085,
            53.363554
        ]
    },
    "068000000421": {
        "common_name": "SIMMS CROSS",
        "coordinates": [
            -2.729457,
            53.365002
        ]
    },
    "068000000419": {
        "common_name": "Windmill Centre",
        "coordinates": [
            -2.726098,
            53.365445
        ]
    },
    "068000000403": {
        "common_name": "Green Oaks",
        "coordinates": [
            -2.722256,
            53.368408
        ]
    },
    "068000000413": {
        "common_name": "Milton Road",
        "coordinates": [
            -2.730417,
            53.365769
        ]
    },
    "068000000418": {
        "common_name": "Widnes Shopping Park",
        "coordinates": [
            -2.725946,
            53.365311
        ]
    },
    "068000000401": {
        "common_name": "Green Oaks",
        "coordinates": [
            -2.72233,
            53.36829
        ]
    },
    "068000000263": {
        "common_name": "Harris Shop",
        "coordinates": [
            -2.725146,
            53.369514
        ]
    },
    "068000000264": {
        "common_name": "Peelhouse Lane",
        "coordinates": [
            -2.723306,
            53.370909
        ]
    },
    "068000000267": {
        "common_name": "Barracks",
        "coordinates": [
            -2.723776,
            53.374691
        ]
    },
    "068000000266": {
        "common_name": "Barracks",
        "coordinates": [
            -2.724051,
            53.374967
        ]
    },
    "068000000268": {
        "common_name": "Lytham Road",
        "coordinates": [
            -2.724443,
            53.376817
        ]
    },
    "068000000282": {
        "common_name": "Fairfield Road",
        "coordinates": [
            -2.729359,
            53.377749
        ]
    },
    "068000000280": {
        "common_name": "Lockett Road",
        "coordinates": [
            -2.732826,
            53.377422
        ]
    },
    "068000000298": {
        "common_name": "Widnes Station",
        "coordinates": [
            -2.732846,
            53.379444
        ]
    },
    "068000000269": {
        "common_name": "Lytham Road",
        "coordinates": [
            -2.724197,
            53.376504
        ]
    },
    "068000000283": {
        "common_name": "Cypress Avenue",
        "coordinates": [
            -2.726586,
            53.37817
        ]
    },
    "068000000300": {
        "common_name": "Pit Lane",
        "coordinates": [
            -2.735278,
            53.383609
        ]
    },
    "068000000302": {
        "common_name": "Buckingham Avenue",
        "coordinates": [
            -2.737103,
            53.386573
        ]
    },
    "068000000281": {
        "common_name": "Fairfield Road",
        "coordinates": [
            -2.729391,
            53.377847
        ]
    },
    "068000000279": {
        "common_name": "Lockett Road",
        "coordinates": [
            -2.732288,
            53.377569
        ]
    },
    "068000000299": {
        "common_name": "Widnes Station",
        "coordinates": [
            -2.732678,
            53.379292
        ]
    },
    "068000000301": {
        "common_name": "Pit Lane",
        "coordinates": [
            -2.734471,
            53.383021
        ]
    },
    "068000000323": {
        "common_name": "The Globe",
        "coordinates": [
            -2.736876,
            53.389936
        ]
    },
    "068000000329": {
        "common_name": "Valentine House",
        "coordinates": [
            -2.735692,
            53.395445
        ]
    },
    "068000000303": {
        "common_name": "Buckingham Avenue",
        "coordinates": [
            -2.736794,
            53.386081
        ]
    },
    "068000000304": {
        "common_name": "The Globe",
        "coordinates": [
            -2.737381,
            53.38872
        ]
    },
    "068000000328": {
        "common_name": "Wilmere Lane",
        "coordinates": [
            -2.7351,
            53.390765
        ]
    },
    "068000000331": {
        "common_name": "Wilmere House",
        "coordinates": [
            -2.735086,
            53.399547
        ]
    },
    "2800S12005C": {
        "common_name": "Warrington Road",
        "coordinates": [
            -2.734224,
            53.400973
        ]
    },
    "068000000330": {
        "common_name": "Valentine House",
        "coordinates": [
            -2.735415,
            53.395033
        ]
    },
    "068000000332": {
        "common_name": "Wilmere House",
        "coordinates": [
            -2.734774,
            53.399747
        ]
    },
    "2800S12003A": {
        "common_name": "Union Bank Lane",
        "coordinates": [
            -2.731955,
            53.404645
        ]
    },
    "2800S12002A": {
        "common_name": "Bell Lane",
        "coordinates": [
            -2.728664,
            53.410086
        ]
    },
    "2800S12004A": {
        "common_name": "Warrington Road",
        "coordinates": [
            -2.733442,
            53.40185
        ]
    },
    "2800S12001A": {
        "common_name": "Jubits Lane",
        "coordinates": [
            -2.728144,
            53.412201
        ]
    },
    "2800S13078A": {
        "common_name": "Shakespeare Road",
        "coordinates": [
            -2.732854,
            53.414051
        ]
    },
    "2800S12003B": {
        "common_name": "Union Bank Lane",
        "coordinates": [
            -2.731819,
            53.404583
        ]
    },
    "2800S12002B": {
        "common_name": "Bell Lane",
        "coordinates": [
            -2.728774,
            53.409483
        ]
    },
    "2800S13263A": {
        "common_name": "Forest Road",
        "coordinates": [
            -2.734432,
            53.415704
        ]
    },
    "2800S12001C": {
        "common_name": "Forest Road",
        "coordinates": [
            -2.727714,
            53.412599
        ]
    },
    "2800S12001B": {
        "common_name": "Tennyson Street",
        "coordinates": [
            -2.727728,
            53.411682
        ]
    },
    "2800S13262A": {
        "common_name": "Tressel Drive",
        "coordinates": [
            -2.731517,
            53.416774
        ]
    },
    "2800S13267A": {
        "common_name": "Chester Lane",
        "coordinates": [
            -2.725419,
            53.418285
        ]
    },
    "2800S13077A": {
        "common_name": "Chandlers Way",
        "coordinates": [
            -2.727196,
            53.413996
        ]
    },
    "2800S13077B": {
        "common_name": "Chandlers Way",
        "coordinates": [
            -2.726587,
            53.414458
        ]
    },
    "2800S13076C": {
        "common_name": "Chester Lane",
        "coordinates": [
            -2.723805,
            53.416308
        ]
    },
    "2800S13075A": {
        "common_name": "Cannon Street",
        "coordinates": [
            -2.722272,
            53.416399
        ]
    },
    "2800S13078B": {
        "common_name": "Preston Street",
        "coordinates": [
            -2.730478,
            53.413229
        ]
    },
    "2800S13079A": {
        "common_name": "Walkers Lane",
        "coordinates": [
            -2.73468,
            53.415235
        ]
    },
    "2800S13073A": {
        "common_name": "Jersey Street",
        "coordinates": [
            -2.717121,
            53.416978
        ]
    },
    "2800S13076B": {
        "common_name": "Jubits Lane",
        "coordinates": [
            -2.723486,
            53.416139
        ]
    },
    "2800S13074A": {
        "common_name": "Bentley Street",
        "coordinates": [
            -2.718873,
            53.416482
        ]
    },
    "2800S13167A": {
        "common_name": "Gartons Lane",
        "coordinates": [
            -2.714759,
            53.417891
        ]
    },
    "2800S13166B": {
        "common_name": "Rye Close",
        "coordinates": [
            -2.717514,
            53.418854
        ]
    },
    "2800S13073B": {
        "common_name": "Agnes Street",
        "coordinates": [
            -2.715906,
            53.417165
        ]
    },
    "2800S13167B": {
        "common_name": "Lever Street",
        "coordinates": [
            -2.714886,
            53.41825
        ]
    },
    "2800S13181A": {
        "common_name": "Bentley Street",
        "coordinates": [
            -2.721042,
            53.418365
        ]
    },
    "2800S13165A": {
        "common_name": "Fallow Close",
        "coordinates": [
            -2.723182,
            53.419503
        ]
    },
    "2800S13166A": {
        "common_name": "Rye Close",
        "coordinates": [
            -2.718271,
            53.419128
        ]
    },
    "2800S13181B": {
        "common_name": "Bentley Street",
        "coordinates": [
            -2.721015,
            53.41859
        ]
    },
    "2800S13092B": {
        "common_name": "Four Acre Lane",
        "coordinates": [
            -2.721063,
            53.422302
        ]
    },
    "2800S13165B": {
        "common_name": "Fallow Close",
        "coordinates": [
            -2.723127,
            53.419764
        ]
    },
    "2800S13092A": {
        "common_name": "Eastham Crescent",
        "coordinates": [
            -2.721569,
            53.42283
        ]
    },
    "2800S13091A": {
        "common_name": "Mill Lane",
        "coordinates": [
            -2.723644,
            53.425442
        ]
    },
    "2800S13249A": {
        "common_name": "Lea Green Station",
        "coordinates": [
            -2.724618,
            53.426946
        ]
    },
    "2800S13091B": {
        "common_name": "Mill Lane",
        "coordinates": [
            -2.722735,
            53.425043
        ]
    },
    "2800S13249B": {
        "common_name": "Lea Green Station",
        "coordinates": [
            -2.724396,
            53.427163
        ]
    },
    "2800S13105A": {
        "common_name": "Eaves Lane",
        "coordinates": [
            -2.725086,
            53.430584
        ]
    },
    "2800S13105B": {
        "common_name": "Eaves Lane",
        "coordinates": [
            -2.724653,
            53.429876
        ]
    },
    "2800S13132B": {
        "common_name": "Robins Lane",
        "coordinates": [
            -2.72313,
            53.43589
        ]
    },
    "2800S13132A": {
        "common_name": "Robins Lane",
        "coordinates": [
            -2.721823,
            53.437848
        ]
    },
    "2800S13017A": {
        "common_name": "St Helens Hospital",
        "coordinates": [
            -2.721155,
            53.441052
        ]
    },
    "2800S13016A": {
        "common_name": "Emmett Street",
        "coordinates": [
            -2.722158,
            53.443365
        ]
    },
    "2800S13017B": {
        "common_name": "St Helens Hospital",
        "coordinates": [
            -2.721097,
            53.440307
        ]
    },
    "2800S13016B": {
        "common_name": "Manville Street",
        "coordinates": [
            -2.721833,
            53.442855
        ]
    },
    "2800S13015A": {
        "common_name": "Hunter Street",
        "coordinates": [
            -2.723367,
            53.446306
        ]
    },
    "2800S13184B": {
        "common_name": "St Helens Retail Park",
        "coordinates": [
            -2.725076,
            53.449433
        ]
    },
    "2800S13015B": {
        "common_name": "Hunter Street",
        "coordinates": [
            -2.723032,
            53.446075
        ]
    },
    "2800S13184A": {
        "common_name": "St Helens Retail Park",
        "coordinates": [
            -2.724508,
            53.448798
        ]
    },
    "2800S16005A": {
        "common_name": "Todd Road",
        "coordinates": [
            -2.728799,
            53.451406
        ]
    },
    "2800S16013A": {
        "common_name": "Warrington New Road",
        "coordinates": [
            -2.72619,
            53.451152
        ]
    },
    "2800S16006A": {
        "common_name": "Hall Street",
        "coordinates": [
            -2.733547,
            53.451646
        ]
    },
    "2800S16001O": {
        "common_name": "Bickerstaffe Street",
        "coordinates": [
            -2.732803,
            53.453053
        ]
    },
    "2800S16005B": {
        "common_name": "Todd Road",
        "coordinates": [
            -2.728997,
            53.451513
        ]
    },
    "2800S16004A": {
        "common_name": "St Marys Market",
        "coordinates": [
            -2.733946,
            53.45035
        ]
    },
    "2800S16002B": {
        "common_name": "St Helens Central Station",
        "coordinates": [
            -2.72981,
            53.453296
        ]
    },
    "2800S16001H": {
        "common_name": "St Helens Bus Station",
        "coordinates": [
            -2.7332,
            53.453356
        ]
    },
    "2800S16051B": {
        "common_name": "Market Street",
        "coordinates": [
            -2.736522,
            53.451278
        ]
    },
    "2800S16025D": {
        "common_name": "Exchange Street",
        "coordinates": [
            -2.73901,
            53.451469
        ]
    },
    "2800S16007H": {
        "common_name": "Claughton Street",
        "coordinates": [
            -2.737318,
            53.453798
        ]
    },
    "2800S16007C": {
        "common_name": "Baldwin Street",
        "coordinates": [
            -2.738759,
            53.454392
        ]
    },
    "2800S16001F": {
        "common_name": "St Helens Bus Station",
        "coordinates": [
            -2.7332,
            53.453356
        ]
    },
    "2800S16031B": {
        "common_name": "Ward Street",
        "coordinates": [
            -2.737987,
            53.455898
        ]
    },
    "2800S16032C": {
        "common_name": "Crab Street",
        "coordinates": [
            -2.737154,
            53.457359
        ]
    },
    "2800S16007G": {
        "common_name": "Claughton Street",
        "coordinates": [
            -2.736629,
            53.454
        ]
    },
    "2800S16033B": {
        "common_name": "Hill Street",
        "coordinates": [
            -2.734862,
            53.459827
        ]
    },
    "2800S15055B": {
        "common_name": "Kingfisher Drive",
        "coordinates": [
            -2.728609,
            53.464953
        ]
    },
    "2800S16007D": {
        "common_name": "Baldwin Street",
        "coordinates": [
            -2.738455,
            53.454214
        ]
    },
    "2800S16031A": {
        "common_name": "Garswood Street",
        "coordinates": [
            -2.737645,
            53.456125
        ]
    },
    "2800S16032A": {
        "common_name": "Standish Street",
        "coordinates": [
            -2.736709,
            53.457757
        ]
    },
    "2800S16033A": {
        "common_name": "Swift Street",
        "coordinates": [
            -2.735469,
            53.459221
        ]
    },
    "2800S15056B": {
        "common_name": "Islands Brow",
        "coordinates": [
            -2.726647,
            53.466493
        ]
    },
    "2800S15055A": {
        "common_name": "Ewart Road",
        "coordinates": [
            -2.72864,
            53.464117
        ]
    },
    "2800S15056A": {
        "common_name": "Woodlands Road",
        "coordinates": [
            -2.727645,
            53.465804
        ]
    },
    "2800S15097B": {
        "common_name": "Woodlands Road",
        "coordinates": [
            -2.724972,
            53.468085
        ]
    },
    "2800S15057C": {
        "common_name": "Derwent Road",
        "coordinates": [
            -2.72411,
            53.469654
        ]
    },
    "2800S15098A": {
        "common_name": "Woodlands Road",
        "coordinates": [
            -2.720899,
            53.470384
        ]
    },
    "2800S15057B": {
        "common_name": "Willink Road",
        "coordinates": [
            -2.723571,
            53.469819
        ]
    },
    "2800S15098B": {
        "common_name": "Woodlands Road",
        "coordinates": [
            -2.720233,
            53.470217
        ]
    },
    "2800S15058A": {
        "common_name": "Laburnum Avenue",
        "coordinates": [
            -2.716625,
            53.470643
        ]
    },
    "2800S15058B": {
        "common_name": "Laburnum Avenue",
        "coordinates": [
            -2.716832,
            53.470444
        ]
    },
    "2800S15117A": {
        "common_name": "Woodlands Road",
        "coordinates": [
            -2.714172,
            53.46993
        ]
    },
    "2800S15117B": {
        "common_name": "Woodlands Road",
        "coordinates": [
            -2.713998,
            53.470335
        ]
    },
    "2800S13125B": {
        "common_name": "Chain Lane",
        "coordinates": [
            -2.713025,
            53.467986
        ]
    },
    "2800S13126A": {
        "common_name": "Enderby Avenue",
        "coordinates": [
            -2.717501,
            53.466306
        ]
    },
    "2800S13159B": {
        "common_name": "Hinckley Road",
        "coordinates": [
            -2.718463,
            53.464439
        ]
    },
    "2800S13179A": {
        "common_name": "Bramcote Avenue",
        "coordinates": [
            -2.71423,
            53.464402
        ]
    },
    "2800S13160A": {
        "common_name": "Meriden Close",
        "coordinates": [
            -2.711346,
            53.465794
        ]
    },
    "2800S13266A": {
        "common_name": "Old Nook Lane",
        "coordinates": [
            -2.707299,
            53.466987
        ]
    },
    "2800S13125A": {
        "common_name": "Coalville Road",
        "coordinates": [
            -2.7119,
            53.467382
        ]
    }
}