{
    "2800S42029D": {
        "common_name": "Victoria Street",
        "coordinates": [
            -2.985688,
            53.407494
        ]
    },
    "2800S42012E": {
        "common_name": "Moorfields Station",
        "coordinates": [
            -2.989813,
            53.408925
        ]
    },
    "2800S42030B": {
        "common_name": "Cockspur Street",
        "coordinates": [
            -2.988635,
            53.411973
        ]
    },
    "2800S42031B": {
        "common_name": "Paul Street",
        "coordinates": [
            -2.989855,
            53.414642
        ]
    },
    "2800S42003C": {
        "common_name": "Edmund Street",
        "coordinates": [
            -2.994752,
            53.409783
        ]
    },
    "2800S42003B": {
        "common_name": "Old Leeds Street",
        "coordinates": [
            -2.995924,
            53.411041
        ]
    },
    "2800S40038B": {
        "common_name": "Eldon Street",
        "coordinates": [
            -2.989999,
            53.417616
        ]
    },
    "2800S40039A": {
        "common_name": "Eldonian Way",
        "coordinates": [
            -2.989527,
            53.420586
        ]
    },
    "2800S42031A": {
        "common_name": "Oriel Street",
        "coordinates": [
            -2.989487,
            53.41433
        ]
    },
    "2800S40038A": {
        "common_name": "Eldon Street",
        "coordinates": [
            -2.989746,
            53.417079
        ]
    },
    "2800S40041D": {
        "common_name": "Boundary Street",
        "coordinates": [
            -2.988603,
            53.42489
        ]
    },
    "2800S40041B": {
        "common_name": "Boundary Street",
        "coordinates": [
            -2.988317,
            53.426169
        ]
    },
    "2800S40039B": {
        "common_name": "Tatlock Street",
        "coordinates": [
            -2.989369,
            53.420264
        ]
    },
    "2800S40040B": {
        "common_name": "Gem Street",
        "coordinates": [
            -2.988904,
            53.422299
        ]
    },
    "2800S40049A": {
        "common_name": "Sandhills Lane",
        "coordinates": [
            -2.987544,
            53.429178
        ]
    },
    "2800S40123B": {
        "common_name": "Opposite Crocus Street",
        "coordinates": [
            -2.987218,
            53.433306
        ]
    },
    "2800S40041C": {
        "common_name": "Boundary Street",
        "coordinates": [
            -2.988338,
            53.425117
        ]
    },
    "2800S40049B": {
        "common_name": "Great Mersey Street",
        "coordinates": [
            -2.98748,
            53.428387
        ]
    },
    "2800S40123C": {
        "common_name": "Commercial Road",
        "coordinates": [
            -2.986151,
            53.435311
        ]
    },
    "2800S40045B": {
        "common_name": "Bank Hall Station",
        "coordinates": [
            -2.987006,
            53.437785
        ]
    },
    "2800S40123A": {
        "common_name": "Crocus Street",
        "coordinates": [
            -2.98664,
            53.433707
        ]
    },
    "2800S40045A": {
        "common_name": "Bank Hall Station",
        "coordinates": [
            -2.986286,
            53.436613
        ]
    },
    "2800S40046B": {
        "common_name": "Wolsey Street",
        "coordinates": [
            -2.987886,
            53.440699
        ]
    },
    "2800S40047A": {
        "common_name": "Keble Road",
        "coordinates": [
            -2.988613,
            53.44347
        ]
    },
    "2800S40048B": {
        "common_name": "Balliol Road",
        "coordinates": [
            -2.989369,
            53.446179
        ]
    },
    "2800S40046A": {
        "common_name": "Celia Street",
        "coordinates": [
            -2.987366,
            53.439687
        ]
    },
    "2800S40047B": {
        "common_name": "Beatrice Street",
        "coordinates": [
            -2.988028,
            53.442244
        ]
    },
    "2800S47027B": {
        "common_name": "Trinity Road",
        "coordinates": [
            -2.989685,
            53.447497
        ]
    },
    "2800S40048E": {
        "common_name": "Balliol Road",
        "coordinates": [
            -2.988788,
            53.445121
        ]
    },
    "2800S47189A": {
        "common_name": "Trinity Road",
        "coordinates": [
            -2.989395,
            53.447311
        ]
    },
    "2800S47028D": {
        "common_name": "Bootle Strand Shopping Centre",
        "coordinates": [
            -2.990719,
            53.451777
        ]
    },
    "2800S47029B": {
        "common_name": "Marsh Lane",
        "coordinates": [
            -2.99175,
            53.455319
        ]
    },
    "2800S47027C": {
        "common_name": "Park Street",
        "coordinates": [
            -2.989859,
            53.44915
        ]
    },
    "2800S47028A": {
        "common_name": "Bootle Strand Shopping Centre",
        "coordinates": [
            -2.990688,
            53.452406
        ]
    },
    "2800S47029A": {
        "common_name": "Marsh Lane",
        "coordinates": [
            -2.991164,
            53.454083
        ]
    },
    "2800S47030B": {
        "common_name": "Melling Road",
        "coordinates": [
            -2.992329,
            53.457561
        ]
    },
    "2800S47052A": {
        "common_name": "Hornby Road",
        "coordinates": [
            -2.996345,
            53.458633
        ]
    },
    "2800S47030A": {
        "common_name": "Linacre Lane",
        "coordinates": [
            -2.992121,
            53.45768
        ]
    },
    "2800S47052B": {
        "common_name": "Hornby Road",
        "coordinates": [
            -2.997122,
            53.458977
        ]
    },
    "2800S47053B": {
        "common_name": "Percy Street",
        "coordinates": [
            -3.00117,
            53.459492
        ]
    },
    "2800S47054A": {
        "common_name": "Gray Street",
        "coordinates": [
            -3.003093,
            53.459925
        ]
    },
    "2800S47053A": {
        "common_name": "Norton Street",
        "coordinates": [
            -3.001311,
            53.459733
        ]
    },
    "2800S47070A": {
        "common_name": "Byron Street",
        "coordinates": [
            -3.007989,
            53.459345
        ]
    },
    "2800S47108B": {
        "common_name": "Seaforth Road",
        "coordinates": [
            -3.011453,
            53.459971
        ]
    },
    "2800S47054B": {
        "common_name": "Cowper Street",
        "coordinates": [
            -3.00513,
            53.460097
        ]
    },
    "2800S47070B": {
        "common_name": "Bulwer Street",
        "coordinates": [
            -3.008458,
            53.45943
        ]
    },
    "2800S47108A": {
        "common_name": "Seaforth Road",
        "coordinates": [
            -3.01128,
            53.460261
        ]
    },
    "2800S47026A": {
        "common_name": "Elm Drive",
        "coordinates": [
            -3.015564,
            53.463703
        ]
    },
    "2800S47055A": {
        "common_name": "Liverpool Freeport",
        "coordinates": [
            -3.018173,
            53.465092
        ]
    },
    "2800S47055B": {
        "common_name": "Riversdale Road",
        "coordinates": [
            -3.016692,
            53.465536
        ]
    },
    "2800S47074A": {
        "common_name": "Parker Avenue",
        "coordinates": [
            -3.018373,
            53.468434
        ]
    },
    "2800S47074B": {
        "common_name": "Durham Road",
        "coordinates": [
            -3.019202,
            53.469056
        ]
    },
    "2800S47056A": {
        "common_name": "Marlborough Road",
        "coordinates": [
            -3.020023,
            53.470622
        ]
    },
    "2800S47057A": {
        "common_name": "Sandringham Road",
        "coordinates": [
            -3.020993,
            53.472753
        ]
    },
    "2800S47057B": {
        "common_name": "Bramhall Road",
        "coordinates": [
            -3.021735,
            53.47352
        ]
    },
    "2800S47058C": {
        "common_name": "Handfield Road",
        "coordinates": [
            -3.023166,
            53.477274
        ]
    },
    "2800S47058A": {
        "common_name": "South Road",
        "coordinates": [
            -3.022465,
            53.475716
        ]
    },
    "2800S54001A": {
        "common_name": "Galloway Road",
        "coordinates": [
            -3.023342,
            53.479574
        ]
    },
    "2800S54002B": {
        "common_name": "Sycamore Road",
        "coordinates": [
            -3.023608,
            53.480605
        ]
    },
    "2800S54003B": {
        "common_name": "Kingsway",
        "coordinates": [
            -3.017333,
            53.481621
        ]
    },
    "2800S54002A": {
        "common_name": "Milton Road",
        "coordinates": [
            -3.023312,
            53.480841
        ]
    },
    "2800S54003A": {
        "common_name": "Queensway",
        "coordinates": [
            -3.017416,
            53.481305
        ]
    },
    "2800S54004B": {
        "common_name": "Endbutt Lane",
        "coordinates": [
            -3.01507,
            53.483402
        ]
    },
    "2800S54039B": {
        "common_name": "Strathmore Drive",
        "coordinates": [
            -3.018678,
            53.486184
        ]
    },
    "2800S54004A": {
        "common_name": "Derwent Road",
        "coordinates": [
            -3.015034,
            53.483159
        ]
    },
    "2800S54040B": {
        "common_name": "Queens Road",
        "coordinates": [
            -3.024223,
            53.489265
        ]
    },
    "2800S54041B": {
        "common_name": "St Lukes Road",
        "coordinates": [
            -3.025105,
            53.490822
        ]
    },
    "2800S54039A": {
        "common_name": "Musker Street",
        "coordinates": [
            -3.018041,
            53.486019
        ]
    },
    "2800S54040A": {
        "common_name": "Enfield Avenue",
        "coordinates": [
            -3.023118,
            53.489068
        ]
    },
    "2800S54011A": {
        "common_name": "Moor Lane",
        "coordinates": [
            -3.021432,
            53.492894
        ]
    },
    "2800S54007A": {
        "common_name": "Enfield Avenue",
        "coordinates": [
            -3.020523,
            53.491481
        ]
    },
    "2800S54041A": {
        "common_name": "York Road",
        "coordinates": [
            -3.024738,
            53.490636
        ]
    },
    "2800S54038B": {
        "common_name": "Park Avenue",
        "coordinates": [
            -3.0186,
            53.49423
        ]
    },
    "2800S54036A": {
        "common_name": "Moor Coppice",
        "coordinates": [
            -3.012717,
            53.49535
        ]
    },
    "2800S54011B": {
        "common_name": "The Bypass",
        "coordinates": [
            -3.021487,
            53.492677
        ]
    },
    "2800S54010A": {
        "common_name": "Moorside Road",
        "coordinates": [
            -3.016984,
            53.490325
        ]
    },
    "2800S54006B": {
        "common_name": "Trevor Drive",
        "coordinates": [
            -3.014323,
            53.488091
        ]
    },
    "2800S54007B": {
        "common_name": "Enfield Avenue",
        "coordinates": [
            -3.020273,
            53.491106
        ]
    },
    "2800S54010B": {
        "common_name": "Moorside Road",
        "coordinates": [
            -3.017814,
            53.490399
        ]
    },
    "2800S54094B": {
        "common_name": "Sharples Crescent",
        "coordinates": [
            -3.010501,
            53.487072
        ]
    },
    "2800S54026B": {
        "common_name": "Windle Avenue",
        "coordinates": [
            -3.007943,
            53.488514
        ]
    },
    "2800S54006A": {
        "common_name": "Moorgate Avenue",
        "coordinates": [
            -3.014765,
            53.488312
        ]
    },
    "2800S54094A": {
        "common_name": "Nazeby Avenue",
        "coordinates": [
            -3.011447,
            53.486318
        ]
    },
    "2800S54026A": {
        "common_name": "Eden Drive North",
        "coordinates": [
            -3.008741,
            53.487878
        ]
    },
    "2800S54027A": {
        "common_name": "Preston Way",
        "coordinates": [
            -3.005272,
            53.489669
        ]
    },
    "2800S54027B": {
        "common_name": "Chesterfield Road",
        "coordinates": [
            -3.004815,
            53.490086
        ]
    },
    "2800S54028A": {
        "common_name": "Lupton Drive",
        "coordinates": [
            -3.007537,
            53.492382
        ]
    },
    "2800S54029B": {
        "common_name": "Moor Lane",
        "coordinates": [
            -3.011255,
            53.495344
        ]
    },
    "2800S54028B": {
        "common_name": "Newborough Avenue",
        "coordinates": [
            -3.006895,
            53.492001
        ]
    },
    "2800S54029A": {
        "common_name": "Millcroft",
        "coordinates": [
            -3.010308,
            53.494831
        ]
    },
    "2800S54030B": {
        "common_name": "Edgemoor Drive",
        "coordinates": [
            -3.00912,
            53.497457
        ]
    },
    "2800S54093A": {
        "common_name": "Virgins Lane",
        "coordinates": [
            -3.007229,
            53.4991
        ]
    },
    "2800S54030A": {
        "common_name": "Edgemoor Drive",
        "coordinates": [
            -3.009423,
            53.496924
        ]
    },
    "2800S54031A": {
        "common_name": "Edge Lane",
        "coordinates": [
            -3.006544,
            53.499447
        ]
    },
    "2800S54031C": {
        "common_name": "Water Street",
        "coordinates": [
            -3.003946,
            53.499253
        ]
    },
    "2800S54032A": {
        "common_name": "Stannyfield Drive",
        "coordinates": [
            -3.000813,
            53.497464
        ]
    },
    "2800S53038B": {
        "common_name": "Tanhouse Road",
        "coordinates": [
            -2.997832,
            53.495664
        ]
    },
    "2800S54033A": {
        "common_name": "Masefield Road",
        "coordinates": [
            -2.992643,
            53.497451
        ]
    },
    "2800S54035A": {
        "common_name": "Calderdale Close",
        "coordinates": [
            -3.001056,
            53.500725
        ]
    },
    "2800S54034A": {
        "common_name": "Lydiate Park",
        "coordinates": [
            -2.994925,
            53.499625
        ]
    }
}